date,time,PRICE_CPRT_CPRT_ON_MSFT,PRICE_MSFT_CPRT_ON_MSFT,BETA_CPRT_ON_MSFT,SPREAD_CPRT_ON_MSFT,Z_CPRT_ON_MSFT,market_close,SIGNAL_CPRT_ON_MSFT,POS_CPRT_ON_MSFT,POS_BETA_CPRT_ON_MSFT,PAIR_BASE_CPRT_ON_MSFT,PAIR_RET_CPRT_ON_MSFT,SL_CPRT_ON_MSFT,LOSS_CPRT_ON_MSFT,COOLDOWN_CPRT_ON_MSFT,CAPITAL_CPRT_ON_MSFT,REMAINING_CAPITAL,CAPITAL,PORT_RET
2023-12-12,14:29:00.000000000,49.13,370.84,-0.18855604827537414,119.05412494243976,1.320864510743831,0,0.0,0.0,0.0,0.0,0.0,0.0,0.0,0.0,0.0,1.0,1.0,0.0
2023-12-12,14:30:00.000000000,49.115,370.985,,,,0,0.0,0.0,0.0,0.0,0.0,0.0,0.0,0.0,0.0,1.0,1.0,0.0
2023-12-12,14:31:00.000000000,49.045,371.48,,,,0,0.0,0.0,0.0,0.0,0.0,0.0,0.0,0.0,0.0,1.0,1.0,0.0
2023-12-12,14:32:00.000000000,49.035,371.28,-0.18755232936178617,118.66942884544396,1.2599179653504005,0,0.0,0.0,0.0,0.0,0.0,0.0,0.0,0.0,0.0,1.0,1.0,0.0
2023-12-12,14:33:00.000000000,48.91,371.6738,,,,0,0.0,0.0,0.0,0.0,0.0,0.0,0.0,0.0,0.0,1.0,1.0,0.0
2023-12-12,14:34:00.000000000,48.8,371.36,,,,0,0.0,0.0,0.0,0.0,0.0,0.0,0.0,0.0,0.0,1.0,1.0,0.0
2023-12-12,14:35:00.000000000,48.93,371.53,-0.18661892955307285,118.26453089685316,1.1987616194085184,0,0.0,0.0,0.0,0.0,0.0,0.0,0.0,0.0,0.0,1.0,1.0,0.0
2023-12-12,14:36:00.000000000,48.91,371.59,,,,0,0.0,0.0,0.0,0.0,0.0,0.0,0.0,0.0,0.0,1.0,1.0,0.0
2023-12-12,14:37:00.000000000,48.95,371.46,,,,0,0.0,0.0,0.0,0.0,0.0,0.0,0.0,0.0,0.0,1.0,1.0,0.0
2023-12-12,14:38:00.000000000,48.99,372.24,-0.18549090396071505,118.03713409033656,1.15391960604852,0,0.0,0.0,0.0,0.0,0.0,0.0,0.0,0.0,0.0,1.0,1.0,0.0
2023-12-12,14:39:00.000000000,48.92,372.19,,,,0,0.0,0.0,0.0,0.0,0.0,0.0,0.0,0.0,0.0,1.0,1.0,0.0
2023-12-12,14:40:00.000000000,48.95,371.425,,,,0,0.0,0.0,0.0,0.0,0.0,0.0,0.0,0.0,0.0,1.0,1.0,0.0
2023-12-12,14:41:00.000000000,48.93,370.8402,-0.18481648298427436,117.4673815131849,1.0804553594878648,0,0.0,0.0,0.0,0.0,0.0,0.0,0.0,0.0,0.0,1.0,1.0,0.0
2023-12-12,14:42:00.000000000,48.94,371.06,,,,0,0.0,0.0,0.0,0.0,0.0,0.0,0.0,0.0,0.0,1.0,1.0,0.0
2023-12-12,14:43:00.000000000,48.93,371.15,,,,0,0.0,0.0,0.0,0.0,0.0,0.0,0.0,0.0,0.0,1.0,1.0,0.0
2023-12-12,14:44:00.000000000,49.015,371.1094,-0.18393967960833632,117.27674413564192,1.0407506321789988,0,0.0,0.0,0.0,0.0,0.0,0.0,0.0,0.0,0.0,1.0,1.0,0.0
2023-12-12,14:45:00.000000000,49.03,371.28,,,,0,0.0,0.0,0.0,0.0,0.0,0.0,0.0,0.0,0.0,1.0,1.0,0.0
2023-12-12,14:46:00.000000000,48.965,371.16,,,,0,0.0,0.0,0.0,0.0,0.0,0.0,0.0,0.0,0.0,1.0,1.0,0.0
2023-12-12,14:47:00.000000000,48.955,371.14,-0.18305813009859584,116.89519440479286,0.9847222749503373,0,0.0,0.0,0.0,0.0,0.0,0.0,0.0,0.0,0.0,1.0,1.0,0.0
2023-12-12,14:48:00.000000000,48.945,371.02,,,,0,0.0,0.0,0.0,0.0,0.0,0.0,0.0,0.0,0.0,1.0,1.0,0.0
2023-12-12,14:49:00.000000000,49.0,371.53,,,,0,0.0,0.0,0.0,0.0,0.0,0.0,0.0,0.0,0.0,1.0,1.0,0.0
2023-12-12,14:50:00.000000000,49.01,371.19,-0.18218768858247353,116.63624812492836,0.9400095929346668,0,0.0,0.0,0.0,0.0,0.0,0.0,0.0,0.0,0.0,1.0,1.0,0.0
2023-12-12,14:51:00.000000000,48.9501,371.19,,,,0,0.0,0.0,0.0,0.0,0.0,0.0,0.0,0.0,0.0,1.0,1.0,0.0
2023-12-12,14:52:00.000000000,48.925,371.1063,,,,0,0.0,0.0,0.0,0.0,0.0,0.0,0.0,0.0,0.0,1.0,1.0,0.0
2023-12-12,14:53:00.000000000,48.91,371.0,-0.1814827387206074,116.24009606534534,0.8830467859151214,0,0.0,0.0,0.0,0.0,0.0,0.0,0.0,0.0,0.0,1.0,1.0,0.0
2023-12-12,14:54:00.000000000,48.89,370.73,,,,0,0.0,0.0,0.0,0.0,0.0,0.0,0.0,0.0,0.0,1.0,1.0,0.0
2023-12-12,14:55:00.000000000,48.87,370.85,,,,0,0.0,0.0,0.0,0.0,0.0,0.0,0.0,0.0,0.0,1.0,1.0,0.0
2023-12-12,14:56:00.000000000,48.86,371.4212,-0.181061080767901,116.10992389211071,0.8507966669698731,0,0.0,0.0,0.0,0.0,0.0,0.0,0.0,0.0,0.0,1.0,1.0,0.0
2023-12-12,14:57:00.000000000,48.84,371.45,,,,0,0.0,0.0,0.0,0.0,0.0,0.0,0.0,0.0,0.0,1.0,1.0,0.0
2023-12-12,14:58:00.000000000,48.805,371.6199,,,,0,0.0,0.0,0.0,0.0,0.0,0.0,0.0,0.0,0.0,1.0,1.0,0.0
2023-12-12,14:59:00.000000000,48.78,371.69,-0.18044448804502525,115.84941176145543,0.8063091754126286,0,0.0,0.0,0.0,0.0,0.0,0.0,0.0,0.0,0.0,1.0,1.0,0.0
2023-12-12,15:00:00.000000000,48.79,371.81,,,,0,0.0,0.0,0.0,0.0,0.0,0.0,0.0,0.0,0.0,1.0,1.0,0.0
2023-12-12,15:01:00.000000000,48.795,372.0432,,,,0,0.0,0.0,0.0,0.0,0.0,0.0,0.0,0.0,0.0,1.0,1.0,0.0
2023-12-12,15:02:00.000000000,48.7,371.5887,-0.18029408581065853,115.69524496407105,0.7719199655192256,0,0.0,0.0,0.0,0.0,0.0,0.0,0.0,0.0,0.0,1.0,1.0,0.0
2023-12-12,15:03:00.000000000,48.67,371.675,,,,0,0.0,0.0,0.0,0.0,0.0,0.0,0.0,0.0,0.0,1.0,1.0,0.0
2023-12-12,15:04:00.000000000,48.69,371.91,,,,0,0.0,0.0,0.0,0.0,0.0,0.0,0.0,0.0,0.0,1.0,1.0,0.0
2023-12-12,15:05:00.000000000,48.725,371.84,-0.1802523594194689,115.7500373265353,0.7579698803892317,0,0.0,0.0,0.0,0.0,0.0,0.0,0.0,0.0,0.0,1.0,1.0,0.0
2023-12-12,15:06:00.000000000,48.7556,371.9001,,,,0,0.0,0.0,0.0,0.0,0.0,0.0,0.0,0.0,0.0,1.0,1.0,0.0
2023-12-12,15:07:00.000000000,48.81,371.69,,,,0,0.0,0.0,0.0,0.0,0.0,0.0,0.0,0.0,0.0,1.0,1.0,0.0
2023-12-12,15:08:00.000000000,48.8,371.71,-0.18012391483337328,115.75386038271317,0.739163333854179,0,0.0,0.0,0.0,0.0,0.0,0.0,0.0,0.0,0.0,1.0,1.0,0.0
2023-12-12,15:09:00.000000000,48.83,371.61,,,,0,0.0,0.0,0.0,0.0,0.0,0.0,0.0,0.0,0.0,1.0,1.0,0.0
2023-12-12,15:10:00.000000000,48.86,371.51,,,,0,0.0,0.0,0.0,0.0,0.0,0.0,0.0,0.0,0.0,1.0,1.0,0.0
2023-12-12,15:11:00.000000000,48.9,371.77,-0.17976484389348057,115.73117601427927,0.7177564975975094,0,0.0,0.0,0.0,0.0,0.0,0.0,0.0,0.0,0.0,1.0,1.0,0.0
2023-12-12,15:12:00.000000000,48.89,371.52,,,,0,0.0,0.0,0.0,0.0,0.0,0.0,0.0,0.0,0.0,1.0,1.0,0.0
2023-12-12,15:13:00.000000000,48.85,371.46,,,,0,0.0,0.0,0.0,0.0,0.0,0.0,0.0,0.0,0.0,1.0,1.0,0.0
2023-12-12,15:14:00.000000000,48.82,371.25,-0.17992275641943287,115.61632332071446,0.6867405966164458,0,0.0,0.0,0.0,0.0,0.0,0.0,0.0,0.0,0.0,1.0,1.0,0.0
2023-12-12,15:15:00.000000000,48.84,371.19,,,,0,0.0,0.0,0.0,0.0,0.0,0.0,0.0,0.0,0.0,1.0,1.0,0.0
2023-12-12,15:16:00.000000000,48.85,371.1152,,,,0,0.0,0.0,0.0,0.0,0.0,0.0,0.0,0.0,0.0,1.0,1.0,0.0
2023-12-12,15:17:00.000000000,48.85,371.33,-0.18001605061954304,115.69536007655492,0.6762034301975838,0,0.0,0.0,0.0,0.0,0.0,0.0,0.0,0.0,0.0,1.0,1.0,0.0
2023-12-12,15:18:00.000000000,48.85,371.6401,,,,0,0.0,0.0,0.0,0.0,0.0,0.0,0.0,0.0,0.0,1.0,1.0,0.0
2023-12-12,15:19:00.000000000,48.8342,371.49,,,,0,0.0,0.0,0.0,0.0,0.0,0.0,0.0,0.0,0.0,1.0,1.0,0.0
2023-12-12,15:20:00.000000000,48.84,371.56,-0.18005514570742326,115.74128993905019,0.6622941979717665,0,0.0,0.0,0.0,0.0,0.0,0.0,0.0,0.0,0.0,1.0,1.0,0.0
2023-12-12,15:21:00.000000000,48.8,371.53,,,,0,0.0,0.0,0.0,0.0,0.0,0.0,0.0,0.0,0.0,1.0,1.0,0.0
2023-12-12,15:22:00.000000000,48.8,371.24,,,,0,0.0,0.0,0.0,0.0,0.0,0.0,0.0,0.0,0.0,1.0,1.0,0.0
2023-12-12,15:23:00.000000000,48.76,371.0,-0.18016402060568906,115.60085164471064,0.6276923133891329,0,0.0,0.0,0.0,0.0,0.0,0.0,0.0,0.0,0.0,1.0,1.0,0.0
2023-12-12,15:24:00.000000000,48.785,371.2652,,,,0,0.0,0.0,0.0,0.0,0.0,0.0,0.0,0.0,0.0,1.0,1.0,0.0
2023-12-12,15:25:00.000000000,48.81,371.1383,,,,0,0.0,0.0,0.0,0.0,0.0,0.0,0.0,0.0,0.0,1.0,1.0,0.0
2023-12-12,15:26:00.000000000,48.81,371.21,-0.18021767961865265,115.70860485124005,0.6210302734690245,0,0.0,0.0,0.0,0.0,0.0,0.0,0.0,0.0,0.0,1.0,1.0,0.0
2023-12-12,15:27:00.000000000,48.78,371.2,,,,0,0.0,0.0,0.0,0.0,0.0,0.0,0.0,0.0,0.0,1.0,1.0,0.0
2023-12-12,15:28:00.000000000,48.78,371.1125,,,,0,0.0,0.0,0.0,0.0,0.0,0.0,0.0,0.0,0.0,1.0,1.0,0.0
2023-12-12,15:29:00.000000000,48.755,371.04,-0.18062559174405052,115.77431956071251,0.6098156491879505,0,0.0,0.0,0.0,0.0,0.0,0.0,0.0,0.0,0.0,1.0,1.0,0.0
2023-12-12,15:30:00.000000000,48.73,371.09,,,,0,0.0,0.0,0.0,0.0,0.0,0.0,0.0,0.0,0.0,1.0,1.0,0.0
2023-12-12,15:31:00.000000000,48.73,371.01,,,,0,0.0,0.0,0.0,0.0,0.0,0.0,0.0,0.0,0.0,1.0,1.0,0.0
2023-12-12,15:32:00.000000000,48.74,370.88,-0.18125430974015283,115.96359839642787,0.6137137152969916,0,0.0,0.0,0.0,0.0,0.0,0.0,0.0,0.0,0.0,1.0,1.0,0.0
2023-12-12,15:33:00.000000000,48.765,370.84,,,,0,0.0,0.0,0.0,0.0,0.0,0.0,0.0,0.0,0.0,1.0,1.0,0.0
2023-12-12,15:34:00.000000000,48.75,370.82,,,,0,0.0,0.0,0.0,0.0,0.0,0.0,0.0,0.0,0.0,1.0,1.0,0.0
2023-12-12,15:35:00.000000000,48.76,370.85,-0.18180835894675262,116.1836299154032,0.6221910975173548,0,0.0,0.0,0.0,0.0,0.0,0.0,0.0,0.0,0.0,1.0,1.0,0.0
2023-12-12,15:36:00.000000000,48.775,371.1371,,,,0,0.0,0.0,0.0,0.0,0.0,0.0,0.0,0.0,0.0,1.0,1.0,0.0
2023-12-12,15:37:00.000000000,48.815,371.39,,,,0,0.0,0.0,0.0,0.0,0.0,0.0,0.0,0.0,0.0,1.0,1.0,0.0
2023-12-12,15:38:00.000000000,48.85,371.5801,-0.18184048201313602,116.41830449048928,0.6334667761402141,0,0.0,0.0,0.0,0.0,0.0,0.0,0.0,0.0,0.0,1.0,1.0,0.0
2023-12-12,15:39:00.000000000,48.85,371.49,,,,0,0.0,0.0,0.0,0.0,0.0,0.0,0.0,0.0,0.0,1.0,1.0,0.0
2023-12-12,15:40:00.000000000,48.88,371.53,,,,0,0.0,0.0,0.0,0.0,0.0,0.0,0.0,0.0,0.0,1.0,1.0,0.0
2023-12-12,15:41:00.000000000,48.885,371.41,-0.18186692984037067,116.43219641201208,0.6168889341312455,0,0.0,0.0,0.0,0.0,0.0,0.0,0.0,0.0,0.0,1.0,1.0,0.0
2023-12-12,15:42:00.000000000,48.86,371.48,,,,0,0.0,0.0,0.0,0.0,0.0,0.0,0.0,0.0,0.0,1.0,1.0,0.0
2023-12-12,15:43:00.000000000,48.83,371.31,,,,0,0.0,0.0,0.0,0.0,0.0,0.0,0.0,0.0,0.0,1.0,1.0,0.0
2023-12-12,15:44:00.000000000,48.83,371.33,-0.18172506401674018,116.30996802133613,0.5820214205858831,0,0.0,0.0,0.0,0.0,0.0,0.0,0.0,0.0,0.0,1.0,1.0,0.0
2023-12-12,15:45:00.000000000,48.85,371.265,,,,0,0.0,0.0,0.0,0.0,0.0,0.0,0.0,0.0,0.0,1.0,1.0,0.0
2023-12-12,15:46:00.000000000,48.84,371.28,,,,0,0.0,0.0,0.0,0.0,0.0,0.0,0.0,0.0,0.0,1.0,1.0,0.0
2023-12-12,15:47:00.000000000,48.85,371.39,-0.1816105550644611,116.29834404539022,0.561706359151988,0,0.0,0.0,0.0,0.0,0.0,0.0,0.0,0.0,0.0,1.0,1.0,0.0
2023-12-12,15:48:00.000000000,48.86,371.365,,,,0,0.0,0.0,0.0,0.0,0.0,0.0,0.0,0.0,0.0,1.0,1.0,0.0
2023-12-12,15:49:00.000000000,48.855,371.39,,,,0,0.0,0.0,0.0,0.0,0.0,0.0,0.0,0.0,0.0,1.0,1.0,0.0
2023-12-12,15:50:00.000000000,48.83,371.58,-0.18164528117713674,116.32575357980046,0.5467619023886888,0,0.0,0.0,0.0,0.0,0.0,0.0,0.0,0.0,0.0,1.0,1.0,0.0
2023-12-12,15:51:00.000000000,48.8,371.535,,,,0,0.0,0.0,0.0,0.0,0.0,0.0,0.0,0.0,0.0,1.0,1.0,0.0
2023-12-12,15:52:00.000000000,48.81,371.55,,,,0,0.0,0.0,0.0,0.0,0.0,0.0,0.0,0.0,0.0,1.0,1.0,0.0
2023-12-12,15:53:00.000000000,48.81,371.745,-0.18159504540504007,116.31705015409662,0.5265293647652012,0,0.0,0.0,0.0,0.0,0.0,0.0,0.0,0.0,0.0,1.0,1.0,0.0
2023-12-12,15:54:00.000000000,48.82,371.65,,,,0,0.0,0.0,0.0,0.0,0.0,0.0,0.0,0.0,0.0,1.0,1.0,0.0
2023-12-12,15:55:00.000000000,48.83,371.83,,,,0,0.0,0.0,0.0,0.0,0.0,0.0,0.0,0.0,0.0,1.0,1.0,0.0
2023-12-12,15:56:00.000000000,48.8392,371.7,-0.18142505192820096,116.2748918017123,0.5009069492394642,0,0.0,0.0,0.0,0.0,0.0,0.0,0.0,0.0,0.0,1.0,1.0,0.0
2023-12-12,15:57:00.000000000,48.8,371.6101,,,,0,0.0,0.0,0.0,0.0,0.0,0.0,0.0,0.0,0.0,1.0,1.0,0.0
2023-12-12,15:58:00.000000000,48.85,371.998,,,,0,0.0,0.0,0.0,0.0,0.0,0.0,0.0,0.0,0.0,1.0,1.0,0.0
2023-12-12,15:59:00.000000000,48.9,371.94,-0.1812567548127246,116.3166373850448,0.4879770883363456,0,0.0,0.0,0.0,0.0,0.0,0.0,0.0,0.0,0.0,1.0,1.0,0.0
2023-12-12,16:00:00.000000000,48.91,372.1448,,,,0,0.0,0.0,0.0,0.0,0.0,0.0,0.0,0.0,0.0,1.0,1.0,0.0
2023-12-12,16:01:00.000000000,48.905,372.08,,,,0,0.0,0.0,0.0,0.0,0.0,0.0,0.0,0.0,0.0,1.0,1.0,0.0
2023-12-12,16:02:00.000000000,48.93,372.1702,-0.18098662837783946,116.28782968070618,0.4635164126106272,0,0.0,0.0,0.0,0.0,0.0,0.0,0.0,0.0,0.0,1.0,1.0,0.0
2023-12-12,16:03:00.000000000,48.91,372.28,,,,0,0.0,0.0,0.0,0.0,0.0,0.0,0.0,0.0,0.0,1.0,1.0,0.0
2023-12-12,16:04:00.000000000,48.92,372.24,,,,0,0.0,0.0,0.0,0.0,0.0,0.0,0.0,0.0,0.0,1.0,1.0,0.0
2023-12-12,16:05:00.000000000,48.963,372.23,-0.18070566836701815,116.22707093625516,0.4329785499290641,0,0.0,0.0,0.0,0.0,0.0,0.0,0.0,0.0,0.0,1.0,1.0,0.0
2023-12-12,16:06:00.000000000,48.99,372.37,,,,0,0.0,0.0,0.0,0.0,0.0,0.0,0.0,0.0,0.0,1.0,1.0,0.0
2023-12-12,16:07:00.000000000,48.975,372.17,,,,0,0.0,0.0,0.0,0.0,0.0,0.0,0.0,0.0,0.0,1.0,1.0,0.0
2023-12-12,16:08:00.000000000,48.975,372.1901,-0.18019979709945783,116.04358050242692,0.37959594044808026,0,0.0,0.0,0.0,0.0,0.0,0.0,0.0,0.0,0.0,1.0,1.0,0.0
2023-12-12,16:09:00.000000000,48.97,372.04,,,,0,0.0,0.0,0.0,0.0,0.0,0.0,0.0,0.0,0.0,1.0,1.0,0.0
2023-12-12,16:10:00.000000000,48.99,371.96,,,,0,0.0,0.0,0.0,0.0,0.0,0.0,0.0,0.0,0.0,1.0,1.0,0.0
2023-12-12,16:11:00.000000000,48.965,371.855,-0.17972510926528681,115.79668050584324,0.31175141814106644,0,0.0,0.0,0.0,0.0,0.0,0.0,0.0,0.0,0.0,1.0,1.0,0.0
2023-12-12,16:12:00.000000000,48.98,371.7228,,,,0,0.0,0.0,0.0,0.0,0.0,0.0,0.0,0.0,0.0,1.0,1.0,0.0
2023-12-12,16:13:00.000000000,48.995,371.89,,,,0,0.0,0.0,0.0,0.0,0.0,0.0,0.0,0.0,0.0,1.0,1.0,0.0
2023-12-12,16:14:00.000000000,48.995,372.065,-0.17910169217746882,115.63247110000992,0.25592778437229863,0,0.0,0.0,0.0,0.0,0.0,0.0,0.0,0.0,0.0,1.0,1.0,0.0
2023-12-12,16:15:00.000000000,48.975,372.065,,,,0,0.0,0.0,0.0,0.0,0.0,0.0,0.0,0.0,0.0,1.0,1.0,0.0
2023-12-12,16:16:00.000000000,48.985,371.795,,,,0,0.0,0.0,0.0,0.0,0.0,0.0,0.0,0.0,0.0,1.0,1.0,0.0
2023-12-12,16:17:00.000000000,48.97,372.0,-0.17849751622882928,115.3710760371245,0.17713743452977818,0,0.0,0.0,0.0,0.0,0.0,0.0,0.0,0.0,0.0,1.0,1.0,0.0
2023-12-12,16:18:00.000000000,48.96,371.815,,,,0,0.0,0.0,0.0,0.0,0.0,0.0,0.0,0.0,0.0,1.0,1.0,0.0
2023-12-12,16:19:00.000000000,48.98,371.85,,,,0,0.0,0.0,0.0,0.0,0.0,0.0,0.0,0.0,0.0,1.0,1.0,0.0
2023-12-12,16:20:00.000000000,48.97,371.98,-0.17781306719728465,115.11290473604595,0.09362242234148696,0,0.0,0.0,0.0,0.0,0.0,0.0,0.0,0.0,0.0,1.0,1.0,0.0
2023-12-12,16:21:00.000000000,48.975,372.0,,,,0,0.0,0.0,0.0,0.0,0.0,0.0,0.0,0.0,0.0,1.0,1.0,0.0
2023-12-12,16:22:00.000000000,49.0,372.5,,,,0,0.0,0.0,0.0,0.0,0.0,0.0,0.0,0.0,0.0,1.0,1.0,0.0
2023-12-12,16:23:00.000000000,48.96,372.31,-0.1770478689069998,114.87669207276511,0.008934805967748458,0,0.0,0.0,0.0,0.0,0.0,0.0,0.0,0.0,0.0,1.0,1.0,0.0
2023-12-12,16:24:00.000000000,48.97,372.4925,,,,0,0.0,0.0,0.0,0.0,0.0,0.0,0.0,0.0,0.0,1.0,1.0,0.0
2023-12-12,16:25:00.000000000,48.975,372.485,,,,0,0.0,0.0,0.0,0.0,0.0,0.0,0.0,0.0,0.0,1.0,1.0,0.0
2023-12-12,16:26:00.000000000,48.96,372.38,-0.1761118521367799,114.5405314986941,-0.10540915192859249,0,0.0,0.0,0.0,0.0,0.0,0.0,0.0,0.0,0.0,1.0,1.0,0.0
2023-12-12,16:27:00.000000000,48.99,372.52,,,,0,0.0,0.0,0.0,0.0,0.0,0.0,0.0,0.0,0.0,1.0,1.0,0.0
2023-12-12,16:28:00.000000000,48.965,372.4156,,,,0,0.0,0.0,0.0,0.0,0.0,0.0,0.0,0.0,0.0,1.0,1.0,0.0
2023-12-12,16:29:00.000000000,48.97,372.42,-0.17512148624779778,114.18874390840485,-0.2322767569635104,0,0.0,0.0,0.0,0.0,0.0,0.0,0.0,0.0,0.0,1.0,1.0,0.0
2023-12-12,16:30:00.000000000,48.975,372.44,,,,0,0.0,0.0,0.0,0.0,0.0,0.0,0.0,0.0,0.0,1.0,1.0,0.0
2023-12-12,16:31:00.000000000,48.955,372.29,,,,0,0.0,0.0,0.0,0.0,0.0,0.0,0.0,0.0,0.0,1.0,1.0,0.0
2023-12-12,16:32:00.000000000,48.97,372.5,-0.17398156560310626,113.77813318715708,-0.38420437643362265,0,0.0,0.0,0.0,0.0,0.0,0.0,0.0,0.0,0.0,1.0,1.0,0.0
2023-12-12,16:33:00.000000000,48.94,372.665,,,,0,0.0,0.0,0.0,0.0,0.0,0.0,0.0,0.0,0.0,1.0,1.0,0.0
2023-12-12,16:34:00.000000000,48.94,372.8,,,,0,0.0,0.0,0.0,0.0,0.0,0.0,0.0,0.0,0.0,1.0,1.0,0.0
2023-12-12,16:35:00.000000000,48.935,372.9776,-0.1725831729105339,113.30465763255596,-0.564655095523279,0,0.0,0.0,0.0,0.0,0.0,0.0,0.0,0.0,0.0,1.0,1.0,0.0
2023-12-12,16:36:00.000000000,48.935,372.9,,,,0,0.0,0.0,0.0,0.0,0.0,0.0,0.0,0.0,0.0,1.0,1.0,0.0
2023-12-12,16:37:00.000000000,48.94,372.9864,,,,0,0.0,0.0,0.0,0.0,0.0,0.0,0.0,0.0,0.0,1.0,1.0,0.0
2023-12-12,16:38:00.000000000,48.9401,372.86,-0.17119174505908583,112.77065406273074,-0.7758107297197415,0,0.0,0.0,0.0,0.0,0.0,0.0,0.0,0.0,0.0,1.0,1.0,0.0
2023-12-12,16:39:00.000000000,48.93,372.59,,,,0,0.0,0.0,0.0,0.0,0.0,0.0,0.0,0.0,0.0,1.0,1.0,0.0
2023-12-12,16:40:00.000000000,48.93,372.6199,,,,0,0.0,0.0,0.0,0.0,0.0,0.0,0.0,0.0,0.0,1.0,1.0,0.0
2023-12-12,16:41:00.000000000,48.92,372.61,-0.16992680995240017,112.23642865636384,-1.0000001979722875,0,0.0,0.0,0.0,0.0,0.0,0.0,0.0,0.0,0.0,1.0,1.0,0.0
2023-12-12,16:42:00.000000000,48.925,372.52,,,,0,0.0,0.0,0.0,0.0,0.0,0.0,0.0,0.0,0.0,1.0,1.0,0.0
2023-12-12,16:43:00.000000000,48.91,372.455,,,,0,0.0,0.0,0.0,0.0,0.0,0.0,0.0,0.0,0.0,1.0,1.0,0.0
2023-12-12,16:44:00.000000000,48.9292,372.45,-0.1687691860876777,111.78728335835555,-1.2085458205383615,0,0.0,0.0,0.0,0.0,0.0,0.0,0.0,0.0,0.0,1.0,1.0,0.0
2023-12-12,16:45:00.000000000,48.965,372.59,,,,0,0.0,0.0,0.0,0.0,0.0,0.0,0.0,0.0,0.0,1.0,1.0,0.0
2023-12-12,16:46:00.000000000,48.93,372.46,,,,0,0.0,0.0,0.0,0.0,0.0,0.0,0.0,0.0,0.0,1.0,1.0,0.0
2023-12-12,16:47:00.000000000,48.94,372.4331,-0.167655998212166,111.38064314775144,-1.408131894457349,0,0.0,0.0,0.0,0.0,0.0,0.0,0.0,0.0,0.0,1.0,1.0,0.0
2023-12-12,16:48:00.000000000,48.935,372.4613,,,,0,0.0,0.0,0.0,0.0,0.0,0.0,0.0,0.0,0.0,1.0,1.0,0.0
2023-12-12,16:49:00.000000000,48.92,372.47,,,,0,0.0,0.0,0.0,0.0,0.0,0.0,0.0,0.0,0.0,1.0,1.0,0.0
2023-12-12,16:50:00.000000000,48.93,372.41,-0.1665414486832476,110.95170090412824,-1.6124774150654047,0,0.0,0.0,0.0,0.0,0.0,0.0,0.0,0.0,0.0,1.0,1.0,0.0
2023-12-12,16:51:00.000000000,48.92,372.4075,,,,0,0.0,0.0,0.0,0.0,0.0,0.0,0.0,0.0,0.0,1.0,1.0,0.0
2023-12-12,16:52:00.000000000,48.895,372.2684,,,,0,0.0,0.0,0.0,0.0,0.0,0.0,0.0,0.0,0.0,1.0,1.0,0.0
2023-12-12,16:53:00.000000000,48.875,372.18,-0.16554275916567882,110.48670410628235,-1.823078177454206,0,0.0,0.0,0.0,0.0,0.0,0.0,0.0,0.0,0.0,1.0,1.0,0.0
2023-12-12,16:54:00.000000000,48.84,372.22,,,,0,0.0,0.0,0.0,0.0,0.0,0.0,0.0,0.0,0.0,1.0,1.0,0.0
2023-12-12,16:55:00.000000000,48.8412,372.11,,,,0,0.0,0.0,0.0,0.0,0.0,0.0,0.0,0.0,0.0,1.0,1.0,0.0
2023-12-12,16:56:00.000000000,48.825,372.0101,-0.16461318184614612,110.06276623990301,-2.0040506817423487,0,0.0,0.0,0.0,0.0,0.0,0.0,0.0,0.0,0.0,1.0,1.0,0.0
2023-12-12,16:57:00.000000000,48.8,372.03,,,,0,0.0,0.0,0.0,0.0,0.0,0.0,0.0,0.0,0.0,1.0,1.0,0.0
2023-12-12,16:58:00.000000000,48.81,372.2626,,,,0,0.0,0.0,0.0,0.0,0.0,0.0,0.0,0.0,0.0,1.0,1.0,0.0
2023-12-12,16:59:00.000000000,48.845,371.99,-0.16367644292406083,109.73100000332138,-2.1356264772752334,0,0.0,0.0,0.0,0.0,0.0,0.0,0.0,0.0,0.0,1.0,1.0,0.0
2023-12-12,17:00:00.000000000,48.86,371.97,,,,0,0.0,0.0,0.0,0.0,0.0,0.0,0.0,0.0,0.0,1.0,1.0,0.0
2023-12-12,17:01:00.000000000,48.85,371.91,,,,0,0.0,0.0,0.0,0.0,0.0,0.0,0.0,0.0,0.0,1.0,1.0,0.0
2023-12-12,17:02:00.000000000,48.85,371.9399,-0.16273111551477892,109.37619483145534,-2.2494853853475885,0,0.0,0.0,0.0,0.0,0.0,0.0,0.0,0.0,0.0,1.0,1.0,0.0
2023-12-12,17:03:00.000000000,48.88,372.1459,,,,0,0.0,0.0,0.0,0.0,0.0,0.0,0.0,0.0,0.0,1.0,1.0,0.0
2023-12-12,17:04:00.000000000,48.88,371.91,,,,0,0.0,0.0,0.0,0.0,0.0,0.0,0.0,0.0,0.0,1.0,1.0,0.0
2023-12-12,17:05:00.000000000,48.835,371.59,-0.16186703280634426,108.98317072050946,-2.3497039845020273,0,0.0,0.0,0.0,0.0,0.0,0.0,0.0,0.0,0.0,1.0,1.0,0.0
2023-12-12,17:06:00.000000000,48.84,371.54,,,,0,0.0,0.0,0.0,0.0,0.0,0.0,0.0,0.0,0.0,1.0,1.0,0.0
2023-12-12,17:07:00.000000000,48.885,371.49,,,,0,0.0,0.0,0.0,0.0,0.0,0.0,0.0,0.0,0.0,1.0,1.0,0.0
2023-12-12,17:08:00.000000000,48.91,371.4375,-0.1609883113008316,108.70709587880263,-2.3877652878496183,0,0.0,0.0,0.0,0.0,0.0,0.0,0.0,0.0,0.0,1.0,1.0,0.0
2023-12-12,17:09:00.000000000,48.9,371.49,,,,0,0.0,0.0,0.0,0.0,0.0,0.0,0.0,0.0,0.0,1.0,1.0,0.0
2023-12-12,17:10:00.000000000,48.9315,371.33,,,,0,0.0,0.0,0.0,0.0,0.0,0.0,0.0,0.0,0.0,1.0,1.0,0.0
2023-12-12,17:11:00.000000000,48.935,371.41,-0.16019439380921444,108.43279980468034,-2.4055790862993454,0,0.0,0.0,0.0,0.0,0.0,0.0,0.0,0.0,0.0,1.0,1.0,0.0
2023-12-12,17:12:00.000000000,48.99,371.5272,,,,0,0.0,0.0,0.0,0.0,0.0,0.0,0.0,0.0,0.0,1.0,1.0,0.0
2023-12-12,17:13:00.000000000,48.9999,371.505,,,,0,0.0,0.0,0.0,0.0,0.0,0.0,0.0,0.0,0.0,1.0,1.0,0.0
2023-12-12,17:14:00.000000000,48.995,371.6,-0.15930239444768265,108.19176977675887,-2.397013124754519,0,0.0,0.0,0.0,0.0,0.0,0.0,0.0,0.0,0.0,1.0,1.0,0.0
2023-12-12,17:15:00.000000000,49.03,371.69,,,,0,0.0,0.0,0.0,0.0,0.0,0.0,0.0,0.0,0.0,1.0,1.0,0.0
2023-12-12,17:16:00.000000000,49.0301,371.7277,,,,0,0.0,0.0,0.0,0.0,0.0,0.0,0.0,0.0,0.0,1.0,1.0,0.0
2023-12-12,17:17:00.000000000,49.03,371.78,-0.15831966674773754,107.89008570347386,-2.394565176331579,0,0.0,0.0,0.0,0.0,0.0,0.0,0.0,0.0,0.0,1.0,1.0,0.0
2023-12-12,17:18:00.000000000,49.05,371.7937,,,,0,0.0,0.0,0.0,0.0,0.0,0.0,0.0,0.0,0.0,1.0,1.0,0.0
2023-12-12,17:19:00.000000000,49.05,371.79,,,,0,0.0,0.0,0.0,0.0,0.0,0.0,0.0,0.0,0.0,1.0,1.0,0.0
2023-12-12,17:20:00.000000000,49.075,371.96,-0.1572660127571051,107.57166610513282,-2.385860174064035,0,0.0,0.0,0.0,0.0,0.0,0.0,0.0,0.0,0.0,1.0,1.0,0.0
2023-12-12,17:21:00.000000000,49.075,371.895,,,,0,0.0,0.0,0.0,0.0,0.0,0.0,0.0,0.0,0.0,1.0,1.0,0.0
2023-12-12,17:22:00.000000000,49.08,372.02,,,,0,0.0,0.0,0.0,0.0,0.0,0.0,0.0,0.0,0.0,1.0,1.0,0.0
2023-12-12,17:23:00.000000000,49.09,371.99,-0.15630874266005113,107.23528918211242,-2.373777499067043,0,0.0,0.0,0.0,0.0,0.0,0.0,0.0,0.0,0.0,1.0,1.0,0.0
2023-12-12,17:24:00.000000000,49.11,372.0,,,,0,0.0,0.0,0.0,0.0,0.0,0.0,0.0,0.0,0.0,1.0,1.0,0.0
2023-12-12,17:25:00.000000000,49.115,371.99,,,,0,0.0,0.0,0.0,0.0,0.0,0.0,0.0,0.0,0.0,1.0,1.0,0.0
2023-12-12,17:26:00.000000000,49.07,372.0,-0.15529480233398074,106.83966646824084,-2.36951326512013,0,0.0,0.0,0.0,0.0,0.0,0.0,0.0,0.0,0.0,1.0,1.0,0.0
2023-12-12,17:27:00.000000000,49.11,372.0605,,,,0,0.0,0.0,0.0,0.0,0.0,0.0,0.0,0.0,0.0,1.0,1.0,0.0
2023-12-12,17:28:00.000000000,49.11,372.11,,,,0,0.0,0.0,0.0,0.0,0.0,0.0,0.0,0.0,0.0,1.0,1.0,0.0
2023-12-12,17:29:00.000000000,49.12,372.12,-0.1542145723019578,106.50632664500452,-2.3429794718979813,0,0.0,0.0,0.0,0.0,0.0,0.0,0.0,0.0,0.0,1.0,1.0,0.0
2023-12-12,17:30:00.000000000,49.115,372.21,,,,0,0.0,0.0,0.0,0.0,0.0,0.0,0.0,0.0,0.0,1.0,1.0,0.0
2023-12-12,17:31:00.000000000,49.12,372.2,,,,0,0.0,0.0,0.0,0.0,0.0,0.0,0.0,0.0,0.0,1.0,1.0,0.0
2023-12-12,17:32:00.000000000,49.125,372.25,-0.15309157900871762,106.11334028599512,-2.3285671728526762,0,0.0,0.0,0.0,0.0,0.0,0.0,0.0,0.0,0.0,1.0,1.0,0.0
2023-12-12,17:33:00.000000000,49.14,372.32,,,,0,0.0,0.0,0.0,0.0,0.0,0.0,0.0,0.0,0.0,1.0,1.0,0.0
2023-12-12,17:34:00.000000000,49.145,372.2101,,,,0,0.0,0.0,0.0,0.0,0.0,0.0,0.0,0.0,0.0,1.0,1.0,0.0
2023-12-12,17:35:00.000000000,49.18,372.1118,-0.15200301995689555,105.74211736159633,-2.3063088563872007,0,0.0,0.0,0.0,0.0,0.0,0.0,0.0,0.0,0.0,1.0,1.0,0.0
2023-12-12,17:36:00.000000000,49.17,372.16,,,,0,0.0,0.0,0.0,0.0,0.0,0.0,0.0,0.0,0.0,1.0,1.0,0.0
2023-12-12,17:37:00.000000000,49.145,372.1,,,,0,0.0,0.0,0.0,0.0,0.0,0.0,0.0,0.0,0.0,1.0,1.0,0.0
2023-12-12,17:38:00.000000000,49.18,372.14,-0.1509420565618281,105.35157692891872,-2.2877367668914355,0,0.0,0.0,0.0,0.0,0.0,0.0,0.0,0.0,0.0,1.0,1.0,0.0
2023-12-12,17:39:00.000000000,49.21,371.99,,,,0,0.0,0.0,0.0,0.0,0.0,0.0,0.0,0.0,0.0,1.0,1.0,0.0
2023-12-12,17:40:00.000000000,49.205,372.02,,,,0,0.0,0.0,0.0,0.0,0.0,0.0,0.0,0.0,0.0,1.0,1.0,0.0
2023-12-12,17:41:00.000000000,49.15,372.01,-0.149945871262186,104.93136356824581,-2.275271043508206,0,0.0,0.0,0.0,0.0,0.0,0.0,0.0,0.0,0.0,1.0,1.0,0.0
2023-12-12,17:42:00.000000000,49.16,371.975,,,,0,0.0,0.0,0.0,0.0,0.0,0.0,0.0,0.0,0.0,1.0,1.0,0.0
2023-12-12,17:43:00.000000000,49.15,372.0,,,,0,0.0,0.0,0.0,0.0,0.0,0.0,0.0,0.0,0.0,1.0,1.0,0.0
2023-12-12,17:44:00.000000000,49.14,371.98,-0.14900241393955047,104.56591793723399,-2.2511696862026294,0,0.0,0.0,0.0,0.0,0.0,0.0,0.0,0.0,0.0,1.0,1.0,0.0
2023-12-12,17:45:00.000000000,49.145,372.06,,,,0,0.0,0.0,0.0,0.0,0.0,0.0,0.0,0.0,0.0,1.0,1.0,0.0
2023-12-12,17:46:00.000000000,49.125,372.03,,,,0,0.0,0.0,0.0,0.0,0.0,0.0,0.0,0.0,0.0,1.0,1.0,0.0
2023-12-12,17:47:00.000000000,49.145,371.99,-0.14807043685486843,104.22572180564251,-2.2240687563572688,0,0.0,0.0,0.0,0.0,0.0,0.0,0.0,0.0,0.0,1.0,1.0,0.0
2023-12-12,17:48:00.000000000,49.115,371.9193,,,,0,0.0,0.0,0.0,0.0,0.0,0.0,0.0,0.0,0.0,1.0,1.0,0.0
2023-12-12,17:49:00.000000000,49.115,371.79,,,,0,0.0,0.0,0.0,0.0,0.0,0.0,0.0,0.0,0.0,1.0,1.0,0.0
2023-12-12,17:50:00.000000000,49.125,371.9,-0.1472094777546394,103.8722047769504,-2.202879058231639,0,0.0,0.0,0.0,0.0,0.0,0.0,0.0,0.0,0.0,1.0,1.0,0.0
2023-12-12,17:51:00.000000000,49.11,371.86,,,,0,0.0,0.0,0.0,0.0,0.0,0.0,0.0,0.0,0.0,1.0,1.0,0.0
2023-12-12,17:52:00.000000000,49.12,371.8615,,,,0,0.0,0.0,0.0,0.0,0.0,0.0,0.0,0.0,0.0,1.0,1.0,0.0
2023-12-12,17:53:00.000000000,49.13,371.77,-0.14638383592185206,103.55111868066695,-2.178794624080031,0,0.0,0.0,0.0,0.0,0.0,0.0,0.0,0.0,0.0,1.0,1.0,0.0
2023-12-12,17:54:00.000000000,49.14,371.9758,,,,0,0.0,0.0,0.0,0.0,0.0,0.0,0.0,0.0,0.0,1.0,1.0,0.0
2023-12-12,17:55:00.000000000,49.15,371.99,,,,0,0.0,0.0,0.0,0.0,0.0,0.0,0.0,0.0,0.0,1.0,1.0,0.0
2023-12-12,17:56:00.000000000,49.15,371.96,-0.14548034107934105,103.26286766787169,-2.15279800881054,0,0.0,0.0,0.0,0.0,0.0,0.0,0.0,0.0,0.0,1.0,1.0,0.0
2023-12-12,17:57:00.000000000,49.165,372.1558,,,,0,0.0,0.0,0.0,0.0,0.0,0.0,0.0,0.0,0.0,1.0,1.0,0.0
2023-12-12,17:58:00.000000000,49.19,372.24,,,,0,0.0,0.0,0.0,0.0,0.0,0.0,0.0,0.0,0.0,1.0,1.0,0.0
2023-12-12,17:59:00.000000000,49.2,372.3,-0.1443963761936455,102.95877085689423,-2.1354263946101186,0,0.0,0.0,0.0,0.0,0.0,0.0,0.0,0.0,0.0,1.0,1.0,0.0
2023-12-12,18:00:00.000000000,49.17,372.14,,,,0,0.0,0.0,0.0,0.0,0.0,0.0,0.0,0.0,0.0,1.0,1.0,0.0
2023-12-12,18:01:00.000000000,49.18,372.21,,,,0,0.0,0.0,0.0,0.0,0.0,0.0,0.0,0.0,0.0,1.0,1.0,0.0
2023-12-12,18:02:00.000000000,49.23,372.45,-0.14309869150181426,102.5271076498507,-2.1421798110949473,0,0.0,0.0,0.0,0.0,0.0,0.0,0.0,0.0,0.0,1.0,1.0,0.0
2023-12-12,18:03:00.000000000,49.23,372.3799,,,,0,0.0,0.0,0.0,0.0,0.0,0.0,0.0,0.0,0.0,1.0,1.0,0.0
2023-12-12,18:04:00.000000000,49.235,372.3751,,,,0,0.0,0.0,0.0,0.0,0.0,0.0,0.0,0.0,0.0,1.0,1.0,0.0
2023-12-12,18:05:00.000000000,49.2024,372.395,-0.14190099480796767,102.04562096151312,-2.1554521360704193,0,0.0,0.0,0.0,0.0,0.0,0.0,0.0,0.0,0.0,1.0,1.0,0.0
2023-12-12,18:06:00.000000000,49.2,372.38,,,,0,0.0,0.0,0.0,0.0,0.0,0.0,0.0,0.0,0.0,1.0,1.0,0.0
2023-12-12,18:07:00.000000000,49.225,372.385,,,,0,0.0,0.0,0.0,0.0,0.0,0.0,0.0,0.0,0.0,1.0,1.0,0.0
2023-12-12,18:08:00.000000000,49.2161,372.36,-0.1406808410502065,101.6000179734549,-2.159188470330779,0,0.0,0.0,0.0,0.0,0.0,0.0,0.0,0.0,0.0,1.0,1.0,0.0
2023-12-12,18:09:00.000000000,49.215,372.32,,,,0,0.0,0.0,0.0,0.0,0.0,0.0,0.0,0.0,0.0,1.0,1.0,0.0
2023-12-12,18:10:00.000000000,49.225,372.33,,,,0,0.0,0.0,0.0,0.0,0.0,0.0,0.0,0.0,0.0,1.0,1.0,0.0
2023-12-12,18:11:00.000000000,49.201,372.1801,-0.13954225814651783,101.13585159119683,-2.1634718053506212,0,0.0,0.0,0.0,0.0,0.0,0.0,0.0,0.0,0.0,1.0,1.0,0.0
2023-12-12,18:12:00.000000000,49.24,372.1993,,,,0,0.0,0.0,0.0,0.0,0.0,0.0,0.0,0.0,0.0,1.0,1.0,0.0
2023-12-12,18:13:00.000000000,49.21,372.21,,,,0,0.0,0.0,0.0,0.0,0.0,0.0,0.0,0.0,0.0,1.0,1.0,0.0
2023-12-12,18:14:00.000000000,49.215,372.2101,-0.1384311056908407,100.74045569229838,-2.1536131430774637,0,0.0,0.0,0.0,0.0,0.0,0.0,0.0,0.0,0.0,1.0,1.0,0.0
2023-12-12,18:15:00.000000000,49.24,372.29,,,,0,0.0,0.0,0.0,0.0,0.0,0.0,0.0,0.0,0.0,1.0,1.0,0.0
2023-12-12,18:16:00.000000000,49.25,372.19,,,,0,0.0,0.0,0.0,0.0,0.0,0.0,0.0,0.0,0.0,1.0,1.0,0.0
2023-12-12,18:17:00.000000000,49.27,372.1275,-0.13732112147513206,100.3709656317372,-2.1380564468412206,0,0.0,0.0,0.0,0.0,0.0,0.0,0.0,0.0,0.0,1.0,1.0,0.0
2023-12-12,18:18:00.000000000,49.28,372.25,,,,0,0.0,0.0,0.0,0.0,0.0,0.0,0.0,0.0,0.0,1.0,1.0,0.0
2023-12-12,18:19:00.000000000,49.315,372.18,,,,0,0.0,0.0,0.0,0.0,0.0,0.0,0.0,0.0,0.0,1.0,1.0,0.0
2023-12-12,18:20:00.000000000,49.3,372.2199,-0.13616007957586054,99.98149120371886,-2.124942481351233,0,0.0,0.0,0.0,0.0,0.0,0.0,0.0,0.0,0.0,1.0,1.0,0.0
2023-12-12,18:21:00.000000000,49.29,372.325,,,,0,0.0,0.0,0.0,0.0,0.0,0.0,0.0,0.0,0.0,1.0,1.0,0.0
2023-12-12,18:22:00.000000000,49.29,372.35,,,,0,0.0,0.0,0.0,0.0,0.0,0.0,0.0,0.0,0.0,1.0,1.0,0.0
2023-12-12,18:23:00.000000000,49.28,372.29,-0.134970938377825,99.52833064868048,-2.121513113805263,0,0.0,0.0,0.0,0.0,0.0,0.0,0.0,0.0,0.0,1.0,1.0,0.0
2023-12-12,18:24:00.000000000,49.28,372.26,,,,0,0.0,0.0,0.0,0.0,0.0,0.0,0.0,0.0,0.0,1.0,1.0,0.0
2023-12-12,18:25:00.000000000,49.29,372.26,,,,0,0.0,0.0,0.0,0.0,0.0,0.0,0.0,0.0,0.0,1.0,1.0,0.0
2023-12-12,18:26:00.000000000,49.295,372.29,-0.13375835224661503,99.09189695789232,-2.113162571680109,0,0.0,0.0,0.0,0.0,0.0,0.0,0.0,0.0,0.0,1.0,1.0,0.0
2023-12-12,18:27:00.000000000,49.29,372.225,,,,0,0.0,0.0,0.0,0.0,0.0,0.0,0.0,0.0,0.0,1.0,1.0,0.0
2023-12-12,18:28:00.000000000,49.3075,372.25,,,,0,0.0,0.0,0.0,0.0,0.0,0.0,0.0,0.0,0.0,1.0,1.0,0.0
2023-12-12,18:29:00.000000000,49.28,372.32,-0.13257615407773835,98.64075368622355,-2.1054215823727134,0,0.0,0.0,0.0,0.0,0.0,0.0,0.0,0.0,0.0,1.0,1.0,0.0
2023-12-12,18:30:00.000000000,49.29,372.36,,,,0,0.0,0.0,0.0,0.0,0.0,0.0,0.0,0.0,0.0,1.0,1.0,0.0
2023-12-12,18:31:00.000000000,49.3,372.64,,,,0,0.0,0.0,0.0,0.0,0.0,0.0,0.0,0.0,0.0,1.0,1.0,0.0
2023-12-12,18:32:00.000000000,49.295,372.445,-0.131365432080707,98.22139835129892,-2.0915784980399366,0,0.0,0.0,0.0,0.0,0.0,0.0,0.0,0.0,0.0,1.0,1.0,0.0
2023-12-12,18:33:00.000000000,49.285,372.513,,,,0,0.0,0.0,0.0,0.0,0.0,0.0,0.0,0.0,0.0,1.0,1.0,0.0
2023-12-12,18:34:00.000000000,49.28,372.69,,,,0,0.0,0.0,0.0,0.0,0.0,0.0,0.0,0.0,0.0,1.0,1.0,0.0
2023-12-12,18:35:00.000000000,49.275,372.785,-0.1300266378843283,97.74698020370933,-2.0846173214600894,0,0.0,0.0,0.0,0.0,0.0,0.0,0.0,0.0,0.0,1.0,1.0,0.0
2023-12-12,18:36:00.000000000,49.25,372.73,,,,0,0.0,0.0,0.0,0.0,0.0,0.0,0.0,0.0,0.0,1.0,1.0,0.0
2023-12-12,18:37:00.000000000,49.255,372.79,,,,0,0.0,0.0,0.0,0.0,0.0,0.0,0.0,0.0,0.0,1.0,1.0,0.0
2023-12-12,18:38:00.000000000,49.23,372.76,-0.1287022269558088,97.20504212004728,-2.0866323344308033,0,0.0,0.0,0.0,0.0,0.0,0.0,0.0,0.0,0.0,1.0,1.0,0.0
2023-12-12,18:39:00.000000000,49.24,372.785,,,,0,0.0,0.0,0.0,0.0,0.0,0.0,0.0,0.0,0.0,1.0,1.0,0.0
2023-12-12,18:40:00.000000000,49.2587,372.79,,,,0,0.0,0.0,0.0,0.0,0.0,0.0,0.0,0.0,0.0,1.0,1.0,0.0
2023-12-12,18:41:00.000000000,49.25,372.65,-0.12743667527877234,96.73927704263451,-2.0748851742931054,0,0.0,0.0,0.0,0.0,0.0,0.0,0.0,0.0,0.0,1.0,1.0,0.0
2023-12-12,18:42:00.000000000,49.24,372.67,,,,0,0.0,0.0,0.0,0.0,0.0,0.0,0.0,0.0,0.0,1.0,1.0,0.0
2023-12-12,18:43:00.000000000,49.22,372.5995,,,,0,0.0,0.0,0.0,0.0,0.0,0.0,0.0,0.0,0.0,1.0,1.0,0.0
2023-12-12,18:44:00.000000000,49.235,372.53,-0.1262497535309247,96.26682068287538,-2.0633186860926234,0,0.0,0.0,0.0,0.0,0.0,0.0,0.0,0.0,0.0,1.0,1.0,0.0
2023-12-12,18:45:00.000000000,49.23,372.505,,,,0,0.0,0.0,0.0,0.0,0.0,0.0,0.0,0.0,0.0,1.0,1.0,0.0
2023-12-12,18:46:00.000000000,49.235,372.58,,,,0,0.0,0.0,0.0,0.0,0.0,0.0,0.0,0.0,0.0,1.0,1.0,0.0
2023-12-12,18:47:00.000000000,49.225,372.52,-0.12495819492050377,95.77442677178607,-2.053483930279139,0,0.0,0.0,0.0,0.0,0.0,0.0,0.0,0.0,0.0,1.0,1.0,0.0
2023-12-12,18:48:00.000000000,49.22,372.72,,,,0,0.0,0.0,0.0,0.0,0.0,0.0,0.0,0.0,0.0,1.0,1.0,0.0
2023-12-12,18:49:00.000000000,49.24,372.72,,,,0,0.0,0.0,0.0,0.0,0.0,0.0,0.0,0.0,0.0,1.0,1.0,0.0
2023-12-12,18:50:00.000000000,49.255,372.8289,-0.12351690061690968,95.30567018841175,-2.0397414394058546,0,0.0,0.0,0.0,0.0,0.0,0.0,0.0,0.0,0.0,1.0,1.0,0.0
2023-12-12,18:51:00.000000000,49.255,372.82,,,,0,0.0,0.0,0.0,0.0,0.0,0.0,0.0,0.0,0.0,1.0,1.0,0.0
2023-12-12,18:52:00.000000000,49.255,372.92,,,,0,0.0,0.0,0.0,0.0,0.0,0.0,0.0,0.0,0.0,1.0,1.0,0.0
2023-12-12,18:53:00.000000000,49.231,372.82,-0.12209404463792844,94.75010172191249,-2.037226178704253,0,0.0,0.0,0.0,0.0,0.0,0.0,0.0,0.0,0.0,1.0,1.0,0.0
2023-12-12,18:54:00.000000000,49.29,372.78,,,,0,0.0,0.0,0.0,0.0,0.0,0.0,0.0,0.0,0.0,1.0,1.0,0.0
2023-12-12,18:55:00.000000000,49.26,372.75,,,,0,0.0,0.0,0.0,0.0,0.0,0.0,0.0,0.0,0.0,1.0,1.0,0.0
2023-12-12,18:56:00.000000000,49.26,372.53,-0.12080019942226956,94.26169829077807,-2.0244195532028386,0,0.0,0.0,0.0,0.0,0.0,0.0,0.0,0.0,0.0,1.0,1.0,0.0
2023-12-12,18:57:00.000000000,49.27,372.5,,,,0,0.0,0.0,0.0,0.0,0.0,0.0,0.0,0.0,0.0,1.0,1.0,0.0
2023-12-12,18:58:00.000000000,49.275,372.555,,,,0,0.0,0.0,0.0,0.0,0.0,0.0,0.0,0.0,0.0,1.0,1.0,0.0
2023-12-12,18:59:00.000000000,49.27,372.54,-0.11949076589653046,93.78508992709347,-2.0101669246800515,0,0.0,0.0,0.0,0.0,0.0,0.0,0.0,0.0,0.0,1.0,1.0,0.0
2023-12-12,19:00:00.000000000,49.26,372.37,,,,0,0.0,0.0,0.0,0.0,0.0,0.0,0.0,0.0,0.0,1.0,1.0,0.0
2023-12-12,19:01:00.000000000,49.24,372.3715,,,,0,0.0,0.0,0.0,0.0,0.0,0.0,0.0,0.0,0.0,1.0,1.0,0.0
2023-12-12,19:02:00.000000000,49.24,372.49,-0.11823775596519545,93.28238171947567,-1.9994233633819345,0,0.0,0.0,0.0,0.0,0.0,0.0,0.0,0.0,0.0,1.0,1.0,0.0
2023-12-12,19:03:00.000000000,49.245,372.53,,,,0,0.0,0.0,0.0,0.0,0.0,0.0,0.0,0.0,0.0,1.0,1.0,0.0
2023-12-12,19:04:00.000000000,49.255,372.61,,,,0,0.0,0.0,0.0,0.0,0.0,0.0,0.0,0.0,0.0,1.0,1.0,0.0
2023-12-12,19:05:00.000000000,49.28,372.6201,-0.11689153253954468,92.8361345440384,-1.9815012723756498,0,0.0,0.0,0.0,0.0,0.0,0.0,0.0,0.0,0.0,1.0,1.0,0.0
2023-12-12,19:06:00.000000000,49.275,372.63,,,,0,0.0,0.0,0.0,0.0,0.0,0.0,0.0,0.0,0.0,1.0,1.0,0.0
2023-12-12,19:07:00.000000000,49.285,372.615,,,,0,0.0,0.0,0.0,0.0,0.0,0.0,0.0,0.0,0.0,1.0,1.0,0.0
2023-12-12,19:08:00.000000000,49.295,372.68,-0.1155420590673417,92.35521457321691,-1.9682613873491601,0,0.0,0.0,0.0,0.0,0.0,0.0,0.0,0.0,0.0,1.0,1.0,0.0
2023-12-12,19:09:00.000000000,49.32,372.72,,,,0,0.0,0.0,0.0,0.0,0.0,0.0,0.0,0.0,0.0,1.0,1.0,0.0
2023-12-12,19:10:00.000000000,49.325,372.555,,,,0,0.0,0.0,0.0,0.0,0.0,0.0,0.0,0.0,0.0,1.0,1.0,0.0
2023-12-12,19:11:00.000000000,49.32,372.5249,-0.114276798146742,91.89095280193524,-1.9534072321089861,0,0.0,0.0,0.0,0.0,0.0,0.0,0.0,0.0,0.0,1.0,1.0,0.0
2023-12-12,19:12:00.000000000,49.305,372.52,,,,0,0.0,0.0,0.0,0.0,0.0,0.0,0.0,0.0,0.0,1.0,1.0,0.0
2023-12-12,19:13:00.000000000,49.295,372.44,,,,0,0.0,0.0,0.0,0.0,0.0,0.0,0.0,0.0,0.0,1.0,1.0,0.0
2023-12-12,19:14:00.000000000,49.3,372.52,-0.1130117393275507,91.39913313429918,-1.9423599822049937,0,0.0,0.0,0.0,0.0,0.0,0.0,0.0,0.0,0.0,1.0,1.0,0.0
2023-12-12,19:15:00.000000000,49.315,372.59,,,,0,0.0,0.0,0.0,0.0,0.0,0.0,0.0,0.0,0.0,1.0,1.0,0.0
2023-12-12,19:16:00.000000000,49.315,372.64,,,,0,0.0,0.0,0.0,0.0,0.0,0.0,0.0,0.0,0.0,1.0,1.0,0.0
2023-12-12,19:17:00.000000000,49.335,372.61,-0.11172179325602608,90.96365738512787,-1.924657391578065,0,0.0,0.0,0.0,0.0,0.0,0.0,0.0,0.0,0.0,1.0,1.0,0.0
2023-12-12,19:18:00.000000000,49.33,372.56,,,,0,0.0,0.0,0.0,0.0,0.0,0.0,0.0,0.0,0.0,1.0,1.0,0.0
2023-12-12,19:19:00.000000000,49.345,372.59,,,,0,0.0,0.0,0.0,0.0,0.0,0.0,0.0,0.0,0.0,1.0,1.0,0.0
2023-12-12,19:20:00.000000000,49.37,372.64,-0.1104366004821781,90.52309480367884,-1.9085528908216074,0,0.0,0.0,0.0,0.0,0.0,0.0,0.0,0.0,0.0,1.0,1.0,0.0
2023-12-12,19:21:00.000000000,49.325,372.56,,,,0,0.0,0.0,0.0,0.0,0.0,0.0,0.0,0.0,0.0,1.0,1.0,0.0
2023-12-12,19:22:00.000000000,49.345,372.39,,,,0,0.0,0.0,0.0,0.0,0.0,0.0,0.0,0.0,0.0,1.0,1.0,0.0
2023-12-12,19:23:00.000000000,49.35,372.34,-0.10930529343925836,90.04873295917346,-1.8971284230146825,0,0.0,0.0,0.0,0.0,0.0,0.0,0.0,0.0,0.0,1.0,1.0,0.0
2023-12-12,19:24:00.000000000,49.33,372.37,,,,0,0.0,0.0,0.0,0.0,0.0,0.0,0.0,0.0,0.0,1.0,1.0,0.0
2023-12-12,19:25:00.000000000,49.35,372.43,,,,0,0.0,0.0,0.0,0.0,0.0,0.0,0.0,0.0,0.0,1.0,1.0,0.0
2023-12-12,19:26:00.000000000,49.35,372.47,-0.10812465008027765,89.62318841540102,-1.881041890774771,0,0.0,0.0,0.0,0.0,0.0,0.0,0.0,0.0,0.0,1.0,1.0,0.0
2023-12-12,19:27:00.000000000,49.36,372.46,,,,0,0.0,0.0,0.0,0.0,0.0,0.0,0.0,0.0,0.0,1.0,1.0,0.0
2023-12-12,19:28:00.000000000,49.35,372.4,,,,0,0.0,0.0,0.0,0.0,0.0,0.0,0.0,0.0,0.0,1.0,1.0,0.0
2023-12-12,19:29:00.000000000,49.365,372.35,-0.10701403542167238,89.21167608925973,-1.8647561186925683,0,0.0,0.0,0.0,0.0,0.0,0.0,0.0,0.0,0.0,1.0,1.0,0.0
2023-12-12,19:30:00.000000000,49.385,372.29,,,,0,0.0,0.0,0.0,0.0,0.0,0.0,0.0,0.0,0.0,1.0,1.0,0.0
2023-12-12,19:31:00.000000000,49.385,372.3,,,,0,0.0,0.0,0.0,0.0,0.0,0.0,0.0,0.0,0.0,1.0,1.0,0.0
2023-12-12,19:32:00.000000000,49.37,372.275,-0.10593509225299935,88.80698646848532,-1.8492378946476113,0,0.0,0.0,0.0,0.0,0.0,0.0,0.0,0.0,0.0,1.0,1.0,0.0
2023-12-12,19:33:00.000000000,49.38,372.25,,,,0,0.0,0.0,0.0,0.0,0.0,0.0,0.0,0.0,0.0,1.0,1.0,0.0
2023-12-12,19:34:00.000000000,49.37,372.3292,,,,0,0.0,0.0,0.0,0.0,0.0,0.0,0.0,0.0,0.0,1.0,1.0,0.0
2023-12-12,19:35:00.000000000,49.38,372.36,-0.10481993911261382,88.41075252797289,-1.8338777324282547,0,0.0,0.0,0.0,0.0,0.0,0.0,0.0,0.0,0.0,1.0,1.0,0.0
2023-12-12,19:36:00.000000000,49.38,372.38,,,,0,0.0,0.0,0.0,0.0,0.0,0.0,0.0,0.0,0.0,1.0,1.0,0.0
2023-12-12,19:37:00.000000000,49.365,372.35,,,,0,0.0,0.0,0.0,0.0,0.0,0.0,0.0,0.0,0.0,1.0,1.0,0.0
2023-12-12,19:38:00.000000000,49.375,372.3,-0.10372410230656137,87.99148328873281,-1.8217892044203035,0,0.0,0.0,0.0,0.0,0.0,0.0,0.0,0.0,0.0,1.0,1.0,0.0
2023-12-12,19:39:00.000000000,49.3701,372.26,,,,0,0.0,0.0,0.0,0.0,0.0,0.0,0.0,0.0,0.0,1.0,1.0,0.0
2023-12-12,19:40:00.000000000,49.38,372.35,,,,0,0.0,0.0,0.0,0.0,0.0,0.0,0.0,0.0,0.0,1.0,1.0,0.0
2023-12-12,19:41:00.000000000,49.37,372.35,-0.10266500978760378,87.59731639441426,-1.8078955122308356,0,0.0,0.0,0.0,0.0,0.0,0.0,0.0,0.0,0.0,1.0,1.0,0.0
2023-12-12,19:42:00.000000000,49.415,372.56,,,,0,0.0,0.0,0.0,0.0,0.0,0.0,0.0,0.0,0.0,1.0,1.0,0.0
2023-12-12,19:43:00.000000000,49.415,372.69,,,,0,0.0,0.0,0.0,0.0,0.0,0.0,0.0,0.0,0.0,1.0,1.0,0.0
2023-12-12,19:44:00.000000000,49.41,372.59,-0.10151246035745845,87.23252760458544,-1.7920500838073363,0,0.0,0.0,0.0,0.0,0.0,0.0,0.0,0.0,0.0,1.0,1.0,0.0
2023-12-12,19:45:00.000000000,49.39,372.5819,,,,0,0.0,0.0,0.0,0.0,0.0,0.0,0.0,0.0,0.0,1.0,1.0,0.0
2023-12-12,19:46:00.000000000,49.42,372.703,,,,0,0.0,0.0,0.0,0.0,0.0,0.0,0.0,0.0,0.0,1.0,1.0,0.0
2023-12-12,19:47:00.000000000,49.39,372.45,-0.10040215509159608,86.78478266386496,-1.7861199053504049,0,0.0,0.0,0.0,0.0,0.0,0.0,0.0,0.0,0.0,1.0,1.0,0.0
2023-12-12,19:48:00.000000000,49.39,372.41,,,,0,0.0,0.0,0.0,0.0,0.0,0.0,0.0,0.0,0.0,1.0,1.0,0.0
2023-12-12,19:49:00.000000000,49.385,372.5146,,,,0,0.0,0.0,0.0,0.0,0.0,0.0,0.0,0.0,0.0,1.0,1.0,0.0
2023-12-12,19:50:00.000000000,49.375,372.55,-0.09924339401909757,86.3481264418148,-1.7796103202706404,0,0.0,0.0,0.0,0.0,0.0,0.0,0.0,0.0,0.0,1.0,1.0,0.0
2023-12-12,19:51:00.000000000,49.375,372.49,,,,0,0.0,0.0,0.0,0.0,0.0,0.0,0.0,0.0,0.0,1.0,1.0,0.0
2023-12-12,19:52:00.000000000,49.35,372.53,,,,0,0.0,0.0,0.0,0.0,0.0,0.0,0.0,0.0,0.0,1.0,1.0,0.0
2023-12-12,19:53:00.000000000,49.34,372.61,-0.09805444744985686,85.87606766429117,-1.7776313760793565,0,0.0,0.0,0.0,0.0,0.0,0.0,0.0,0.0,0.0,1.0,1.0,0.0
2023-12-12,19:54:00.000000000,49.31,372.5,,,,0,0.0,0.0,0.0,0.0,0.0,0.0,0.0,0.0,0.0,1.0,1.0,0.0
2023-12-12,19:55:00.000000000,49.32,372.48,,,,0,0.0,0.0,0.0,0.0,0.0,0.0,0.0,0.0,0.0,1.0,1.0,0.0
2023-12-12,19:56:00.000000000,49.34,372.48,-0.09694231216449015,85.4490724350293,-1.7715439613400672,0,0.0,0.0,0.0,0.0,0.0,0.0,0.0,0.0,0.0,1.0,1.0,0.0
2023-12-12,19:57:00.000000000,49.34,372.54,,,,0,0.0,0.0,0.0,0.0,0.0,0.0,0.0,0.0,0.0,1.0,1.0,0.0
2023-12-12,19:58:00.000000000,49.335,372.49,,,,0,0.0,0.0,0.0,0.0,0.0,0.0,0.0,0.0,0.0,1.0,1.0,0.0
2023-12-12,19:59:00.000000000,49.334,372.5721,-0.09578339032782798,85.02021887955857,-1.766422702479852,1,0.0,0.0,0.0,0.0,0.0,0.0,0.0,0.0,0.0,1.0,1.0,0.0
2023-12-12,20:00:00.000000000,49.27,372.65,,,,0,0.0,0.0,0.0,0.0,0.0,0.0,0.0,0.0,0.0,1.0,1.0,0.0
2023-12-12,20:01:00.000000000,49.27,372.66,,,,0,0.0,0.0,0.0,0.0,0.0,0.0,0.0,0.0,0.0,1.0,1.0,0.0
2023-12-12,20:02:00.000000000,49.2701,372.7058,-0.09456301566601502,84.51428440421466,-1.7696090283207933,0,0.0,0.0,0.0,0.0,0.0,0.0,0.0,0.0,0.0,1.0,1.0,0.0
2023-12-12,20:03:00.000000000,49.275,372.665,,,,0,0.0,0.0,0.0,0.0,0.0,0.0,0.0,0.0,0.0,1.0,1.0,0.0
2023-12-12,20:04:00.000000000,49.26,372.77,,,,0,0.0,0.0,0.0,0.0,0.0,0.0,0.0,0.0,0.0,1.0,1.0,0.0
2023-12-12,20:05:00.000000000,49.27,372.855,-0.09331267577457128,84.06209772592777,-1.7671924733675888,0,0.0,0.0,0.0,0.0,0.0,0.0,0.0,0.0,0.0,1.0,1.0,0.0
2023-12-12,20:06:00.000000000,49.275,372.9511,,,,0,0.0,0.0,0.0,0.0,0.0,0.0,0.0,0.0,0.0,1.0,1.0,0.0
2023-12-12,20:07:00.000000000,49.265,372.95,,,,0,0.0,0.0,0.0,0.0,0.0,0.0,0.0,0.0,0.0,1.0,1.0,0.0
2023-12-12,20:08:00.000000000,49.27,373.04,-0.09196655270063912,83.57720281944643,-1.7685005513924792,0,0.0,0.0,0.0,0.0,0.0,0.0,0.0,0.0,0.0,1.0,1.0,0.0
2023-12-12,20:09:00.000000000,49.25,372.99,,,,0,0.0,0.0,0.0,0.0,0.0,0.0,0.0,0.0,0.0,1.0,1.0,0.0
2023-12-12,20:10:00.000000000,49.24,372.79,,,,0,0.0,0.0,0.0,0.0,0.0,0.0,0.0,0.0,0.0,1.0,1.0,0.0
2023-12-12,20:11:00.000000000,49.205,372.67,-0.09084280205407717,83.05938704149294,-1.7731076028400312,0,0.0,0.0,0.0,0.0,0.0,0.0,0.0,0.0,0.0,1.0,1.0,0.0
2023-12-12,20:12:00.000000000,49.245,372.77,,,,0,0.0,0.0,0.0,0.0,0.0,0.0,0.0,0.0,0.0,1.0,1.0,0.0
2023-12-12,20:13:00.000000000,49.27,372.84,,,,0,0.0,0.0,0.0,0.0,0.0,0.0,0.0,0.0,0.0,1.0,1.0,0.0
2023-12-12,20:14:00.000000000,49.265,372.84,-0.08954408348845036,82.65061608783384,-1.7666230104807084,0,0.0,0.0,0.0,0.0,0.0,0.0,0.0,0.0,0.0,1.0,1.0,0.0
2023-12-12,20:15:00.000000000,49.295,372.89,,,,0,0.0,0.0,0.0,0.0,0.0,0.0,0.0,0.0,0.0,1.0,1.0,0.0
2023-12-12,20:16:00.000000000,49.315,372.96,,,,0,0.0,0.0,0.0,0.0,0.0,0.0,0.0,0.0,0.0,1.0,1.0,0.0
2023-12-12,20:17:00.000000000,49.315,372.98,-0.08818355544149496,82.20570250856879,-1.7643305225013575,0,0.0,0.0,0.0,0.0,0.0,0.0,0.0,0.0,0.0,1.0,1.0,0.0
2023-12-12,20:18:00.000000000,49.315,372.97,,,,0,0.0,0.0,0.0,0.0,0.0,0.0,0.0,0.0,0.0,1.0,1.0,0.0
2023-12-12,20:19:00.000000000,49.325,372.87,,,,0,0.0,0.0,0.0,0.0,0.0,0.0,0.0,0.0,0.0,1.0,1.0,0.0
2023-12-12,20:20:00.000000000,49.35,372.955,-0.08685848991074838,81.74430810466316,-1.7637839983265515,0,0.0,0.0,0.0,0.0,0.0,0.0,0.0,0.0,0.0,1.0,1.0,0.0
2023-12-12,20:21:00.000000000,49.35,372.95,,,,0,0.0,0.0,0.0,0.0,0.0,0.0,0.0,0.0,0.0,1.0,1.0,0.0
2023-12-12,20:22:00.000000000,49.3894,373.08,,,,0,0.0,0.0,0.0,0.0,0.0,0.0,0.0,0.0,0.0,1.0,1.0,0.0
2023-12-12,20:23:00.000000000,49.385,372.98,-0.08548227894947034,81.26818040257345,-1.7646741533737966,0,0.0,0.0,0.0,0.0,0.0,0.0,0.0,0.0,0.0,1.0,1.0,0.0
2023-12-12,20:24:00.000000000,49.4,372.97,,,,0,0.0,0.0,0.0,0.0,0.0,0.0,0.0,0.0,0.0,1.0,1.0,0.0
2023-12-12,20:25:00.000000000,49.41,372.91,,,,0,0.0,0.0,0.0,0.0,0.0,0.0,0.0,0.0,0.0,1.0,1.0,0.0
2023-12-12,20:26:00.000000000,49.43,372.91,-0.08405588910808812,80.77528160729715,-1.7669627639287326,0,0.0,0.0,0.0,0.0,0.0,0.0,0.0,0.0,0.0,1.0,1.0,0.0
2023-12-12,20:27:00.000000000,49.435,372.9499,,,,0,0.0,0.0,0.0,0.0,0.0,0.0,0.0,0.0,0.0,1.0,1.0,0.0
2023-12-12,20:28:00.000000000,49.46,372.9277,,,,0,0.0,0.0,0.0,0.0,0.0,0.0,0.0,0.0,0.0,1.0,1.0,0.0
2023-12-12,20:29:00.000000000,49.45,372.96,-0.08265826262481343,80.27822562855042,-1.7691394155362168,0,0.0,0.0,0.0,0.0,0.0,0.0,0.0,0.0,0.0,1.0,1.0,0.0
2023-12-12,20:30:00.000000000,49.455,372.9803,,,,0,0.0,0.0,0.0,0.0,0.0,0.0,0.0,0.0,0.0,1.0,1.0,0.0
2023-12-12,20:31:00.000000000,49.39,372.87,,,,0,0.0,0.0,0.0,0.0,0.0,0.0,0.0,0.0,0.0,1.0,1.0,0.0
2023-12-12,20:32:00.000000000,49.395,372.86,-0.08136864756271323,79.73411393023326,-1.775244639762289,0,0.0,0.0,0.0,0.0,0.0,0.0,0.0,0.0,0.0,1.0,1.0,0.0
2023-12-12,20:33:00.000000000,49.385,372.785,,,,0,0.0,0.0,0.0,0.0,0.0,0.0,0.0,0.0,0.0,1.0,1.0,0.0
2023-12-12,20:34:00.000000000,49.39,372.7016,,,,0,0.0,0.0,0.0,0.0,0.0,0.0,0.0,0.0,0.0,1.0,1.0,0.0
2023-12-12,20:35:00.000000000,49.375,372.67,-0.08014024256492144,79.24086419666928,-1.775389445618101,0,0.0,0.0,0.0,0.0,0.0,0.0,0.0,0.0,0.0,1.0,1.0,0.0
2023-12-12,20:36:00.000000000,49.38,372.74,,,,0,0.0,0.0,0.0,0.0,0.0,0.0,0.0,0.0,0.0,1.0,1.0,0.0
2023-12-12,20:37:00.000000000,49.355,372.84,,,,0,0.0,0.0,0.0,0.0,0.0,0.0,0.0,0.0,0.0,1.0,1.0,0.0
2023-12-12,20:38:00.000000000,49.37,372.9001,-0.07879143177520011,78.75133278811529,-1.7747438344354052,0,0.0,0.0,0.0,0.0,0.0,0.0,0.0,0.0,0.0,1.0,1.0,0.0
2023-12-12,20:39:00.000000000,49.345,372.93,,,,0,0.0,0.0,0.0,0.0,0.0,0.0,0.0,0.0,0.0,1.0,1.0,0.0
2023-12-12,20:40:00.000000000,49.365,373.02,,,,0,0.0,0.0,0.0,0.0,0.0,0.0,0.0,0.0,0.0,1.0,1.0,0.0
2023-12-12,20:41:00.000000000,49.38,373.0,-0.07783015380117737,78.41064736783916,-1.7593558574316457,0,0.0,0.0,0.0,0.0,0.0,0.0,0.0,0.0,0.0,1.0,1.0,0.0
2023-12-12,20:42:00.000000000,49.335,372.97,,,,0,0.0,0.0,0.0,0.0,0.0,0.0,0.0,0.0,0.0,1.0,1.0,0.0
2023-12-12,20:43:00.000000000,49.355,373.05,,,,0,0.0,0.0,0.0,0.0,0.0,0.0,0.0,0.0,0.0,1.0,1.0,0.0
2023-12-12,20:44:00.000000000,49.37,373.1,-0.07676695298042195,78.01175015699543,-1.7501786170141937,0,0.0,0.0,0.0,0.0,0.0,0.0,0.0,0.0,0.0,1.0,1.0,0.0
2023-12-12,20:45:00.000000000,49.349,373.26,,,,0,0.0,0.0,0.0,0.0,0.0,0.0,0.0,0.0,0.0,1.0,1.0,0.0
2023-12-12,20:46:00.000000000,49.345,373.42,,,,0,0.0,0.0,0.0,0.0,0.0,0.0,0.0,0.0,0.0,1.0,1.0,0.0
2023-12-12,20:47:00.000000000,49.355,373.4585,-0.07538600366292252,77.50854384894954,-1.7511841837284217,0,0.0,0.0,0.0,0.0,0.0,0.0,0.0,0.0,0.0,1.0,1.0,0.0
2023-12-12,20:48:00.000000000,49.3342,373.55,,,,0,0.0,0.0,0.0,0.0,0.0,0.0,0.0,0.0,0.0,1.0,1.0,0.0
2023-12-12,20:49:00.000000000,49.335,373.4126,,,,0,0.0,0.0,0.0,0.0,0.0,0.0,0.0,0.0,0.0,1.0,1.0,0.0
2023-12-12,20:50:00.000000000,49.305,373.245,-0.07420815153210045,77.00282151859884,-1.752020941799613,0,0.0,0.0,0.0,0.0,0.0,0.0,0.0,0.0,0.0,1.0,1.0,0.0
2023-12-12,20:51:00.000000000,49.325,373.4955,,,,0,0.0,0.0,0.0,0.0,0.0,0.0,0.0,0.0,0.0,1.0,1.0,0.0
2023-12-12,20:52:00.000000000,49.285,373.44,,,,0,0.0,0.0,0.0,0.0,0.0,0.0,0.0,0.0,0.0,1.0,1.0,0.0
2023-12-12,20:53:00.000000000,49.265,373.48,-0.07292602405428171,76.50141146379313,-1.7522536728509999,0,0.0,0.0,0.0,0.0,0.0,0.0,0.0,0.0,0.0,1.0,1.0,0.0
2023-12-12,20:54:00.000000000,49.32,372.9499,,,,0,0.0,0.0,0.0,0.0,0.0,0.0,0.0,0.0,0.0,1.0,1.0,0.0
2023-12-12,20:55:00.000000000,49.315,373.86,,,,0,0.0,0.0,0.0,0.0,0.0,0.0,0.0,0.0,0.0,1.0,1.0,0.0
2023-12-12,20:56:00.000000000,49.315,373.62,-0.07156081801225843,76.05155282573999,-1.7473751477738102,0,0.0,0.0,0.0,0.0,0.0,0.0,0.0,0.0,0.0,1.0,1.0,0.0
2023-12-12,20:57:00.000000000,49.35,373.8686,,,,0,0.0,0.0,0.0,0.0,0.0,0.0,0.0,0.0,0.0,1.0,1.0,0.0
2023-12-12,20:58:00.000000000,49.345,374.07,,,,0,0.0,0.0,0.0,0.0,0.0,0.0,0.0,0.0,0.0,1.0,1.0,0.0
2023-12-12,20:59:00.000000000,49.37,374.34,-0.06949129950175803,75.3833730554881,-1.7632305982277316,1,0.0,0.0,0.0,0.0,0.0,0.0,0.0,0.0,0.0,1.0,1.0,0.0
2023-12-13,14:29:00.000000000,49.54,376.02,-0.06620632023041019,74.43490053303884,-1.8044740511925803,0,0.0,0.0,0.0,0.0,0.0,0.0,0.0,0.0,0.0,1.0,1.0,0.0
2023-12-13,14:30:00.000000000,49.67,377.2999,,,,0,0.0,0.0,0.0,0.0,0.0,0.0,0.0,0.0,0.0,1.0,1.0,0.0
2023-12-13,14:31:00.000000000,49.6,377.44,,,,0,0.0,0.0,0.0,0.0,0.0,0.0,0.0,0.0,0.0,1.0,1.0,0.0
2023-12-13,14:32:00.000000000,49.59,376.08,-0.06290048439641252,73.24561417180283,-1.8653590078044648,0,0.0,0.0,0.0,0.0,0.0,0.0,0.0,0.0,0.0,1.0,1.0,0.0
2023-12-13,14:33:00.000000000,49.54,376.22,,,,0,0.0,0.0,0.0,0.0,0.0,0.0,0.0,0.0,0.0,1.0,1.0,0.0
2023-12-13,14:34:00.000000000,49.45,376.73,,,,0,0.0,0.0,0.0,0.0,0.0,0.0,0.0,0.0,0.0,1.0,1.0,0.0
2023-12-13,14:35:00.000000000,49.4961,376.905,-0.05922642428154566,71.81883544383597,-1.9436008048976854,0,0.0,0.0,0.0,0.0,0.0,0.0,0.0,0.0,0.0,1.0,1.0,0.0
2023-12-13,14:36:00.000000000,49.48,377.01,,,,0,0.0,0.0,0.0,0.0,0.0,0.0,0.0,0.0,0.0,1.0,1.0,0.0
2023-12-13,14:37:00.000000000,49.54,377.2955,,,,0,0.0,0.0,0.0,0.0,0.0,0.0,0.0,0.0,0.0,1.0,1.0,0.0
2023-12-13,14:38:00.000000000,49.52,377.4294,-0.055221324849992426,70.36215150533774,-2.0178315334057926,0,0.0,0.0,0.0,0.0,0.0,0.0,0.0,0.0,0.0,1.0,1.0,0.0
2023-12-13,14:39:00.000000000,49.555,376.9888,,,,0,0.0,0.0,0.0,0.0,0.0,0.0,0.0,0.0,0.0,1.0,1.0,0.0
2023-12-13,14:40:00.000000000,49.6,377.23,,,,0,0.0,0.0,0.0,0.0,0.0,0.0,0.0,0.0,0.0,1.0,1.0,0.0
2023-12-13,14:41:00.000000000,49.645,377.47,-0.05113101870430857,68.94542563031536,-2.0812868540898113,0,0.0,0.0,0.0,0.0,0.0,0.0,0.0,0.0,0.0,1.0,1.0,0.0
2023-12-13,14:42:00.000000000,49.6,377.28,,,,0,0.0,0.0,0.0,0.0,0.0,0.0,0.0,0.0,0.0,1.0,1.0,0.0
2023-12-13,14:43:00.000000000,49.62,377.09,,,,0,0.0,0.0,0.0,0.0,0.0,0.0,0.0,0.0,0.0,1.0,1.0,0.0
2023-12-13,14:44:00.000000000,49.555,376.95,-0.047718904873009525,67.54264119188093,-2.136574453351718,0,0.0,0.0,0.0,0.0,0.0,0.0,0.0,0.0,0.0,1.0,1.0,0.0
2023-12-13,14:45:00.000000000,49.53,376.675,,,,0,0.0,0.0,0.0,0.0,0.0,0.0,0.0,0.0,0.0,1.0,1.0,0.0
2023-12-13,14:46:00.000000000,49.55,376.65,,,,0,0.0,0.0,0.0,0.0,0.0,0.0,0.0,0.0,0.0,1.0,1.0,0.0
2023-12-13,14:47:00.000000000,49.515,376.25,-0.04490283144308498,66.40969033046073,-2.161715219134053,0,0.0,0.0,0.0,0.0,0.0,0.0,0.0,0.0,0.0,1.0,1.0,0.0
2023-12-13,14:48:00.000000000,49.52,376.41,,,,0,0.0,0.0,0.0,0.0,0.0,0.0,0.0,0.0,0.0,1.0,1.0,0.0
2023-12-13,14:49:00.000000000,49.56,376.59,,,,0,0.0,0.0,0.0,0.0,0.0,0.0,0.0,0.0,0.0,1.0,1.0,0.0
2023-12-13,14:50:00.000000000,49.52,376.2,-0.04199260793138774,65.31761910378808,-2.179502068197531,0,0.0,0.0,0.0,0.0,0.0,0.0,0.0,0.0,0.0,1.0,1.0,0.0
2023-12-13,14:51:00.000000000,49.555,376.175,,,,0,0.0,0.0,0.0,0.0,0.0,0.0,0.0,0.0,0.0,1.0,1.0,0.0
2023-12-13,14:52:00.000000000,49.55,376.2893,,,,0,0.0,0.0,0.0,0.0,0.0,0.0,0.0,0.0,0.0,1.0,1.0,0.0
2023-12-13,14:53:00.000000000,49.54,376.36,-0.038947546498908366,64.19829860032915,-2.1961255178095054,0,0.0,0.0,0.0,0.0,0.0,0.0,0.0,0.0,0.0,1.0,1.0,0.0
2023-12-13,14:54:00.000000000,49.51,376.08,,,,0,0.0,0.0,0.0,0.0,0.0,0.0,0.0,0.0,0.0,1.0,1.0,0.0
2023-12-13,14:55:00.000000000,49.505,376.2,,,,0,0.0,0.0,0.0,0.0,0.0,0.0,0.0,0.0,0.0,1.0,1.0,0.0
2023-12-13,14:56:00.000000000,49.455,375.67,-0.03667666251698851,63.23332180775707,-2.196730688907826,0,0.0,0.0,0.0,0.0,0.0,0.0,0.0,0.0,0.0,1.0,1.0,0.0
2023-12-13,14:57:00.000000000,49.45,375.92,,,,0,0.0,0.0,0.0,0.0,0.0,0.0,0.0,0.0,0.0,1.0,1.0,0.0
2023-12-13,14:58:00.000000000,49.48,376.06,,,,0,0.0,0.0,0.0,0.0,0.0,0.0,0.0,0.0,0.0,1.0,1.0,0.0
2023-12-13,14:59:00.000000000,49.485,375.89,-0.03447046838779956,62.442104362289975,-2.1815849231873266,0,0.0,0.0,0.0,0.0,0.0,0.0,0.0,0.0,0.0,1.0,1.0,0.0
2023-12-13,15:00:00.000000000,49.44,375.65,,,,0,0.0,0.0,0.0,0.0,0.0,0.0,0.0,0.0,0.0,1.0,1.0,0.0
2023-12-13,15:01:00.000000000,49.43,375.5112,,,,0,0.0,0.0,0.0,0.0,0.0,0.0,0.0,0.0,0.0,1.0,1.0,0.0
2023-12-13,15:02:00.000000000,49.38,375.36,-0.03262236202134641,61.625129808332595,-2.168362427874961,0,0.0,0.0,0.0,0.0,0.0,0.0,0.0,0.0,0.0,1.0,1.0,0.0
2023-12-13,15:03:00.000000000,49.375,375.08,,,,0,0.0,0.0,0.0,0.0,0.0,0.0,0.0,0.0,0.0,1.0,1.0,0.0
2023-12-13,15:04:00.000000000,49.37,375.2,,,,0,0.0,0.0,0.0,0.0,0.0,0.0,0.0,0.0,0.0,1.0,1.0,0.0
2023-12-13,15:05:00.000000000,49.39,375.3666,-0.03059647418451641,60.8748944866297,-2.1497759163233896,0,0.0,0.0,0.0,0.0,0.0,0.0,0.0,0.0,0.0,1.0,1.0,0.0
2023-12-13,15:06:00.000000000,49.36,375.3061,,,,0,0.0,0.0,0.0,0.0,0.0,0.0,0.0,0.0,0.0,1.0,1.0,0.0
2023-12-13,15:07:00.000000000,49.33,375.53,,,,0,0.0,0.0,0.0,0.0,0.0,0.0,0.0,0.0,0.0,1.0,1.0,0.0
2023-12-13,15:08:00.000000000,49.29,375.52,-0.02871679170608981,60.07372962147085,-2.135628491735846,0,0.0,0.0,0.0,0.0,0.0,0.0,0.0,0.0,0.0,1.0,1.0,0.0
2023-12-13,15:09:00.000000000,49.39,375.1,,,,0,0.0,0.0,0.0,0.0,0.0,0.0,0.0,0.0,0.0,1.0,1.0,0.0
2023-12-13,15:10:00.000000000,49.445,375.36,,,,0,0.0,0.0,0.0,0.0,0.0,0.0,0.0,0.0,0.0,1.0,1.0,0.0
2023-12-13,15:11:00.000000000,49.47,375.29,-0.026802315050161712,59.52864081517519,-2.1021022454292715,0,0.0,0.0,0.0,0.0,0.0,0.0,0.0,0.0,0.0,1.0,1.0,0.0
2023-12-13,15:12:00.000000000,49.44,375.6,,,,0,0.0,0.0,0.0,0.0,0.0,0.0,0.0,0.0,0.0,1.0,1.0,0.0
2023-12-13,15:13:00.000000000,49.445,375.5707,,,,0,0.0,0.0,0.0,0.0,0.0,0.0,0.0,0.0,0.0,1.0,1.0,0.0
2023-12-13,15:14:00.000000000,49.435,375.33,-0.02502156560381462,58.82634421807974,-2.082483947679496,0,0.0,0.0,0.0,0.0,0.0,0.0,0.0,0.0,0.0,1.0,1.0,0.0
2023-12-13,15:15:00.000000000,49.42,375.48,,,,0,0.0,0.0,0.0,0.0,0.0,0.0,0.0,0.0,0.0,1.0,1.0,0.0
2023-12-13,15:16:00.000000000,49.4316,375.42,,,,0,0.0,0.0,0.0,0.0,0.0,0.0,0.0,0.0,0.0,1.0,1.0,0.0
2023-12-13,15:17:00.000000000,49.41,375.5601,-0.023227806300393283,58.13343725695633,-2.0630634101675,0,0.0,0.0,0.0,0.0,0.0,0.0,0.0,0.0,0.0,1.0,1.0,0.0
2023-12-13,15:18:00.000000000,49.44,375.84,,,,0,0.0,0.0,0.0,0.0,0.0,0.0,0.0,0.0,0.0,1.0,1.0,0.0
2023-12-13,15:19:00.000000000,49.48,375.85,,,,0,0.0,0.0,0.0,0.0,0.0,0.0,0.0,0.0,0.0,1.0,1.0,0.0
2023-12-13,15:20:00.000000000,49.495,375.77,-0.02126456941069377,57.485587247456394,-2.0412316049267742,0,0.0,0.0,0.0,0.0,0.0,0.0,0.0,0.0,0.0,1.0,1.0,0.0
2023-12-13,15:21:00.000000000,49.495,375.75,,,,0,0.0,0.0,0.0,0.0,0.0,0.0,0.0,0.0,0.0,1.0,1.0,0.0
2023-12-13,15:22:00.000000000,49.495,375.72,,,,0,0.0,0.0,0.0,0.0,0.0,0.0,0.0,0.0,0.0,1.0,1.0,0.0
2023-12-13,15:23:00.000000000,49.515,375.72,-0.01940002277805872,56.803976558172224,-2.0227261784271042,0,0.0,0.0,0.0,0.0,0.0,0.0,0.0,0.0,0.0,1.0,1.0,0.0
2023-12-13,15:24:00.000000000,49.46,375.68,,,,0,0.0,0.0,0.0,0.0,0.0,0.0,0.0,0.0,0.0,1.0,1.0,0.0
2023-12-13,15:25:00.000000000,49.43,375.47,,,,0,0.0,0.0,0.0,0.0,0.0,0.0,0.0,0.0,0.0,1.0,1.0,0.0
2023-12-13,15:26:00.000000000,49.465,375.305,-0.017963855954295515,56.206924958926884,-1.9986848630531748,0,0.0,0.0,0.0,0.0,0.0,0.0,0.0,0.0,0.0,1.0,1.0,0.0
2023-12-13,15:27:00.000000000,49.455,375.1,,,,0,0.0,0.0,0.0,0.0,0.0,0.0,0.0,0.0,0.0,1.0,1.0,0.0
2023-12-13,15:28:00.000000000,49.435,375.09,,,,0,0.0,0.0,0.0,0.0,0.0,0.0,0.0,0.0,0.0,1.0,1.0,0.0
2023-12-13,15:29:00.000000000,49.44,375.11,-0.016846774483981065,55.759393576686136,-1.9651483547125632,0,0.0,0.0,0.0,0.0,0.0,0.0,0.0,0.0,0.0,1.0,1.0,0.0
2023-12-13,15:30:00.000000000,49.46,375.297,,,,0,0.0,0.0,0.0,0.0,0.0,0.0,0.0,0.0,0.0,1.0,1.0,0.0
2023-12-13,15:31:00.000000000,49.47,375.43,,,,0,0.0,0.0,0.0,0.0,0.0,0.0,0.0,0.0,0.0,1.0,1.0,0.0
2023-12-13,15:32:00.000000000,49.505,375.575,-0.015348194353663469,55.26939809437716,-1.9364764525597638,0,0.0,0.0,0.0,0.0,0.0,0.0,0.0,0.0,0.0,1.0,1.0,0.0
2023-12-13,15:33:00.000000000,49.505,375.6999,,,,0,0.0,0.0,0.0,0.0,0.0,0.0,0.0,0.0,0.0,1.0,1.0,0.0
2023-12-13,15:34:00.000000000,49.5,375.395,,,,0,0.0,0.0,0.0,0.0,0.0,0.0,0.0,0.0,0.0,1.0,1.0,0.0
2023-12-13,15:35:00.000000000,49.525,375.3799,-0.013831972443403529,54.71724443260757,-1.9137478835600035,0,0.0,0.0,0.0,0.0,0.0,0.0,0.0,0.0,0.0,1.0,1.0,0.0
2023-12-13,15:36:00.000000000,49.535,375.41,,,,0,0.0,0.0,0.0,0.0,0.0,0.0,0.0,0.0,0.0,1.0,1.0,0.0
2023-12-13,15:37:00.000000000,49.57,375.47,,,,0,0.0,0.0,0.0,0.0,0.0,0.0,0.0,0.0,0.0,1.0,1.0,0.0
2023-12-13,15:38:00.000000000,49.55,375.47,-0.012137742483556995,54.10735817030114,-1.8962102026265648,0,0.0,0.0,0.0,0.0,0.0,0.0,0.0,0.0,0.0,1.0,1.0,0.0
2023-12-13,15:39:00.000000000,49.55,375.2965,,,,0,0.0,0.0,0.0,0.0,0.0,0.0,0.0,0.0,0.0,1.0,1.0,0.0
2023-12-13,15:40:00.000000000,49.585,375.24,,,,0,0.0,0.0,0.0,0.0,0.0,0.0,0.0,0.0,0.0,1.0,1.0,0.0
2023-12-13,15:41:00.000000000,49.575,375.095,-0.010642467872190758,53.566936486519396,-1.8747157635946046,0,0.0,0.0,0.0,0.0,0.0,0.0,0.0,0.0,0.0,1.0,1.0,0.0
2023-12-13,15:42:00.000000000,49.55,375.37,,,,0,0.0,0.0,0.0,0.0,0.0,0.0,0.0,0.0,0.0,1.0,1.0,0.0
2023-12-13,15:43:00.000000000,49.56,375.26,,,,0,0.0,0.0,0.0,0.0,0.0,0.0,0.0,0.0,0.0,1.0,1.0,0.0
2023-12-13,15:44:00.000000000,49.555,375.395,-0.009108445973016006,52.974265076040346,-1.8577787350172164,0,0.0,0.0,0.0,0.0,0.0,0.0,0.0,0.0,0.0,1.0,1.0,0.0
2023-12-13,15:45:00.000000000,49.565,375.365,,,,0,0.0,0.0,0.0,0.0,0.0,0.0,0.0,0.0,0.0,1.0,1.0,0.0
2023-12-13,15:46:00.000000000,49.605,375.5,,,,0,0.0,0.0,0.0,0.0,0.0,0.0,0.0,0.0,0.0,1.0,1.0,0.0
2023-12-13,15:47:00.000000000,49.575,375.54,-0.007547432119330043,52.40936265809321,-1.839689508336488,0,0.0,0.0,0.0,0.0,0.0,0.0,0.0,0.0,0.0,1.0,1.0,0.0
2023-12-13,15:48:00.000000000,49.58,375.34,,,,0,0.0,0.0,0.0,0.0,0.0,0.0,0.0,0.0,0.0,1.0,1.0,0.0
2023-12-13,15:49:00.000000000,49.585,375.39,,,,0,0.0,0.0,0.0,0.0,0.0,0.0,0.0,0.0,0.0,1.0,1.0,0.0
2023-12-13,15:50:00.000000000,49.585,375.225,-0.00617524293978447,51.902105532080625,-1.8185422926369679,0,0.0,0.0,0.0,0.0,0.0,0.0,0.0,0.0,0.0,1.0,1.0,0.0
2023-12-13,15:51:00.000000000,49.595,375.39,,,,0,0.0,0.0,0.0,0.0,0.0,0.0,0.0,0.0,0.0,1.0,1.0,0.0
2023-12-13,15:52:00.000000000,49.61,375.7001,,,,0,0.0,0.0,0.0,0.0,0.0,0.0,0.0,0.0,0.0,1.0,1.0,0.0
2023-12-13,15:53:00.000000000,49.61,375.52,-0.004486135162178606,51.29463347610131,-1.8051313701534901,0,0.0,0.0,0.0,0.0,0.0,0.0,0.0,0.0,0.0,1.0,1.0,0.0
2023-12-13,15:54:00.000000000,49.615,375.3772,,,,0,0.0,0.0,0.0,0.0,0.0,0.0,0.0,0.0,0.0,1.0,1.0,0.0
2023-12-13,15:55:00.000000000,49.585,375.3599,,,,0,0.0,0.0,0.0,0.0,0.0,0.0,0.0,0.0,0.0,1.0,1.0,0.0
2023-12-13,15:56:00.000000000,49.6,375.44,-0.002724163295056989,50.6227598674962,-1.796444710138413,0,0.0,0.0,0.0,0.0,0.0,0.0,0.0,0.0,0.0,1.0,1.0,0.0
2023-12-13,15:57:00.000000000,49.605,375.45,,,,0,0.0,0.0,0.0,0.0,0.0,0.0,0.0,0.0,0.0,1.0,1.0,0.0
2023-12-13,15:58:00.000000000,49.61,375.275,,,,0,0.0,0.0,0.0,0.0,0.0,0.0,0.0,0.0,0.0,1.0,1.0,0.0
2023-12-13,15:59:00.000000000,49.605,375.16,-0.001003073371273491,49.98131300596696,-1.7858287440309704,0,0.0,0.0,0.0,0.0,0.0,0.0,0.0,0.0,0.0,1.0,1.0,0.0
2023-12-13,16:00:00.000000000,49.595,375.34,,,,0,0.0,0.0,0.0,0.0,0.0,0.0,0.0,0.0,0.0,1.0,1.0,0.0
2023-12-13,16:01:00.000000000,49.595,375.2875,,,,0,0.0,0.0,0.0,0.0,0.0,0.0,0.0,0.0,0.0,1.0,1.0,0.0
2023-12-13,16:02:00.000000000,49.61,375.1,0.0005821334950894072,49.39164172599196,-1.7721611225747274,0,0.0,0.0,0.0,0.0,0.0,0.0,0.0,0.0,0.0,1.0,1.0,0.0
2023-12-13,16:03:00.000000000,49.595,374.89,,,,0,0.0,0.0,0.0,0.0,0.0,0.0,0.0,0.0,0.0,1.0,1.0,0.0
2023-12-13,16:04:00.000000000,49.6,374.73,,,,0,0.0,0.0,0.0,0.0,0.0,0.0,0.0,0.0,0.0,1.0,1.0,0.0
2023-12-13,16:05:00.000000000,49.6,374.535,0.0018407331889920746,48.910580995060855,-1.7519938074907795,0,0.0,0.0,0.0,0.0,0.0,0.0,0.0,0.0,0.0,1.0,1.0,0.0
2023-12-13,16:06:00.000000000,49.615,374.44,,,,0,0.0,0.0,0.0,0.0,0.0,0.0,0.0,0.0,0.0,1.0,1.0,0.0
2023-12-13,16:07:00.000000000,49.595,374.4572,,,,0,0.0,0.0,0.0,0.0,0.0,0.0,0.0,0.0,0.0,1.0,1.0,0.0
2023-12-13,16:08:00.000000000,49.6,374.34,0.0031572096695367375,48.41813013230562,-1.733497605660864,0,0.0,0.0,0.0,0.0,0.0,0.0,0.0,0.0,0.0,1.0,1.0,0.0
2023-12-13,16:09:00.000000000,49.605,374.31,,,,0,0.0,0.0,0.0,0.0,0.0,0.0,0.0,0.0,0.0,1.0,1.0,0.0
2023-12-13,16:10:00.000000000,49.62,374.11,,,,0,0.0,0.0,0.0,0.0,0.0,0.0,0.0,0.0,0.0,1.0,1.0,0.0
2023-12-13,16:11:00.000000000,49.625,373.925,0.0042336487542718754,48.041932889558886,-1.7084210712799324,0,0.0,0.0,0.0,0.0,0.0,0.0,0.0,0.0,0.0,1.0,1.0,0.0
2023-12-13,16:12:00.000000000,49.625,373.6,,,,0,0.0,0.0,0.0,0.0,0.0,0.0,0.0,0.0,0.0,1.0,1.0,0.0
2023-12-13,16:13:00.000000000,49.635,373.21,,,,0,0.0,0.0,0.0,0.0,0.0,0.0,0.0,0.0,0.0,1.0,1.0,0.0
2023-12-13,16:14:00.000000000,49.635,373.8401,0.005343593549488277,47.63735045309995,-1.6863181057897154,0,0.0,0.0,0.0,0.0,0.0,0.0,0.0,0.0,0.0,1.0,1.0,0.0
2023-12-13,16:15:00.000000000,49.61,373.8434,,,,0,0.0,0.0,0.0,0.0,0.0,0.0,0.0,0.0,0.0,1.0,1.0,0.0
2023-12-13,16:16:00.000000000,49.605,374.1235,,,,0,0.0,0.0,0.0,0.0,0.0,0.0,0.0,0.0,0.0,1.0,1.0,0.0
2023-12-13,16:17:00.000000000,49.58,374.3085,0.006622975213932877,47.100964082135604,-1.6736665346856967,0,0.0,0.0,0.0,0.0,0.0,0.0,0.0,0.0,0.0,1.0,1.0,0.0
2023-12-13,16:18:00.000000000,49.58,374.23,,,,0,0.0,0.0,0.0,0.0,0.0,0.0,0.0,0.0,0.0,1.0,1.0,0.0
2023-12-13,16:19:00.000000000,49.54,374.23,,,,0,0.0,0.0,0.0,0.0,0.0,0.0,0.0,0.0,0.0,1.0,1.0,0.0
2023-12-13,16:20:00.000000000,49.565,374.19,0.0077654050136444445,46.65926309794438,-1.6555587875344746,0,0.0,0.0,0.0,0.0,0.0,0.0,0.0,0.0,0.0,1.0,1.0,0.0
2023-12-13,16:21:00.000000000,49.575,374.26,,,,0,0.0,0.0,0.0,0.0,0.0,0.0,0.0,0.0,0.0,1.0,1.0,0.0
2023-12-13,16:22:00.000000000,49.555,374.2899,,,,0,0.0,0.0,0.0,0.0,0.0,0.0,0.0,0.0,0.0,1.0,1.0,0.0
2023-12-13,16:23:00.000000000,49.577,374.42,0.009131452580837852,46.15800152468269,-1.642040796610956,0,0.0,0.0,0.0,0.0,0.0,0.0,0.0,0.0,0.0,1.0,1.0,0.0
2023-12-13,16:24:00.000000000,49.5839,374.3299,,,,0,0.0,0.0,0.0,0.0,0.0,0.0,0.0,0.0,0.0,1.0,1.0,0.0
2023-12-13,16:25:00.000000000,49.575,374.375,,,,0,0.0,0.0,0.0,0.0,0.0,0.0,0.0,0.0,0.0,1.0,1.0,0.0
2023-12-13,16:26:00.000000000,49.575,374.3209,0.010406117551148753,45.6797727127482,-1.627723449875906,0,0.0,0.0,0.0,0.0,0.0,0.0,0.0,0.0,0.0,1.0,1.0,0.0
2023-12-13,16:27:00.000000000,49.58,374.39,,,,0,0.0,0.0,0.0,0.0,0.0,0.0,0.0,0.0,0.0,1.0,1.0,0.0
2023-12-13,16:28:00.000000000,49.585,374.28,,,,0,0.0,0.0,0.0,0.0,0.0,0.0,0.0,0.0,0.0,1.0,1.0,0.0
2023-12-13,16:29:00.000000000,49.585,374.335,0.011752791927663419,45.185518633758115,-1.6150753859374025,0,0.0,0.0,0.0,0.0,0.0,0.0,0.0,0.0,0.0,1.0,1.0,0.0
2023-12-13,16:30:00.000000000,49.625,374.585,,,,0,0.0,0.0,0.0,0.0,0.0,0.0,0.0,0.0,0.0,1.0,1.0,0.0
2023-12-13,16:31:00.000000000,49.605,374.615,,,,0,0.0,0.0,0.0,0.0,0.0,0.0,0.0,0.0,0.0,1.0,1.0,0.0
2023-12-13,16:32:00.000000000,49.565,374.64,0.01322547745565281,44.61020712601423,-1.608107638361191,0,0.0,0.0,0.0,0.0,0.0,0.0,0.0,0.0,0.0,1.0,1.0,0.0
2023-12-13,16:33:00.000000000,49.57,374.79,,,,0,0.0,0.0,0.0,0.0,0.0,0.0,0.0,0.0,0.0,1.0,1.0,0.0
2023-12-13,16:34:00.000000000,49.56,374.3842,,,,0,0.0,0.0,0.0,0.0,0.0,0.0,0.0,0.0,0.0,1.0,1.0,0.0
2023-12-13,16:35:00.000000000,49.555,374.425,0.014541381693307655,44.11034315948328,-1.5967147530211674,0,0.0,0.0,0.0,0.0,0.0,0.0,0.0,0.0,0.0,1.0,1.0,0.0
2023-12-13,16:36:00.000000000,49.54,374.4999,,,,0,0.0,0.0,0.0,0.0,0.0,0.0,0.0,0.0,0.0,1.0,1.0,0.0
2023-12-13,16:37:00.000000000,49.555,374.48,,,,0,0.0,0.0,0.0,0.0,0.0,0.0,0.0,0.0,0.0,1.0,1.0,0.0
2023-12-13,16:38:00.000000000,49.535,374.37,0.01575271981109992,43.637654284318515,-1.5842202260533842,0,0.0,0.0,0.0,0.0,0.0,0.0,0.0,0.0,0.0,1.0,1.0,0.0
2023-12-13,16:39:00.000000000,49.535,374.415,,,,0,0.0,0.0,0.0,0.0,0.0,0.0,0.0,0.0,0.0,1.0,1.0,0.0
2023-12-13,16:40:00.000000000,49.53,374.65,,,,0,0.0,0.0,0.0,0.0,0.0,0.0,0.0,0.0,0.0,1.0,1.0,0.0
2023-12-13,16:41:00.000000000,49.5499,374.6584,0.017018484364674367,43.17378187750609,-1.5718319038780628,0,0.0,0.0,0.0,0.0,0.0,0.0,0.0,0.0,0.0,1.0,1.0,0.0
2023-12-13,16:42:00.000000000,49.525,374.615,,,,0,0.0,0.0,0.0,0.0,0.0,0.0,0.0,0.0,0.0,1.0,1.0,0.0
2023-12-13,16:43:00.000000000,49.555,374.77,,,,0,0.0,0.0,0.0,0.0,0.0,0.0,0.0,0.0,0.0,1.0,1.0,0.0
2023-12-13,16:44:00.000000000,49.55,374.72,0.01832513368114483,42.68320590700141,-1.5617274986812142,0,0.0,0.0,0.0,0.0,0.0,0.0,0.0,0.0,0.0,1.0,1.0,0.0
2023-12-13,16:45:00.000000000,49.54,374.68,,,,0,0.0,0.0,0.0,0.0,0.0,0.0,0.0,0.0,0.0,1.0,1.0,0.0
2023-12-13,16:46:00.000000000,49.515,374.47,,,,0,0.0,0.0,0.0,0.0,0.0,0.0,0.0,0.0,0.0,1.0,1.0,0.0
2023-12-13,16:47:00.000000000,49.49,374.57,0.019475167481131723,42.19518651659249,-1.5520471163553922,0,0.0,0.0,0.0,0.0,0.0,0.0,0.0,0.0,0.0,1.0,1.0,0.0
2023-12-13,16:48:00.000000000,49.47,374.4918,,,,0,0.0,0.0,0.0,0.0,0.0,0.0,0.0,0.0,0.0,1.0,1.0,0.0
2023-12-13,16:49:00.000000000,49.495,374.415,,,,0,0.0,0.0,0.0,0.0,0.0,0.0,0.0,0.0,0.0,1.0,1.0,0.0
2023-12-13,16:50:00.000000000,49.495,374.405,0.020561786618597318,41.79656428106407,-1.5374082559564755,0,0.0,0.0,0.0,0.0,0.0,0.0,0.0,0.0,0.0,1.0,1.0,0.0
2023-12-13,16:51:00.000000000,49.475,374.3331,,,,0,0.0,0.0,0.0,0.0,0.0,0.0,0.0,0.0,0.0,1.0,1.0,0.0
2023-12-13,16:52:00.000000000,49.475,374.08,,,,0,0.0,0.0,0.0,0.0,0.0,0.0,0.0,0.0,0.0,1.0,1.0,0.0
2023-12-13,16:53:00.000000000,49.495,374.275,0.021580168324267183,41.4180825004349,-1.522358346979913,0,0.0,0.0,0.0,0.0,0.0,0.0,0.0,0.0,0.0,1.0,1.0,0.0
2023-12-13,16:54:00.000000000,49.515,374.25,,,,0,0.0,0.0,0.0,0.0,0.0,0.0,0.0,0.0,0.0,1.0,1.0,0.0
2023-12-13,16:55:00.000000000,49.525,374.24,,,,0,0.0,0.0,0.0,0.0,0.0,0.0,0.0,0.0,0.0,1.0,1.0,0.0
2023-12-13,16:56:00.000000000,49.53,374.12,0.022536635428980635,41.098593953309766,-1.5045161443029635,0,0.0,0.0,0.0,0.0,0.0,0.0,0.0,0.0,0.0,1.0,1.0,0.0
2023-12-13,16:57:00.000000000,49.51,374.025,,,,0,0.0,0.0,0.0,0.0,0.0,0.0,0.0,0.0,0.0,1.0,1.0,0.0
2023-12-13,16:58:00.000000000,49.51,374.095,,,,0,0.0,0.0,0.0,0.0,0.0,0.0,0.0,0.0,0.0,1.0,1.0,0.0
2023-12-13,16:59:00.000000000,49.475,374.05,0.02342363262588138,40.71339021628907,-1.4917479108891276,0,0.0,0.0,0.0,0.0,0.0,0.0,0.0,0.0,0.0,1.0,1.0,0.0
2023-12-13,17:00:00.000000000,49.485,374.28,,,,0,0.0,0.0,0.0,0.0,0.0,0.0,0.0,0.0,0.0,1.0,1.0,0.0
2023-12-13,17:01:00.000000000,49.48,374.17,,,,0,0.0,0.0,0.0,0.0,0.0,0.0,0.0,0.0,0.0,1.0,1.0,0.0
2023-12-13,17:02:00.000000000,49.47,374.07,0.024335930583978784,40.366658446451055,-1.4773913576849274,0,0.0,0.0,0.0,0.0,0.0,0.0,0.0,0.0,0.0,1.0,1.0,0.0
2023-12-13,17:03:00.000000000,49.475,374.165,,,,0,0.0,0.0,0.0,0.0,0.0,0.0,0.0,0.0,0.0,1.0,1.0,0.0
2023-12-13,17:04:00.000000000,49.475,374.08,,,,0,0.0,0.0,0.0,0.0,0.0,0.0,0.0,0.0,0.0,1.0,1.0,0.0
2023-12-13,17:05:00.000000000,49.4356,374.04,0.025200794105469382,40.009494972790236,-1.4646141199051115,0,0.0,0.0,0.0,0.0,0.0,0.0,0.0,0.0,0.0,1.0,1.0,0.0
2023-12-13,17:06:00.000000000,49.445,374.14,,,,0,0.0,0.0,0.0,0.0,0.0,0.0,0.0,0.0,0.0,1.0,1.0,0.0
2023-12-13,17:07:00.000000000,49.445,374.115,,,,0,0.0,0.0,0.0,0.0,0.0,0.0,0.0,0.0,0.0,1.0,1.0,0.0
2023-12-13,17:08:00.000000000,49.435,374.225,0.0260672813434207,39.67997163925839,-1.450888333071374,0,0.0,0.0,0.0,0.0,0.0,0.0,0.0,0.0,0.0,1.0,1.0,0.0
2023-12-13,17:09:00.000000000,49.43,374.175,,,,0,0.0,0.0,0.0,0.0,0.0,0.0,0.0,0.0,0.0,1.0,1.0,0.0
2023-12-13,17:10:00.000000000,49.445,374.23,,,,0,0.0,0.0,0.0,0.0,0.0,0.0,0.0,0.0,0.0,1.0,1.0,0.0
2023-12-13,17:11:00.000000000,49.445,374.16,0.02689840067206109,39.38069440454162,-1.4361001315900843,0,0.0,0.0,0.0,0.0,0.0,0.0,0.0,0.0,0.0,1.0,1.0,0.0
2023-12-13,17:12:00.000000000,49.435,374.13,,,,0,0.0,0.0,0.0,0.0,0.0,0.0,0.0,0.0,0.0,1.0,1.0,0.0
2023-12-13,17:13:00.000000000,49.431,374.115,,,,0,0.0,0.0,0.0,0.0,0.0,0.0,0.0,0.0,0.0,1.0,1.0,0.0
2023-12-13,17:14:00.000000000,49.44,374.105,0.02772854657246638,39.06661208450746,-1.4231024768988887,0,0.0,0.0,0.0,0.0,0.0,0.0,0.0,0.0,0.0,1.0,1.0,0.0
2023-12-13,17:15:00.000000000,49.44,374.175,,,,0,0.0,0.0,0.0,0.0,0.0,0.0,0.0,0.0,0.0,1.0,1.0,0.0
2023-12-13,17:16:00.000000000,49.455,374.245,,,,0,0.0,0.0,0.0,0.0,0.0,0.0,0.0,0.0,0.0,1.0,1.0,0.0
2023-12-13,17:17:00.000000000,49.475,374.0,0.02856034811059335,38.79342980663809,-1.4083561219047107,0,0.0,0.0,0.0,0.0,0.0,0.0,0.0,0.0,0.0,1.0,1.0,0.0
2023-12-13,17:18:00.000000000,49.475,373.98,,,,0,0.0,0.0,0.0,0.0,0.0,0.0,0.0,0.0,0.0,1.0,1.0,0.0
2023-12-13,17:19:00.000000000,49.475,374.1399,,,,0,0.0,0.0,0.0,0.0,0.0,0.0,0.0,0.0,0.0,1.0,1.0,0.0
2023-12-13,17:20:00.000000000,49.48,374.2375,0.029489373742248776,38.44397049413517,-1.3994255497464252,0,0.0,0.0,0.0,0.0,0.0,0.0,0.0,0.0,0.0,1.0,1.0,0.0
2023-12-13,17:21:00.000000000,49.5,374.225,,,,0,0.0,0.0,0.0,0.0,0.0,0.0,0.0,0.0,0.0,1.0,1.0,0.0
2023-12-13,17:22:00.000000000,49.5,374.25,,,,0,0.0,0.0,0.0,0.0,0.0,0.0,0.0,0.0,0.0,1.0,1.0,0.0
2023-12-13,17:23:00.000000000,49.5,374.455,0.03052630035058303,38.06927420222243,-1.3928122333891013,0,0.0,0.0,0.0,0.0,0.0,0.0,0.0,0.0,0.0,1.0,1.0,0.0
2023-12-13,17:24:00.000000000,49.495,374.4215,,,,0,0.0,0.0,0.0,0.0,0.0,0.0,0.0,0.0,0.0,1.0,1.0,0.0
2023-12-13,17:25:00.000000000,49.47,374.525,,,,0,0.0,0.0,0.0,0.0,0.0,0.0,0.0,0.0,0.0,1.0,1.0,0.0
2023-12-13,17:26:00.000000000,49.455,374.585,0.03160418072847875,37.61654796182279,-1.3919815370059667,0,0.0,0.0,0.0,0.0,0.0,0.0,0.0,0.0,0.0,1.0,1.0,0.0
2023-12-13,17:27:00.000000000,49.475,374.656,,,,0,0.0,0.0,0.0,0.0,0.0,0.0,0.0,0.0,0.0,1.0,1.0,0.0
2023-12-13,17:28:00.000000000,49.465,374.47,,,,0,0.0,0.0,0.0,0.0,0.0,0.0,0.0,0.0,0.0,1.0,1.0,0.0
2023-12-13,17:29:00.000000000,49.445,374.4,0.03257963064518441,37.247186286442954,-1.3862563647665749,0,0.0,0.0,0.0,0.0,0.0,0.0,0.0,0.0,0.0,1.0,1.0,0.0
2023-12-13,17:30:00.000000000,49.44,374.4,,,,0,0.0,0.0,0.0,0.0,0.0,0.0,0.0,0.0,0.0,1.0,1.0,0.0
2023-12-13,17:31:00.000000000,49.43,374.2479,,,,0,0.0,0.0,0.0,0.0,0.0,0.0,0.0,0.0,0.0,1.0,1.0,0.0
2023-12-13,17:32:00.000000000,49.445,374.17,0.03347787895070592,36.91858203301437,-1.3785112819871403,0,0.0,0.0,0.0,0.0,0.0,0.0,0.0,0.0,0.0,1.0,1.0,0.0
2023-12-13,17:33:00.000000000,49.47,374.2109,,,,0,0.0,0.0,0.0,0.0,0.0,0.0,0.0,0.0,0.0,1.0,1.0,0.0
2023-12-13,17:34:00.000000000,49.475,374.17,,,,0,0.0,0.0,0.0,0.0,0.0,0.0,0.0,0.0,0.0,1.0,1.0,0.0
2023-12-13,17:35:00.000000000,49.45,374.09,0.03433016266152163,36.60742944995138,-1.3704885740679134,0,0.0,0.0,0.0,0.0,0.0,0.0,0.0,0.0,0.0,1.0,1.0,0.0
2023-12-13,17:36:00.000000000,49.475,374.27,,,,0,0.0,0.0,0.0,0.0,0.0,0.0,0.0,0.0,0.0,1.0,1.0,0.0
2023-12-13,17:37:00.000000000,49.475,374.2399,,,,0,0.0,0.0,0.0,0.0,0.0,0.0,0.0,0.0,0.0,1.0,1.0,0.0
2023-12-13,17:38:00.000000000,49.4699,374.12,0.035148250156694344,36.32023665137751,-1.3617381627144127,0,0.0,0.0,0.0,0.0,0.0,0.0,0.0,0.0,0.0,1.0,1.0,0.0
2023-12-13,17:39:00.000000000,49.495,374.0934,,,,0,0.0,0.0,0.0,0.0,0.0,0.0,0.0,0.0,0.0,1.0,1.0,0.0
2023-12-13,17:40:00.000000000,49.4735,374.0399,,,,0,0.0,0.0,0.0,0.0,0.0,0.0,0.0,0.0,0.0,1.0,1.0,0.0
2023-12-13,17:41:00.000000000,49.485,373.9,0.03593355669750938,36.04944315080124,-1.3527842224978317,0,0.0,0.0,0.0,0.0,0.0,0.0,0.0,0.0,0.0,1.0,1.0,0.0
2023-12-13,17:42:00.000000000,49.475,374.0209,,,,0,0.0,0.0,0.0,0.0,0.0,0.0,0.0,0.0,0.0,1.0,1.0,0.0
2023-12-13,17:43:00.000000000,49.465,373.84,,,,0,0.0,0.0,0.0,0.0,0.0,0.0,0.0,0.0,0.0,1.0,1.0,0.0
2023-12-13,17:44:00.000000000,49.475,373.99,0.036716547406915524,35.74337843528767,-1.3471720713627624,0,0.0,0.0,0.0,0.0,0.0,0.0,0.0,0.0,0.0,1.0,1.0,0.0
2023-12-13,17:45:00.000000000,49.465,374.04,,,,0,0.0,0.0,0.0,0.0,0.0,0.0,0.0,0.0,0.0,1.0,1.0,0.0
2023-12-13,17:46:00.000000000,49.445,374.03,,,,0,0.0,0.0,0.0,0.0,0.0,0.0,0.0,0.0,0.0,1.0,1.0,0.0
2023-12-13,17:47:00.000000000,49.45,374.13,0.037486711186851186,35.42509674366337,-1.3432959152314479,0,0.0,0.0,0.0,0.0,0.0,0.0,0.0,0.0,0.0,1.0,1.0,0.0
2023-12-13,17:48:00.000000000,49.445,374.1483,,,,0,0.0,0.0,0.0,0.0,0.0,0.0,0.0,0.0,0.0,1.0,1.0,0.0
2023-12-13,17:49:00.000000000,49.455,374.26,,,,0,0.0,0.0,0.0,0.0,0.0,0.0,0.0,0.0,0.0,1.0,1.0,0.0
2023-12-13,17:50:00.000000000,49.455,374.25,0.03834464341113247,35.10451720338367,-1.34048672553599,0,0.0,0.0,0.0,0.0,0.0,0.0,0.0,0.0,0.0,1.0,1.0,0.0
2023-12-13,17:51:00.000000000,49.455,374.2,,,,0,0.0,0.0,0.0,0.0,0.0,0.0,0.0,0.0,0.0,1.0,1.0,0.0
2023-12-13,17:52:00.000000000,49.475,374.2,,,,0,0.0,0.0,0.0,0.0,0.0,0.0,0.0,0.0,0.0,1.0,1.0,0.0
2023-12-13,17:53:00.000000000,49.475,374.09,0.03919771386171631,34.81152722147055,-1.3365909766200623,0,0.0,0.0,0.0,0.0,0.0,0.0,0.0,0.0,0.0,1.0,1.0,0.0
2023-12-13,17:54:00.000000000,49.5,374.09,,,,0,0.0,0.0,0.0,0.0,0.0,0.0,0.0,0.0,0.0,1.0,1.0,0.0
2023-12-13,17:55:00.000000000,49.45,374.04,,,,0,0.0,0.0,0.0,0.0,0.0,0.0,0.0,0.0,0.0,1.0,1.0,0.0
2023-12-13,17:56:00.000000000,49.44,373.96,0.03996839780047418,34.49341795853467,-1.3355171163714188,0,0.0,0.0,0.0,0.0,0.0,0.0,0.0,0.0,0.0,1.0,1.0,0.0
2023-12-13,17:57:00.000000000,49.44,373.98,,,,0,0.0,0.0,0.0,0.0,0.0,0.0,0.0,0.0,0.0,1.0,1.0,0.0
2023-12-13,17:58:00.000000000,49.445,374.075,,,,0,0.0,0.0,0.0,0.0,0.0,0.0,0.0,0.0,0.0,1.0,1.0,0.0
2023-12-13,17:59:00.000000000,49.445,374.06,0.0406922006334781,34.22367543104118,-1.331975004160844,0,0.0,0.0,0.0,0.0,0.0,0.0,0.0,0.0,0.0,1.0,1.0,0.0
2023-12-13,18:00:00.000000000,49.44,373.94,,,,0,0.0,0.0,0.0,0.0,0.0,0.0,0.0,0.0,0.0,1.0,1.0,0.0
2023-12-13,18:01:00.000000000,49.42,373.8994,,,,0,0.0,0.0,0.0,0.0,0.0,0.0,0.0,0.0,0.0,1.0,1.0,0.0
2023-12-13,18:02:00.000000000,49.43,373.68,0.04128813036155927,34.00145144649253,-1.32633070260873,0,0.0,0.0,0.0,0.0,0.0,0.0,0.0,0.0,0.0,1.0,1.0,0.0
2023-12-13,18:03:00.000000000,49.427,373.77,,,,0,0.0,0.0,0.0,0.0,0.0,0.0,0.0,0.0,0.0,1.0,1.0,0.0
2023-12-13,18:04:00.000000000,49.41,373.59,,,,0,0.0,0.0,0.0,0.0,0.0,0.0,0.0,0.0,0.0,1.0,1.0,0.0
2023-12-13,18:05:00.000000000,49.415,373.77,0.041920441977377106,33.74639640211576,-1.3246080338184452,0,0.0,0.0,0.0,0.0,0.0,0.0,0.0,0.0,0.0,1.0,1.0,0.0
2023-12-13,18:06:00.000000000,49.405,373.7,,,,0,0.0,0.0,0.0,0.0,0.0,0.0,0.0,0.0,0.0,1.0,1.0,0.0
2023-12-13,18:07:00.000000000,49.41,373.62,,,,0,0.0,0.0,0.0,0.0,0.0,0.0,0.0,0.0,0.0,1.0,1.0,0.0
2023-12-13,18:08:00.000000000,49.39,373.52,0.04249100930940654,33.51875820275047,-1.322137629220944,0,0.0,0.0,0.0,0.0,0.0,0.0,0.0,0.0,0.0,1.0,1.0,0.0
2023-12-13,18:09:00.000000000,49.39,373.54,,,,0,0.0,0.0,0.0,0.0,0.0,0.0,0.0,0.0,0.0,1.0,1.0,0.0
2023-12-13,18:10:00.000000000,49.385,373.59,,,,0,0.0,0.0,0.0,0.0,0.0,0.0,0.0,0.0,0.0,1.0,1.0,0.0
2023-12-13,18:11:00.000000000,49.405,373.71,0.04310189544279828,33.29739065407186,-1.3206401723914925,0,0.0,0.0,0.0,0.0,0.0,0.0,0.0,0.0,0.0,1.0,1.0,0.0
2023-12-13,18:12:00.000000000,49.385,373.6,,,,0,0.0,0.0,0.0,0.0,0.0,0.0,0.0,0.0,0.0,1.0,1.0,0.0
2023-12-13,18:13:00.000000000,49.39,373.73,,,,0,0.0,0.0,0.0,0.0,0.0,0.0,0.0,0.0,0.0,1.0,1.0,0.0
2023-12-13,18:14:00.000000000,49.39,373.6175,0.04367999519423969,33.07038939551615,-1.3211967197799932,0,0.0,0.0,0.0,0.0,0.0,0.0,0.0,0.0,0.0,1.0,1.0,0.0
2023-12-13,18:15:00.000000000,49.435,373.68,,,,0,0.0,0.0,0.0,0.0,0.0,0.0,0.0,0.0,0.0,1.0,1.0,0.0
2023-12-13,18:16:00.000000000,49.405,373.6596,,,,0,0.0,0.0,0.0,0.0,0.0,0.0,0.0,0.0,0.0,1.0,1.0,0.0
2023-12-13,18:17:00.000000000,49.39,373.4734,0.044214257790008156,32.877150814689166,-1.3208801943329511,0,0.0,0.0,0.0,0.0,0.0,0.0,0.0,0.0,0.0,1.0,1.0,0.0
2023-12-13,18:18:00.000000000,49.4,373.46,,,,0,0.0,0.0,0.0,0.0,0.0,0.0,0.0,0.0,0.0,1.0,1.0,0.0
2023-12-13,18:19:00.000000000,49.3985,373.45,,,,0,0.0,0.0,0.0,0.0,0.0,0.0,0.0,0.0,0.0,1.0,1.0,0.0
2023-12-13,18:20:00.000000000,49.39,373.5236,0.044793865926623745,32.65843394117016,-1.324247431945804,0,0.0,0.0,0.0,0.0,0.0,0.0,0.0,0.0,0.0,1.0,1.0,0.0
2023-12-13,18:21:00.000000000,49.385,373.4672,,,,0,0.0,0.0,0.0,0.0,0.0,0.0,0.0,0.0,0.0,1.0,1.0,0.0
2023-12-13,18:22:00.000000000,49.38,373.5412,,,,0,0.0,0.0,0.0,0.0,0.0,0.0,0.0,0.0,0.0,1.0,1.0,0.0
2023-12-13,18:23:00.000000000,49.395,373.68,0.045387861230269645,32.43446401547284,-1.329065885253799,0,0.0,0.0,0.0,0.0,0.0,0.0,0.0,0.0,0.0,1.0,1.0,0.0
2023-12-13,18:24:00.000000000,49.405,373.71,,,,0,0.0,0.0,0.0,0.0,0.0,0.0,0.0,0.0,0.0,1.0,1.0,0.0
2023-12-13,18:25:00.000000000,49.4,373.7231,,,,0,0.0,0.0,0.0,0.0,0.0,0.0,0.0,0.0,0.0,1.0,1.0,0.0
2023-12-13,18:26:00.000000000,49.395,373.4671,0.04594237415909956,32.23703475568615,-1.331944473590589,0,0.0,0.0,0.0,0.0,0.0,0.0,0.0,0.0,0.0,1.0,1.0,0.0
2023-12-13,18:27:00.000000000,49.415,373.485,,,,0,0.0,0.0,0.0,0.0,0.0,0.0,0.0,0.0,0.0,1.0,1.0,0.0
2023-12-13,18:28:00.000000000,49.38,373.33,,,,0,0.0,0.0,0.0,0.0,0.0,0.0,0.0,0.0,0.0,1.0,1.0,0.0
2023-12-13,18:29:00.000000000,49.38,373.2801,0.04644776588716643,32.041973304861926,-1.334260860692122,0,0.0,0.0,0.0,0.0,0.0,0.0,0.0,0.0,0.0,1.0,1.0,0.0
2023-12-13,18:30:00.000000000,49.385,373.31,,,,0,0.0,0.0,0.0,0.0,0.0,0.0,0.0,0.0,0.0,1.0,1.0,0.0
2023-12-13,18:31:00.000000000,49.395,373.43,,,,0,0.0,0.0,0.0,0.0,0.0,0.0,0.0,0.0,0.0,1.0,1.0,0.0
2023-12-13,18:32:00.000000000,49.385,373.422,0.046978154914339834,31.842323435577388,-1.3364037844363803,0,0.0,0.0,0.0,0.0,0.0,0.0,0.0,0.0,0.0,1.0,1.0,0.0
2023-12-13,18:33:00.000000000,49.37,373.355,,,,0,0.0,0.0,0.0,0.0,0.0,0.0,0.0,0.0,0.0,1.0,1.0,0.0
2023-12-13,18:34:00.000000000,49.375,373.49,,,,0,0.0,0.0,0.0,0.0,0.0,0.0,0.0,0.0,0.0,1.0,1.0,0.0
2023-12-13,18:35:00.000000000,49.355,373.52,0.04750158737635862,31.612207083182525,-1.3407489316237882,0,0.0,0.0,0.0,0.0,0.0,0.0,0.0,0.0,0.0,1.0,1.0,0.0
2023-12-13,18:36:00.000000000,49.355,373.48,,,,0,0.0,0.0,0.0,0.0,0.0,0.0,0.0,0.0,0.0,1.0,1.0,0.0
2023-12-13,18:37:00.000000000,49.365,373.5,,,,0,0.0,0.0,0.0,0.0,0.0,0.0,0.0,0.0,0.0,1.0,1.0,0.0
2023-12-13,18:38:00.000000000,49.35,373.59,0.048052692373582305,31.39799465615339,-1.3427820220200062,0,0.0,0.0,0.0,0.0,0.0,0.0,0.0,0.0,0.0,1.0,1.0,0.0
2023-12-13,18:39:00.000000000,49.3592,373.61,,,,0,0.0,0.0,0.0,0.0,0.0,0.0,0.0,0.0,0.0,1.0,1.0,0.0
2023-12-13,18:40:00.000000000,49.35,373.65,,,,0,0.0,0.0,0.0,0.0,0.0,0.0,0.0,0.0,0.0,1.0,1.0,0.0
2023-12-13,18:41:00.000000000,49.33,373.54,0.04859925270301057,31.17623514531743,-1.3453036324266896,0,0.0,0.0,0.0,0.0,0.0,0.0,0.0,0.0,0.0,1.0,1.0,0.0
2023-12-13,18:42:00.000000000,49.315,373.4798,,,,0,0.0,0.0,0.0,0.0,0.0,0.0,0.0,0.0,0.0,1.0,1.0,0.0
2023-12-13,18:43:00.000000000,49.325,373.4759,,,,0,0.0,0.0,0.0,0.0,0.0,0.0,0.0,0.0,0.0,1.0,1.0,0.0
2023-12-13,18:44:00.000000000,49.32,373.535,0.049180879738062705,30.949220087042747,-1.3480928526501594,0,0.0,0.0,0.0,0.0,0.0,0.0,0.0,0.0,0.0,1.0,1.0,0.0
2023-12-13,18:45:00.000000000,49.33,373.58,,,,0,0.0,0.0,0.0,0.0,0.0,0.0,0.0,0.0,0.0,1.0,1.0,0.0
2023-12-13,18:46:00.000000000,49.315,373.59,,,,0,0.0,0.0,0.0,0.0,0.0,0.0,0.0,0.0,0.0,1.0,1.0,0.0
2023-12-13,18:47:00.000000000,49.29,373.5572,0.04975456598174406,30.703823644644434,-1.3523040209236943,0,0.0,0.0,0.0,0.0,0.0,0.0,0.0,0.0,0.0,1.0,1.0,0.0
2023-12-13,18:48:00.000000000,49.29,373.58,,,,0,0.0,0.0,0.0,0.0,0.0,0.0,0.0,0.0,0.0,1.0,1.0,0.0
2023-12-13,18:49:00.000000000,49.28,373.58,,,,0,0.0,0.0,0.0,0.0,0.0,0.0,0.0,0.0,0.0,1.0,1.0,0.0
2023-12-13,18:50:00.000000000,49.29,373.74,0.05033980268370793,30.476002144991,-1.354548021933505,0,0.0,0.0,0.0,0.0,0.0,0.0,0.0,0.0,0.0,1.0,1.0,0.0
2023-12-13,18:51:00.000000000,49.3,373.625,,,,0,0.0,0.0,0.0,0.0,0.0,0.0,0.0,0.0,0.0,1.0,1.0,0.0
2023-12-13,18:52:00.000000000,49.33,373.62,,,,0,0.0,0.0,0.0,0.0,0.0,0.0,0.0,0.0,0.0,1.0,1.0,0.0
2023-12-13,18:53:00.000000000,49.325,373.8399,0.05093739019984985,30.282571141427155,-1.3534177487201646,0,0.0,0.0,0.0,0.0,0.0,0.0,0.0,0.0,0.0,1.0,1.0,0.0
2023-12-13,18:54:00.000000000,49.34,373.84,,,,0,0.0,0.0,0.0,0.0,0.0,0.0,0.0,0.0,0.0,1.0,1.0,0.0
2023-12-13,18:55:00.000000000,49.34,373.77,,,,0,0.0,0.0,0.0,0.0,0.0,0.0,0.0,0.0,0.0,1.0,1.0,0.0
2023-12-13,18:56:00.000000000,49.34,373.6997,0.05146893159220978,30.106075704670687,-1.3506086667743542,0,0.0,0.0,0.0,0.0,0.0,0.0,0.0,0.0,0.0,1.0,1.0,0.0
2023-12-13,18:57:00.000000000,49.35,373.72,,,,0,0.0,0.0,0.0,0.0,0.0,0.0,0.0,0.0,0.0,1.0,1.0,0.0
2023-12-13,18:58:00.000000000,49.34,373.6516,,,,0,0.0,0.0,0.0,0.0,0.0,0.0,0.0,0.0,0.0,1.0,1.0,0.0
2023-12-13,18:59:00.000000000,49.3471,373.206,0.05185889538395511,29.993049089335646,-1.3411908637833352,0,0.0,0.0,0.0,0.0,0.0,0.0,0.0,0.0,0.0,1.0,1.0,0.0
2023-12-13,19:00:00.000000000,49.52,374.66,,,,0,0.0,0.0,0.0,0.0,0.0,0.0,0.0,0.0,0.0,1.0,1.0,0.0
2023-12-13,19:01:00.000000000,49.5,374.355,,,,0,0.0,0.0,0.0,0.0,0.0,0.0,0.0,0.0,0.0,1.0,1.0,0.0
2023-12-13,19:02:00.000000000,49.55,374.615,0.05275980536257127,29.78538551410036,-1.342292909593618,0,0.0,0.0,0.0,0.0,0.0,0.0,0.0,0.0,0.0,1.0,1.0,0.0
2023-12-13,19:03:00.000000000,49.57,374.85,,,,0,0.0,0.0,0.0,0.0,0.0,0.0,0.0,0.0,0.0,1.0,1.0,0.0
2023-12-13,19:04:00.000000000,49.57,375.18,,,,0,0.0,0.0,0.0,0.0,0.0,0.0,0.0,0.0,0.0,1.0,1.0,0.0
2023-12-13,19:05:00.000000000,49.64,375.35,0.053929868523568694,29.39742384967849,-1.3642584628317678,0,0.0,0.0,0.0,0.0,0.0,0.0,0.0,0.0,0.0,1.0,1.0,0.0
2023-12-13,19:06:00.000000000,49.57,374.57,,,,0,0.0,0.0,0.0,0.0,0.0,0.0,0.0,0.0,0.0,1.0,1.0,0.0
2023-12-13,19:07:00.000000000,49.585,374.76,,,,0,0.0,0.0,0.0,0.0,0.0,0.0,0.0,0.0,0.0,1.0,1.0,0.0
2023-12-13,19:08:00.000000000,49.58,374.66,0.05484994987236241,29.029917780820696,-1.3840381531230088,0,0.0,0.0,0.0,0.0,0.0,0.0,0.0,0.0,0.0,1.0,1.0,0.0
2023-12-13,19:09:00.000000000,49.59,374.95,,,,0,0.0,0.0,0.0,0.0,0.0,0.0,0.0,0.0,0.0,1.0,1.0,0.0
2023-12-13,19:10:00.000000000,49.66,374.865,,,,0,0.0,0.0,0.0,0.0,0.0,0.0,0.0,0.0,0.0,1.0,1.0,0.0
2023-12-13,19:11:00.000000000,49.57,374.6381,0.055820863188244814,28.65737787479602,-1.404481121377224,0,0.0,0.0,0.0,0.0,0.0,0.0,0.0,0.0,0.0,1.0,1.0,0.0
2023-12-13,19:12:00.000000000,49.55,374.44,,,,0,0.0,0.0,0.0,0.0,0.0,0.0,0.0,0.0,0.0,1.0,1.0,0.0
2023-12-13,19:13:00.000000000,49.56,374.7078,,,,0,0.0,0.0,0.0,0.0,0.0,0.0,0.0,0.0,0.0,1.0,1.0,0.0
2023-12-13,19:14:00.000000000,49.575,374.7002,0.05684862513293878,28.273808792962818,-1.4263333956573565,0,0.0,0.0,0.0,0.0,0.0,0.0,0.0,0.0,0.0,1.0,1.0,0.0
2023-12-13,19:15:00.000000000,49.605,374.865,,,,0,0.0,0.0,0.0,0.0,0.0,0.0,0.0,0.0,0.0,1.0,1.0,0.0
2023-12-13,19:16:00.000000000,49.61,374.97,,,,0,0.0,0.0,0.0,0.0,0.0,0.0,0.0,0.0,0.0,1.0,1.0,0.0
2023-12-13,19:17:00.000000000,49.615,374.635,0.057849575784283735,27.942524176054864,-1.4419139147437423,0,0.0,0.0,0.0,0.0,0.0,0.0,0.0,0.0,0.0,1.0,1.0,0.0
2023-12-13,19:18:00.000000000,49.615,374.6661,,,,0,0.0,0.0,0.0,0.0,0.0,0.0,0.0,0.0,0.0,1.0,1.0,0.0
2023-12-13,19:19:00.000000000,49.62,374.9695,,,,0,0.0,0.0,0.0,0.0,0.0,0.0,0.0,0.0,0.0,1.0,1.0,0.0
2023-12-13,19:20:00.000000000,49.68,374.89,0.058958025932361165,27.577225658217124,-1.4617417792864804,0,0.0,0.0,0.0,0.0,0.0,0.0,0.0,0.0,0.0,1.0,1.0,0.0
2023-12-13,19:21:00.000000000,49.755,374.8706,,,,0,0.0,0.0,0.0,0.0,0.0,0.0,0.0,0.0,0.0,1.0,1.0,0.0
2023-12-13,19:22:00.000000000,49.75,375.09,,,,0,0.0,0.0,0.0,0.0,0.0,0.0,0.0,0.0,0.0,1.0,1.0,0.0
2023-12-13,19:23:00.000000000,49.79,375.28,0.06030165626258964,27.15999443777536,-1.4884430003553468,0,0.0,0.0,0.0,0.0,0.0,0.0,0.0,0.0,0.0,1.0,1.0,0.0
2023-12-13,19:24:00.000000000,49.79,374.92,,,,0,0.0,0.0,0.0,0.0,0.0,0.0,0.0,0.0,0.0,1.0,1.0,0.0
2023-12-13,19:25:00.000000000,49.74,374.92,,,,0,0.0,0.0,0.0,0.0,0.0,0.0,0.0,0.0,0.0,1.0,1.0,0.0
2023-12-13,19:26:00.000000000,49.78,374.85,0.061464715304633814,26.739951468058013,-1.5157986320685086,0,0.0,0.0,0.0,0.0,0.0,0.0,0.0,0.0,0.0,1.0,1.0,0.0
2023-12-13,19:27:00.000000000,49.78,374.84,,,,0,0.0,0.0,0.0,0.0,0.0,0.0,0.0,0.0,0.0,1.0,1.0,0.0
2023-12-13,19:28:00.000000000,49.75,374.68,,,,0,0.0,0.0,0.0,0.0,0.0,0.0,0.0,0.0,0.0,1.0,1.0,0.0
2023-12-13,19:29:00.000000000,49.75,374.58,0.06248459142336395,26.344521744636335,-1.540106044528725,0,0.0,0.0,0.0,0.0,0.0,0.0,0.0,0.0,0.0,1.0,1.0,0.0
2023-12-13,19:30:00.000000000,49.735,374.88,,,,0,0.0,0.0,0.0,0.0,0.0,0.0,0.0,0.0,0.0,1.0,1.0,0.0
2023-12-13,19:31:00.000000000,49.69,374.29,,,,0,0.0,0.0,0.0,0.0,0.0,0.0,0.0,0.0,0.0,1.0,1.0,0.0
2023-12-13,19:32:00.000000000,49.72,374.67,0.06347507896340594,25.937792164780692,-1.5655832893616526,0,0.0,0.0,0.0,0.0,0.0,0.0,0.0,0.0,0.0,1.0,1.0,0.0
2023-12-13,19:33:00.000000000,49.79,374.79,,,,0,0.0,0.0,0.0,0.0,0.0,0.0,0.0,0.0,0.0,1.0,1.0,0.0
2023-12-13,19:34:00.000000000,49.8,375.18,,,,0,0.0,0.0,0.0,0.0,0.0,0.0,0.0,0.0,0.0,1.0,1.0,0.0
2023-12-13,19:35:00.000000000,49.84,375.56,0.06482426268350404,25.494599906583225,-1.5955731438404377,0,0.0,0.0,0.0,0.0,0.0,0.0,0.0,0.0,0.0,1.0,1.0,0.0
2023-12-13,19:36:00.000000000,49.83,375.31,,,,0,0.0,0.0,0.0,0.0,0.0,0.0,0.0,0.0,0.0,1.0,1.0,0.0
2023-12-13,19:37:00.000000000,49.85,375.23,,,,0,0.0,0.0,0.0,0.0,0.0,0.0,0.0,0.0,0.0,1.0,1.0,0.0
2023-12-13,19:38:00.000000000,49.865,375.385,0.06609788487034701,25.05284548794479,-1.6248022000167985,0,0.0,0.0,0.0,0.0,0.0,0.0,0.0,0.0,0.0,1.0,1.0,0.0
2023-12-13,19:39:00.000000000,49.855,375.41,,,,0,0.0,0.0,0.0,0.0,0.0,0.0,0.0,0.0,0.0,1.0,1.0,0.0
2023-12-13,19:40:00.000000000,49.855,375.455,,,,0,0.0,0.0,0.0,0.0,0.0,0.0,0.0,0.0,0.0,1.0,1.0,0.0
2023-12-13,19:41:00.000000000,49.8688,375.31,0.06733757306014804,24.59633545479584,-1.6553335628295678,0,0.0,0.0,0.0,0.0,0.0,0.0,0.0,0.0,0.0,1.0,1.0,0.0
2023-12-13,19:42:00.000000000,49.8948,375.64,,,,0,0.0,0.0,0.0,0.0,0.0,0.0,0.0,0.0,0.0,1.0,1.0,0.0
2023-12-13,19:43:00.000000000,49.82,375.41,,,,0,0.0,0.0,0.0,0.0,0.0,0.0,0.0,0.0,0.0,1.0,1.0,0.0
2023-12-13,19:44:00.000000000,49.82,375.23,0.06851635356295492,24.110608652572424,-1.6891229908178096,0,0.0,0.0,0.0,0.0,0.0,0.0,0.0,0.0,0.0,1.0,1.0,0.0
2023-12-13,19:45:00.000000000,49.8,374.9,,,,0,0.0,0.0,0.0,0.0,0.0,0.0,0.0,0.0,0.0,1.0,1.0,0.0
2023-12-13,19:46:00.000000000,49.845,375.0423,,,,0,0.0,0.0,0.0,0.0,0.0,0.0,0.0,0.0,0.0,1.0,1.0,0.0
2023-12-13,19:47:00.000000000,49.88,374.92,0.06962721797817913,23.775363435621085,-1.7018059864035404,0,0.0,0.0,0.0,0.0,0.0,0.0,0.0,0.0,0.0,1.0,1.0,0.0
2023-12-13,19:48:00.000000000,49.775,374.8,,,,0,0.0,0.0,0.0,0.0,0.0,0.0,0.0,0.0,0.0,1.0,1.0,0.0
2023-12-13,19:49:00.000000000,49.78,374.58,,,,0,0.0,0.0,0.0,0.0,0.0,0.0,0.0,0.0,0.0,1.0,1.0,0.0
2023-12-13,19:50:00.000000000,49.78,374.57,0.0705470741448542,23.355182437561965,-1.7247207428226576,0,0.0,0.0,0.0,0.0,0.0,0.0,0.0,0.0,0.0,1.0,1.0,0.0
2023-12-13,19:51:00.000000000,49.83,374.94,,,,0,0.0,0.0,0.0,0.0,0.0,0.0,0.0,0.0,0.0,1.0,1.0,0.0
2023-12-13,19:52:00.000000000,49.85,374.97,,,,0,0.0,0.0,0.0,0.0,0.0,0.0,0.0,0.0,0.0,1.0,1.0,0.0
2023-12-13,19:53:00.000000000,49.9,374.8299,0.07163081997414181,23.050626912174423,-1.7307492944578193,0,0.0,0.0,0.0,0.0,0.0,0.0,0.0,0.0,0.0,1.0,1.0,0.0
2023-12-13,19:54:00.000000000,49.93,374.972,,,,0,0.0,0.0,0.0,0.0,0.0,0.0,0.0,0.0,0.0,1.0,1.0,0.0
2023-12-13,19:55:00.000000000,50.02,375.21,,,,0,0.0,0.0,0.0,0.0,0.0,0.0,0.0,0.0,0.0,1.0,1.0,0.0
2023-12-13,19:56:00.000000000,49.955,374.59,0.07266467000249607,22.735541263764997,-1.7374964997147173,0,0.0,0.0,0.0,0.0,0.0,0.0,0.0,0.0,0.0,1.0,1.0,0.0
2023-12-13,19:57:00.000000000,49.95,374.525,,,,0,0.0,0.0,0.0,0.0,0.0,0.0,0.0,0.0,0.0,1.0,1.0,0.0
2023-12-13,19:58:00.000000000,49.88,374.45,,,,0,0.0,0.0,0.0,0.0,0.0,0.0,0.0,0.0,0.0,1.0,1.0,0.0
2023-12-13,19:59:00.000000000,49.87,374.44,0.07359865592575263,22.311719275161185,-1.758587885988408,1,0.0,0.0,0.0,0.0,0.0,0.0,0.0,0.0,0.0,1.0,1.0,0.0
2023-12-13,20:00:00.000000000,49.89,374.175,,,,0,0.0,0.0,0.0,0.0,0.0,0.0,0.0,0.0,0.0,1.0,1.0,0.0
2023-12-13,20:01:00.000000000,49.92,374.215,,,,0,0.0,0.0,0.0,0.0,0.0,0.0,0.0,0.0,0.0,1.0,1.0,0.0
2023-12-13,20:02:00.000000000,49.93,374.15,0.07445068574321742,22.074275929175204,-1.753360316608151,0,0.0,0.0,0.0,0.0,0.0,0.0,0.0,0.0,0.0,1.0,1.0,0.0
2023-12-13,20:03:00.000000000,49.96,374.13,,,,0,0.0,0.0,0.0,0.0,0.0,0.0,0.0,0.0,0.0,1.0,1.0,0.0
2023-12-13,20:04:00.000000000,49.985,374.22,,,,0,0.0,0.0,0.0,0.0,0.0,0.0,0.0,0.0,0.0,1.0,1.0,0.0
2023-12-13,20:05:00.000000000,49.95,374.51,0.07544135162765854,21.696459401925605,-1.7678127751387458,0,0.0,0.0,0.0,0.0,0.0,0.0,0.0,0.0,0.0,1.0,1.0,0.0
2023-12-13,20:06:00.000000000,49.905,374.37,,,,0,0.0,0.0,0.0,0.0,0.0,0.0,0.0,0.0,0.0,1.0,1.0,0.0
2023-12-13,20:07:00.000000000,49.9,374.47,,,,0,0.0,0.0,0.0,0.0,0.0,0.0,0.0,0.0,0.0,1.0,1.0,0.0
2023-12-13,20:08:00.000000000,49.92,374.31,0.07634743341840103,21.34239219715831,-1.7785689637445923,0,0.0,0.0,0.0,0.0,0.0,0.0,0.0,0.0,0.0,1.0,1.0,0.0
2023-12-13,20:09:00.000000000,49.9,374.1,,,,0,0.0,0.0,0.0,0.0,0.0,0.0,0.0,0.0,0.0,1.0,1.0,0.0
2023-12-13,20:10:00.000000000,49.83,373.6,,,,0,0.0,0.0,0.0,0.0,0.0,0.0,0.0,0.0,0.0,1.0,1.0,0.0
2023-12-13,20:11:00.000000000,49.85,373.365,0.07689223761614603,21.14112970244764,-1.7673892245307368,0,0.0,0.0,0.0,0.0,0.0,0.0,0.0,0.0,0.0,1.0,1.0,0.0
2023-12-13,20:12:00.000000000,49.82,373.11,,,,0,0.0,0.0,0.0,0.0,0.0,0.0,0.0,0.0,0.0,1.0,1.0,0.0
2023-12-13,20:13:00.000000000,49.86,373.575,,,,0,0.0,0.0,0.0,0.0,0.0,0.0,0.0,0.0,0.0,1.0,1.0,0.0
2023-12-13,20:14:00.000000000,49.79,373.0,0.07730023383125674,20.957012780941234,-1.7542766381815942,0,0.0,0.0,0.0,0.0,0.0,0.0,0.0,0.0,0.0,1.0,1.0,0.0
2023-12-13,20:15:00.000000000,49.79,372.79,,,,0,0.0,0.0,0.0,0.0,0.0,0.0,0.0,0.0,0.0,1.0,1.0,0.0
2023-12-13,20:16:00.000000000,49.8,372.75,,,,0,0.0,0.0,0.0,0.0,0.0,0.0,0.0,0.0,0.0,1.0,1.0,0.0
2023-12-13,20:17:00.000000000,49.83,372.89,0.07769189037039172,20.859470999784634,-1.729375461277559,0,0.0,0.0,0.0,0.0,0.0,0.0,0.0,0.0,0.0,1.0,1.0,0.0
2023-12-13,20:18:00.000000000,49.83,373.05,,,,0,0.0,0.0,0.0,0.0,0.0,0.0,0.0,0.0,0.0,1.0,1.0,0.0
2023-12-13,20:19:00.000000000,49.78,372.98,,,,0,0.0,0.0,0.0,0.0,0.0,0.0,0.0,0.0,0.0,1.0,1.0,0.0
2023-12-13,20:20:00.000000000,49.845,372.6,0.0779820967089235,20.788870766255098,-1.701513762886019,0,0.0,0.0,0.0,0.0,0.0,0.0,0.0,0.0,0.0,1.0,1.0,0.0
2023-12-13,20:21:00.000000000,49.81,371.97,,,,0,0.0,0.0,0.0,0.0,0.0,0.0,0.0,0.0,0.0,1.0,1.0,0.0
2023-12-13,20:22:00.000000000,49.79,372.1,,,,0,0.0,0.0,0.0,0.0,0.0,0.0,0.0,0.0,0.0,1.0,1.0,0.0
2023-12-13,20:23:00.000000000,49.795,371.405,0.07782015590399656,20.89220499647616,-1.6499882254509763,0,0.0,0.0,0.0,0.0,0.0,0.0,0.0,0.0,0.0,1.0,1.0,0.0
2023-12-13,20:24:00.000000000,49.74,371.07,,,,0,0.0,0.0,0.0,0.0,0.0,0.0,0.0,0.0,0.0,1.0,1.0,0.0
2023-12-13,20:25:00.000000000,49.7,370.92,,,,0,0.0,0.0,0.0,0.0,0.0,0.0,0.0,0.0,0.0,1.0,1.0,0.0
2023-12-13,20:26:00.000000000,49.7,370.985,0.07745568994306387,20.96510086647245,-1.604044820086579,0,0.0,0.0,0.0,0.0,0.0,0.0,0.0,0.0,0.0,1.0,1.0,0.0
2023-12-13,20:27:00.000000000,49.75,371.6,,,,0,0.0,0.0,0.0,0.0,0.0,0.0,0.0,0.0,0.0,1.0,1.0,0.0
2023-12-13,20:28:00.000000000,49.74,371.86,,,,0,0.0,0.0,0.0,0.0,0.0,0.0,0.0,0.0,0.0,1.0,1.0,0.0
2023-12-13,20:29:00.000000000,49.77,371.8,0.07741201141031123,20.988214157646286,-1.5664929828379714,0,0.0,0.0,0.0,0.0,0.0,0.0,0.0,0.0,0.0,1.0,1.0,0.0
2023-12-13,20:30:00.000000000,49.73,371.67,,,,0,0.0,0.0,0.0,0.0,0.0,0.0,0.0,0.0,0.0,1.0,1.0,0.0
2023-12-13,20:31:00.000000000,49.78,371.7499,,,,0,0.0,0.0,0.0,0.0,0.0,0.0,0.0,0.0,0.0,1.0,1.0,0.0
2023-12-13,20:32:00.000000000,49.77,371.9876,0.07742957158363882,20.967159497574,-1.5363368035517841,0,0.0,0.0,0.0,0.0,0.0,0.0,0.0,0.0,0.0,1.0,1.0,0.0
2023-12-13,20:33:00.000000000,49.75,371.65,,,,0,0.0,0.0,0.0,0.0,0.0,0.0,0.0,0.0,0.0,1.0,1.0,0.0
2023-12-13,20:34:00.000000000,49.745,371.6231,,,,0,0.0,0.0,0.0,0.0,0.0,0.0,0.0,0.0,0.0,1.0,1.0,0.0
2023-12-13,20:35:00.000000000,49.8,371.97,0.07748693456363163,20.977184950365935,-1.5024365178419126,0,0.0,0.0,0.0,0.0,0.0,0.0,0.0,0.0,0.0,1.0,1.0,0.0
2023-12-13,20:36:00.000000000,49.79,372.075,,,,0,0.0,0.0,0.0,0.0,0.0,0.0,0.0,0.0,0.0,1.0,1.0,0.0
2023-12-13,20:37:00.000000000,49.8,371.98,,,,0,0.0,0.0,0.0,0.0,0.0,0.0,0.0,0.0,0.0,1.0,1.0,0.0
2023-12-13,20:38:00.000000000,49.82,371.95,0.07746459847085876,21.007042598764084,-1.4663592338650706,0,0.0,0.0,0.0,0.0,0.0,0.0,0.0,0.0,0.0,1.0,1.0,0.0
2023-12-13,20:39:00.000000000,49.85,372.28,,,,0,0.0,0.0,0.0,0.0,0.0,0.0,0.0,0.0,0.0,1.0,1.0,0.0
2023-12-13,20:40:00.000000000,49.845,372.27,,,,0,0.0,0.0,0.0,0.0,0.0,0.0,0.0,0.0,0.0,1.0,1.0,0.0
2023-12-13,20:41:00.000000000,49.84,372.23,0.07737498070302325,21.03871093291366,-1.4307522118386895,0,0.0,0.0,0.0,0.0,0.0,0.0,0.0,0.0,0.0,1.0,1.0,0.0
2023-12-13,20:42:00.000000000,49.825,372.16,,,,0,0.0,0.0,0.0,0.0,0.0,0.0,0.0,0.0,0.0,1.0,1.0,0.0
2023-12-13,20:43:00.000000000,49.82,372.2,,,,0,0.0,0.0,0.0,0.0,0.0,0.0,0.0,0.0,0.0,1.0,1.0,0.0
2023-12-13,20:44:00.000000000,49.82,372.12,0.07731881665365212,21.048121946842976,-1.3994196779966284,0,0.0,0.0,0.0,0.0,0.0,0.0,0.0,0.0,0.0,1.0,1.0,0.0
2023-12-13,20:45:00.000000000,49.835,372.0499,,,,0,0.0,0.0,0.0,0.0,0.0,0.0,0.0,0.0,0.0,1.0,1.0,0.0
2023-12-13,20:46:00.000000000,49.855,372.275,,,,0,0.0,0.0,0.0,0.0,0.0,0.0,0.0,0.0,0.0,1.0,1.0,0.0
2023-12-13,20:47:00.000000000,49.835,372.16,0.07736481747157078,21.042909529780214,-1.3711484922054673,0,0.0,0.0,0.0,0.0,0.0,0.0,0.0,0.0,0.0,1.0,1.0,0.0
2023-12-13,20:48:00.000000000,49.875,372.12,,,,0,0.0,0.0,0.0,0.0,0.0,0.0,0.0,0.0,0.0,1.0,1.0,0.0
2023-12-13,20:49:00.000000000,49.885,372.24,,,,0,0.0,0.0,0.0,0.0,0.0,0.0,0.0,0.0,0.0,1.0,1.0,0.0
2023-12-13,20:50:00.000000000,49.8,372.13,0.07743714175188685,20.983316439870347,-1.3520844354486008,0,0.0,0.0,0.0,0.0,0.0,0.0,0.0,0.0,0.0,1.0,1.0,0.0
2023-12-13,20:51:00.000000000,49.79,371.98,,,,0,0.0,0.0,0.0,0.0,0.0,0.0,0.0,0.0,0.0,1.0,1.0,0.0
2023-12-13,20:52:00.000000000,49.755,372.1484,,,,0,0.0,0.0,0.0,0.0,0.0,0.0,0.0,0.0,0.0,1.0,1.0,0.0
2023-12-13,20:53:00.000000000,49.72,372.4012,0.07756363855319795,20.835207926422818,-1.3471582166640914,0,0.0,0.0,0.0,0.0,0.0,0.0,0.0,0.0,0.0,1.0,1.0,0.0
2023-12-13,20:54:00.000000000,49.74,372.87,,,,0,0.0,0.0,0.0,0.0,0.0,0.0,0.0,0.0,0.0,1.0,1.0,0.0
2023-12-13,20:55:00.000000000,49.775,372.94,,,,0,0.0,0.0,0.0,0.0,0.0,0.0,0.0,0.0,0.0,1.0,1.0,0.0
2023-12-13,20:56:00.000000000,49.815,373.23,0.0780271018253912,20.692944785709237,-1.3416874105713144,0,0.0,0.0,0.0,0.0,0.0,0.0,0.0,0.0,0.0,1.0,1.0,0.0
2023-12-13,20:57:00.000000000,49.84,373.79,,,,0,0.0,0.0,0.0,0.0,0.0,0.0,0.0,0.0,0.0,1.0,1.0,0.0
2023-12-13,20:58:00.000000000,49.84,373.8073,,,,0,0.0,0.0,0.0,0.0,0.0,0.0,0.0,0.0,0.0,1.0,1.0,0.0
2023-12-13,20:59:00.000000000,49.87,374.245,0.0788321970172506,20.367444427279047,-1.3652274824265787,1,0.0,0.0,0.0,0.0,0.0,0.0,0.0,0.0,0.0,1.0,1.0,0.0
2023-12-14,14:29:00.000000000,50.5,373.31,0.0796117603786269,20.780133733054793,-1.2719099996418621,0,0.0,0.0,0.0,0.0,0.0,0.0,0.0,0.0,0.0,1.0,1.0,0.0
2023-12-14,14:30:00.000000000,49.9375,372.16,,,,0,0.0,0.0,0.0,0.0,0.0,0.0,0.0,0.0,0.0,1.0,1.0,0.0
2023-12-14,14:31:00.000000000,49.8,372.67,,,,0,0.0,0.0,0.0,0.0,0.0,0.0,0.0,0.0,0.0,1.0,1.0,0.0
2023-12-14,14:32:00.000000000,49.705,372.745,0.07992837472070351,19.91209796473137,-1.3851098696944049,0,0.0,0.0,0.0,0.0,0.0,0.0,0.0,0.0,0.0,1.0,1.0,0.0
2023-12-14,14:33:00.000000000,49.7,372.36,,,,0,0.0,0.0,0.0,0.0,0.0,0.0,0.0,0.0,0.0,1.0,1.0,0.0
2023-12-14,14:34:00.000000000,49.75,371.97,,,,0,0.0,0.0,0.0,0.0,0.0,0.0,0.0,0.0,0.0,1.0,1.0,0.0
2023-12-14,14:35:00.000000000,49.805,371.52,0.07985768269198737,20.136273726272854,-1.3207213104995916,0,0.0,0.0,0.0,0.0,0.0,0.0,0.0,0.0,0.0,1.0,1.0,0.0
2023-12-14,14:36:00.000000000,49.675,370.715,,,,0,0.0,0.0,0.0,0.0,0.0,0.0,0.0,0.0,0.0,1.0,1.0,0.0
2023-12-14,14:37:00.000000000,49.665,370.46,,,,0,0.0,0.0,0.0,0.0,0.0,0.0,0.0,0.0,0.0,1.0,1.0,0.0
2023-12-14,14:38:00.000000000,49.8,371.38,0.07972298254930177,20.192478740840308,-1.2851830422788646,0,0.0,0.0,0.0,0.0,0.0,0.0,0.0,0.0,0.0,1.0,1.0,0.0
2023-12-14,14:39:00.000000000,49.722,370.76,,,,0,0.0,0.0,0.0,0.0,0.0,0.0,0.0,0.0,0.0,1.0,1.0,0.0
2023-12-14,14:40:00.000000000,49.732,371.09,,,,0,0.0,0.0,0.0,0.0,0.0,0.0,0.0,0.0,0.0,1.0,1.0,0.0
2023-12-14,14:41:00.000000000,49.865,370.955,0.07941921625334199,20.404044634741528,-1.224696414563777,0,0.0,0.0,0.0,0.0,0.0,0.0,0.0,0.0,0.0,1.0,1.0,0.0
2023-12-14,14:42:00.000000000,49.84,370.9705,,,,0,0.0,0.0,0.0,0.0,0.0,0.0,0.0,0.0,0.0,1.0,1.0,0.0
2023-12-14,14:43:00.000000000,49.8,370.87,,,,0,0.0,0.0,0.0,0.0,0.0,0.0,0.0,0.0,0.0,1.0,1.0,0.0
2023-12-14,14:44:00.000000000,49.77,370.06,0.07877919442250267,20.616971312008666,-1.1646925401328487,0,0.0,0.0,0.0,0.0,0.0,0.0,0.0,0.0,0.0,1.0,1.0,0.0
2023-12-14,14:45:00.000000000,49.67,369.79,,,,0,0.0,0.0,0.0,0.0,0.0,0.0,0.0,0.0,0.0,1.0,1.0,0.0
2023-12-14,14:46:00.000000000,49.735,370.01,,,,0,0.0,0.0,0.0,0.0,0.0,0.0,0.0,0.0,0.0,1.0,1.0,0.0
2023-12-14,14:47:00.000000000,49.595,370.06,0.0781910867046971,20.65960645405979,-1.1339937119754302,0,0.0,0.0,0.0,0.0,0.0,0.0,0.0,0.0,0.0,1.0,1.0,0.0
2023-12-14,14:48:00.000000000,49.51,370.35,,,,0,0.0,0.0,0.0,0.0,0.0,0.0,0.0,0.0,0.0,1.0,1.0,0.0
2023-12-14,14:49:00.000000000,49.47,370.49,,,,0,0.0,0.0,0.0,0.0,0.0,0.0,0.0,0.0,0.0,1.0,1.0,0.0
2023-12-14,14:50:00.000000000,49.33,370.23,0.07774671571925713,20.54583343925943,-1.13061802806906,0,0.0,0.0,0.0,0.0,0.0,0.0,0.0,0.0,0.0,1.0,1.0,0.0
2023-12-14,14:51:00.000000000,49.34,369.97,,,,0,0.0,0.0,0.0,0.0,0.0,0.0,0.0,0.0,0.0,1.0,1.0,0.0
2023-12-14,14:52:00.000000000,49.4,370.1401,,,,0,0.0,0.0,0.0,0.0,0.0,0.0,0.0,0.0,0.0,1.0,1.0,0.0
2023-12-14,14:53:00.000000000,49.45,370.19,0.07723653078321185,20.857808669362807,-1.0531568118367471,0,0.0,0.0,0.0,0.0,0.0,0.0,0.0,0.0,0.0,1.0,1.0,0.0
2023-12-14,14:54:00.000000000,49.38,370.4461,,,,0,0.0,0.0,0.0,0.0,0.0,0.0,0.0,0.0,0.0,1.0,1.0,0.0
2023-12-14,14:55:00.000000000,49.41,371.0195,,,,0,0.0,0.0,0.0,0.0,0.0,0.0,0.0,0.0,0.0,1.0,1.0,0.0
2023-12-14,14:56:00.000000000,49.455,371.3122,0.0771136677335333,20.821754383792733,-1.0378447370806003,0,0.0,0.0,0.0,0.0,0.0,0.0,0.0,0.0,0.0,1.0,1.0,0.0
2023-12-14,14:57:00.000000000,49.43,371.28,,,,0,0.0,0.0,0.0,0.0,0.0,0.0,0.0,0.0,0.0,1.0,1.0,0.0
2023-12-14,14:58:00.000000000,49.325,370.5599,,,,0,0.0,0.0,0.0,0.0,0.0,0.0,0.0,0.0,0.0,1.0,1.0,0.0
2023-12-14,14:59:00.000000000,49.36,370.27,0.07664800370389785,20.979543668557746,-0.9879490326492748,0,0.0,0.0,0.0,0.0,0.0,0.0,0.0,0.0,0.0,1.0,1.0,0.0
2023-12-14,15:00:00.000000000,49.28,369.85,,,,0,0.0,0.0,0.0,0.0,0.0,0.0,0.0,0.0,0.0,1.0,1.0,0.0
2023-12-14,15:01:00.000000000,49.245,369.26,,,,0,0.0,0.0,0.0,0.0,0.0,0.0,0.0,0.0,0.0,1.0,1.0,0.0
2023-12-14,15:02:00.000000000,49.22,369.27,0.07583870868483186,21.21504004395214,-0.9239541820058726,0,0.0,0.0,0.0,0.0,0.0,0.0,0.0,0.0,0.0,1.0,1.0,0.0
2023-12-14,15:03:00.000000000,49.2201,369.4,,,,0,0.0,0.0,0.0,0.0,0.0,0.0,0.0,0.0,0.0,1.0,1.0,0.0
2023-12-14,15:04:00.000000000,49.225,369.26,,,,0,0.0,0.0,0.0,0.0,0.0,0.0,0.0,0.0,0.0,1.0,1.0,0.0
2023-12-14,15:05:00.000000000,49.26,369.2101,0.07494398491355589,21.589923835667538,-0.8336186761318723,0,0.0,0.0,0.0,0.0,0.0,0.0,0.0,0.0,0.0,1.0,1.0,0.0
2023-12-14,15:06:00.000000000,49.32,369.26,,,,0,0.0,0.0,0.0,0.0,0.0,0.0,0.0,0.0,0.0,1.0,1.0,0.0
2023-12-14,15:07:00.000000000,49.33,368.975,,,,0,0.0,0.0,0.0,0.0,0.0,0.0,0.0,0.0,0.0,1.0,1.0,0.0
2023-12-14,15:08:00.000000000,49.27,368.94,0.07397243708607322,21.978609061464148,-0.7397108261193156,0,0.0,0.0,0.0,0.0,0.0,0.0,0.0,0.0,0.0,1.0,1.0,0.0
2023-12-14,15:09:00.000000000,49.29,369.35,,,,0,0.0,0.0,0.0,0.0,0.0,0.0,0.0,0.0,0.0,1.0,1.0,0.0
2023-12-14,15:10:00.000000000,49.3,369.59,,,,0,0.0,0.0,0.0,0.0,0.0,0.0,0.0,0.0,0.0,1.0,1.0,0.0
2023-12-14,15:11:00.000000000,49.27,369.575,0.07325966433064092,22.195059555003386,-0.6780998042180011,0,0.0,0.0,0.0,0.0,0.0,0.0,0.0,0.0,0.0,1.0,1.0,0.0
2023-12-14,15:12:00.000000000,49.23,369.715,,,,0,0.0,0.0,0.0,0.0,0.0,0.0,0.0,0.0,0.0,1.0,1.0,0.0
2023-12-14,15:13:00.000000000,49.31,369.77,,,,0,0.0,0.0,0.0,0.0,0.0,0.0,0.0,0.0,0.0,1.0,1.0,0.0
2023-12-14,15:14:00.000000000,49.22,369.375,0.07253681069929285,22.426715547948703,-0.6125787838168987,0,0.0,0.0,0.0,0.0,0.0,0.0,0.0,0.0,0.0,1.0,1.0,0.0
2023-12-14,15:15:00.000000000,49.14,369.232,,,,0,0.0,0.0,0.0,0.0,0.0,0.0,0.0,0.0,0.0,1.0,1.0,0.0
2023-12-14,15:16:00.000000000,49.11,369.12,,,,0,0.0,0.0,0.0,0.0,0.0,0.0,0.0,0.0,0.0,1.0,1.0,0.0
2023-12-14,15:17:00.000000000,49.09,369.09,0.07179741530986407,22.590291983282277,-0.5598018819967976,0,0.0,0.0,0.0,0.0,0.0,0.0,0.0,0.0,0.0,1.0,1.0,0.0
2023-12-14,15:18:00.000000000,49.13,368.97,,,,0,0.0,0.0,0.0,0.0,0.0,0.0,0.0,0.0,0.0,1.0,1.0,0.0
2023-12-14,15:19:00.000000000,49.15,369.5757,,,,0,0.0,0.0,0.0,0.0,0.0,0.0,0.0,0.0,0.0,1.0,1.0,0.0
2023-12-14,15:20:00.000000000,49.08,369.3,0.07108324024457532,22.82895937767833,-0.49044056225307453,0,0.0,0.0,0.0,0.0,0.0,0.0,0.0,0.0,0.0,1.0,1.0,0.0
2023-12-14,15:21:00.000000000,49.08,369.4834,,,,0,0.0,0.0,0.0,0.0,0.0,0.0,0.0,0.0,0.0,1.0,1.0,0.0
2023-12-14,15:22:00.000000000,49.07,369.33,,,,0,0.0,0.0,0.0,0.0,0.0,0.0,0.0,0.0,0.0,1.0,1.0,0.0
2023-12-14,15:23:00.000000000,49.03,369.3,0.07040946183050846,23.027785745993224,-0.428019275253815,0,0.0,0.0,0.0,0.0,0.0,0.0,0.0,0.0,0.0,1.0,1.0,0.0
2023-12-14,15:24:00.000000000,48.97,369.01,,,,0,0.0,0.0,0.0,0.0,0.0,0.0,0.0,0.0,0.0,1.0,1.0,0.0
2023-12-14,15:25:00.000000000,48.97,369.035,,,,0,0.0,0.0,0.0,0.0,0.0,0.0,0.0,0.0,0.0,1.0,1.0,0.0
2023-12-14,15:26:00.000000000,49.05,369.5,0.06979019996949608,23.262521111271198,-0.35622730874824804,0,0.0,0.0,0.0,0.0,0.0,0.0,0.0,0.0,0.0,1.0,1.0,0.0
2023-12-14,15:27:00.000000000,49.02,368.91,,,,0,0.0,0.0,0.0,0.0,0.0,0.0,0.0,0.0,0.0,1.0,1.0,0.0
2023-12-14,15:28:00.000000000,49.045,368.45,,,,0,0.0,0.0,0.0,0.0,0.0,0.0,0.0,0.0,0.0,1.0,1.0,0.0
2023-12-14,15:29:00.000000000,49.01,368.355,0.06884924282091066,23.64903716070345,-0.24837535748349046,0,0.0,0.0,0.0,0.0,0.0,0.0,0.0,0.0,0.0,1.0,1.0,0.0
2023-12-14,15:30:00.000000000,48.99,368.45,,,,0,0.0,0.0,0.0,0.0,0.0,0.0,0.0,0.0,0.0,1.0,1.0,0.0
2023-12-14,15:31:00.000000000,48.99,368.3,,,,0,0.0,0.0,0.0,0.0,0.0,0.0,0.0,0.0,0.0,1.0,1.0,0.0
2023-12-14,15:32:00.000000000,49.015,368.18,0.06784757993907758,24.034878018030415,-0.1370731200003004,0,0.0,0.0,0.0,0.0,0.0,0.0,0.0,0.0,0.0,1.0,1.0,0.0
2023-12-14,15:33:00.000000000,49.02,368.62,,,,0,0.0,0.0,0.0,0.0,0.0,0.0,0.0,0.0,0.0,1.0,1.0,0.0
2023-12-14,15:34:00.000000000,49.0,368.56,,,,0,0.0,0.0,0.0,0.0,0.0,0.0,0.0,0.0,0.0,1.0,1.0,0.0
2023-12-14,15:35:00.000000000,48.99,368.35,0.06693732123807043,24.333637721956755,-0.04235621807253349,0,0.0,0.0,0.0,0.0,0.0,0.0,0.0,0.0,0.0,1.0,1.0,0.0
2023-12-14,15:36:00.000000000,48.96,368.0901,,,,0,0.0,0.0,0.0,0.0,0.0,0.0,0.0,0.0,0.0,1.0,1.0,0.0
2023-12-14,15:37:00.000000000,48.925,368.0,,,,0,0.0,0.0,0.0,0.0,0.0,0.0,0.0,0.0,0.0,1.0,1.0,0.0
2023-12-14,15:38:00.000000000,48.94,367.92,0.06604320450538453,24.64138419837892,0.0581690645839124,0,0.0,0.0,0.0,0.0,0.0,0.0,0.0,0.0,0.0,1.0,1.0,0.0
2023-12-14,15:39:00.000000000,48.97,367.72,,,,0,0.0,0.0,0.0,0.0,0.0,0.0,0.0,0.0,0.0,1.0,1.0,0.0
2023-12-14,15:40:00.000000000,49.0,367.72,,,,0,0.0,0.0,0.0,0.0,0.0,0.0,0.0,0.0,0.0,1.0,1.0,0.0
2023-12-14,15:41:00.000000000,48.995,368.17,0.06511923274689678,25.02005207957501,0.18034355871909388,0,0.0,0.0,0.0,0.0,0.0,0.0,0.0,0.0,0.0,1.0,1.0,0.0
2023-12-14,15:42:00.000000000,49.02,368.66,,,,0,0.0,0.0,0.0,0.0,0.0,0.0,0.0,0.0,0.0,1.0,1.0,0.0
2023-12-14,15:43:00.000000000,49.06,368.37,,,,0,0.0,0.0,0.0,0.0,0.0,0.0,0.0,0.0,0.0,1.0,1.0,0.0
2023-12-14,15:44:00.000000000,49.07,368.515,0.0642753145632299,25.383582453731336,0.30353078390391186,0,0.0,0.0,0.0,0.0,0.0,0.0,0.0,0.0,0.0,1.0,1.0,0.0
2023-12-14,15:45:00.000000000,49.15,368.72,,,,0,0.0,0.0,0.0,0.0,0.0,0.0,0.0,0.0,0.0,1.0,1.0,0.0
2023-12-14,15:46:00.000000000,49.145,368.55,,,,0,0.0,0.0,0.0,0.0,0.0,0.0,0.0,0.0,0.0,1.0,1.0,0.0
2023-12-14,15:47:00.000000000,49.06,368.42,0.0634012663337268,25.701705457328377,0.41978978126688643,0,0.0,0.0,0.0,0.0,0.0,0.0,0.0,0.0,0.0,1.0,1.0,0.0
2023-12-14,15:48:00.000000000,49.05,368.22,,,,0,0.0,0.0,0.0,0.0,0.0,0.0,0.0,0.0,0.0,1.0,1.0,0.0
2023-12-14,15:49:00.000000000,49.12,368.37,,,,0,0.0,0.0,0.0,0.0,0.0,0.0,0.0,0.0,0.0,1.0,1.0,0.0
2023-12-14,15:50:00.000000000,49.135,368.5,0.06252765806203392,26.093558004140498,0.5606854690043293,0,0.0,0.0,0.0,0.0,0.0,0.0,0.0,0.0,0.0,1.0,1.0,0.0
2023-12-14,15:51:00.000000000,49.185,368.3916,,,,0,0.0,0.0,0.0,0.0,0.0,0.0,0.0,0.0,0.0,1.0,1.0,0.0
2023-12-14,15:52:00.000000000,49.215,368.7062,,,,0,0.0,0.0,0.0,0.0,0.0,0.0,0.0,0.0,0.0,1.0,1.0,0.0
2023-12-14,15:53:00.000000000,49.235,368.81,0.06166140441738278,26.493657436825057,0.709160717533718,0,0.0,0.0,0.0,0.0,0.0,0.0,0.0,0.0,0.0,1.0,1.0,0.0
2023-12-14,15:54:00.000000000,49.23,368.9456,,,,0,0.0,0.0,0.0,0.0,0.0,0.0,0.0,0.0,0.0,1.0,1.0,0.0
2023-12-14,15:55:00.000000000,49.205,368.93,,,,0,0.0,0.0,0.0,0.0,0.0,0.0,0.0,0.0,0.0,1.0,1.0,0.0
2023-12-14,15:56:00.000000000,49.26,368.985,0.0607653759726383,26.838487746736053,0.8465207353124076,0,0.0,0.0,0.0,0.0,0.0,0.0,0.0,0.0,0.0,1.0,1.0,0.0
2023-12-14,15:57:00.000000000,49.2249,369.293,,,,0,0.0,0.0,0.0,0.0,0.0,0.0,0.0,0.0,0.0,1.0,1.0,0.0
2023-12-14,15:58:00.000000000,49.285,369.635,,,,0,0.0,0.0,0.0,0.0,0.0,0.0,0.0,0.0,0.0,1.0,1.0,0.0
2023-12-14,15:59:00.000000000,49.295,369.17,0.059884145106351906,27.187570151088067,0.9886619667327782,0,0.0,0.0,0.0,0.0,0.0,0.0,0.0,0.0,0.0,1.0,1.0,0.0
2023-12-14,16:00:00.000000000,49.29,369.02,,,,0,0.0,0.0,0.0,0.0,0.0,0.0,0.0,0.0,0.0,1.0,1.0,0.0
2023-12-14,16:01:00.000000000,49.31,368.89,,,,0,0.0,0.0,0.0,0.0,0.0,0.0,0.0,0.0,0.0,1.0,1.0,0.0
2023-12-14,16:02:00.000000000,49.3,368.2886,0.058578227885335045,27.726306461628994,1.1893917064671367,0,0.0,0.0,0.0,0.0,0.0,0.0,0.0,0.0,0.0,1.0,1.0,0.0
2023-12-14,16:03:00.000000000,49.275,367.92,,,,0,0.0,0.0,0.0,0.0,0.0,0.0,0.0,0.0,0.0,1.0,1.0,0.0
2023-12-14,16:04:00.000000000,49.255,367.55,,,,0,0.0,0.0,0.0,0.0,0.0,0.0,0.0,0.0,0.0,1.0,1.0,0.0
2023-12-14,16:05:00.000000000,49.295,367.76,0.057089311024895305,28.299834977484505,1.401111558476295,0,0.0,0.0,0.0,0.0,0.0,0.0,0.0,0.0,0.0,1.0,1.0,0.0
2023-12-14,16:06:00.000000000,49.315,367.97,,,,0,0.0,0.0,0.0,0.0,0.0,0.0,0.0,0.0,0.0,1.0,1.0,0.0
2023-12-14,16:07:00.000000000,49.31,367.5195,,,,0,0.0,0.0,0.0,0.0,0.0,0.0,0.0,0.0,0.0,1.0,1.0,0.0
2023-12-14,16:08:00.000000000,49.29,367.02,0.05529737628551112,28.99475695569171,1.64561477108076,0,0.0,0.0,0.0,0.0,0.0,0.0,0.0,0.0,0.0,1.0,1.0,0.0
2023-12-14,16:09:00.000000000,49.315,367.32,,,,0,0.0,0.0,0.0,0.0,0.0,0.0,0.0,0.0,0.0,1.0,1.0,0.0
2023-12-14,16:10:00.000000000,49.3312,367.375,,,,0,0.0,0.0,0.0,0.0,0.0,0.0,0.0,0.0,0.0,1.0,1.0,0.0
2023-12-14,16:11:00.000000000,49.39,367.34,0.05343645633441004,29.760652130117816,1.9010302943000799,0,0.0,0.0,0.0,0.0,0.0,0.0,0.0,0.0,0.0,1.0,1.0,0.0
2023-12-14,16:12:00.000000000,49.39,367.1204,,,,0,0.0,0.0,0.0,0.0,0.0,0.0,0.0,0.0,0.0,1.0,1.0,0.0
2023-12-14,16:13:00.000000000,49.28,366.775,,,,0,0.0,0.0,0.0,0.0,0.0,0.0,0.0,0.0,0.0,1.0,1.0,0.0
2023-12-14,16:14:00.000000000,49.25,366.63,0.0514412235188763,30.390104221274385,2.0981897524117126,0,0.0,0.0,0.0,0.0,0.0,0.0,0.0,0.0,0.0,1.0,1.0,0.0
2023-12-14,16:15:00.000000000,49.33,366.9496,,,,0,0.0,0.0,0.0,0.0,0.0,0.0,0.0,0.0,0.0,1.0,1.0,0.0
2023-12-14,16:16:00.000000000,49.33,366.88,,,,0,0.0,0.0,0.0,0.0,0.0,0.0,0.0,0.0,0.0,1.0,1.0,0.0
2023-12-14,16:17:00.000000000,49.33,366.84,0.04944289059403577,31.192370014483917,2.3253364447931406,0,0.0,0.0,0.0,0.0,0.0,0.0,0.0,0.0,0.0,1.0,1.0,0.0
2023-12-14,16:18:00.000000000,49.315,366.5,,,,0,0.0,0.0,0.0,0.0,0.0,0.0,0.0,0.0,0.0,1.0,1.0,0.0
2023-12-14,16:19:00.000000000,49.335,366.67,,,,0,0.0,0.0,0.0,0.0,0.0,0.0,0.0,0.0,0.0,1.0,1.0,0.0
2023-12-14,16:20:00.000000000,49.3,366.26,0.04722057772092156,32.00499120393527,2.525763175013404,0,0.0,0.0,0.0,0.0,0.0,0.0,0.0,0.0,0.0,1.0,1.0,0.0
2023-12-14,16:21:00.000000000,49.28,366.265,,,,0,0.0,0.0,0.0,0.0,0.0,0.0,0.0,0.0,0.0,1.0,1.0,0.0
2023-12-14,16:22:00.000000000,49.3,366.41,,,,0,0.0,0.0,0.0,0.0,0.0,0.0,0.0,0.0,0.0,1.0,1.0,0.0
2023-12-14,16:23:00.000000000,49.28,366.18,0.04499550884504424,32.803544571121705,2.686193110445575,0,0.0,0.0,0.0,0.0,0.0,0.0,0.0,0.0,0.0,1.0,1.0,0.0
2023-12-14,16:24:00.000000000,49.3,366.36,,,,0,0.0,0.0,0.0,0.0,0.0,0.0,0.0,0.0,0.0,1.0,1.0,0.0
2023-12-14,16:25:00.000000000,49.225,366.22,,,,0,0.0,0.0,0.0,0.0,0.0,0.0,0.0,0.0,0.0,1.0,1.0,0.0
2023-12-14,16:26:00.000000000,49.26,366.515,0.04299386286577026,33.50210435175221,2.7806266377198083,0,0.0,0.0,0.0,0.0,0.0,0.0,0.0,0.0,0.0,1.0,1.0,0.0
2023-12-14,16:27:00.000000000,49.265,366.405,,,,0,0.0,0.0,0.0,0.0,0.0,0.0,0.0,0.0,0.0,1.0,1.0,0.0
2023-12-14,16:28:00.000000000,49.305,366.53,,,,0,0.0,0.0,0.0,0.0,0.0,0.0,0.0,0.0,0.0,1.0,1.0,0.0
2023-12-14,16:29:00.000000000,49.325,366.51,0.040925259811763426,34.325483026390586,2.873752516777371,0,0.0,0.0,0.0,0.0,0.0,0.0,0.0,0.0,0.0,1.0,1.0,0.0
2023-12-14,16:30:00.000000000,49.36,366.66,,,,0,0.0,0.0,0.0,0.0,0.0,0.0,0.0,0.0,0.0,1.0,1.0,0.0
2023-12-14,16:31:00.000000000,49.365,366.93,,,,0,0.0,0.0,0.0,0.0,0.0,0.0,0.0,0.0,0.0,1.0,1.0,0.0
2023-12-14,16:32:00.000000000,49.375,367.14,0.03909119268158921,35.02305951888134,2.9033565357420765,0,0.0,0.0,0.0,0.0,0.0,0.0,0.0,0.0,0.0,1.0,1.0,0.0
2023-12-14,16:33:00.000000000,49.395,366.96,,,,0,0.0,0.0,0.0,0.0,0.0,0.0,0.0,0.0,0.0,1.0,1.0,0.0
2023-12-14,16:34:00.000000000,49.32,366.92,,,,0,0.0,0.0,0.0,0.0,0.0,0.0,0.0,0.0,0.0,1.0,1.0,0.0
2023-12-14,16:35:00.000000000,49.35,366.835,0.03726535491988967,35.67976352796227,2.9018885503036578,0,0.0,0.0,0.0,0.0,0.0,0.0,0.0,0.0,0.0,1.0,1.0,0.0
2023-12-14,16:36:00.000000000,49.34,366.8447,,,,0,0.0,0.0,0.0,0.0,0.0,0.0,0.0,0.0,0.0,1.0,1.0,0.0
2023-12-14,16:37:00.000000000,49.32,366.84,,,,0,0.0,0.0,0.0,0.0,0.0,0.0,0.0,0.0,0.0,1.0,1.0,0.0
2023-12-14,16:38:00.000000000,49.32,366.8,0.03553544732398914,36.285597921560786,2.8753162595229385,0,0.0,0.0,0.0,0.0,0.0,0.0,0.0,0.0,0.0,1.0,1.0,0.0
2023-12-14,16:39:00.000000000,49.33,366.93,,,,0,0.0,0.0,0.0,0.0,0.0,0.0,0.0,0.0,0.0,1.0,1.0,0.0
2023-12-14,16:40:00.000000000,49.35,367.2278,,,,0,0.0,0.0,0.0,0.0,0.0,0.0,0.0,0.0,0.0,1.0,1.0,0.0
2023-12-14,16:41:00.000000000,49.345,367.0601,0.03380439063096957,36.93675699455724,2.84922405581353,0,0.0,0.0,0.0,0.0,0.0,0.0,0.0,0.0,0.0,1.0,1.0,0.0
2023-12-14,16:42:00.000000000,49.345,367.185,,,,0,0.0,0.0,0.0,0.0,0.0,0.0,0.0,0.0,0.0,1.0,1.0,0.0
2023-12-14,16:43:00.000000000,49.35,367.235,,,,0,0.0,0.0,0.0,0.0,0.0,0.0,0.0,0.0,0.0,1.0,1.0,0.0
2023-12-14,16:44:00.000000000,49.35,367.305,0.03220268706192449,37.52179202871983,2.8024762741168754,0,0.0,0.0,0.0,0.0,0.0,0.0,0.0,0.0,0.0,1.0,1.0,0.0
2023-12-14,16:45:00.000000000,49.35,367.39,,,,0,0.0,0.0,0.0,0.0,0.0,0.0,0.0,0.0,0.0,1.0,1.0,0.0
2023-12-14,16:46:00.000000000,49.35,367.46,,,,0,0.0,0.0,0.0,0.0,0.0,0.0,0.0,0.0,0.0,1.0,1.0,0.0
2023-12-14,16:47:00.000000000,49.41,367.505,0.030659051379065102,38.14264532293667,2.759521815517959,0,0.0,0.0,0.0,0.0,0.0,0.0,0.0,0.0,0.0,1.0,1.0,0.0
2023-12-14,16:48:00.000000000,49.43,367.7,,,,0,0.0,0.0,0.0,0.0,0.0,0.0,0.0,0.0,0.0,1.0,1.0,0.0
2023-12-14,16:49:00.000000000,49.445,367.6,,,,0,0.0,0.0,0.0,0.0,0.0,0.0,0.0,0.0,0.0,1.0,1.0,0.0
2023-12-14,16:50:00.000000000,49.4173,367.17,0.029019761229162312,38.76211426948847,2.7140004842851337,0,0.0,0.0,0.0,0.0,0.0,0.0,0.0,0.0,0.0,1.0,1.0,0.0
2023-12-14,16:51:00.000000000,49.44,367.18,,,,0,0.0,0.0,0.0,0.0,0.0,0.0,0.0,0.0,0.0,1.0,1.0,0.0
2023-12-14,16:52:00.000000000,49.42,367.0837,,,,0,0.0,0.0,0.0,0.0,0.0,0.0,0.0,0.0,0.0,1.0,1.0,0.0
2023-12-14,16:53:00.000000000,49.43,367.24,0.027379008133425246,39.37533305308091,2.66644462361855,0,0.0,0.0,0.0,0.0,0.0,0.0,0.0,0.0,0.0,1.0,1.0,0.0
2023-12-14,16:54:00.000000000,49.445,367.41,,,,0,0.0,0.0,0.0,0.0,0.0,0.0,0.0,0.0,0.0,1.0,1.0,0.0
2023-12-14,16:55:00.000000000,49.42,367.56,,,,0,0.0,0.0,0.0,0.0,0.0,0.0,0.0,0.0,0.0,1.0,1.0,0.0
2023-12-14,16:56:00.000000000,49.43,367.41,0.025836318897090406,39.937478074020014,2.610849545804593,0,0.0,0.0,0.0,0.0,0.0,0.0,0.0,0.0,0.0,1.0,1.0,0.0
2023-12-14,16:57:00.000000000,49.415,367.05,,,,0,0.0,0.0,0.0,0.0,0.0,0.0,0.0,0.0,0.0,1.0,1.0,0.0
2023-12-14,16:58:00.000000000,49.45,366.96,,,,0,0.0,0.0,0.0,0.0,0.0,0.0,0.0,0.0,0.0,1.0,1.0,0.0
2023-12-14,16:59:00.000000000,49.48,367.1,0.02417607342920622,40.60496344413839,2.5735530935864124,0,0.0,0.0,0.0,0.0,0.0,0.0,0.0,0.0,0.0,1.0,1.0,0.0
2023-12-14,17:00:00.000000000,49.49,367.21,,,,0,0.0,0.0,0.0,0.0,0.0,0.0,0.0,0.0,0.0,1.0,1.0,0.0
2023-12-14,17:01:00.000000000,49.53,367.29,,,,0,0.0,0.0,0.0,0.0,0.0,0.0,0.0,0.0,0.0,1.0,1.0,0.0
2023-12-14,17:02:00.000000000,49.545,367.3453,0.02247940383540828,41.2872966542608,2.5380242795773085,0,0.0,0.0,0.0,0.0,0.0,0.0,0.0,0.0,0.0,1.0,1.0,0.0
2023-12-14,17:03:00.000000000,49.565,367.41,,,,0,0.0,0.0,0.0,0.0,0.0,0.0,0.0,0.0,0.0,1.0,1.0,0.0
2023-12-14,17:04:00.000000000,49.5756,367.19,,,,0,0.0,0.0,0.0,0.0,0.0,0.0,0.0,0.0,0.0,1.0,1.0,0.0
2023-12-14,17:05:00.000000000,49.555,367.33,0.02069670327755382,41.95247998505616,2.499918479880813,0,0.0,0.0,0.0,0.0,0.0,0.0,0.0,0.0,0.0,1.0,1.0,0.0
2023-12-14,17:06:00.000000000,49.515,367.02,,,,0,0.0,0.0,0.0,0.0,0.0,0.0,0.0,0.0,0.0,1.0,1.0,0.0
2023-12-14,17:07:00.000000000,49.53,367.03,,,,0,0.0,0.0,0.0,0.0,0.0,0.0,0.0,0.0,0.0,1.0,1.0,0.0
2023-12-14,17:08:00.000000000,49.55,367.14,0.01889285517819137,42.61367714987882,2.462095088336513,0,0.0,0.0,0.0,0.0,0.0,0.0,0.0,0.0,0.0,1.0,1.0,0.0
2023-12-14,17:09:00.000000000,49.565,367.195,,,,0,0.0,0.0,0.0,0.0,0.0,0.0,0.0,0.0,0.0,1.0,1.0,0.0
2023-12-14,17:10:00.000000000,49.565,367.23,,,,0,0.0,0.0,0.0,0.0,0.0,0.0,0.0,0.0,0.0,1.0,1.0,0.0
2023-12-14,17:11:00.000000000,49.555,367.04,0.01708355541549812,43.28465182029557,2.426663784886207,0,0.0,0.0,0.0,0.0,0.0,0.0,0.0,0.0,0.0,1.0,1.0,0.0
2023-12-14,17:12:00.000000000,49.565,367.005,,,,0,0.0,0.0,0.0,0.0,0.0,0.0,0.0,0.0,0.0,1.0,1.0,0.0
2023-12-14,17:13:00.000000000,49.56,367.0,,,,0,0.0,0.0,0.0,0.0,0.0,0.0,0.0,0.0,0.0,1.0,1.0,0.0
2023-12-14,17:14:00.000000000,49.535,367.06,0.015346910534684089,43.901763019138855,2.3855248806236373,0,0.0,0.0,0.0,0.0,0.0,0.0,0.0,0.0,0.0,1.0,1.0,0.0
2023-12-14,17:15:00.000000000,49.535,366.95,,,,0,0.0,0.0,0.0,0.0,0.0,0.0,0.0,0.0,0.0,1.0,1.0,0.0
2023-12-14,17:16:00.000000000,49.53,367.25,,,,0,0.0,0.0,0.0,0.0,0.0,0.0,0.0,0.0,0.0,1.0,1.0,0.0
2023-12-14,17:17:00.000000000,49.52,366.83,0.013560344379199715,44.54565887137817,2.349836767556812,0,0.0,0.0,0.0,0.0,0.0,0.0,0.0,0.0,0.0,1.0,1.0,0.0
2023-12-14,17:18:00.000000000,49.5,366.645,,,,0,0.0,0.0,0.0,0.0,0.0,0.0,0.0,0.0,0.0,1.0,1.0,0.0
2023-12-14,17:19:00.000000000,49.495,366.7301,,,,0,0.0,0.0,0.0,0.0,0.0,0.0,0.0,0.0,0.0,1.0,1.0,0.0
2023-12-14,17:20:00.000000000,49.48,367.06,0.011945749336394938,45.09519324858287,2.304724782064817,0,0.0,0.0,0.0,0.0,0.0,0.0,0.0,0.0,0.0,1.0,1.0,0.0
2023-12-14,17:21:00.000000000,49.47,367.27,,,,0,0.0,0.0,0.0,0.0,0.0,0.0,0.0,0.0,0.0,1.0,1.0,0.0
2023-12-14,17:22:00.000000000,49.46,367.2,,,,0,0.0,0.0,0.0,0.0,0.0,0.0,0.0,0.0,0.0,1.0,1.0,0.0
2023-12-14,17:23:00.000000000,49.44,367.16,0.010322966365730955,45.64981966915822,2.263305620368287,0,0.0,0.0,0.0,0.0,0.0,0.0,0.0,0.0,0.0,1.0,1.0,0.0
2023-12-14,17:24:00.000000000,49.425,367.14,,,,0,0.0,0.0,0.0,0.0,0.0,0.0,0.0,0.0,0.0,1.0,1.0,0.0
2023-12-14,17:25:00.000000000,49.44,367.47,,,,0,0.0,0.0,0.0,0.0,0.0,0.0,0.0,0.0,0.0,1.0,1.0,0.0
2023-12-14,17:26:00.000000000,49.44,367.25,0.008615709513810948,46.275880681052925,2.2327066152628356,0,0.0,0.0,0.0,0.0,0.0,0.0,0.0,0.0,0.0,1.0,1.0,0.0
2023-12-14,17:27:00.000000000,49.45,367.44,,,,0,0.0,0.0,0.0,0.0,0.0,0.0,0.0,0.0,0.0,1.0,1.0,0.0
2023-12-14,17:28:00.000000000,49.47,367.54,,,,0,0.0,0.0,0.0,0.0,0.0,0.0,0.0,0.0,0.0,1.0,1.0,0.0
2023-12-14,17:29:00.000000000,49.46,367.57,0.0069653490960218615,46.89974663277525,2.2034708324254884,0,0.0,0.0,0.0,0.0,0.0,0.0,0.0,0.0,0.0,1.0,1.0,0.0
2023-12-14,17:30:00.000000000,49.41,367.31,,,,0,0.0,0.0,0.0,0.0,0.0,0.0,0.0,0.0,0.0,1.0,1.0,0.0
2023-12-14,17:31:00.000000000,49.43,367.74,,,,0,0.0,0.0,0.0,0.0,0.0,0.0,0.0,0.0,0.0,1.0,1.0,0.0
2023-12-14,17:32:00.000000000,49.425,367.795,0.005420359566432536,47.43141885326394,2.165919963005849,0,0.0,0.0,0.0,0.0,0.0,0.0,0.0,0.0,0.0,1.0,1.0,0.0
2023-12-14,17:33:00.000000000,49.41,367.865,,,,0,0.0,0.0,0.0,0.0,0.0,0.0,0.0,0.0,0.0,1.0,1.0,0.0
2023-12-14,17:34:00.000000000,49.445,367.915,,,,0,0.0,0.0,0.0,0.0,0.0,0.0,0.0,0.0,0.0,1.0,1.0,0.0
2023-12-14,17:35:00.000000000,49.44,367.99,0.0038427468015301827,48.02590760450491,2.137362672012472,0,0.0,0.0,0.0,0.0,0.0,0.0,0.0,0.0,0.0,1.0,1.0,0.0
2023-12-14,17:36:00.000000000,49.445,367.77,,,,0,0.0,0.0,0.0,0.0,0.0,0.0,0.0,0.0,0.0,1.0,1.0,0.0
2023-12-14,17:37:00.000000000,49.46,367.82,,,,0,0.0,0.0,0.0,0.0,0.0,0.0,0.0,0.0,0.0,1.0,1.0,0.0
2023-12-14,17:38:00.000000000,49.44,367.68,0.002193968108074489,48.63332180602317,2.111536132701524,0,0.0,0.0,0.0,0.0,0.0,0.0,0.0,0.0,0.0,1.0,1.0,0.0
2023-12-14,17:39:00.000000000,49.415,367.52,,,,0,0.0,0.0,0.0,0.0,0.0,0.0,0.0,0.0,0.0,1.0,1.0,0.0
2023-12-14,17:40:00.000000000,49.4,367.54,,,,0,0.0,0.0,0.0,0.0,0.0,0.0,0.0,0.0,0.0,1.0,1.0,0.0
2023-12-14,17:41:00.000000000,49.365,367.44,0.0005846882201554904,49.15016216038607,2.0779583898415823,0,0.0,0.0,0.0,0.0,0.0,0.0,0.0,0.0,0.0,1.0,1.0,0.0
2023-12-14,17:42:00.000000000,49.41,367.3886,,,,0,0.0,0.0,0.0,0.0,0.0,0.0,0.0,0.0,0.0,1.0,1.0,0.0
2023-12-14,17:43:00.000000000,49.44,367.57,,,,0,0.0,0.0,0.0,0.0,0.0,0.0,0.0,0.0,0.0,1.0,1.0,0.0
2023-12-14,17:44:00.000000000,49.4486,367.5099,-0.001141858282374462,49.86824422316961,2.065635863165313,0,0.0,0.0,0.0,0.0,0.0,0.0,0.0,0.0,0.0,1.0,1.0,0.0
2023-12-14,17:45:00.000000000,49.44,367.48,,,,0,0.0,0.0,0.0,0.0,0.0,0.0,0.0,0.0,0.0,1.0,1.0,0.0
2023-12-14,17:46:00.000000000,49.48,367.795,,,,0,0.0,0.0,0.0,0.0,0.0,0.0,0.0,0.0,0.0,1.0,1.0,0.0
2023-12-14,17:47:00.000000000,49.45,367.86,-0.002834417249018753,50.49266872922404,2.0441129656243935,0,0.0,0.0,0.0,0.0,0.0,0.0,0.0,0.0,0.0,1.0,1.0,0.0
2023-12-14,17:48:00.000000000,49.49,367.8823,,,,0,0.0,0.0,0.0,0.0,0.0,0.0,0.0,0.0,0.0,1.0,1.0,0.0
2023-12-14,17:49:00.000000000,49.47,367.58,,,,0,0.0,0.0,0.0,0.0,0.0,0.0,0.0,0.0,0.0,1.0,1.0,0.0
2023-12-14,17:50:00.000000000,49.445,367.41,-0.00449168964783103,51.0952916935096,2.021314887832688,0,0.0,0.0,0.0,0.0,0.0,0.0,0.0,0.0,0.0,1.0,1.0,0.0
2023-12-14,17:51:00.000000000,49.43,367.23,,,,0,0.0,0.0,0.0,0.0,0.0,0.0,0.0,0.0,0.0,1.0,1.0,0.0
2023-12-14,17:52:00.000000000,49.42,367.135,,,,0,0.0,0.0,0.0,0.0,0.0,0.0,0.0,0.0,0.0,1.0,1.0,0.0
2023-12-14,17:53:00.000000000,49.4,367.13,-0.006110703290150855,51.64342249891308,1.9945661363222402,0,0.0,0.0,0.0,0.0,0.0,0.0,0.0,0.0,0.0,1.0,1.0,0.0
2023-12-14,17:54:00.000000000,49.44,367.21,,,,0,0.0,0.0,0.0,0.0,0.0,0.0,0.0,0.0,0.0,1.0,1.0,0.0
2023-12-14,17:55:00.000000000,49.375,367.17,,,,0,0.0,0.0,0.0,0.0,0.0,0.0,0.0,0.0,0.0,1.0,1.0,0.0
2023-12-14,17:56:00.000000000,49.31,366.9624,-0.007629535406427593,52.10975262362765,1.9619502169213558,0,0.0,0.0,0.0,0.0,0.0,0.0,0.0,0.0,0.0,1.0,1.0,0.0
2023-12-14,17:57:00.000000000,49.31,366.9056,,,,0,0.0,0.0,0.0,0.0,0.0,0.0,0.0,0.0,0.0,1.0,1.0,0.0
2023-12-14,17:58:00.000000000,49.29,366.79,,,,0,0.0,0.0,0.0,0.0,0.0,0.0,0.0,0.0,0.0,1.0,1.0,0.0
2023-12-14,17:59:00.000000000,49.24,366.55,-0.009055389355911223,52.55925296840926,1.929853860943558,0,0.0,0.0,0.0,0.0,0.0,0.0,0.0,0.0,0.0,1.0,1.0,0.0
2023-12-14,18:00:00.000000000,49.13,366.14,,,,0,0.0,0.0,0.0,0.0,0.0,0.0,0.0,0.0,0.0,1.0,1.0,0.0
2023-12-14,18:01:00.000000000,49.13,366.045,,,,0,0.0,0.0,0.0,0.0,0.0,0.0,0.0,0.0,0.0,1.0,1.0,0.0
2023-12-14,18:02:00.000000000,49.16,365.91,-0.010510625113606694,53.00594283531982,1.8994716224587134,0,0.0,0.0,0.0,0.0,0.0,0.0,0.0,0.0,0.0,1.0,1.0,0.0
2023-12-14,18:03:00.000000000,49.16,365.9599,,,,0,0.0,0.0,0.0,0.0,0.0,0.0,0.0,0.0,0.0,1.0,1.0,0.0
2023-12-14,18:04:00.000000000,49.16,366.225,,,,0,0.0,0.0,0.0,0.0,0.0,0.0,0.0,0.0,0.0,1.0,1.0,0.0
2023-12-14,18:05:00.000000000,49.2001,366.24,-0.011960649577139965,53.58056830113174,1.8817585994350507,0,0.0,0.0,0.0,0.0,0.0,0.0,0.0,0.0,0.0,1.0,1.0,0.0
2023-12-14,18:06:00.000000000,49.17,366.08,,,,0,0.0,0.0,0.0,0.0,0.0,0.0,0.0,0.0,0.0,1.0,1.0,0.0
2023-12-14,18:07:00.000000000,49.12,365.96,,,,0,0.0,0.0,0.0,0.0,0.0,0.0,0.0,0.0,0.0,1.0,1.0,0.0
2023-12-14,18:08:00.000000000,49.14,366.1277,-0.013229760433526075,53.98378175907791,1.8505076890309433,0,0.0,0.0,0.0,0.0,0.0,0.0,0.0,0.0,0.0,1.0,1.0,0.0
2023-12-14,18:09:00.000000000,49.13,366.395,,,,0,0.0,0.0,0.0,0.0,0.0,0.0,0.0,0.0,0.0,1.0,1.0,0.0
2023-12-14,18:10:00.000000000,49.12,366.36,,,,0,0.0,0.0,0.0,0.0,0.0,0.0,0.0,0.0,0.0,1.0,1.0,0.0
2023-12-14,18:11:00.000000000,49.13,366.15,-0.014466369935571342,54.42686135190945,1.8245579305114958,0,0.0,0.0,0.0,0.0,0.0,0.0,0.0,0.0,0.0,1.0,1.0,0.0
2023-12-14,18:12:00.000000000,49.18,366.1341,,,,0,0.0,0.0,0.0,0.0,0.0,0.0,0.0,0.0,0.0,1.0,1.0,0.0
2023-12-14,18:13:00.000000000,49.14,365.87,,,,0,0.0,0.0,0.0,0.0,0.0,0.0,0.0,0.0,0.0,1.0,1.0,0.0
2023-12-14,18:14:00.000000000,49.15,365.685,-0.015741676504879325,54.906494972686794,1.8032819351481442,0,0.0,0.0,0.0,0.0,0.0,0.0,0.0,0.0,0.0,1.0,1.0,0.0
2023-12-14,18:15:00.000000000,49.12,365.57,,,,0,0.0,0.0,0.0,0.0,0.0,0.0,0.0,0.0,0.0,1.0,1.0,0.0
2023-12-14,18:16:00.000000000,49.12,365.59,,,,0,0.0,0.0,0.0,0.0,0.0,0.0,0.0,0.0,0.0,1.0,1.0,0.0
2023-12-14,18:17:00.000000000,49.12,365.59,-0.0170312883877225,55.34646872166746,1.7801868974697794,0,0.0,0.0,0.0,0.0,0.0,0.0,0.0,0.0,0.0,1.0,1.0,0.0
2023-12-14,18:18:00.000000000,49.085,365.29,,,,0,0.0,0.0,0.0,0.0,0.0,0.0,0.0,0.0,0.0,1.0,1.0,0.0
2023-12-14,18:19:00.000000000,49.085,365.17,,,,0,0.0,0.0,0.0,0.0,0.0,0.0,0.0,0.0,0.0,1.0,1.0,0.0
2023-12-14,18:20:00.000000000,49.06,365.34,-0.018326512205802576,55.755407969267914,1.7564052817783604,0,0.0,0.0,0.0,0.0,0.0,0.0,0.0,0.0,0.0,1.0,1.0,0.0
2023-12-14,18:21:00.000000000,49.085,365.47,,,,0,0.0,0.0,0.0,0.0,0.0,0.0,0.0,0.0,0.0,1.0,1.0,0.0
2023-12-14,18:22:00.000000000,49.07,365.49,,,,0,0.0,0.0,0.0,0.0,0.0,0.0,0.0,0.0,0.0,1.0,1.0,0.0
2023-12-14,18:23:00.000000000,49.08,365.13,-0.01960726320227935,56.239200013048254,1.7395013725102741,0,0.0,0.0,0.0,0.0,0.0,0.0,0.0,0.0,0.0,1.0,1.0,0.0
2023-12-14,18:24:00.000000000,49.075,365.2,,,,0,0.0,0.0,0.0,0.0,0.0,0.0,0.0,0.0,0.0,1.0,1.0,0.0
2023-12-14,18:25:00.000000000,49.05,365.14,,,,0,0.0,0.0,0.0,0.0,0.0,0.0,0.0,0.0,0.0,1.0,1.0,0.0
2023-12-14,18:26:00.000000000,49.025,365.09,-0.020729443923711226,56.59311268210773,1.714549876436946,0,0.0,0.0,0.0,0.0,0.0,0.0,0.0,0.0,0.0,1.0,1.0,0.0
2023-12-14,18:27:00.000000000,49.045,365.089,,,,0,0.0,0.0,0.0,0.0,0.0,0.0,0.0,0.0,0.0,1.0,1.0,0.0
2023-12-14,18:28:00.000000000,49.045,365.18,,,,0,0.0,0.0,0.0,0.0,0.0,0.0,0.0,0.0,0.0,1.0,1.0,0.0
2023-12-14,18:29:00.000000000,49.05,365.3,-0.02180060307957825,57.013760304969935,1.6961324399908602,0,0.0,0.0,0.0,0.0,0.0,0.0,0.0,0.0,0.0,1.0,1.0,0.0
2023-12-14,18:30:00.000000000,49.08,365.41,,,,0,0.0,0.0,0.0,0.0,0.0,0.0,0.0,0.0,0.0,1.0,1.0,0.0
2023-12-14,18:31:00.000000000,49.085,365.42,,,,0,0.0,0.0,0.0,0.0,0.0,0.0,0.0,0.0,0.0,1.0,1.0,0.0
2023-12-14,18:32:00.000000000,49.085,365.33,-0.022894233267530966,57.44895023962709,1.6799968125321318,0,0.0,0.0,0.0,0.0,0.0,0.0,0.0,0.0,0.0,1.0,1.0,0.0
2023-12-14,18:33:00.000000000,49.03,365.18,,,,0,0.0,0.0,0.0,0.0,0.0,0.0,0.0,0.0,0.0,1.0,1.0,0.0
2023-12-14,18:34:00.000000000,49.09,365.46,,,,0,0.0,0.0,0.0,0.0,0.0,0.0,0.0,0.0,0.0,1.0,1.0,0.0
2023-12-14,18:35:00.000000000,49.08,365.3,-0.02389034604863313,57.80714341156568,1.6588116755778086,0,0.0,0.0,0.0,0.0,0.0,0.0,0.0,0.0,0.0,1.0,1.0,0.0
2023-12-14,18:36:00.000000000,49.12,365.29,,,,0,0.0,0.0,0.0,0.0,0.0,0.0,0.0,0.0,0.0,1.0,1.0,0.0
2023-12-14,18:37:00.000000000,49.105,365.18,,,,0,0.0,0.0,0.0,0.0,0.0,0.0,0.0,0.0,0.0,1.0,1.0,0.0
2023-12-14,18:38:00.000000000,49.125,365.17,-0.02489159868282562,58.21466509100743,1.6425471145092396,0,0.0,0.0,0.0,0.0,0.0,0.0,0.0,0.0,0.0,1.0,1.0,0.0
2023-12-14,18:39:00.000000000,49.09,365.08,,,,0,0.0,0.0,0.0,0.0,0.0,0.0,0.0,0.0,0.0,1.0,1.0,0.0
2023-12-14,18:40:00.000000000,49.09,365.09,,,,0,0.0,0.0,0.0,0.0,0.0,0.0,0.0,0.0,0.0,1.0,1.0,0.0
2023-12-14,18:41:00.000000000,49.05,365.02,-0.02582141379050921,58.47533246181167,1.6162594737036624,0,0.0,0.0,0.0,0.0,0.0,0.0,0.0,0.0,0.0,1.0,1.0,0.0
2023-12-14,18:42:00.000000000,49.1,364.985,,,,0,0.0,0.0,0.0,0.0,0.0,0.0,0.0,0.0,0.0,1.0,1.0,0.0
2023-12-14,18:43:00.000000000,49.055,365.32,,,,0,0.0,0.0,0.0,0.0,0.0,0.0,0.0,0.0,0.0,1.0,1.0,0.0
2023-12-14,18:44:00.000000000,49.05,365.03,-0.026795790135227055,58.831267273061925,1.5990724463934423,0,0.0,0.0,0.0,0.0,0.0,0.0,0.0,0.0,0.0,1.0,1.0,0.0
2023-12-14,18:45:00.000000000,49.06,365.024,,,,0,0.0,0.0,0.0,0.0,0.0,0.0,0.0,0.0,0.0,1.0,1.0,0.0
2023-12-14,18:46:00.000000000,49.04,365.03,,,,0,0.0,0.0,0.0,0.0,0.0,0.0,0.0,0.0,0.0,1.0,1.0,0.0
2023-12-14,18:47:00.000000000,49.05,365.0,-0.027765657319206924,59.184464921510525,1.582561725239721,0,0.0,0.0,0.0,0.0,0.0,0.0,0.0,0.0,0.0,1.0,1.0,0.0
2023-12-14,18:48:00.000000000,49.02,365.075,,,,0,0.0,0.0,0.0,0.0,0.0,0.0,0.0,0.0,0.0,1.0,1.0,0.0
2023-12-14,18:49:00.000000000,48.99,365.05,,,,0,0.0,0.0,0.0,0.0,0.0,0.0,0.0,0.0,0.0,1.0,1.0,0.0
2023-12-14,18:50:00.000000000,48.92,365.005,-0.0285532047665995,59.34206250583265,1.552651288458514,0,0.0,0.0,0.0,0.0,0.0,0.0,0.0,0.0,0.0,1.0,1.0,0.0
2023-12-14,18:51:00.000000000,48.87,364.5595,,,,0,0.0,0.0,0.0,0.0,0.0,0.0,0.0,0.0,0.0,1.0,1.0,0.0
2023-12-14,18:52:00.000000000,48.9,364.47,,,,0,0.0,0.0,0.0,0.0,0.0,0.0,0.0,0.0,0.0,1.0,1.0,0.0
2023-12-14,18:53:00.000000000,48.85,364.365,-0.02924634511467094,59.50634453770708,1.5249656038247625,0,0.0,0.0,0.0,0.0,0.0,0.0,0.0,0.0,0.0,1.0,1.0,0.0
2023-12-14,18:54:00.000000000,48.91,364.36,,,,0,0.0,0.0,0.0,0.0,0.0,0.0,0.0,0.0,0.0,1.0,1.0,0.0
2023-12-14,18:55:00.000000000,48.965,364.525,,,,0,0.0,0.0,0.0,0.0,0.0,0.0,0.0,0.0,0.0,1.0,1.0,0.0
2023-12-14,18:56:00.000000000,48.98,364.5001,-0.030082450862852952,59.945056347754985,1.5194482894732457,0,0.0,0.0,0.0,0.0,0.0,0.0,0.0,0.0,0.0,1.0,1.0,0.0
2023-12-14,18:57:00.000000000,48.97,364.5,,,,0,0.0,0.0,0.0,0.0,0.0,0.0,0.0,0.0,0.0,1.0,1.0,0.0
2023-12-14,18:58:00.000000000,48.985,364.6187,,,,0,0.0,0.0,0.0,0.0,0.0,0.0,0.0,0.0,0.0,1.0,1.0,0.0
2023-12-14,18:59:00.000000000,49.02,364.9,-0.03097036888054404,60.321087604510524,1.5095792475529235,0,0.0,0.0,0.0,0.0,0.0,0.0,0.0,0.0,0.0,1.0,1.0,0.0
2023-12-14,19:00:00.000000000,49.03,364.86,,,,0,0.0,0.0,0.0,0.0,0.0,0.0,0.0,0.0,0.0,1.0,1.0,0.0
2023-12-14,19:01:00.000000000,49.05,365.01,,,,0,0.0,0.0,0.0,0.0,0.0,0.0,0.0,0.0,0.0,1.0,1.0,0.0
2023-12-14,19:02:00.000000000,49.055,364.98,-0.03181121718353812,60.665458047647746,1.4978752913229338,0,0.0,0.0,0.0,0.0,0.0,0.0,0.0,0.0,0.0,1.0,1.0,0.0
2023-12-14,19:03:00.000000000,49.1,365.08,,,,0,0.0,0.0,0.0,0.0,0.0,0.0,0.0,0.0,0.0,1.0,1.0,0.0
2023-12-14,19:04:00.000000000,49.075,365.04,,,,0,0.0,0.0,0.0,0.0,0.0,0.0,0.0,0.0,0.0,1.0,1.0,0.0
2023-12-14,19:05:00.000000000,49.11,365.165,-0.03268393799421599,61.04503021765788,1.4896983128394463,0,0.0,0.0,0.0,0.0,0.0,0.0,0.0,0.0,0.0,1.0,1.0,0.0
2023-12-14,19:06:00.000000000,49.145,365.195,,,,0,0.0,0.0,0.0,0.0,0.0,0.0,0.0,0.0,0.0,1.0,1.0,0.0
2023-12-14,19:07:00.000000000,49.135,365.06,,,,0,0.0,0.0,0.0,0.0,0.0,0.0,0.0,0.0,0.0,1.0,1.0,0.0
2023-12-14,19:08:00.000000000,49.145,365.1,-0.03362807139897836,61.422608867767,1.4821148573257479,0,0.0,0.0,0.0,0.0,0.0,0.0,0.0,0.0,0.0,1.0,1.0,0.0
2023-12-14,19:09:00.000000000,49.12,365.11,,,,0,0.0,0.0,0.0,0.0,0.0,0.0,0.0,0.0,0.0,1.0,1.0,0.0
2023-12-14,19:10:00.000000000,49.165,365.39,,,,0,0.0,0.0,0.0,0.0,0.0,0.0,0.0,0.0,0.0,1.0,1.0,0.0
2023-12-14,19:11:00.000000000,49.11,365.545,-0.03435955799474934,61.669964627190645,1.4655238347125719,0,0.0,0.0,0.0,0.0,0.0,0.0,0.0,0.0,0.0,1.0,1.0,0.0
2023-12-14,19:12:00.000000000,49.13,365.52,,,,0,0.0,0.0,0.0,0.0,0.0,0.0,0.0,0.0,0.0,1.0,1.0,0.0
2023-12-14,19:13:00.000000000,49.13,365.285,,,,0,0.0,0.0,0.0,0.0,0.0,0.0,0.0,0.0,0.0,1.0,1.0,0.0
2023-12-14,19:14:00.000000000,49.11,365.1601,-0.035093279268797246,61.92466536712193,1.4506050677398197,0,0.0,0.0,0.0,0.0,0.0,0.0,0.0,0.0,0.0,1.0,1.0,0.0
2023-12-14,19:15:00.000000000,49.13,365.24,,,,0,0.0,0.0,0.0,0.0,0.0,0.0,0.0,0.0,0.0,1.0,1.0,0.0
2023-12-14,19:16:00.000000000,49.14,365.4,,,,0,0.0,0.0,0.0,0.0,0.0,0.0,0.0,0.0,0.0,1.0,1.0,0.0
2023-12-14,19:17:00.000000000,49.12,365.3944,-0.03584317130609967,62.216894073489506,1.4396919986217047,0,0.0,0.0,0.0,0.0,0.0,0.0,0.0,0.0,0.0,1.0,1.0,0.0
2023-12-14,19:18:00.000000000,49.115,365.34,,,,0,0.0,0.0,0.0,0.0,0.0,0.0,0.0,0.0,0.0,1.0,1.0,0.0
2023-12-14,19:19:00.000000000,49.17,365.45,,,,0,0.0,0.0,0.0,0.0,0.0,0.0,0.0,0.0,0.0,1.0,1.0,0.0
2023-12-14,19:20:00.000000000,49.13,365.5299,-0.03658670306952571,62.50353391433343,1.4293477503509278,0,0.0,0.0,0.0,0.0,0.0,0.0,0.0,0.0,0.0,1.0,1.0,0.0
2023-12-14,19:21:00.000000000,49.12,365.5,,,,0,0.0,0.0,0.0,0.0,0.0,0.0,0.0,0.0,0.0,1.0,1.0,0.0
2023-12-14,19:22:00.000000000,49.13,365.4687,,,,0,0.0,0.0,0.0,0.0,0.0,0.0,0.0,0.0,0.0,1.0,1.0,0.0
2023-12-14,19:23:00.000000000,49.12,365.6822,-0.03730295246097104,62.7610257224233,1.417542919607882,0,0.0,0.0,0.0,0.0,0.0,0.0,0.0,0.0,0.0,1.0,1.0,0.0
2023-12-14,19:24:00.000000000,49.12,365.85,,,,0,0.0,0.0,0.0,0.0,0.0,0.0,0.0,0.0,0.0,1.0,1.0,0.0
2023-12-14,19:25:00.000000000,49.105,365.9225,,,,0,0.0,0.0,0.0,0.0,0.0,0.0,0.0,0.0,0.0,1.0,1.0,0.0
2023-12-14,19:26:00.000000000,49.095,365.77,-0.037978628925527926,62.98644310209035,1.4040969308041764,0,0.0,0.0,0.0,0.0,0.0,0.0,0.0,0.0,0.0,1.0,1.0,0.0
2023-12-14,19:27:00.000000000,49.075,365.5067,,,,0,0.0,0.0,0.0,0.0,0.0,0.0,0.0,0.0,0.0,1.0,1.0,0.0
2023-12-14,19:28:00.000000000,49.09,365.3712,,,,0,0.0,0.0,0.0,0.0,0.0,0.0,0.0,0.0,0.0,1.0,1.0,0.0
2023-12-14,19:29:00.000000000,49.105,365.545,-0.03867129493741478,63.241098507897284,1.3939905633323462,0,0.0,0.0,0.0,0.0,0.0,0.0,0.0,0.0,0.0,1.0,1.0,0.0
2023-12-14,19:30:00.000000000,49.075,365.2574,,,,0,0.0,0.0,0.0,0.0,0.0,0.0,0.0,0.0,0.0,1.0,1.0,0.0
2023-12-14,19:31:00.000000000,49.06,365.34,,,,0,0.0,0.0,0.0,0.0,0.0,0.0,0.0,0.0,0.0,1.0,1.0,0.0
2023-12-14,19:32:00.000000000,49.055,365.28,-0.03936513229787436,63.434295525767546,1.3800204541215,0,0.0,0.0,0.0,0.0,0.0,0.0,0.0,0.0,0.0,1.0,1.0,0.0
2023-12-14,19:33:00.000000000,49.055,365.5314,,,,0,0.0,0.0,0.0,0.0,0.0,0.0,0.0,0.0,0.0,1.0,1.0,0.0
2023-12-14,19:34:00.000000000,49.055,365.415,,,,0,0.0,0.0,0.0,0.0,0.0,0.0,0.0,0.0,0.0,1.0,1.0,0.0
2023-12-14,19:35:00.000000000,49.055,365.5274,-0.04003938456664804,63.69049213824698,1.372066459225153,0,0.0,0.0,0.0,0.0,0.0,0.0,0.0,0.0,0.0,1.0,1.0,0.0
2023-12-14,19:36:00.000000000,49.035,365.5392,,,,0,0.0,0.0,0.0,0.0,0.0,0.0,0.0,0.0,0.0,1.0,1.0,0.0
2023-12-14,19:37:00.000000000,49.04,365.61,,,,0,0.0,0.0,0.0,0.0,0.0,0.0,0.0,0.0,0.0,1.0,1.0,0.0
2023-12-14,19:38:00.000000000,49.06,365.805,-0.040725816858879174,63.9577074360623,1.36592847542305,0,0.0,0.0,0.0,0.0,0.0,0.0,0.0,0.0,0.0,1.0,1.0,0.0
2023-12-14,19:39:00.000000000,49.06,365.52,,,,0,0.0,0.0,0.0,0.0,0.0,0.0,0.0,0.0,0.0,1.0,1.0,0.0
2023-12-14,19:40:00.000000000,49.04,365.5,,,,0,0.0,0.0,0.0,0.0,0.0,0.0,0.0,0.0,0.0,1.0,1.0,0.0
2023-12-14,19:41:00.000000000,49.0587,365.44,-0.041435467448649316,64.20087722443441,1.358855522939565,0,0.0,0.0,0.0,0.0,0.0,0.0,0.0,0.0,0.0,1.0,1.0,0.0
2023-12-14,19:42:00.000000000,49.05,365.549,,,,0,0.0,0.0,0.0,0.0,0.0,0.0,0.0,0.0,0.0,1.0,1.0,0.0
2023-12-14,19:43:00.000000000,49.03,365.53,,,,0,0.0,0.0,0.0,0.0,0.0,0.0,0.0,0.0,0.0,1.0,1.0,0.0
2023-12-14,19:44:00.000000000,49.055,365.595,-0.04212837788281734,64.45692431206861,1.3538066639443882,0,0.0,0.0,0.0,0.0,0.0,0.0,0.0,0.0,0.0,1.0,1.0,0.0
2023-12-14,19:45:00.000000000,49.055,365.59,,,,0,0.0,0.0,0.0,0.0,0.0,0.0,0.0,0.0,0.0,1.0,1.0,0.0
2023-12-14,19:46:00.000000000,49.075,365.6741,,,,0,0.0,0.0,0.0,0.0,0.0,0.0,0.0,0.0,0.0,1.0,1.0,0.0
2023-12-14,19:47:00.000000000,49.11,365.8,-0.04282240129965996,64.77443439541561,1.3548428939705242,0,0.0,0.0,0.0,0.0,0.0,0.0,0.0,0.0,0.0,1.0,1.0,0.0
2023-12-14,19:48:00.000000000,49.135,365.83,,,,0,0.0,0.0,0.0,0.0,0.0,0.0,0.0,0.0,0.0,1.0,1.0,0.0
2023-12-14,19:49:00.000000000,49.185,365.8744,,,,0,0.0,0.0,0.0,0.0,0.0,0.0,0.0,0.0,0.0,1.0,1.0,0.0
2023-12-14,19:50:00.000000000,49.215,365.95,-0.043648632022498295,65.18821688863325,1.3650464857146982,0,0.0,0.0,0.0,0.0,0.0,0.0,0.0,0.0,0.0,1.0,1.0,0.0
2023-12-14,19:51:00.000000000,49.205,366.055,,,,0,0.0,0.0,0.0,0.0,0.0,0.0,0.0,0.0,0.0,1.0,1.0,0.0
2023-12-14,19:52:00.000000000,49.21,366.09,,,,0,0.0,0.0,0.0,0.0,0.0,0.0,0.0,0.0,0.0,1.0,1.0,0.0
2023-12-14,19:53:00.000000000,49.2,365.75,-0.04447844855978512,65.46799256074141,1.3648513053383537,0,0.0,0.0,0.0,0.0,0.0,0.0,0.0,0.0,0.0,1.0,1.0,0.0
2023-12-14,19:54:00.000000000,49.19,365.7,,,,0,0.0,0.0,0.0,0.0,0.0,0.0,0.0,0.0,0.0,1.0,1.0,0.0
2023-12-14,19:55:00.000000000,49.195,365.82,,,,0,0.0,0.0,0.0,0.0,0.0,0.0,0.0,0.0,0.0,1.0,1.0,0.0
2023-12-14,19:56:00.000000000,49.2,365.7287,-0.04531251364948118,65.77208671075701,1.3676169022310682,0,0.0,0.0,0.0,0.0,0.0,0.0,0.0,0.0,0.0,1.0,1.0,0.0
2023-12-14,19:57:00.000000000,49.175,365.55,,,,0,0.0,0.0,0.0,0.0,0.0,0.0,0.0,0.0,0.0,1.0,1.0,0.0
2023-12-14,19:58:00.000000000,49.165,365.48,,,,0,0.0,0.0,0.0,0.0,0.0,0.0,0.0,0.0,0.0,1.0,1.0,0.0
2023-12-14,19:59:00.000000000,49.2,365.565,-0.046108557610057985,66.05567486272085,1.3693795378444416,1,0.0,0.0,0.0,0.0,0.0,0.0,0.0,0.0,0.0,1.0,1.0,0.0
2023-12-14,20:00:00.000000000,49.17,365.67,,,,0,0.0,0.0,0.0,0.0,0.0,0.0,0.0,0.0,0.0,1.0,1.0,0.0
2023-12-14,20:01:00.000000000,49.18,365.7734,,,,0,0.0,0.0,0.0,0.0,0.0,0.0,0.0,0.0,0.0,1.0,1.0,0.0
2023-12-14,20:02:00.000000000,49.155,365.65,-0.046875988423662786,66.2952051671123,1.367787937810315,0,0.0,0.0,0.0,0.0,0.0,0.0,0.0,0.0,0.0,1.0,1.0,0.0
2023-12-14,20:03:00.000000000,49.165,365.6,,,,0,0.0,0.0,0.0,0.0,0.0,0.0,0.0,0.0,0.0,1.0,1.0,0.0
2023-12-14,20:04:00.000000000,49.12,365.27,,,,0,0.0,0.0,0.0,0.0,0.0,0.0,0.0,0.0,0.0,1.0,1.0,0.0
2023-12-14,20:05:00.000000000,49.16,365.44,-0.04764104415828739,66.56994317720454,1.3698224851729406,0,0.0,0.0,0.0,0.0,0.0,0.0,0.0,0.0,0.0,1.0,1.0,0.0
2023-12-14,20:06:00.000000000,49.205,365.44,,,,0,0.0,0.0,0.0,0.0,0.0,0.0,0.0,0.0,0.0,1.0,1.0,0.0
2023-12-14,20:07:00.000000000,49.2,365.2899,,,,0,0.0,0.0,0.0,0.0,0.0,0.0,0.0,0.0,0.0,1.0,1.0,0.0
2023-12-14,20:08:00.000000000,49.225,365.35,-0.04847528500597155,66.93544537693171,1.380904176208277,0,0.0,0.0,0.0,0.0,0.0,0.0,0.0,0.0,0.0,1.0,1.0,0.0
2023-12-14,20:09:00.000000000,49.26,365.26,,,,0,0.0,0.0,0.0,0.0,0.0,0.0,0.0,0.0,0.0,1.0,1.0,0.0
2023-12-14,20:10:00.000000000,49.245,365.0414,,,,0,0.0,0.0,0.0,0.0,0.0,0.0,0.0,0.0,0.0,1.0,1.0,0.0
2023-12-14,20:11:00.000000000,49.275,365.18,-0.049312635791373974,67.28298833829395,1.3905459353529095,0,0.0,0.0,0.0,0.0,0.0,0.0,0.0,0.0,0.0,1.0,1.0,0.0
2023-12-14,20:12:00.000000000,49.225,365.195,,,,0,0.0,0.0,0.0,0.0,0.0,0.0,0.0,0.0,0.0,1.0,1.0,0.0
2023-12-14,20:13:00.000000000,49.2109,365.15,,,,0,0.0,0.0,0.0,0.0,0.0,0.0,0.0,0.0,0.0,1.0,1.0,0.0
2023-12-14,20:14:00.000000000,49.265,365.2667,-0.050117921042797324,67.57140763016314,1.394772630570206,0,0.0,0.0,0.0,0.0,0.0,0.0,0.0,0.0,0.0,1.0,1.0,0.0
2023-12-14,20:15:00.000000000,49.27,365.4118,,,,0,0.0,0.0,0.0,0.0,0.0,0.0,0.0,0.0,0.0,1.0,1.0,0.0
2023-12-14,20:16:00.000000000,49.28,365.185,,,,0,0.0,0.0,0.0,0.0,0.0,0.0,0.0,0.0,0.0,1.0,1.0,0.0
2023-12-14,20:17:00.000000000,49.25,365.17,-0.05093359958533767,67.84942256057775,1.3982156152851903,0,0.0,0.0,0.0,0.0,0.0,0.0,0.0,0.0,0.0,1.0,1.0,0.0
2023-12-14,20:18:00.000000000,49.27,364.97,,,,0,0.0,0.0,0.0,0.0,0.0,0.0,0.0,0.0,0.0,1.0,1.0,0.0
2023-12-14,20:19:00.000000000,49.285,365.36,,,,0,0.0,0.0,0.0,0.0,0.0,0.0,0.0,0.0,0.0,1.0,1.0,0.0
2023-12-14,20:20:00.000000000,49.26,365.1325,-0.0516681259446177,68.12571199647311,1.4019258658944198,0,0.0,0.0,0.0,0.0,0.0,0.0,0.0,0.0,0.0,1.0,1.0,0.0
2023-12-14,20:21:00.000000000,49.275,365.075,,,,0,0.0,0.0,0.0,0.0,0.0,0.0,0.0,0.0,0.0,1.0,1.0,0.0
2023-12-14,20:22:00.000000000,49.26,365.145,,,,0,0.0,0.0,0.0,0.0,0.0,0.0,0.0,0.0,0.0,1.0,1.0,0.0
2023-12-14,20:23:00.000000000,49.255,365.08,-0.05238300617957469,68.37898789603913,1.4034539676366562,0,0.0,0.0,0.0,0.0,0.0,0.0,0.0,0.0,0.0,1.0,1.0,0.0
2023-12-14,20:24:00.000000000,49.27,365.2,,,,0,0.0,0.0,0.0,0.0,0.0,0.0,0.0,0.0,0.0,1.0,1.0,0.0
2023-12-14,20:25:00.000000000,49.28,365.139,,,,0,0.0,0.0,0.0,0.0,0.0,0.0,0.0,0.0,0.0,1.0,1.0,0.0
2023-12-14,20:26:00.000000000,49.299,365.09,-0.053209976736852765,68.72543040685757,1.4146989106402497,0,0.0,0.0,0.0,0.0,0.0,0.0,0.0,0.0,0.0,1.0,1.0,0.0
2023-12-14,20:27:00.000000000,49.285,365.12,,,,0,0.0,0.0,0.0,0.0,0.0,0.0,0.0,0.0,0.0,1.0,1.0,0.0
2023-12-14,20:28:00.000000000,49.285,365.25,,,,0,0.0,0.0,0.0,0.0,0.0,0.0,0.0,0.0,0.0,1.0,1.0,0.0
2023-12-14,20:29:00.000000000,49.265,365.1536,-0.05398894518920291,68.97925769604012,1.416905492436532,0,0.0,0.0,0.0,0.0,0.0,0.0,0.0,0.0,0.0,1.0,1.0,0.0
2023-12-14,20:30:00.000000000,49.27,365.1,,,,0,0.0,0.0,0.0,0.0,0.0,0.0,0.0,0.0,0.0,1.0,1.0,0.0
2023-12-14,20:31:00.000000000,49.265,365.15,,,,0,0.0,0.0,0.0,0.0,0.0,0.0,0.0,0.0,0.0,1.0,1.0,0.0
2023-12-14,20:32:00.000000000,49.22,365.0726,-0.05474425040247504,69.20562582948261,1.416876970420254,0,0.0,0.0,0.0,0.0,0.0,0.0,0.0,0.0,0.0,1.0,1.0,0.0
2023-12-14,20:33:00.000000000,49.21,365.24,,,,0,0.0,0.0,0.0,0.0,0.0,0.0,0.0,0.0,0.0,1.0,1.0,0.0
2023-12-14,20:34:00.000000000,49.19,365.21,,,,0,0.0,0.0,0.0,0.0,0.0,0.0,0.0,0.0,0.0,1.0,1.0,0.0
2023-12-14,20:35:00.000000000,49.219,365.475,-0.05555710197813095,69.5237318454574,1.4269310363990124,0,0.0,0.0,0.0,0.0,0.0,0.0,0.0,0.0,0.0,1.0,1.0,0.0
2023-12-14,20:36:00.000000000,49.26,365.52,,,,0,0.0,0.0,0.0,0.0,0.0,0.0,0.0,0.0,0.0,1.0,1.0,0.0
2023-12-14,20:37:00.000000000,49.25,365.555,,,,0,0.0,0.0,0.0,0.0,0.0,0.0,0.0,0.0,0.0,1.0,1.0,0.0
2023-12-14,20:38:00.000000000,49.23,365.66,-0.05629498510400651,69.81482425313102,1.4346805147969948,0,0.0,0.0,0.0,0.0,0.0,0.0,0.0,0.0,0.0,1.0,1.0,0.0
2023-12-14,20:39:00.000000000,49.205,365.43,,,,0,0.0,0.0,0.0,0.0,0.0,0.0,0.0,0.0,0.0,1.0,1.0,0.0
2023-12-14,20:40:00.000000000,49.225,365.61,,,,0,0.0,0.0,0.0,0.0,0.0,0.0,0.0,0.0,0.0,1.0,1.0,0.0
2023-12-14,20:41:00.000000000,49.23,365.795,-0.056999490180272824,70.0801285104929,1.4401358455166238,0,0.0,0.0,0.0,0.0,0.0,0.0,0.0,0.0,0.0,1.0,1.0,0.0
2023-12-14,20:42:00.000000000,49.235,365.9294,,,,0,0.0,0.0,0.0,0.0,0.0,0.0,0.0,0.0,0.0,1.0,1.0,0.0
2023-12-14,20:43:00.000000000,49.2858,365.9,,,,0,0.0,0.0,0.0,0.0,0.0,0.0,0.0,0.0,0.0,1.0,1.0,0.0
2023-12-14,20:44:00.000000000,49.24,365.8,-0.057574352270222465,70.30069806044739,1.441205154334246,0,0.0,0.0,0.0,0.0,0.0,0.0,0.0,0.0,0.0,1.0,1.0,0.0
2023-12-14,20:45:00.000000000,49.255,365.88,,,,0,0.0,0.0,0.0,0.0,0.0,0.0,0.0,0.0,0.0,1.0,1.0,0.0
2023-12-14,20:46:00.000000000,49.27,365.92,,,,0,0.0,0.0,0.0,0.0,0.0,0.0,0.0,0.0,0.0,1.0,1.0,0.0
2023-12-14,20:47:00.000000000,49.23,366.0567,-0.05821967429003985,70.54170184568683,1.445100147258641,0,0.0,0.0,0.0,0.0,0.0,0.0,0.0,0.0,0.0,1.0,1.0,0.0
2023-12-14,20:48:00.000000000,49.255,366.065,,,,0,0.0,0.0,0.0,0.0,0.0,0.0,0.0,0.0,0.0,1.0,1.0,0.0
2023-12-14,20:49:00.000000000,49.2,365.84,,,,0,0.0,0.0,0.0,0.0,0.0,0.0,0.0,0.0,0.0,1.0,1.0,0.0
2023-12-14,20:50:00.000000000,49.2,365.99,-0.05873827433004587,70.6976210220535,1.4400971023672444,0,0.0,0.0,0.0,0.0,0.0,0.0,0.0,0.0,0.0,1.0,1.0,0.0
2023-12-14,20:51:00.000000000,49.26,365.8,,,,0,0.0,0.0,0.0,0.0,0.0,0.0,0.0,0.0,0.0,1.0,1.0,0.0
2023-12-14,20:52:00.000000000,49.225,365.55,,,,0,0.0,0.0,0.0,0.0,0.0,0.0,0.0,0.0,0.0,1.0,1.0,0.0
2023-12-14,20:53:00.000000000,49.2,365.2568,-0.059431356857609835,70.90770722546863,1.4417314910919745,0,0.0,0.0,0.0,0.0,0.0,0.0,0.0,0.0,0.0,1.0,1.0,0.0
2023-12-14,20:54:00.000000000,49.15,365.1371,,,,0,0.0,0.0,0.0,0.0,0.0,0.0,0.0,0.0,0.0,1.0,1.0,0.0
2023-12-14,20:55:00.000000000,49.16,365.555,,,,0,0.0,0.0,0.0,0.0,0.0,0.0,0.0,0.0,0.0,1.0,1.0,0.0
2023-12-14,20:56:00.000000000,49.14,365.38,-0.06002845500736384,71.0731968905906,1.4384714572542543,0,0.0,0.0,0.0,0.0,0.0,0.0,0.0,0.0,0.0,1.0,1.0,0.0
2023-12-14,20:57:00.000000000,49.13,365.68,,,,0,0.0,0.0,0.0,0.0,0.0,0.0,0.0,0.0,0.0,1.0,1.0,0.0
2023-12-14,20:58:00.000000000,49.14,365.84,,,,0,0.0,0.0,0.0,0.0,0.0,0.0,0.0,0.0,0.0,1.0,1.0,0.0
2023-12-14,20:59:00.000000000,49.17,365.95,-0.06088143256104054,71.44956024571279,1.4604734988584491,1,0.0,0.0,0.0,0.0,0.0,0.0,0.0,0.0,0.0,1.0,1.0,0.0
2023-12-15,14:29:00.000000000,49.3,366.85,-0.062132885512598005,72.09344905029658,1.5144930088413346,0,0.0,0.0,0.0,0.0,0.0,0.0,0.0,0.0,0.0,1.0,1.0,0.0
2023-12-15,14:30:00.000000000,49.285,367.82,,,,0,0.0,0.0,0.0,0.0,0.0,0.0,0.0,0.0,0.0,1.0,1.0,0.0
2023-12-15,14:31:00.000000000,49.2,368.23,,,,0,0.0,0.0,0.0,0.0,0.0,0.0,0.0,0.0,0.0,1.0,1.0,0.0
2023-12-15,14:32:00.000000000,49.155,367.5351,-0.06312523236715413,72.35573859058523,1.5216089938240382,0,0.0,0.0,0.0,0.0,0.0,0.0,0.0,0.0,0.0,1.0,1.0,0.0
2023-12-15,14:33:00.000000000,49.15,367.66,,,,0,0.0,0.0,0.0,0.0,0.0,0.0,0.0,0.0,0.0,1.0,1.0,0.0
2023-12-15,14:34:00.000000000,49.035,367.94,,,,0,0.0,0.0,0.0,0.0,0.0,0.0,0.0,0.0,0.0,1.0,1.0,0.0
2023-12-15,14:35:00.000000000,49.11,368.775,-0.06393609360263346,72.68803291831115,1.5374822098194691,0,0.0,0.0,0.0,0.0,0.0,0.0,0.0,0.0,0.0,1.0,1.0,0.0
2023-12-15,14:36:00.000000000,49.18,370.195,,,,0,0.0,0.0,0.0,0.0,0.0,0.0,0.0,0.0,0.0,1.0,1.0,0.0
2023-12-15,14:37:00.000000000,49.07,370.15,,,,0,0.0,0.0,0.0,0.0,0.0,0.0,0.0,0.0,0.0,1.0,1.0,0.0
2023-12-15,14:38:00.000000000,48.99,370.0115,-0.06474543882924735,72.94655693936807,1.5440325131240482,0,0.0,0.0,0.0,0.0,0.0,0.0,0.0,0.0,0.0,1.0,1.0,0.0
2023-12-15,14:39:00.000000000,48.97,370.82,,,,0,0.0,0.0,0.0,0.0,0.0,0.0,0.0,0.0,0.0,1.0,1.0,0.0
2023-12-15,14:40:00.000000000,49.0,370.75,,,,0,0.0,0.0,0.0,0.0,0.0,0.0,0.0,0.0,0.0,1.0,1.0,0.0
2023-12-15,14:41:00.000000000,49.01,370.32,-0.06548973806548132,73.26215980040904,1.5580784696872048,0,0.0,0.0,0.0,0.0,0.0,0.0,0.0,0.0,0.0,1.0,1.0,0.0
2023-12-15,14:42:00.000000000,49.03,370.32,,,,0,0.0,0.0,0.0,0.0,0.0,0.0,0.0,0.0,0.0,1.0,1.0,0.0
2023-12-15,14:43:00.000000000,49.06,370.39,,,,0,0.0,0.0,0.0,0.0,0.0,0.0,0.0,0.0,0.0,1.0,1.0,0.0
2023-12-15,14:44:00.000000000,49.1,370.71,-0.06621057853983761,73.64492357050321,1.580774994719848,0,0.0,0.0,0.0,0.0,0.0,0.0,0.0,0.0,0.0,1.0,1.0,0.0
2023-12-15,14:45:00.000000000,49.0799,370.16,,,,0,0.0,0.0,0.0,0.0,0.0,0.0,0.0,0.0,0.0,1.0,1.0,0.0
2023-12-15,14:46:00.000000000,48.99,369.99,,,,0,0.0,0.0,0.0,0.0,0.0,0.0,0.0,0.0,0.0,1.0,1.0,0.0
2023-12-15,14:47:00.000000000,48.95,370.0275,-0.06690679335053062,73.70735347651348,1.561758973791195,0,0.0,0.0,0.0,0.0,0.0,0.0,0.0,0.0,0.0,1.0,1.0,0.0
2023-12-15,14:48:00.000000000,48.9,369.39,,,,0,0.0,0.0,0.0,0.0,0.0,0.0,0.0,0.0,0.0,1.0,1.0,0.0
2023-12-15,14:49:00.000000000,48.93,368.7407,,,,0,0.0,0.0,0.0,0.0,0.0,0.0,0.0,0.0,0.0,1.0,1.0,0.0
2023-12-15,14:50:00.000000000,48.97,369.44,-0.06746576774572444,73.89455323598044,1.5594237496283576,0,0.0,0.0,0.0,0.0,0.0,0.0,0.0,0.0,0.0,1.0,1.0,0.0
2023-12-15,14:51:00.000000000,49.0,369.61,,,,0,0.0,0.0,0.0,0.0,0.0,0.0,0.0,0.0,0.0,1.0,1.0,0.0
2023-12-15,14:52:00.000000000,48.96,369.43,,,,0,0.0,0.0,0.0,0.0,0.0,0.0,0.0,0.0,0.0,1.0,1.0,0.0
2023-12-15,14:53:00.000000000,49.0,369.51,-0.06784377384281566,74.06895287265881,1.555779808740656,0,0.0,0.0,0.0,0.0,0.0,0.0,0.0,0.0,0.0,1.0,1.0,0.0
2023-12-15,14:54:00.000000000,49.03,369.11,,,,0,0.0,0.0,0.0,0.0,0.0,0.0,0.0,0.0,0.0,1.0,1.0,0.0
2023-12-15,14:55:00.000000000,48.99,369.09,,,,0,0.0,0.0,0.0,0.0,0.0,0.0,0.0,0.0,0.0,1.0,1.0,0.0
2023-12-15,14:56:00.000000000,49.0,369.01,-0.06828543571711915,74.19800863397414,1.5461887071135596,0,0.0,0.0,0.0,0.0,0.0,0.0,0.0,0.0,0.0,1.0,1.0,0.0
2023-12-15,14:57:00.000000000,48.96,368.9,,,,0,0.0,0.0,0.0,0.0,0.0,0.0,0.0,0.0,0.0,1.0,1.0,0.0
2023-12-15,14:58:00.000000000,48.865,368.97,,,,0,0.0,0.0,0.0,0.0,0.0,0.0,0.0,0.0,0.0,1.0,1.0,0.0
2023-12-15,14:59:00.000000000,48.845,369.09,-0.06864871469537605,74.18255410691634,1.5171378348162141,0,0.0,0.0,0.0,0.0,0.0,0.0,0.0,0.0,0.0,1.0,1.0,0.0
2023-12-15,15:00:00.000000000,48.92,368.905,,,,0,0.0,0.0,0.0,0.0,0.0,0.0,0.0,0.0,0.0,1.0,1.0,0.0
2023-12-15,15:01:00.000000000,48.89,368.5,,,,0,0.0,0.0,0.0,0.0,0.0,0.0,0.0,0.0,0.0,1.0,1.0,0.0
2023-12-15,15:02:00.000000000,48.875,368.66,-0.0689765034778068,74.30387777212826,1.5077152793828286,0,0.0,0.0,0.0,0.0,0.0,0.0,0.0,0.0,0.0,1.0,1.0,0.0
2023-12-15,15:03:00.000000000,48.925,369.0033,,,,0,0.0,0.0,0.0,0.0,0.0,0.0,0.0,0.0,0.0,1.0,1.0,0.0
2023-12-15,15:04:00.000000000,48.9,369.18,,,,0,0.0,0.0,0.0,0.0,0.0,0.0,0.0,0.0,0.0,1.0,1.0,0.0
2023-12-15,15:05:00.000000000,48.895,369.29,-0.06935235478061724,74.50613109693415,1.5091877926232284,0,0.0,0.0,0.0,0.0,0.0,0.0,0.0,0.0,0.0,1.0,1.0,0.0
2023-12-15,15:06:00.000000000,48.885,369.29,,,,0,0.0,0.0,0.0,0.0,0.0,0.0,0.0,0.0,0.0,1.0,1.0,0.0
2023-12-15,15:07:00.000000000,48.905,369.08,,,,0,0.0,0.0,0.0,0.0,0.0,0.0,0.0,0.0,0.0,1.0,1.0,0.0
2023-12-15,15:08:00.000000000,48.915,368.97,-0.06965911767428695,74.61712464828166,1.4975174041386177,0,0.0,0.0,0.0,0.0,0.0,0.0,0.0,0.0,0.0,1.0,1.0,0.0
2023-12-15,15:09:00.000000000,48.93,369.14,,,,0,0.0,0.0,0.0,0.0,0.0,0.0,0.0,0.0,0.0,1.0,1.0,0.0
2023-12-15,15:10:00.000000000,48.94,369.07,,,,0,0.0,0.0,0.0,0.0,0.0,0.0,0.0,0.0,0.0,1.0,1.0,0.0
2023-12-15,15:11:00.000000000,48.91,368.5578,-0.07008080421300145,74.73882702297453,1.4873687377351672,0,0.0,0.0,0.0,0.0,0.0,0.0,0.0,0.0,0.0,1.0,1.0,0.0
2023-12-15,15:12:00.000000000,48.97,368.94,,,,0,0.0,0.0,0.0,0.0,0.0,0.0,0.0,0.0,0.0,1.0,1.0,0.0
2023-12-15,15:13:00.000000000,48.97,369.14,,,,0,0.0,0.0,0.0,0.0,0.0,0.0,0.0,0.0,0.0,1.0,1.0,0.0
2023-12-15,15:14:00.000000000,48.97,369.12,-0.07050482708465043,74.99474177348617,1.4966764981312681,0,0.0,0.0,0.0,0.0,0.0,0.0,0.0,0.0,0.0,1.0,1.0,0.0
2023-12-15,15:15:00.000000000,49.04,369.73,,,,0,0.0,0.0,0.0,0.0,0.0,0.0,0.0,0.0,0.0,1.0,1.0,0.0
2023-12-15,15:16:00.000000000,49.09,369.915,,,,0,0.0,0.0,0.0,0.0,0.0,0.0,0.0,0.0,0.0,1.0,1.0,0.0
2023-12-15,15:17:00.000000000,49.04,369.78,-0.07096266417220139,75.28057395759663,1.5103105311796567,0,0.0,0.0,0.0,0.0,0.0,0.0,0.0,0.0,0.0,1.0,1.0,0.0
2023-12-15,15:18:00.000000000,49.13,370.14,,,,0,0.0,0.0,0.0,0.0,0.0,0.0,0.0,0.0,0.0,1.0,1.0,0.0
2023-12-15,15:19:00.000000000,49.11,370.14,,,,0,0.0,0.0,0.0,0.0,0.0,0.0,0.0,0.0,0.0,1.0,1.0,0.0
2023-12-15,15:20:00.000000000,49.15,370.2,-0.07145161888316338,75.60138931054709,1.5289626620001027,0,0.0,0.0,0.0,0.0,0.0,0.0,0.0,0.0,0.0,1.0,1.0,0.0
2023-12-15,15:21:00.000000000,49.085,370.19,,,,0,0.0,0.0,0.0,0.0,0.0,0.0,0.0,0.0,0.0,1.0,1.0,0.0
2023-12-15,15:22:00.000000000,49.06,369.87,,,,0,0.0,0.0,0.0,0.0,0.0,0.0,0.0,0.0,0.0,1.0,1.0,0.0
2023-12-15,15:23:00.000000000,49.01,369.868,-0.07194158715045006,75.61889095616266,1.502396367721537,0,0.0,0.0,0.0,0.0,0.0,0.0,0.0,0.0,0.0,1.0,1.0,0.0
2023-12-15,15:24:00.000000000,49.01,370.14,,,,0,0.0,0.0,0.0,0.0,0.0,0.0,0.0,0.0,0.0,1.0,1.0,0.0
2023-12-15,15:25:00.000000000,48.995,370.23,,,,0,0.0,0.0,0.0,0.0,0.0,0.0,0.0,0.0,0.0,1.0,1.0,0.0
2023-12-15,15:26:00.000000000,48.98,370.13,-0.07246292900886663,75.80070391405181,1.5006961277632243,0,0.0,0.0,0.0,0.0,0.0,0.0,0.0,0.0,0.0,1.0,1.0,0.0
2023-12-15,15:27:00.000000000,49.035,370.26,,,,0,0.0,0.0,0.0,0.0,0.0,0.0,0.0,0.0,0.0,1.0,1.0,0.0
2023-12-15,15:28:00.000000000,49.05,370.46,,,,0,0.0,0.0,0.0,0.0,0.0,0.0,0.0,0.0,0.0,1.0,1.0,0.0
2023-12-15,15:29:00.000000000,49.04,370.4925,-0.07291776666321188,76.05548566547003,1.51033592031542,0,0.0,0.0,0.0,0.0,0.0,0.0,0.0,0.0,0.0,1.0,1.0,0.0
2023-12-15,15:30:00.000000000,49.0775,370.87,,,,0,0.0,0.0,0.0,0.0,0.0,0.0,0.0,0.0,0.0,1.0,1.0,0.0
2023-12-15,15:31:00.000000000,49.06,370.96,,,,0,0.0,0.0,0.0,0.0,0.0,0.0,0.0,0.0,0.0,1.0,1.0,0.0
2023-12-15,15:32:00.000000000,49.03,370.825,-0.07343000913871536,76.25968313886412,1.5121091687689643,0,0.0,0.0,0.0,0.0,0.0,0.0,0.0,0.0,0.0,1.0,1.0,0.0
2023-12-15,15:33:00.000000000,49.06,370.95,,,,0,0.0,0.0,0.0,0.0,0.0,0.0,0.0,0.0,0.0,1.0,1.0,0.0
2023-12-15,15:34:00.000000000,49.05,370.93,,,,0,0.0,0.0,0.0,0.0,0.0,0.0,0.0,0.0,0.0,1.0,1.0,0.0
2023-12-15,15:35:00.000000000,49.015,370.91,-0.07401375534617502,76.46744199544978,1.51428290950854,0,0.0,0.0,0.0,0.0,0.0,0.0,0.0,0.0,0.0,1.0,1.0,0.0
2023-12-15,15:36:00.000000000,49.045,370.8525,,,,0,0.0,0.0,0.0,0.0,0.0,0.0,0.0,0.0,0.0,1.0,1.0,0.0
2023-12-15,15:37:00.000000000,49.045,370.83,,,,0,0.0,0.0,0.0,0.0,0.0,0.0,0.0,0.0,0.0,1.0,1.0,0.0
2023-12-15,15:38:00.000000000,49.06,371.03,-0.07447062083241276,76.6908344474501,1.5188335576884238,0,0.0,0.0,0.0,0.0,0.0,0.0,0.0,0.0,0.0,1.0,1.0,0.0
2023-12-15,15:39:00.000000000,49.055,370.91,,,,0,0.0,0.0,0.0,0.0,0.0,0.0,0.0,0.0,0.0,1.0,1.0,0.0
2023-12-15,15:40:00.000000000,49.09,370.85,,,,0,0.0,0.0,0.0,0.0,0.0,0.0,0.0,0.0,0.0,1.0,1.0,0.0
2023-12-15,15:41:00.000000000,49.115,370.61,-0.0750239424094374,76.91962329636159,1.5242003164893823,0,0.0,0.0,0.0,0.0,0.0,0.0,0.0,0.0,0.0,1.0,1.0,0.0
2023-12-15,15:42:00.000000000,49.1274,370.355,,,,0,0.0,0.0,0.0,0.0,0.0,0.0,0.0,0.0,0.0,1.0,1.0,0.0
2023-12-15,15:43:00.000000000,49.12,370.49,,,,0,0.0,0.0,0.0,0.0,0.0,0.0,0.0,0.0,0.0,1.0,1.0,0.0
2023-12-15,15:44:00.000000000,49.1,370.6199,-0.07553975063129378,77.09653482499505,1.521001767981963,0,0.0,0.0,0.0,0.0,0.0,0.0,0.0,0.0,0.0,1.0,1.0,0.0
2023-12-15,15:45:00.000000000,49.11,370.88,,,,0,0.0,0.0,0.0,0.0,0.0,0.0,0.0,0.0,0.0,1.0,1.0,0.0
2023-12-15,15:46:00.000000000,49.115,370.945,,,,0,0.0,0.0,0.0,0.0,0.0,0.0,0.0,0.0,0.0,1.0,1.0,0.0
2023-12-15,15:47:00.000000000,49.1441,370.9499,-0.07592373532386647,77.30800202601473,1.5236127826596877,0,0.0,0.0,0.0,0.0,0.0,0.0,0.0,0.0,0.0,1.0,1.0,0.0
2023-12-15,15:48:00.000000000,49.115,371.0631,,,,0,0.0,0.0,0.0,0.0,0.0,0.0,0.0,0.0,0.0,1.0,1.0,0.0
2023-12-15,15:49:00.000000000,49.13,371.17,,,,0,0.0,0.0,0.0,0.0,0.0,0.0,0.0,0.0,0.0,1.0,1.0,0.0
2023-12-15,15:50:00.000000000,49.15,371.49,-0.07631816449780904,77.50143492929108,1.5232125860366512,0,0.0,0.0,0.0,0.0,0.0,0.0,0.0,0.0,0.0,1.0,1.0,0.0
2023-12-15,15:51:00.000000000,49.15,371.53,,,,0,0.0,0.0,0.0,0.0,0.0,0.0,0.0,0.0,0.0,1.0,1.0,0.0
2023-12-15,15:52:00.000000000,49.15,371.2225,,,,0,0.0,0.0,0.0,0.0,0.0,0.0,0.0,0.0,0.0,1.0,1.0,0.0
2023-12-15,15:53:00.000000000,49.17,371.6,-0.07677543459171586,77.69975149428161,1.5234600632129793,0,0.0,0.0,0.0,0.0,0.0,0.0,0.0,0.0,0.0,1.0,1.0,0.0
2023-12-15,15:54:00.000000000,49.14,371.435,,,,0,0.0,0.0,0.0,0.0,0.0,0.0,0.0,0.0,0.0,1.0,1.0,0.0
2023-12-15,15:55:00.000000000,49.16,371.27,,,,0,0.0,0.0,0.0,0.0,0.0,0.0,0.0,0.0,0.0,1.0,1.0,0.0
2023-12-15,15:56:00.000000000,49.14,371.235,-0.07734293757819662,77.85240543184182,1.5164235574879898,0,0.0,0.0,0.0,0.0,0.0,0.0,0.0,0.0,0.0,1.0,1.0,0.0
2023-12-15,15:57:00.000000000,49.115,371.1,,,,0,0.0,0.0,0.0,0.0,0.0,0.0,0.0,0.0,0.0,1.0,1.0,0.0
2023-12-15,15:58:00.000000000,49.12,371.135,,,,0,0.0,0.0,0.0,0.0,0.0,0.0,0.0,0.0,0.0,1.0,1.0,0.0
2023-12-15,15:59:00.000000000,49.115,371.23,-0.07798687743928218,78.06606851178472,1.5194607542546932,0,0.0,0.0,0.0,0.0,0.0,0.0,0.0,0.0,0.0,1.0,1.0,0.0
2023-12-15,16:00:00.000000000,49.13,371.219,,,,0,0.0,0.0,0.0,0.0,0.0,0.0,0.0,0.0,0.0,1.0,1.0,0.0
2023-12-15,16:01:00.000000000,49.11,371.03,,,,0,0.0,0.0,0.0,0.0,0.0,0.0,0.0,0.0,0.0,1.0,1.0,0.0
2023-12-15,16:02:00.000000000,49.085,370.96,-0.07861640785155158,78.24854265661158,1.5177581928157426,0,0.0,0.0,0.0,0.0,0.0,0.0,0.0,0.0,0.0,1.0,1.0,0.0
2023-12-15,16:03:00.000000000,49.0591,370.9,,,,0,0.0,0.0,0.0,0.0,0.0,0.0,0.0,0.0,0.0,1.0,1.0,0.0
2023-12-15,16:04:00.000000000,49.085,370.92,,,,0,0.0,0.0,0.0,0.0,0.0,0.0,0.0,0.0,0.0,1.0,1.0,0.0
2023-12-15,16:05:00.000000000,49.09,371.01,-0.07916071236386761,78.45941589411852,1.5208990508698348,0,0.0,0.0,0.0,0.0,0.0,0.0,0.0,0.0,0.0,1.0,1.0,0.0
2023-12-15,16:06:00.000000000,49.0601,370.6199,,,,0,0.0,0.0,0.0,0.0,0.0,0.0,0.0,0.0,0.0,1.0,1.0,0.0
2023-12-15,16:07:00.000000000,49.04,370.4,,,,0,0.0,0.0,0.0,0.0,0.0,0.0,0.0,0.0,0.0,1.0,1.0,0.0
2023-12-15,16:08:00.000000000,49.03,370.41,-0.07971053199904676,78.55557815776692,1.5049279039341148,0,0.0,0.0,0.0,0.0,0.0,0.0,0.0,0.0,0.0,1.0,1.0,0.0
2023-12-15,16:09:00.000000000,49.035,370.4594,,,,0,0.0,0.0,0.0,0.0,0.0,0.0,0.0,0.0,0.0,1.0,1.0,0.0
2023-12-15,16:10:00.000000000,49.05,370.345,,,,0,0.0,0.0,0.0,0.0,0.0,0.0,0.0,0.0,0.0,1.0,1.0,0.0
2023-12-15,16:11:00.000000000,49.055,370.3661,-0.08010278569934609,78.72235633860258,1.5021617736022923,0,0.0,0.0,0.0,0.0,0.0,0.0,0.0,0.0,0.0,1.0,1.0,0.0
2023-12-15,16:12:00.000000000,49.01,370.2,,,,0,0.0,0.0,0.0,0.0,0.0,0.0,0.0,0.0,0.0,1.0,1.0,0.0
2023-12-15,16:13:00.000000000,49.05,370.1794,,,,0,0.0,0.0,0.0,0.0,0.0,0.0,0.0,0.0,0.0,1.0,1.0,0.0
2023-12-15,16:14:00.000000000,49.065,370.78,-0.08047759749287162,78.90448359840693,1.5030155177811955,0,0.0,0.0,0.0,0.0,0.0,0.0,0.0,0.0,0.0,1.0,1.0,0.0
2023-12-15,16:15:00.000000000,49.065,370.98,,,,0,0.0,0.0,0.0,0.0,0.0,0.0,0.0,0.0,0.0,1.0,1.0,0.0
2023-12-15,16:16:00.000000000,49.01,371.12,,,,0,0.0,0.0,0.0,0.0,0.0,0.0,0.0,0.0,0.0,1.0,1.0,0.0
2023-12-15,16:17:00.000000000,49.03,371.095,-0.08075218499988698,78.99673209253307,1.488309914537352,0,0.0,0.0,0.0,0.0,0.0,0.0,0.0,0.0,0.0,1.0,1.0,0.0
2023-12-15,16:18:00.000000000,49.035,371.1746,,,,0,0.0,0.0,0.0,0.0,0.0,0.0,0.0,0.0,0.0,1.0,1.0,0.0
2023-12-15,16:19:00.000000000,49.06,371.4599,,,,0,0.0,0.0,0.0,0.0,0.0,0.0,0.0,0.0,0.0,1.0,1.0,0.0
2023-12-15,16:20:00.000000000,49.035,371.25,-0.08100873075373743,79.10949129232502,1.4775612401609488,0,0.0,0.0,0.0,0.0,0.0,0.0,0.0,0.0,0.0,1.0,1.0,0.0
2023-12-15,16:21:00.000000000,49.025,371.45,,,,0,0.0,0.0,0.0,0.0,0.0,0.0,0.0,0.0,0.0,1.0,1.0,0.0
2023-12-15,16:22:00.000000000,49.035,371.34,,,,0,0.0,0.0,0.0,0.0,0.0,0.0,0.0,0.0,0.0,1.0,1.0,0.0
2023-12-15,16:23:00.000000000,49.01,371.38,-0.08121356110823286,79.17109232437551,1.4583527731635713,0,0.0,0.0,0.0,0.0,0.0,0.0,0.0,0.0,0.0,1.0,1.0,0.0
2023-12-15,16:24:00.000000000,49.05,371.42,,,,0,0.0,0.0,0.0,0.0,0.0,0.0,0.0,0.0,0.0,1.0,1.0,0.0
2023-12-15,16:25:00.000000000,49.045,371.5,,,,0,0.0,0.0,0.0,0.0,0.0,0.0,0.0,0.0,0.0,1.0,1.0,0.0
2023-12-15,16:26:00.000000000,49.06,371.7601,-0.08135969457993754,79.30628819300705,1.4525288958444906,0,0.0,0.0,0.0,0.0,0.0,0.0,0.0,0.0,0.0,1.0,1.0,0.0
2023-12-15,16:27:00.000000000,49.06,371.785,,,,0,0.0,0.0,0.0,0.0,0.0,0.0,0.0,0.0,0.0,1.0,1.0,0.0
2023-12-15,16:28:00.000000000,49.065,371.59,,,,0,0.0,0.0,0.0,0.0,0.0,0.0,0.0,0.0,0.0,1.0,1.0,0.0
2023-12-15,16:29:00.000000000,49.06,371.74,-0.08146284571276503,79.34299826526328,1.4294148053448859,0,0.0,0.0,0.0,0.0,0.0,0.0,0.0,0.0,0.0,1.0,1.0,0.0
2023-12-15,16:30:00.000000000,49.06,371.97,,,,0,0.0,0.0,0.0,0.0,0.0,0.0,0.0,0.0,0.0,1.0,1.0,0.0
2023-12-15,16:31:00.000000000,49.05,371.91,,,,0,0.0,0.0,0.0,0.0,0.0,0.0,0.0,0.0,0.0,1.0,1.0,0.0
2023-12-15,16:32:00.000000000,49.04,371.79,-0.08158596668470768,79.37284655370746,1.406102151871915,0,0.0,0.0,0.0,0.0,0.0,0.0,0.0,0.0,0.0,1.0,1.0,0.0
2023-12-15,16:33:00.000000000,49.06,371.7014,,,,0,0.0,0.0,0.0,0.0,0.0,0.0,0.0,0.0,0.0,1.0,1.0,0.0
2023-12-15,16:34:00.000000000,48.98,371.4501,,,,0,0.0,0.0,0.0,0.0,0.0,0.0,0.0,0.0,0.0,1.0,1.0,0.0
2023-12-15,16:35:00.000000000,48.98,371.75,-0.081735705411662,79.36524848678535,1.376995644763871,0,0.0,0.0,0.0,0.0,0.0,0.0,0.0,0.0,0.0,1.0,1.0,0.0
2023-12-15,16:36:00.000000000,48.96,371.62,,,,0,0.0,0.0,0.0,0.0,0.0,0.0,0.0,0.0,0.0,1.0,1.0,0.0
2023-12-15,16:37:00.000000000,48.965,371.495,,,,0,0.0,0.0,0.0,0.0,0.0,0.0,0.0,0.0,0.0,1.0,1.0,0.0
2023-12-15,16:38:00.000000000,48.95,371.475,-0.0818425886176684,79.35247560674837,1.3478315874721167,0,0.0,0.0,0.0,0.0,0.0,0.0,0.0,0.0,0.0,1.0,1.0,0.0
2023-12-15,16:39:00.000000000,48.88,371.46,,,,0,0.0,0.0,0.0,0.0,0.0,0.0,0.0,0.0,0.0,1.0,1.0,0.0
2023-12-15,16:40:00.000000000,48.855,371.27,,,,0,0.0,0.0,0.0,0.0,0.0,0.0,0.0,0.0,0.0,1.0,1.0,0.0
2023-12-15,16:41:00.000000000,48.87,371.24,-0.0819617106243032,79.29746545216632,1.3116935352024974,0,0.0,0.0,0.0,0.0,0.0,0.0,0.0,0.0,0.0,1.0,1.0,0.0
2023-12-15,16:42:00.000000000,48.885,371.23,,,,0,0.0,0.0,0.0,0.0,0.0,0.0,0.0,0.0,0.0,1.0,1.0,0.0
2023-12-15,16:43:00.000000000,48.845,371.25,,,,0,0.0,0.0,0.0,0.0,0.0,0.0,0.0,0.0,0.0,1.0,1.0,0.0
2023-12-15,16:44:00.000000000,48.87,371.14,-0.08220118354550499,79.37814726107871,1.3020270352544216,0,0.0,0.0,0.0,0.0,0.0,0.0,0.0,0.0,0.0,1.0,1.0,0.0
2023-12-15,16:45:00.000000000,48.91,371.45,,,,0,0.0,0.0,0.0,0.0,0.0,0.0,0.0,0.0,0.0,1.0,1.0,0.0
2023-12-15,16:46:00.000000000,48.875,371.34,,,,0,0.0,0.0,0.0,0.0,0.0,0.0,0.0,0.0,0.0,1.0,1.0,0.0
2023-12-15,16:47:00.000000000,48.882,371.4193,-0.08234499552724589,79.4665205972328,1.2946406843146212,0,0.0,0.0,0.0,0.0,0.0,0.0,0.0,0.0,0.0,1.0,1.0,0.0
2023-12-15,16:48:00.000000000,48.905,371.22,,,,0,0.0,0.0,0.0,0.0,0.0,0.0,0.0,0.0,0.0,1.0,1.0,0.0
2023-12-15,16:49:00.000000000,48.91,371.12,,,,0,0.0,0.0,0.0,0.0,0.0,0.0,0.0,0.0,0.0,1.0,1.0,0.0
2023-12-15,16:50:00.000000000,48.94,371.1785,-0.08251873229415965,79.56917927484773,1.2907102095891194,0,0.0,0.0,0.0,0.0,0.0,0.0,0.0,0.0,0.0,1.0,1.0,0.0
2023-12-15,16:51:00.000000000,48.96,371.1432,,,,0,0.0,0.0,0.0,0.0,0.0,0.0,0.0,0.0,0.0,1.0,1.0,0.0
2023-12-15,16:52:00.000000000,49.005,370.97,,,,0,0.0,0.0,0.0,0.0,0.0,0.0,0.0,0.0,0.0,1.0,1.0,0.0
2023-12-15,16:53:00.000000000,49.01,370.9547,-0.08275592531046808,79.70869944676708,1.2949337192536283,0,0.0,0.0,0.0,0.0,0.0,0.0,0.0,0.0,0.0,1.0,1.0,0.0
2023-12-15,16:54:00.000000000,49.015,370.96,,,,0,0.0,0.0,0.0,0.0,0.0,0.0,0.0,0.0,0.0,1.0,1.0,0.0
2023-12-15,16:55:00.000000000,48.99,371.06,,,,0,0.0,0.0,0.0,0.0,0.0,0.0,0.0,0.0,0.0,1.0,1.0,0.0
2023-12-15,16:56:00.000000000,49.015,371.24,-0.08290122970501161,79.79125251568851,1.2885286733022945,0,0.0,0.0,0.0,0.0,0.0,0.0,0.0,0.0,0.0,1.0,1.0,0.0
2023-12-15,16:57:00.000000000,49.035,371.23,,,,0,0.0,0.0,0.0,0.0,0.0,0.0,0.0,0.0,0.0,1.0,1.0,0.0
2023-12-15,16:58:00.000000000,49.07,371.38,,,,0,0.0,0.0,0.0,0.0,0.0,0.0,0.0,0.0,0.0,1.0,1.0,0.0
2023-12-15,16:59:00.000000000,49.055,371.3,-0.08297281102894064,79.86280473504566,1.28062074181223,0,0.0,0.0,0.0,0.0,0.0,0.0,0.0,0.0,0.0,1.0,1.0,0.0
2023-12-15,17:00:00.000000000,49.105,371.48,,,,0,0.0,0.0,0.0,0.0,0.0,0.0,0.0,0.0,0.0,1.0,1.0,0.0
2023-12-15,17:01:00.000000000,49.085,371.39,,,,0,0.0,0.0,0.0,0.0,0.0,0.0,0.0,0.0,0.0,1.0,1.0,0.0
2023-12-15,17:02:00.000000000,49.065,371.45,-0.08304125751069742,79.91067510234856,1.2687020326956837,0,0.0,0.0,0.0,0.0,0.0,0.0,0.0,0.0,0.0,1.0,1.0,0.0
2023-12-15,17:03:00.000000000,49.06,371.59,,,,0,0.0,0.0,0.0,0.0,0.0,0.0,0.0,0.0,0.0,1.0,1.0,0.0
2023-12-15,17:04:00.000000000,49.05,371.18,,,,0,0.0,0.0,0.0,0.0,0.0,0.0,0.0,0.0,0.0,1.0,1.0,0.0
2023-12-15,17:05:00.000000000,49.042,371.16,-0.08312272392698289,79.89383021273898,1.2440986369829796,0,0.0,0.0,0.0,0.0,0.0,0.0,0.0,0.0,0.0,1.0,1.0,0.0
2023-12-15,17:06:00.000000000,49.054,371.005,,,,0,0.0,0.0,0.0,0.0,0.0,0.0,0.0,0.0,0.0,1.0,1.0,0.0
2023-12-15,17:07:00.000000000,49.06,371.12,,,,0,0.0,0.0,0.0,0.0,0.0,0.0,0.0,0.0,0.0,1.0,1.0,0.0
2023-12-15,17:08:00.000000000,49.075,371.13,-0.08321227075727478,79.9575700461474,1.2371128799832414,0,0.0,0.0,0.0,0.0,0.0,0.0,0.0,0.0,0.0,1.0,1.0,0.0
2023-12-15,17:09:00.000000000,49.075,371.01,,,,0,0.0,0.0,0.0,0.0,0.0,0.0,0.0,0.0,0.0,1.0,1.0,0.0
2023-12-15,17:10:00.000000000,49.08,371.0501,,,,0,0.0,0.0,0.0,0.0,0.0,0.0,0.0,0.0,0.0,1.0,1.0,0.0
2023-12-15,17:11:00.000000000,49.12,371.21,-0.08332082740744737,80.04952434191853,1.2362970574363097,0,0.0,0.0,0.0,0.0,0.0,0.0,0.0,0.0,0.0,1.0,1.0,0.0
2023-12-15,17:12:00.000000000,49.13,371.175,,,,0,0.0,0.0,0.0,0.0,0.0,0.0,0.0,0.0,0.0,1.0,1.0,0.0
2023-12-15,17:13:00.000000000,49.145,371.205,,,,0,0.0,0.0,0.0,0.0,0.0,0.0,0.0,0.0,0.0,1.0,1.0,0.0
2023-12-15,17:14:00.000000000,49.165,371.55,-0.0834047501575603,80.15403492104153,1.2388959677329991,0,0.0,0.0,0.0,0.0,0.0,0.0,0.0,0.0,0.0,1.0,1.0,0.0
2023-12-15,17:15:00.000000000,49.15,371.42,,,,0,0.0,0.0,0.0,0.0,0.0,0.0,0.0,0.0,0.0,1.0,1.0,0.0
2023-12-15,17:16:00.000000000,49.145,371.52,,,,0,0.0,0.0,0.0,0.0,0.0,0.0,0.0,0.0,0.0,1.0,1.0,0.0
2023-12-15,17:17:00.000000000,49.11,371.42,-0.08350577471746867,80.12571484556221,1.2123349058204869,0,0.0,0.0,0.0,0.0,0.0,0.0,0.0,0.0,0.0,1.0,1.0,0.0
2023-12-15,17:18:00.000000000,49.125,371.63,,,,0,0.0,0.0,0.0,0.0,0.0,0.0,0.0,0.0,0.0,1.0,1.0,0.0
2023-12-15,17:19:00.000000000,49.14,371.9205,,,,0,0.0,0.0,0.0,0.0,0.0,0.0,0.0,0.0,0.0,1.0,1.0,0.0
2023-12-15,17:20:00.000000000,49.145,371.95,-0.0835621261749541,80.22593283077418,1.2156254490941323,0,0.0,0.0,0.0,0.0,0.0,0.0,0.0,0.0,0.0,1.0,1.0,0.0
2023-12-15,17:21:00.000000000,49.16,371.9201,,,,0,0.0,0.0,0.0,0.0,0.0,0.0,0.0,0.0,0.0,1.0,1.0,0.0
2023-12-15,17:22:00.000000000,49.135,371.6204,,,,0,0.0,0.0,0.0,0.0,0.0,0.0,0.0,0.0,0.0,1.0,1.0,0.0
2023-12-15,17:23:00.000000000,49.16,371.59,-0.08366950894167795,80.25075282763811,1.2022867858002544,0,0.0,0.0,0.0,0.0,0.0,0.0,0.0,0.0,0.0,1.0,1.0,0.0
2023-12-15,17:24:00.000000000,49.165,371.7,,,,0,0.0,0.0,0.0,0.0,0.0,0.0,0.0,0.0,0.0,1.0,1.0,0.0
2023-12-15,17:25:00.000000000,49.15,371.61,,,,0,0.0,0.0,0.0,0.0,0.0,0.0,0.0,0.0,0.0,1.0,1.0,0.0
2023-12-15,17:26:00.000000000,49.145,371.615,-0.08377982337878652,80.27883906490776,1.1903611786908876,0,0.0,0.0,0.0,0.0,0.0,0.0,0.0,0.0,0.0,1.0,1.0,0.0
2023-12-15,17:27:00.000000000,49.15,371.58,,,,0,0.0,0.0,0.0,0.0,0.0,0.0,0.0,0.0,0.0,1.0,1.0,0.0
2023-12-15,17:28:00.000000000,49.15,371.48,,,,0,0.0,0.0,0.0,0.0,0.0,0.0,0.0,0.0,0.0,1.0,1.0,0.0
2023-12-15,17:29:00.000000000,49.15,371.47,-0.08390465430605769,80.31806193507126,1.1813101432994808,0,0.0,0.0,0.0,0.0,0.0,0.0,0.0,0.0,0.0,1.0,1.0,0.0
2023-12-15,17:30:00.000000000,49.135,371.42,,,,0,0.0,0.0,0.0,0.0,0.0,0.0,0.0,0.0,0.0,1.0,1.0,0.0
2023-12-15,17:31:00.000000000,49.155,371.17,,,,0,0.0,0.0,0.0,0.0,0.0,0.0,0.0,0.0,0.0,1.0,1.0,0.0
2023-12-15,17:32:00.000000000,49.15,371.09,-0.08403561018057729,80.33477458191042,1.166946527166986,0,0.0,0.0,0.0,0.0,0.0,0.0,0.0,0.0,0.0,1.0,1.0,0.0
2023-12-15,17:33:00.000000000,49.16,371.135,,,,0,0.0,0.0,0.0,0.0,0.0,0.0,0.0,0.0,0.0,1.0,1.0,0.0
2023-12-15,17:34:00.000000000,49.16,371.13,,,,0,0.0,0.0,0.0,0.0,0.0,0.0,0.0,0.0,0.0,1.0,1.0,0.0
2023-12-15,17:35:00.000000000,49.15,371.04,-0.08417005483358635,80.38045714545387,1.160357923142958,0,0.0,0.0,0.0,0.0,0.0,0.0,0.0,0.0,0.0,1.0,1.0,0.0
2023-12-15,17:36:00.000000000,49.14,370.9,,,,0,0.0,0.0,0.0,0.0,0.0,0.0,0.0,0.0,0.0,1.0,1.0,0.0
2023-12-15,17:37:00.000000000,49.13,370.6357,,,,0,0.0,0.0,0.0,0.0,0.0,0.0,0.0,0.0,0.0,1.0,1.0,0.0
2023-12-15,17:38:00.000000000,49.11,370.58,-0.08435705419523243,80.37103714366923,1.14014396721366,0,0.0,0.0,0.0,0.0,0.0,0.0,0.0,0.0,0.0,1.0,1.0,0.0
2023-12-15,17:39:00.000000000,49.13,370.87,,,,0,0.0,0.0,0.0,0.0,0.0,0.0,0.0,0.0,0.0,1.0,1.0,0.0
2023-12-15,17:40:00.000000000,49.14,370.8801,,,,0,0.0,0.0,0.0,0.0,0.0,0.0,0.0,0.0,0.0,1.0,1.0,0.0
2023-12-15,17:41:00.000000000,49.155,370.895,-0.08449007578829433,80.49194665949943,1.1546941876644878,0,0.0,0.0,0.0,0.0,0.0,0.0,0.0,0.0,0.0,1.0,1.0,0.0
2023-12-15,17:42:00.000000000,49.155,371.15,,,,0,0.0,0.0,0.0,0.0,0.0,0.0,0.0,0.0,0.0,1.0,1.0,0.0
2023-12-15,17:43:00.000000000,49.165,371.15,,,,0,0.0,0.0,0.0,0.0,0.0,0.0,0.0,0.0,0.0,1.0,1.0,0.0
2023-12-15,17:44:00.000000000,49.185,371.4,-0.08458188888260276,80.59871353099867,1.1664233391588055,0,0.0,0.0,0.0,0.0,0.0,0.0,0.0,0.0,0.0,1.0,1.0,0.0
2023-12-15,17:45:00.000000000,49.19,371.405,,,,0,0.0,0.0,0.0,0.0,0.0,0.0,0.0,0.0,0.0,1.0,1.0,0.0
2023-12-15,17:46:00.000000000,49.17,371.1,,,,0,0.0,0.0,0.0,0.0,0.0,0.0,0.0,0.0,0.0,1.0,1.0,0.0
2023-12-15,17:47:00.000000000,49.115,370.73,-0.08471855717655882,80.52271070206565,1.1282483506895726,0,0.0,0.0,0.0,0.0,0.0,0.0,0.0,0.0,0.0,1.0,1.0,0.0
2023-12-15,17:48:00.000000000,49.15,370.835,,,,0,0.0,0.0,0.0,0.0,0.0,0.0,0.0,0.0,0.0,1.0,1.0,0.0
2023-12-15,17:49:00.000000000,49.185,370.89,,,,0,0.0,0.0,0.0,0.0,0.0,0.0,0.0,0.0,0.0,1.0,1.0,0.0
2023-12-15,17:50:00.000000000,49.18,371.02,-0.08486208193590133,80.66552963985811,1.1519430590312703,0,0.0,0.0,0.0,0.0,0.0,0.0,0.0,0.0,0.0,1.0,1.0,0.0
2023-12-15,17:51:00.000000000,49.195,371.07,,,,0,0.0,0.0,0.0,0.0,0.0,0.0,0.0,0.0,0.0,1.0,1.0,0.0
2023-12-15,17:52:00.000000000,49.145,370.66,,,,0,0.0,0.0,0.0,0.0,0.0,0.0,0.0,0.0,0.0,1.0,1.0,0.0
2023-12-15,17:53:00.000000000,49.145,370.69,-0.0850240914523821,80.66258046048353,1.134922175104181,0,0.0,0.0,0.0,0.0,0.0,0.0,0.0,0.0,0.0,1.0,1.0,0.0
2023-12-15,17:54:00.000000000,49.135,370.67,,,,0,0.0,0.0,0.0,0.0,0.0,0.0,0.0,0.0,0.0,1.0,1.0,0.0
2023-12-15,17:55:00.000000000,49.09,370.66,,,,0,0.0,0.0,0.0,0.0,0.0,0.0,0.0,0.0,0.0,1.0,1.0,0.0
2023-12-15,17:56:00.000000000,49.06,370.3099,-0.08525672634166265,80.63140980590846,1.109658409269266,0,0.0,0.0,0.0,0.0,0.0,0.0,0.0,0.0,0.0,1.0,1.0,0.0
2023-12-15,17:57:00.000000000,49.0419,370.32,,,,0,0.0,0.0,0.0,0.0,0.0,0.0,0.0,0.0,0.0,1.0,1.0,0.0
2023-12-15,17:58:00.000000000,49.03,370.215,,,,0,0.0,0.0,0.0,0.0,0.0,0.0,0.0,0.0,0.0,1.0,1.0,0.0
2023-12-15,17:59:00.000000000,49.035,370.1299,-0.0855400204920061,80.69591923070416,1.1134519457778398,0,0.0,0.0,0.0,0.0,0.0,0.0,0.0,0.0,0.0,1.0,1.0,0.0
2023-12-15,18:00:00.000000000,49.035,370.21,,,,0,0.0,0.0,0.0,0.0,0.0,0.0,0.0,0.0,0.0,1.0,1.0,0.0
2023-12-15,18:01:00.000000000,49.04,370.2217,,,,0,0.0,0.0,0.0,0.0,0.0,0.0,0.0,0.0,0.0,1.0,1.0,0.0
2023-12-15,18:02:00.000000000,48.995,370.0742,-0.0858381407305932,80.76148126036169,1.1183307374277094,0,0.0,0.0,0.0,0.0,0.0,0.0,0.0,0.0,0.0,1.0,1.0,0.0
2023-12-15,18:03:00.000000000,48.99,370.195,,,,0,0.0,0.0,0.0,0.0,0.0,0.0,0.0,0.0,0.0,1.0,1.0,0.0
2023-12-15,18:04:00.000000000,48.99,370.1039,,,,0,0.0,0.0,0.0,0.0,0.0,0.0,0.0,0.0,0.0,1.0,1.0,0.0
2023-12-15,18:05:00.000000000,49.01,370.48,-0.08606009880811298,80.8935454064297,1.1454600602550093,0,0.0,0.0,0.0,0.0,0.0,0.0,0.0,0.0,0.0,1.0,1.0,0.0
2023-12-15,18:06:00.000000000,48.985,370.47,,,,0,0.0,0.0,0.0,0.0,0.0,0.0,0.0,0.0,0.0,1.0,1.0,0.0
2023-12-15,18:07:00.000000000,48.99,370.52,,,,0,0.0,0.0,0.0,0.0,0.0,0.0,0.0,0.0,0.0,1.0,1.0,0.0
2023-12-15,18:08:00.000000000,48.97,370.55,-0.0863154058430613,80.95417363514636,1.1507074686401253,0,0.0,0.0,0.0,0.0,0.0,0.0,0.0,0.0,0.0,1.0,1.0,0.0
2023-12-15,18:09:00.000000000,48.96,370.45,,,,0,0.0,0.0,0.0,0.0,0.0,0.0,0.0,0.0,0.0,1.0,1.0,0.0
2023-12-15,18:10:00.000000000,48.955,370.39,,,,0,0.0,0.0,0.0,0.0,0.0,0.0,0.0,0.0,0.0,1.0,1.0,0.0
2023-12-15,18:11:00.000000000,48.93,370.35,-0.08655305509455022,80.98492395426668,1.147622914795057,0,0.0,0.0,0.0,0.0,0.0,0.0,0.0,0.0,0.0,1.0,1.0,0.0
2023-12-15,18:12:00.000000000,48.96,370.57,,,,0,0.0,0.0,0.0,0.0,0.0,0.0,0.0,0.0,0.0,1.0,1.0,0.0
2023-12-15,18:13:00.000000000,48.935,370.5601,,,,0,0.0,0.0,0.0,0.0,0.0,0.0,0.0,0.0,0.0,1.0,1.0,0.0
2023-12-15,18:14:00.000000000,48.945,370.785,-0.0868053146748748,81.13110860172345,1.1855218849079285,0,0.0,0.0,0.0,0.0,0.0,0.0,0.0,0.0,0.0,1.0,1.0,0.0
2023-12-15,18:15:00.000000000,48.91,370.445,,,,0,0.0,0.0,0.0,0.0,0.0,0.0,0.0,0.0,0.0,1.0,1.0,0.0
2023-12-15,18:16:00.000000000,48.935,370.475,,,,0,0.0,0.0,0.0,0.0,0.0,0.0,0.0,0.0,0.0,1.0,1.0,0.0
2023-12-15,18:17:00.000000000,48.955,370.62,-0.08701276244250623,81.20367001644166,1.2000562939107382,0,0.0,0.0,0.0,0.0,0.0,0.0,0.0,0.0,0.0,1.0,1.0,0.0
2023-12-15,18:18:00.000000000,48.92,370.51,,,,0,0.0,0.0,0.0,0.0,0.0,0.0,0.0,0.0,0.0,1.0,1.0,0.0
2023-12-15,18:19:00.000000000,48.925,370.39,,,,0,0.0,0.0,0.0,0.0,0.0,0.0,0.0,0.0,0.0,1.0,1.0,0.0
2023-12-15,18:20:00.000000000,48.915,370.41,-0.08720356226771826,81.21607149958552,1.1928498238991616,0,0.0,0.0,0.0,0.0,0.0,0.0,0.0,0.0,0.0,1.0,1.0,0.0
2023-12-15,18:21:00.000000000,48.89,370.4601,,,,0,0.0,0.0,0.0,0.0,0.0,0.0,0.0,0.0,0.0,1.0,1.0,0.0
2023-12-15,18:22:00.000000000,48.895,370.41,,,,0,0.0,0.0,0.0,0.0,0.0,0.0,0.0,0.0,0.0,1.0,1.0,0.0
2023-12-15,18:23:00.000000000,48.9,370.58,-0.08740527780402482,81.29064784861552,1.205924230572483,0,0.0,0.0,0.0,0.0,0.0,0.0,0.0,0.0,0.0,1.0,1.0,0.0
2023-12-15,18:24:00.000000000,48.885,370.49,,,,0,0.0,0.0,0.0,0.0,0.0,0.0,0.0,0.0,0.0,1.0,1.0,0.0
2023-12-15,18:25:00.000000000,48.87,370.48,,,,0,0.0,0.0,0.0,0.0,0.0,0.0,0.0,0.0,0.0,1.0,1.0,0.0
2023-12-15,18:26:00.000000000,48.865,370.58,-0.087566950583828,81.31556054735498,1.2005583408801768,0,0.0,0.0,0.0,0.0,0.0,0.0,0.0,0.0,0.0,1.0,1.0,0.0
2023-12-15,18:27:00.000000000,48.855,370.545,,,,0,0.0,0.0,0.0,0.0,0.0,0.0,0.0,0.0,0.0,1.0,1.0,0.0
2023-12-15,18:28:00.000000000,48.865,370.55,,,,0,0.0,0.0,0.0,0.0,0.0,0.0,0.0,0.0,0.0,1.0,1.0,0.0
2023-12-15,18:29:00.000000000,48.885,370.64,-0.08776598214286326,81.41458362143084,1.223864621531942,0,0.0,0.0,0.0,0.0,0.0,0.0,0.0,0.0,0.0,1.0,1.0,0.0
2023-12-15,18:30:00.000000000,48.875,370.82,,,,0,0.0,0.0,0.0,0.0,0.0,0.0,0.0,0.0,0.0,1.0,1.0,0.0
2023-12-15,18:31:00.000000000,48.87,370.64,,,,0,0.0,0.0,0.0,0.0,0.0,0.0,0.0,0.0,0.0,1.0,1.0,0.0
2023-12-15,18:32:00.000000000,48.885,370.6601,-0.08794988642155717,81.48451369600302,1.236015726243017,0,0.0,0.0,0.0,0.0,0.0,0.0,0.0,0.0,0.0,1.0,1.0,0.0
2023-12-15,18:33:00.000000000,48.89,370.73,,,,0,0.0,0.0,0.0,0.0,0.0,0.0,0.0,0.0,0.0,1.0,1.0,0.0
2023-12-15,18:34:00.000000000,48.895,370.8197,,,,0,0.0,0.0,0.0,0.0,0.0,0.0,0.0,0.0,0.0,1.0,1.0,0.0
2023-12-15,18:35:00.000000000,48.865,370.9,-0.08812686975066034,81.55125599051992,1.246544326597646,0,0.0,0.0,0.0,0.0,0.0,0.0,0.0,0.0,0.0,1.0,1.0,0.0
2023-12-15,18:36:00.000000000,48.855,370.1999,,,,0,0.0,0.0,0.0,0.0,0.0,0.0,0.0,0.0,0.0,1.0,1.0,0.0
2023-12-15,18:37:00.000000000,48.84,370.35,,,,0,0.0,0.0,0.0,0.0,0.0,0.0,0.0,0.0,0.0,1.0,1.0,0.0
2023-12-15,18:38:00.000000000,48.81,370.32,-0.08829762700856773,81.50837723381281,1.2099911653615931,0,0.0,0.0,0.0,0.0,0.0,0.0,0.0,0.0,0.0,1.0,1.0,0.0
2023-12-15,18:39:00.000000000,48.8,370.26,,,,0,0.0,0.0,0.0,0.0,0.0,0.0,0.0,0.0,0.0,1.0,1.0,0.0
2023-12-15,18:40:00.000000000,48.74,369.985,,,,0,0.0,0.0,0.0,0.0,0.0,0.0,0.0,0.0,0.0,1.0,1.0,0.0
2023-12-15,18:41:00.000000000,48.65,369.515,-0.08839568945552684,81.31353318915899,1.1094387197363118,0,0.0,0.0,0.0,0.0,0.0,0.0,0.0,0.0,0.0,1.0,1.0,0.0
2023-12-15,18:42:00.000000000,48.69,369.71,,,,0,0.0,0.0,0.0,0.0,0.0,0.0,0.0,0.0,0.0,1.0,1.0,0.0
2023-12-15,18:43:00.000000000,48.65,369.69,,,,0,0.0,0.0,0.0,0.0,0.0,0.0,0.0,0.0,0.0,1.0,1.0,0.0
2023-12-15,18:44:00.000000000,48.645,369.53,-0.08849168793143165,81.34533344130193,1.1075942248493869,0,0.0,0.0,0.0,0.0,0.0,0.0,0.0,0.0,0.0,1.0,1.0,0.0
2023-12-15,18:45:00.000000000,48.66,369.68,,,,0,0.0,0.0,0.0,0.0,0.0,0.0,0.0,0.0,0.0,1.0,1.0,0.0
2023-12-15,18:46:00.000000000,48.65,369.6396,,,,0,0.0,0.0,0.0,0.0,0.0,0.0,0.0,0.0,0.0,1.0,1.0,0.0
2023-12-15,18:47:00.000000000,48.695,369.94,-0.08857984378208812,81.46422740874567,1.1457996583507157,0,0.0,0.0,0.0,0.0,0.0,0.0,0.0,0.0,0.0,1.0,1.0,0.0
2023-12-15,18:48:00.000000000,48.715,369.78,,,,0,0.0,0.0,0.0,0.0,0.0,0.0,0.0,0.0,0.0,1.0,1.0,0.0
2023-12-15,18:49:00.000000000,48.755,369.96,,,,0,0.0,0.0,0.0,0.0,0.0,0.0,0.0,0.0,0.0,1.0,1.0,0.0
2023-12-15,18:50:00.000000000,48.7734,369.72,-0.08866333170295601,81.5540069972169,1.172464335791049,0,0.0,0.0,0.0,0.0,0.0,0.0,0.0,0.0,0.0,1.0,1.0,0.0
2023-12-15,18:51:00.000000000,48.79,370.0421,,,,0,0.0,0.0,0.0,0.0,0.0,0.0,0.0,0.0,0.0,1.0,1.0,0.0
2023-12-15,18:52:00.000000000,48.8,369.87,,,,0,0.0,0.0,0.0,0.0,0.0,0.0,0.0,0.0,0.0,1.0,1.0,0.0
2023-12-15,18:53:00.000000000,48.77,369.91,-0.08872087647347927,81.58873941630472,1.1765658990446466,0,0.0,0.0,0.0,0.0,0.0,0.0,0.0,0.0,0.0,1.0,1.0,0.0
2023-12-15,18:54:00.000000000,48.71,369.41,,,,0,0.0,0.0,0.0,0.0,0.0,0.0,0.0,0.0,0.0,1.0,1.0,0.0
2023-12-15,18:55:00.000000000,48.685,369.09,,,,0,0.0,0.0,0.0,0.0,0.0,0.0,0.0,0.0,0.0,1.0,1.0,0.0
2023-12-15,18:56:00.000000000,48.7001,369.39,-0.08873990838400252,81.4797347579667,1.1120162153080435,0,0.0,0.0,0.0,0.0,0.0,0.0,0.0,0.0,0.0,1.0,1.0,0.0
2023-12-15,18:57:00.000000000,48.69,369.3279,,,,0,0.0,0.0,0.0,0.0,0.0,0.0,0.0,0.0,0.0,1.0,1.0,0.0
2023-12-15,18:58:00.000000000,48.695,369.45,,,,0,0.0,0.0,0.0,0.0,0.0,0.0,0.0,0.0,0.0,1.0,1.0,0.0
2023-12-15,18:59:00.000000000,48.7,369.54,-0.08876437596203217,81.50198749300938,1.1126942199107723,0,0.0,0.0,0.0,0.0,0.0,0.0,0.0,0.0,0.0,1.0,1.0,0.0
2023-12-15,19:00:00.000000000,48.68,369.3,,,,0,0.0,0.0,0.0,0.0,0.0,0.0,0.0,0.0,0.0,1.0,1.0,0.0
2023-12-15,19:01:00.000000000,48.715,369.265,,,,0,0.0,0.0,0.0,0.0,0.0,0.0,0.0,0.0,0.0,1.0,1.0,0.0
2023-12-15,19:02:00.000000000,48.75,369.48,-0.0888395413494038,81.57443373777772,1.1417651087708673,0,0.0,0.0,0.0,0.0,0.0,0.0,0.0,0.0,0.0,1.0,1.0,0.0
2023-12-15,19:03:00.000000000,48.755,369.69,,,,0,0.0,0.0,0.0,0.0,0.0,0.0,0.0,0.0,0.0,1.0,1.0,0.0
2023-12-15,19:04:00.000000000,48.73,369.59,,,,0,0.0,0.0,0.0,0.0,0.0,0.0,0.0,0.0,0.0,1.0,1.0,0.0
2023-12-15,19:05:00.000000000,48.745,369.4501,-0.08888297993095032,81.58282582378759,1.1393570877879775,0,0.0,0.0,0.0,0.0,0.0,0.0,0.0,0.0,0.0,1.0,1.0,0.0
2023-12-15,19:06:00.000000000,48.765,369.48,,,,0,0.0,0.0,0.0,0.0,0.0,0.0,0.0,0.0,0.0,1.0,1.0,0.0
2023-12-15,19:07:00.000000000,48.785,369.74,,,,0,0.0,0.0,0.0,0.0,0.0,0.0,0.0,0.0,0.0,1.0,1.0,0.0
2023-12-15,19:08:00.000000000,48.785,369.775,-0.08894952049377808,81.67630894058678,1.1850062139479254,0,0.0,0.0,0.0,0.0,0.0,0.0,0.0,0.0,0.0,1.0,1.0,0.0
2023-12-15,19:09:00.000000000,48.795,369.7,,,,0,0.0,0.0,0.0,0.0,0.0,0.0,0.0,0.0,0.0,1.0,1.0,0.0
2023-12-15,19:10:00.000000000,48.755,369.705,,,,0,0.0,0.0,0.0,0.0,0.0,0.0,0.0,0.0,0.0,1.0,1.0,0.0
2023-12-15,19:11:00.000000000,48.785,369.78,-0.08905939719135478,81.71738389341917,1.2014603580652923,0,0.0,0.0,0.0,0.0,0.0,0.0,0.0,0.0,0.0,1.0,1.0,0.0
2023-12-15,19:12:00.000000000,48.815,369.97,,,,0,0.0,0.0,0.0,0.0,0.0,0.0,0.0,0.0,0.0,1.0,1.0,0.0
2023-12-15,19:13:00.000000000,48.795,369.85,,,,0,0.0,0.0,0.0,0.0,0.0,0.0,0.0,0.0,0.0,1.0,1.0,0.0
2023-12-15,19:14:00.000000000,48.79,369.805,-0.08916765608464947,81.76464505838379,1.2208541052578403,0,0.0,0.0,0.0,0.0,0.0,0.0,0.0,0.0,0.0,1.0,1.0,0.0
2023-12-15,19:15:00.000000000,48.815,369.97,,,,0,0.0,0.0,0.0,0.0,0.0,0.0,0.0,0.0,0.0,1.0,1.0,0.0
2023-12-15,19:16:00.000000000,48.835,370.07,,,,0,0.0,0.0,0.0,0.0,0.0,0.0,0.0,0.0,0.0,1.0,1.0,0.0
2023-12-15,19:17:00.000000000,48.845,370.08,-0.08932248817341862,81.90146642321875,1.300465537931395,0,0.0,0.0,0.0,0.0,0.0,0.0,0.0,0.0,0.0,1.0,1.0,0.0
2023-12-15,19:18:00.000000000,48.845,370.04,,,,0,0.0,0.0,0.0,0.0,0.0,0.0,0.0,0.0,0.0,1.0,1.0,0.0
2023-12-15,19:19:00.000000000,48.87,370.16,,,,0,0.0,0.0,0.0,0.0,0.0,0.0,0.0,0.0,0.0,1.0,1.0,0.0
2023-12-15,19:20:00.000000000,48.85,369.9599,-0.08945005424814789,81.94293312463938,1.3227974559709221,0,0.0,0.0,0.0,0.0,0.0,0.0,0.0,0.0,0.0,1.0,1.0,0.0
2023-12-15,19:21:00.000000000,48.845,370.06,,,,0,0.0,0.0,0.0,0.0,0.0,0.0,0.0,0.0,0.0,1.0,1.0,0.0
2023-12-15,19:22:00.000000000,48.84,369.975,,,,0,0.0,0.0,0.0,0.0,0.0,0.0,0.0,0.0,0.0,1.0,1.0,0.0
2023-12-15,19:23:00.000000000,48.83,370.01,-0.08956550984094444,81.97013429624785,1.335781391420336,0,0.0,0.0,0.0,0.0,0.0,0.0,0.0,0.0,0.0,1.0,1.0,0.0
2023-12-15,19:24:00.000000000,48.825,370.28,,,,0,0.0,0.0,0.0,0.0,0.0,0.0,0.0,0.0,0.0,1.0,1.0,0.0
2023-12-15,19:25:00.000000000,48.815,370.435,,,,0,0.0,0.0,0.0,0.0,0.0,0.0,0.0,0.0,0.0,1.0,1.0,0.0
2023-12-15,19:26:00.000000000,48.815,370.52,-0.08967450375001297,82.0411971294548,1.3795821703604185,0,0.0,0.0,0.0,0.0,0.0,0.0,0.0,0.0,0.0,1.0,1.0,0.0
2023-12-15,19:27:00.000000000,48.805,370.37,,,,0,0.0,0.0,0.0,0.0,0.0,0.0,0.0,0.0,0.0,1.0,1.0,0.0
2023-12-15,19:28:00.000000000,48.795,370.18,,,,0,0.0,0.0,0.0,0.0,0.0,0.0,0.0,0.0,0.0,1.0,1.0,0.0
2023-12-15,19:29:00.000000000,48.79,370.03,-0.08980731911856199,82.0214022934415,1.360173764046969,0,0.0,0.0,0.0,0.0,0.0,0.0,0.0,0.0,0.0,1.0,1.0,0.0
2023-12-15,19:30:00.000000000,48.81,370.37,,,,0,0.0,0.0,0.0,0.0,0.0,0.0,0.0,0.0,0.0,1.0,1.0,0.0
2023-12-15,19:31:00.000000000,48.85,370.626,,,,0,0.0,0.0,0.0,0.0,0.0,0.0,0.0,0.0,0.0,1.0,1.0,0.0
2023-12-15,19:32:00.000000000,48.84,370.61,-0.08993982878495817,82.17259994599334,1.4647618497556862,0,0.0,0.0,0.0,0.0,0.0,0.0,0.0,0.0,0.0,1.0,1.0,0.0
2023-12-15,19:33:00.000000000,48.87,370.71,,,,0,0.0,0.0,0.0,0.0,0.0,0.0,0.0,0.0,0.0,1.0,1.0,0.0
2023-12-15,19:34:00.000000000,48.885,370.7428,,,,0,0.0,0.0,0.0,0.0,0.0,0.0,0.0,0.0,0.0,1.0,1.0,0.0
2023-12-15,19:35:00.000000000,48.885,370.88,-0.09010794902554115,82.3042361345927,1.555107075474788,0,0.0,0.0,0.0,0.0,0.0,0.0,0.0,0.0,0.0,1.0,1.0,0.0
2023-12-15,19:36:00.000000000,48.9,370.9799,,,,0,0.0,0.0,0.0,0.0,0.0,0.0,0.0,0.0,0.0,1.0,1.0,0.0
2023-12-15,19:37:00.000000000,48.9,370.92,,,,0,0.0,0.0,0.0,0.0,0.0,0.0,0.0,0.0,0.0,1.0,1.0,0.0
2023-12-15,19:38:00.000000000,48.915,370.835,-0.09031080082518657,82.40540582400806,1.6225393350707122,0,0.0,0.0,0.0,0.0,0.0,0.0,0.0,0.0,0.0,1.0,1.0,0.0
2023-12-15,19:39:00.000000000,48.905,370.685,,,,0,0.0,0.0,0.0,0.0,0.0,0.0,0.0,0.0,0.0,1.0,1.0,0.0
2023-12-15,19:40:00.000000000,48.95,370.46,,,,0,0.0,0.0,0.0,0.0,0.0,0.0,0.0,0.0,0.0,1.0,1.0,0.0
2023-12-15,19:41:00.000000000,48.99,370.68,-0.09050451174773273,82.53821241464956,1.7128058354192601,0,0.0,0.0,0.0,0.0,0.0,0.0,0.0,0.0,0.0,1.0,1.0,0.0
2023-12-15,19:42:00.000000000,48.965,370.48,,,,0,0.0,0.0,0.0,0.0,0.0,0.0,0.0,0.0,0.0,1.0,1.0,0.0
2023-12-15,19:43:00.000000000,48.97,370.54,,,,0,0.0,0.0,0.0,0.0,0.0,0.0,0.0,0.0,0.0,1.0,1.0,0.0
2023-12-15,19:44:00.000000000,48.965,370.515,-0.09069955043941273,82.570543931059,1.7205031202905372,0,0.0,0.0,0.0,0.0,0.0,0.0,0.0,0.0,0.0,1.0,1.0,0.0
2023-12-15,19:45:00.000000000,48.975,370.59,,,,0,0.0,0.0,0.0,0.0,0.0,0.0,0.0,0.0,0.0,1.0,1.0,0.0
2023-12-15,19:46:00.000000000,48.97,370.4966,,,,0,0.0,0.0,0.0,0.0,0.0,0.0,0.0,0.0,0.0,1.0,1.0,0.0
2023-12-15,19:47:00.000000000,48.96,370.435,-0.09089645743103396,82.63122920846507,1.7486679848250906,0,0.0,0.0,0.0,0.0,0.0,0.0,0.0,0.0,0.0,1.0,1.0,0.0
2023-12-15,19:48:00.000000000,48.98,370.53,,,,0,0.0,0.0,0.0,0.0,0.0,0.0,0.0,0.0,0.0,1.0,1.0,0.0
2023-12-15,19:49:00.000000000,48.975,370.4,,,,0,0.0,0.0,0.0,0.0,0.0,0.0,0.0,0.0,0.0,1.0,1.0,0.0
2023-12-15,19:50:00.000000000,48.97,370.31,-0.09107336847593428,82.69537908032322,1.777972292914044,0,0.0,0.0,0.0,0.0,0.0,0.0,0.0,0.0,0.0,1.0,1.0,0.0
2023-12-15,19:51:00.000000000,48.97,370.4,,,,0,0.0,0.0,0.0,0.0,0.0,0.0,0.0,0.0,0.0,1.0,1.0,0.0
2023-12-15,19:52:00.000000000,48.95,370.59,,,,0,0.0,0.0,0.0,0.0,0.0,0.0,0.0,0.0,0.0,1.0,1.0,0.0
2023-12-15,19:53:00.000000000,48.955,370.46,-0.09123156154457969,82.75264428980499,1.797151109229333,0,0.0,0.0,0.0,0.0,0.0,0.0,0.0,0.0,0.0,1.0,1.0,0.0
2023-12-15,19:54:00.000000000,48.95,370.48,,,,0,0.0,0.0,0.0,0.0,0.0,0.0,0.0,0.0,0.0,1.0,1.0,0.0
2023-12-15,19:55:00.000000000,48.92,370.5278,,,,0,0.0,0.0,0.0,0.0,0.0,0.0,0.0,0.0,0.0,1.0,1.0,0.0
2023-12-15,19:56:00.000000000,48.91,370.67,-0.09134932334580512,82.77045368458958,1.7797868051052435,0,0.0,0.0,0.0,0.0,0.0,0.0,0.0,0.0,0.0,1.0,1.0,0.0
2023-12-15,19:57:00.000000000,48.89,370.455,,,,0,0.0,0.0,0.0,0.0,0.0,0.0,0.0,0.0,0.0,1.0,1.0,0.0
2023-12-15,19:58:00.000000000,48.92,370.46,,,,0,0.0,0.0,0.0,0.0,0.0,0.0,0.0,0.0,0.0,1.0,1.0,0.0
2023-12-15,19:59:00.000000000,48.915,370.64,-0.09141257059799586,82.79615516644118,1.7657993374378704,1,0.0,0.0,0.0,0.0,0.0,0.0,0.0,0.0,0.0,1.0,1.0,0.0
2023-12-15,20:00:00.000000000,48.91,370.8114,,,,0,0.0,0.0,0.0,0.0,0.0,0.0,0.0,0.0,0.0,1.0,1.0,0.0
2023-12-15,20:01:00.000000000,48.89,370.87,,,,0,0.0,0.0,0.0,0.0,0.0,0.0,0.0,0.0,0.0,1.0,1.0,0.0
2023-12-15,20:02:00.000000000,48.91,370.91,-0.09148217167226394,82.84165229495942,1.7686734161680566,0,0.0,0.0,0.0,0.0,0.0,0.0,0.0,0.0,0.0,1.0,1.0,0.0
2023-12-15,20:03:00.000000000,48.91,370.87,,,,0,0.0,0.0,0.0,0.0,0.0,0.0,0.0,0.0,0.0,1.0,1.0,0.0
2023-12-15,20:04:00.000000000,48.91,370.755,,,,0,0.0,0.0,0.0,0.0,0.0,0.0,0.0,0.0,0.0,1.0,1.0,0.0
2023-12-15,20:05:00.000000000,48.9,370.765,-0.09154172144721671,82.8404663523773,1.728830449451251,0,0.0,0.0,0.0,0.0,0.0,0.0,0.0,0.0,0.0,1.0,1.0,0.0
2023-12-15,20:06:00.000000000,48.89,370.7301,,,,0,0.0,0.0,0.0,0.0,0.0,0.0,0.0,0.0,0.0,1.0,1.0,0.0
2023-12-15,20:07:00.000000000,48.885,370.755,,,,0,0.0,0.0,0.0,0.0,0.0,0.0,0.0,0.0,0.0,1.0,1.0,0.0
2023-12-15,20:08:00.000000000,48.875,370.63,-0.09159567259311341,82.82310413318562,1.6737240016473582,0,0.0,0.0,0.0,0.0,0.0,0.0,0.0,0.0,0.0,1.0,1.0,0.0
2023-12-15,20:09:00.000000000,48.8739,370.5601,,,,0,0.0,0.0,0.0,0.0,0.0,0.0,0.0,0.0,0.0,1.0,1.0,0.0
2023-12-15,20:10:00.000000000,48.855,370.6,,,,0,0.0,0.0,0.0,0.0,0.0,0.0,0.0,0.0,0.0,1.0,1.0,0.0
2023-12-15,20:11:00.000000000,48.87,370.82,-0.09164965451382177,82.85552488681539,1.663198504888064,0,0.0,0.0,0.0,0.0,0.0,0.0,0.0,0.0,0.0,1.0,1.0,0.0
2023-12-15,20:12:00.000000000,48.85,370.79,,,,0,0.0,0.0,0.0,0.0,0.0,0.0,0.0,0.0,0.0,1.0,1.0,0.0
2023-12-15,20:13:00.000000000,48.84,370.83,,,,0,0.0,0.0,0.0,0.0,0.0,0.0,0.0,0.0,0.0,1.0,1.0,0.0
2023-12-15,20:14:00.000000000,48.86,370.86,-0.09173741837960864,82.88173898026166,1.6465027140944912,0,0.0,0.0,0.0,0.0,0.0,0.0,0.0,0.0,0.0,1.0,1.0,0.0
2023-12-15,20:15:00.000000000,48.885,370.93,,,,0,0.0,0.0,0.0,0.0,0.0,0.0,0.0,0.0,0.0,1.0,1.0,0.0
2023-12-15,20:16:00.000000000,48.9,370.955,,,,0,0.0,0.0,0.0,0.0,0.0,0.0,0.0,0.0,0.0,1.0,1.0,0.0
2023-12-15,20:17:00.000000000,48.905,370.95,-0.09182454753444552,82.96731590790256,1.6818510968619071,0,0.0,0.0,0.0,0.0,0.0,0.0,0.0,0.0,0.0,1.0,1.0,0.0
2023-12-15,20:18:00.000000000,48.895,370.89,,,,0,0.0,0.0,0.0,0.0,0.0,0.0,0.0,0.0,0.0,1.0,1.0,0.0
2023-12-15,20:19:00.000000000,48.915,371.02,,,,0,0.0,0.0,0.0,0.0,0.0,0.0,0.0,0.0,0.0,1.0,1.0,0.0
2023-12-15,20:20:00.000000000,48.915,370.88,-0.09190476136016218,83.00063789325695,1.6683965051702032,0,0.0,0.0,0.0,0.0,0.0,0.0,0.0,0.0,0.0,1.0,1.0,0.0
2023-12-15,20:21:00.000000000,48.925,370.95,,,,0,0.0,0.0,0.0,0.0,0.0,0.0,0.0,0.0,0.0,1.0,1.0,0.0
2023-12-15,20:22:00.000000000,48.925,370.915,,,,0,0.0,0.0,0.0,0.0,0.0,0.0,0.0,0.0,0.0,1.0,1.0,0.0
2023-12-15,20:23:00.000000000,48.94,370.93,-0.09200166449262842,83.06617741025066,1.6836729420449872,0,0.0,0.0,0.0,0.0,0.0,0.0,0.0,0.0,0.0,1.0,1.0,0.0
2023-12-15,20:24:00.000000000,48.925,371.025,,,,0,0.0,0.0,0.0,0.0,0.0,0.0,0.0,0.0,0.0,1.0,1.0,0.0
2023-12-15,20:25:00.000000000,48.92,371.22,,,,0,0.0,0.0,0.0,0.0,0.0,0.0,0.0,0.0,0.0,1.0,1.0,0.0
2023-12-15,20:26:00.000000000,48.925,371.165,-0.09210547916260341,83.1113301733877,1.6809184934605217,0,0.0,0.0,0.0,0.0,0.0,0.0,0.0,0.0,0.0,1.0,1.0,0.0
2023-12-15,20:27:00.000000000,48.935,371.11,,,,0,0.0,0.0,0.0,0.0,0.0,0.0,0.0,0.0,0.0,1.0,1.0,0.0
2023-12-15,20:28:00.000000000,48.935,371.05,,,,0,0.0,0.0,0.0,0.0,0.0,0.0,0.0,0.0,0.0,1.0,1.0,0.0
2023-12-15,20:29:00.000000000,48.945,370.93,-0.09217349257716673,83.13491360164846,1.6608897558177638,0,0.0,0.0,0.0,0.0,0.0,0.0,0.0,0.0,0.0,1.0,1.0,0.0
2023-12-15,20:30:00.000000000,48.945,370.92,,,,0,0.0,0.0,0.0,0.0,0.0,0.0,0.0,0.0,0.0,1.0,1.0,0.0
2023-12-15,20:31:00.000000000,48.92,370.88,,,,0,0.0,0.0,0.0,0.0,0.0,0.0,0.0,0.0,0.0,1.0,1.0,0.0
2023-12-15,20:32:00.000000000,48.92,370.905,-0.09220942956654057,83.12093847337773,1.6106156232521893,0,0.0,0.0,0.0,0.0,0.0,0.0,0.0,0.0,0.0,1.0,1.0,0.0
2023-12-15,20:33:00.000000000,48.9,370.77,,,,0,0.0,0.0,0.0,0.0,0.0,0.0,0.0,0.0,0.0,1.0,1.0,0.0
2023-12-15,20:34:00.000000000,48.88,370.77,,,,0,0.0,0.0,0.0,0.0,0.0,0.0,0.0,0.0,0.0,1.0,1.0,0.0
2023-12-15,20:35:00.000000000,48.865,370.7995,-0.09228752761803943,83.08516909700522,1.5457841451274033,0,0.0,0.0,0.0,0.0,0.0,0.0,0.0,0.0,0.0,1.0,1.0,0.0
2023-12-15,20:36:00.000000000,48.872,370.6965,,,,0,0.0,0.0,0.0,0.0,0.0,0.0,0.0,0.0,0.0,1.0,1.0,0.0
2023-12-15,20:37:00.000000000,48.91,370.8697,,,,0,0.0,0.0,0.0,0.0,0.0,0.0,0.0,0.0,0.0,1.0,1.0,0.0
2023-12-15,20:38:00.000000000,48.915,370.945,-0.09239036733283792,83.18674481027956,1.6045260876415353,0,0.0,0.0,0.0,0.0,0.0,0.0,0.0,0.0,0.0,1.0,1.0,0.0
2023-12-15,20:39:00.000000000,48.9,371.03,,,,0,0.0,0.0,0.0,0.0,0.0,0.0,0.0,0.0,0.0,1.0,1.0,0.0
2023-12-15,20:40:00.000000000,48.8965,370.76,,,,0,0.0,0.0,0.0,0.0,0.0,0.0,0.0,0.0,0.0,1.0,1.0,0.0
2023-12-15,20:41:00.000000000,48.885,370.73,-0.09308995643869782,83.39623955051843,1.755990803080388,0,0.0,0.0,0.0,0.0,0.0,0.0,0.0,0.0,0.0,1.0,1.0,0.0
2023-12-15,20:42:00.000000000,48.9,370.7,,,,0,0.0,0.0,0.0,0.0,0.0,0.0,0.0,0.0,0.0,1.0,1.0,0.0
2023-12-15,20:43:00.000000000,48.9,370.68,,,,0,0.0,0.0,0.0,0.0,0.0,0.0,0.0,0.0,0.0,1.0,1.0,0.0
2023-12-15,20:44:00.000000000,48.885,370.54,-0.0934664003205609,83.51803997478063,1.8212409121958313,0,0.0,0.0,0.0,0.0,0.0,0.0,0.0,0.0,0.0,1.0,1.0,0.0
2023-12-15,20:45:00.000000000,48.885,370.47,,,,0,0.0,0.0,0.0,0.0,0.0,0.0,0.0,0.0,0.0,1.0,1.0,0.0
2023-12-15,20:46:00.000000000,48.9,370.5999,,,,0,0.0,0.0,0.0,0.0,0.0,0.0,0.0,0.0,0.0,1.0,1.0,0.0
2023-12-15,20:47:00.000000000,48.885,370.445,-0.0940684550327029,83.73218882458963,1.9601996168133489,0,0.0,0.0,0.0,0.0,0.0,0.0,0.0,0.0,0.0,1.0,1.0,0.0
2023-12-15,20:48:00.000000000,48.91,370.6499,,,,0,0.0,0.0,0.0,0.0,0.0,0.0,0.0,0.0,0.0,1.0,1.0,0.0
2023-12-15,20:49:00.000000000,48.9,370.695,,,,0,0.0,0.0,0.0,0.0,0.0,0.0,0.0,0.0,0.0,1.0,1.0,0.0
2023-12-15,20:50:00.000000000,48.96,372.05,-0.09445479659520421,84.10190707324573,2.218006304931815,0,0.0,0.0,0.0,0.0,0.0,0.0,0.0,0.0,0.0,1.0,1.0,0.0
2023-12-15,20:51:00.000000000,48.99,372.19,,,,0,0.0,0.0,0.0,0.0,0.0,0.0,0.0,0.0,0.0,1.0,1.0,0.0
2023-12-15,20:52:00.000000000,48.97,372.13,,,,0,0.0,0.0,0.0,0.0,0.0,0.0,0.0,0.0,0.0,1.0,1.0,0.0
2023-12-15,20:53:00.000000000,49.0,371.55,-0.09464105653805756,84.16388455671529,2.191895349281263,0,0.0,0.0,0.0,0.0,0.0,0.0,0.0,0.0,0.0,1.0,1.0,0.0
2023-12-15,20:54:00.000000000,49.0,371.9187,,,,0,0.0,0.0,0.0,0.0,0.0,0.0,0.0,0.0,0.0,1.0,1.0,0.0
2023-12-15,20:55:00.000000000,48.905,371.85,,,,0,0.0,0.0,0.0,0.0,0.0,0.0,0.0,0.0,0.0,1.0,1.0,0.0
2023-12-15,20:56:00.000000000,48.88,371.31,-0.0947970139130151,84.07907923604164,2.045906507219502,0,0.0,0.0,0.0,0.0,0.0,0.0,0.0,0.0,0.0,1.0,1.0,0.0
2023-12-15,20:57:00.000000000,48.9,370.06,,,,0,0.0,0.0,0.0,0.0,0.0,0.0,0.0,0.0,0.0,1.0,1.0,0.0
2023-12-15,20:58:00.000000000,48.925,370.08,,,,0,0.0,0.0,0.0,0.0,0.0,0.0,0.0,0.0,0.0,1.0,1.0,0.0
2023-12-15,20:59:00.000000000,48.9,368.77,-0.09518447345129837,84.0011782746353,1.9181829812070383,1,0.0,0.0,0.0,0.0,0.0,0.0,0.0,0.0,0.0,1.0,1.0,0.0
2023-12-16,14:29:00.000000000,49.49,370.0,-0.09546100673995683,84.81057249378404,2.5129144370062177,0,0.0,0.0,0.0,0.0,0.0,0.0,0.0,0.0,0.0,1.0,1.0,0.0
2023-12-16,14:30:00.000000000,49.49,370.0,,,,0,0.0,0.0,0.0,0.0,0.0,0.0,0.0,0.0,0.0,1.0,1.0,0.0
2023-12-16,14:31:00.000000000,49.49,370.0,,,,0,0.0,0.0,0.0,0.0,0.0,0.0,0.0,0.0,0.0,1.0,1.0,0.0
2023-12-16,14:32:00.000000000,49.49,370.0,-0.09583341317790325,84.94836287582422,2.5098792359605815,0,0.0,0.0,0.0,0.0,0.0,0.0,0.0,0.0,0.0,1.0,1.0,0.0
2023-12-16,14:33:00.000000000,49.49,370.0,,,,0,0.0,0.0,0.0,0.0,0.0,0.0,0.0,0.0,0.0,1.0,1.0,0.0
2023-12-16,14:34:00.000000000,49.49,370.0,,,,0,0.0,0.0,0.0,0.0,0.0,0.0,0.0,0.0,0.0,1.0,1.0,0.0
2023-12-16,14:35:00.000000000,49.49,370.0,-0.09629061530873122,85.11752766423055,2.5247826309977697,0,0.0,0.0,0.0,0.0,0.0,0.0,0.0,0.0,0.0,1.0,1.0,0.0
2023-12-16,14:36:00.000000000,49.49,370.0,,,,0,0.0,0.0,0.0,0.0,0.0,0.0,0.0,0.0,0.0,1.0,1.0,0.0
2023-12-16,14:37:00.000000000,49.49,370.0,,,,0,0.0,0.0,0.0,0.0,0.0,0.0,0.0,0.0,0.0,1.0,1.0,0.0
2023-12-16,14:38:00.000000000,49.49,370.0,-0.09664048577355118,85.24697973621394,2.5071075305058224,0,0.0,0.0,0.0,0.0,0.0,0.0,0.0,0.0,0.0,1.0,1.0,0.0
2023-12-16,14:39:00.000000000,49.49,370.0,,,,0,0.0,0.0,0.0,0.0,0.0,0.0,0.0,0.0,0.0,1.0,1.0,0.0
2023-12-16,14:40:00.000000000,49.49,370.0,,,,0,0.0,0.0,0.0,0.0,0.0,0.0,0.0,0.0,0.0,1.0,1.0,0.0
2023-12-16,14:41:00.000000000,49.49,370.0,-0.09685245057749967,85.32540671367488,2.450906639175506,0,0.0,0.0,0.0,0.0,0.0,0.0,0.0,0.0,0.0,1.0,1.0,0.0
2023-12-16,14:42:00.000000000,49.49,370.0,,,,0,0.0,0.0,0.0,0.0,0.0,0.0,0.0,0.0,0.0,1.0,1.0,0.0
2023-12-16,14:43:00.000000000,49.49,370.0,,,,0,0.0,0.0,0.0,0.0,0.0,0.0,0.0,0.0,0.0,1.0,1.0,0.0
2023-12-16,14:44:00.000000000,49.49,370.0,-0.09704121557308532,85.39524976204157,2.393439114795525,0,0.0,0.0,0.0,0.0,0.0,0.0,0.0,0.0,0.0,1.0,1.0,0.0
2023-12-16,14:45:00.000000000,49.49,370.0,,,,0,0.0,0.0,0.0,0.0,0.0,0.0,0.0,0.0,0.0,1.0,1.0,0.0
2023-12-16,14:46:00.000000000,49.49,370.0,,,,0,0.0,0.0,0.0,0.0,0.0,0.0,0.0,0.0,0.0,1.0,1.0,0.0
2023-12-16,14:47:00.000000000,49.49,370.0,-0.09702540755100621,85.3894007938723,2.2896718078323857,0,0.0,0.0,0.0,0.0,0.0,0.0,0.0,0.0,0.0,1.0,1.0,0.0
2023-12-16,14:48:00.000000000,49.49,370.0,,,,0,0.0,0.0,0.0,0.0,0.0,0.0,0.0,0.0,0.0,1.0,1.0,0.0
2023-12-16,14:49:00.000000000,49.49,370.0,,,,0,0.0,0.0,0.0,0.0,0.0,0.0,0.0,0.0,0.0,1.0,1.0,0.0
2023-12-16,14:50:00.000000000,49.49,370.0,-0.09702313519038443,85.38856002044224,2.1990163625248766,0,0.0,0.0,0.0,0.0,0.0,0.0,0.0,0.0,0.0,1.0,1.0,0.0
2023-12-16,14:51:00.000000000,49.49,370.0,,,,0,0.0,0.0,0.0,0.0,0.0,0.0,0.0,0.0,0.0,1.0,1.0,0.0
2023-12-16,14:52:00.000000000,49.49,370.0,,,,0,0.0,0.0,0.0,0.0,0.0,0.0,0.0,0.0,0.0,1.0,1.0,0.0
2023-12-16,14:53:00.000000000,49.49,370.0,-0.09700811961589155,85.38300425787988,2.1135932024565856,0,0.0,0.0,0.0,0.0,0.0,0.0,0.0,0.0,0.0,1.0,1.0,0.0
2023-12-16,14:54:00.000000000,49.49,370.0,,,,0,0.0,0.0,0.0,0.0,0.0,0.0,0.0,0.0,0.0,1.0,1.0,0.0
2023-12-16,14:55:00.000000000,49.49,370.0,,,,0,0.0,0.0,0.0,0.0,0.0,0.0,0.0,0.0,0.0,1.0,1.0,0.0
2023-12-16,14:56:00.000000000,49.49,370.0,-0.09690240398403865,85.34388947409431,2.0130910716790824,0,0.0,0.0,0.0,0.0,0.0,0.0,0.0,0.0,0.0,1.0,1.0,0.0
2023-12-16,14:57:00.000000000,49.49,370.0,,,,0,0.0,0.0,0.0,0.0,0.0,0.0,0.0,0.0,0.0,1.0,1.0,0.0
2023-12-16,14:58:00.000000000,49.49,370.0,,,,0,0.0,0.0,0.0,0.0,0.0,0.0,0.0,0.0,0.0,1.0,1.0,0.0
2023-12-16,14:59:00.000000000,49.49,370.0,-0.09683520694318493,85.31902656897842,1.9304626688234616,0,0.0,0.0,0.0,0.0,0.0,0.0,0.0,0.0,0.0,1.0,1.0,0.0
2023-12-16,15:00:00.000000000,49.49,370.0,,,,0,0.0,0.0,0.0,0.0,0.0,0.0,0.0,0.0,0.0,1.0,1.0,0.0
2023-12-16,15:01:00.000000000,49.49,370.0,,,,0,0.0,0.0,0.0,0.0,0.0,0.0,0.0,0.0,0.0,1.0,1.0,0.0
2023-12-16,15:02:00.000000000,49.49,370.0,-0.09672678339934478,85.27890985775757,1.8425423954616453,0,0.0,0.0,0.0,0.0,0.0,0.0,0.0,0.0,0.0,1.0,1.0,0.0
2023-12-16,15:03:00.000000000,49.49,370.0,,,,0,0.0,0.0,0.0,0.0,0.0,0.0,0.0,0.0,0.0,1.0,1.0,0.0
2023-12-16,15:04:00.000000000,49.49,370.0,,,,0,0.0,0.0,0.0,0.0,0.0,0.0,0.0,0.0,0.0,1.0,1.0,0.0
2023-12-16,15:05:00.000000000,49.49,370.0,-0.09664317147168947,85.2479734445251,1.765450182259567,0,0.0,0.0,0.0,0.0,0.0,0.0,0.0,0.0,0.0,1.0,1.0,0.0
2023-12-16,15:06:00.000000000,49.49,370.0,,,,0,0.0,0.0,0.0,0.0,0.0,0.0,0.0,0.0,0.0,1.0,1.0,0.0
2023-12-16,15:07:00.000000000,49.49,370.0,,,,0,0.0,0.0,0.0,0.0,0.0,0.0,0.0,0.0,0.0,1.0,1.0,0.0
2023-12-16,15:08:00.000000000,49.49,370.0,-0.09653095324273128,85.20645269981057,1.687768340031262,0,0.0,0.0,0.0,0.0,0.0,0.0,0.0,0.0,0.0,1.0,1.0,0.0
2023-12-16,15:09:00.000000000,49.49,370.0,,,,0,0.0,0.0,0.0,0.0,0.0,0.0,0.0,0.0,0.0,1.0,1.0,0.0
2023-12-16,15:10:00.000000000,49.49,370.0,,,,0,0.0,0.0,0.0,0.0,0.0,0.0,0.0,0.0,0.0,1.0,1.0,0.0
2023-12-16,15:11:00.000000000,49.49,370.0,-0.09644495981698627,85.17463513228492,1.6194012850279491,0,0.0,0.0,0.0,0.0,0.0,0.0,0.0,0.0,0.0,1.0,1.0,0.0
2023-12-16,15:12:00.000000000,49.49,370.0,,,,0,0.0,0.0,0.0,0.0,0.0,0.0,0.0,0.0,0.0,1.0,1.0,0.0
2023-12-16,15:13:00.000000000,49.49,370.0,,,,0,0.0,0.0,0.0,0.0,0.0,0.0,0.0,0.0,0.0,1.0,1.0,0.0
2023-12-16,15:14:00.000000000,49.49,370.0,-0.09651290672475935,85.19977548816095,1.5916229504040817,0,0.0,0.0,0.0,0.0,0.0,0.0,0.0,0.0,0.0,1.0,1.0,0.0
2023-12-16,15:15:00.000000000,49.49,370.0,,,,0,0.0,0.0,0.0,0.0,0.0,0.0,0.0,0.0,0.0,1.0,1.0,0.0
2023-12-16,15:16:00.000000000,49.49,370.0,,,,0,0.0,0.0,0.0,0.0,0.0,0.0,0.0,0.0,0.0,1.0,1.0,0.0
2023-12-16,15:17:00.000000000,49.49,370.0,-0.0966760866401107,85.26015205684095,1.58864210785368,0,0.0,0.0,0.0,0.0,0.0,0.0,0.0,0.0,0.0,1.0,1.0,0.0
2023-12-16,15:18:00.000000000,49.49,370.0,,,,0,0.0,0.0,0.0,0.0,0.0,0.0,0.0,0.0,0.0,1.0,1.0,0.0
2023-12-16,15:19:00.000000000,49.49,370.0,,,,0,0.0,0.0,0.0,0.0,0.0,0.0,0.0,0.0,0.0,1.0,1.0,0.0
2023-12-16,15:20:00.000000000,49.49,370.0,-0.09684773454830378,85.32366178287239,1.5875886750996029,0,0.0,0.0,0.0,0.0,0.0,0.0,0.0,0.0,0.0,1.0,1.0,0.0
2023-12-16,15:21:00.000000000,49.49,370.0,,,,0,0.0,0.0,0.0,0.0,0.0,0.0,0.0,0.0,0.0,1.0,1.0,0.0
2023-12-16,15:22:00.000000000,49.49,370.0,,,,0,0.0,0.0,0.0,0.0,0.0,0.0,0.0,0.0,0.0,1.0,1.0,0.0
2023-12-16,15:23:00.000000000,49.49,370.0,-0.09704899326604789,85.39812750843772,1.5933207720933504,0,0.0,0.0,0.0,0.0,0.0,0.0,0.0,0.0,0.0,1.0,1.0,0.0
2023-12-16,15:24:00.000000000,49.49,370.0,,,,0,0.0,0.0,0.0,0.0,0.0,0.0,0.0,0.0,0.0,1.0,1.0,0.0
2023-12-16,15:25:00.000000000,49.49,370.0,,,,0,0.0,0.0,0.0,0.0,0.0,0.0,0.0,0.0,0.0,1.0,1.0,0.0
2023-12-16,15:26:00.000000000,49.49,370.0,-0.09718287669385745,85.44766437672726,1.5819140815532058,0,0.0,0.0,0.0,0.0,0.0,0.0,0.0,0.0,0.0,1.0,1.0,0.0
2023-12-16,15:27:00.000000000,49.49,370.0,,,,0,0.0,0.0,0.0,0.0,0.0,0.0,0.0,0.0,0.0,1.0,1.0,0.0
2023-12-16,15:28:00.000000000,49.49,370.0,,,,0,0.0,0.0,0.0,0.0,0.0,0.0,0.0,0.0,0.0,1.0,1.0,0.0
2023-12-16,15:29:00.000000000,49.49,370.0,-0.09717656264139907,85.44532817731766,1.5379940083892623,0,0.0,0.0,0.0,0.0,0.0,0.0,0.0,0.0,0.0,1.0,1.0,0.0
2023-12-16,15:30:00.000000000,49.49,370.0,,,,0,0.0,0.0,0.0,0.0,0.0,0.0,0.0,0.0,0.0,1.0,1.0,0.0
2023-12-16,15:31:00.000000000,49.49,370.0,,,,0,0.0,0.0,0.0,0.0,0.0,0.0,0.0,0.0,0.0,1.0,1.0,0.0
2023-12-16,15:32:00.000000000,49.49,370.0,-0.09704332193343992,85.39602911537278,1.4664585139262474,0,0.0,0.0,0.0,0.0,0.0,0.0,0.0,0.0,0.0,1.0,1.0,0.0
2023-12-16,15:33:00.000000000,49.49,370.0,,,,0,0.0,0.0,0.0,0.0,0.0,0.0,0.0,0.0,0.0,1.0,1.0,0.0
2023-12-16,15:34:00.000000000,49.49,370.0,,,,0,0.0,0.0,0.0,0.0,0.0,0.0,0.0,0.0,0.0,1.0,1.0,0.0
2023-12-16,15:35:00.000000000,49.49,370.0,-0.09690509221093027,85.3448841180442,1.3958291448304194,0,0.0,0.0,0.0,0.0,0.0,0.0,0.0,0.0,0.0,1.0,1.0,0.0
2023-12-16,15:36:00.000000000,49.49,370.0,,,,0,0.0,0.0,0.0,0.0,0.0,0.0,0.0,0.0,0.0,1.0,1.0,0.0
2023-12-16,15:37:00.000000000,49.49,370.0,,,,0,0.0,0.0,0.0,0.0,0.0,0.0,0.0,0.0,0.0,1.0,1.0,0.0
2023-12-16,15:38:00.000000000,49.49,370.0,-0.09674396898116022,85.28526852302929,1.3222815166794069,0,0.0,0.0,0.0,0.0,0.0,0.0,0.0,0.0,0.0,1.0,1.0,0.0
2023-12-16,15:39:00.000000000,49.49,370.0,,,,0,0.0,0.0,0.0,0.0,0.0,0.0,0.0,0.0,0.0,1.0,1.0,0.0
2023-12-16,15:40:00.000000000,49.49,370.0,,,,0,0.0,0.0,0.0,0.0,0.0,0.0,0.0,0.0,0.0,1.0,1.0,0.0
2023-12-16,15:41:00.000000000,49.49,370.0,-0.09659346915454241,85.22958358718068,1.2539577942120999,0,0.0,0.0,0.0,0.0,0.0,0.0,0.0,0.0,0.0,1.0,1.0,0.0
2023-12-16,15:42:00.000000000,49.49,370.0,,,,0,0.0,0.0,0.0,0.0,0.0,0.0,0.0,0.0,0.0,1.0,1.0,0.0
2023-12-16,15:43:00.000000000,49.49,370.0,,,,0,0.0,0.0,0.0,0.0,0.0,0.0,0.0,0.0,0.0,1.0,1.0,0.0
2023-12-16,15:44:00.000000000,49.49,370.0,-0.09653482326225145,85.20788460703304,1.2093691535011784,0,0.0,0.0,0.0,0.0,0.0,0.0,0.0,0.0,0.0,1.0,1.0,0.0
2023-12-16,15:45:00.000000000,49.49,370.0,,,,0,0.0,0.0,0.0,0.0,0.0,0.0,0.0,0.0,0.0,1.0,1.0,0.0
2023-12-16,15:46:00.000000000,49.49,370.0,,,,0,0.0,0.0,0.0,0.0,0.0,0.0,0.0,0.0,0.0,1.0,1.0,0.0
2023-12-16,15:47:00.000000000,49.49,370.0,-0.09643138871808067,85.16961382568985,1.1554526535148184,0,0.0,0.0,0.0,0.0,0.0,0.0,0.0,0.0,0.0,1.0,1.0,0.0
2023-12-16,15:48:00.000000000,49.49,370.0,,,,0,0.0,0.0,0.0,0.0,0.0,0.0,0.0,0.0,0.0,1.0,1.0,0.0
2023-12-16,15:49:00.000000000,49.49,370.0,,,,0,0.0,0.0,0.0,0.0,0.0,0.0,0.0,0.0,0.0,1.0,1.0,0.0
2023-12-16,15:50:00.000000000,49.49,370.0,-0.09628565306126236,85.11569163266708,1.0924073726671186,0,0.0,0.0,0.0,0.0,0.0,0.0,0.0,0.0,0.0,1.0,1.0,0.0
2023-12-16,15:51:00.000000000,49.49,370.0,,,,0,0.0,0.0,0.0,0.0,0.0,0.0,0.0,0.0,0.0,1.0,1.0,0.0
2023-12-16,15:52:00.000000000,49.49,370.0,,,,0,0.0,0.0,0.0,0.0,0.0,0.0,0.0,0.0,0.0,1.0,1.0,0.0
2023-12-16,15:53:00.000000000,49.49,370.0,-0.09614761657513604,85.06461813280035,1.0324701003104808,0,0.0,0.0,0.0,0.0,0.0,0.0,0.0,0.0,0.0,1.0,1.0,0.0
2023-12-16,15:54:00.000000000,49.49,370.0,,,,0,0.0,0.0,0.0,0.0,0.0,0.0,0.0,0.0,0.0,1.0,1.0,0.0
2023-12-16,15:55:00.000000000,49.49,370.0,,,,0,0.0,0.0,0.0,0.0,0.0,0.0,0.0,0.0,0.0,1.0,1.0,0.0
2023-12-16,15:56:00.000000000,49.49,370.0,-0.09615366804071629,85.06685717506502,1.0087607897849897,0,0.0,0.0,0.0,0.0,0.0,0.0,0.0,0.0,0.0,1.0,1.0,0.0
2023-12-16,15:57:00.000000000,49.49,370.0,,,,0,0.0,0.0,0.0,0.0,0.0,0.0,0.0,0.0,0.0,1.0,1.0,0.0
2023-12-16,15:58:00.000000000,49.49,370.0,,,,0,0.0,0.0,0.0,0.0,0.0,0.0,0.0,0.0,0.0,1.0,1.0,0.0
2023-12-16,15:59:00.000000000,49.49,370.0,-0.09613315112144843,85.05926591493592,0.9793619754903059,0,0.0,0.0,0.0,0.0,0.0,0.0,0.0,0.0,0.0,1.0,1.0,0.0
2023-12-16,16:00:00.000000000,49.49,370.0,,,,0,0.0,0.0,0.0,0.0,0.0,0.0,0.0,0.0,0.0,1.0,1.0,0.0
2023-12-16,16:01:00.000000000,49.49,370.0,,,,0,0.0,0.0,0.0,0.0,0.0,0.0,0.0,0.0,0.0,1.0,1.0,0.0
2023-12-16,16:02:00.000000000,49.49,370.0,-0.09609604580404692,85.04553694749737,0.947405552892148,0,0.0,0.0,0.0,0.0,0.0,0.0,0.0,0.0,0.0,1.0,1.0,0.0
2023-12-16,16:03:00.000000000,49.49,370.0,,,,0,0.0,0.0,0.0,0.0,0.0,0.0,0.0,0.0,0.0,1.0,1.0,0.0
2023-12-16,16:04:00.000000000,49.49,370.0,,,,0,0.0,0.0,0.0,0.0,0.0,0.0,0.0,0.0,0.0,1.0,1.0,0.0
2023-12-16,16:05:00.000000000,49.49,370.0,-0.09594747493432039,84.99056572569854,0.8878857642948828,0,0.0,0.0,0.0,0.0,0.0,0.0,0.0,0.0,0.0,1.0,1.0,0.0
2023-12-16,16:06:00.000000000,49.49,370.0,,,,0,0.0,0.0,0.0,0.0,0.0,0.0,0.0,0.0,0.0,1.0,1.0,0.0
2023-12-16,16:07:00.000000000,49.49,370.0,,,,0,0.0,0.0,0.0,0.0,0.0,0.0,0.0,0.0,0.0,1.0,1.0,0.0
2023-12-16,16:08:00.000000000,49.49,370.0,-0.09580376411589962,84.93739272288286,0.8296173126827157,0,0.0,0.0,0.0,0.0,0.0,0.0,0.0,0.0,0.0,1.0,1.0,0.0
2023-12-16,16:09:00.000000000,49.49,370.0,,,,0,0.0,0.0,0.0,0.0,0.0,0.0,0.0,0.0,0.0,1.0,1.0,0.0
2023-12-16,16:10:00.000000000,49.49,370.0,,,,0,0.0,0.0,0.0,0.0,0.0,0.0,0.0,0.0,0.0,1.0,1.0,0.0
2023-12-16,16:11:00.000000000,49.49,370.0,-0.0956806150529655,84.89182756959724,0.7767138262463972,0,0.0,0.0,0.0,0.0,0.0,0.0,0.0,0.0,0.0,1.0,1.0,0.0
2023-12-16,16:12:00.000000000,49.49,370.0,,,,0,0.0,0.0,0.0,0.0,0.0,0.0,0.0,0.0,0.0,1.0,1.0,0.0
2023-12-16,16:13:00.000000000,49.49,370.0,,,,0,0.0,0.0,0.0,0.0,0.0,0.0,0.0,0.0,0.0,1.0,1.0,0.0
2023-12-16,16:14:00.000000000,49.49,370.0,-0.09556641057106133,84.84957191129268,0.726239831114562,0,0.0,0.0,0.0,0.0,0.0,0.0,0.0,0.0,0.0,1.0,1.0,0.0
2023-12-16,16:15:00.000000000,49.49,370.0,,,,0,0.0,0.0,0.0,0.0,0.0,0.0,0.0,0.0,0.0,1.0,1.0,0.0
2023-12-16,16:16:00.000000000,49.49,370.0,,,,0,0.0,0.0,0.0,0.0,0.0,0.0,0.0,0.0,0.0,1.0,1.0,0.0
2023-12-16,16:17:00.000000000,49.49,370.0,-0.09572842007893824,84.90951542920715,0.7496923017455326,0,0.0,0.0,0.0,0.0,0.0,0.0,0.0,0.0,0.0,1.0,1.0,0.0
2023-12-16,16:18:00.000000000,49.49,370.0,,,,0,0.0,0.0,0.0,0.0,0.0,0.0,0.0,0.0,0.0,1.0,1.0,0.0
2023-12-16,16:19:00.000000000,49.49,370.0,,,,0,0.0,0.0,0.0,0.0,0.0,0.0,0.0,0.0,0.0,1.0,1.0,0.0
2023-12-16,16:20:00.000000000,49.49,370.0,-0.09584950829847565,84.95431807043599,0.7628672368623131,0,0.0,0.0,0.0,0.0,0.0,0.0,0.0,0.0,0.0,1.0,1.0,0.0
2023-12-16,16:21:00.000000000,49.49,370.0,,,,0,0.0,0.0,0.0,0.0,0.0,0.0,0.0,0.0,0.0,1.0,1.0,0.0
2023-12-16,16:22:00.000000000,49.49,370.0,,,,0,0.0,0.0,0.0,0.0,0.0,0.0,0.0,0.0,0.0,1.0,1.0,0.0
2023-12-16,16:23:00.000000000,49.49,370.0,-0.09590508037636264,84.97487973925418,0.7585289884215562,0,0.0,0.0,0.0,0.0,0.0,0.0,0.0,0.0,0.0,1.0,1.0,0.0
2023-12-16,16:24:00.000000000,49.49,370.0,,,,0,0.0,0.0,0.0,0.0,0.0,0.0,0.0,0.0,0.0,1.0,1.0,0.0
2023-12-16,16:25:00.000000000,49.49,370.0,,,,0,0.0,0.0,0.0,0.0,0.0,0.0,0.0,0.0,0.0,1.0,1.0,0.0
2023-12-16,16:26:00.000000000,49.49,370.0,-0.09594412607461773,84.98932664760856,0.750140214570922,0,0.0,0.0,0.0,0.0,0.0,0.0,0.0,0.0,0.0,1.0,1.0,0.0
2023-12-16,16:27:00.000000000,49.49,370.0,,,,0,0.0,0.0,0.0,0.0,0.0,0.0,0.0,0.0,0.0,1.0,1.0,0.0
2023-12-16,16:28:00.000000000,49.49,370.0,,,,0,0.0,0.0,0.0,0.0,0.0,0.0,0.0,0.0,0.0,1.0,1.0,0.0
2023-12-16,16:29:00.000000000,49.49,370.0,-0.09590337524546147,84.97424884082075,0.7190803692266281,0,0.0,0.0,0.0,0.0,0.0,0.0,0.0,0.0,0.0,1.0,1.0,0.0
2023-12-16,16:30:00.000000000,49.49,370.0,,,,0,0.0,0.0,0.0,0.0,0.0,0.0,0.0,0.0,0.0,1.0,1.0,0.0
2023-12-16,16:31:00.000000000,49.49,370.0,,,,0,0.0,0.0,0.0,0.0,0.0,0.0,0.0,0.0,0.0,1.0,1.0,0.0
2023-12-16,16:32:00.000000000,49.49,370.0,-0.09588008961664163,84.9656331581574,0.693075365229709,0,0.0,0.0,0.0,0.0,0.0,0.0,0.0,0.0,0.0,1.0,1.0,0.0
2023-12-16,16:33:00.000000000,49.49,370.0,,,,0,0.0,0.0,0.0,0.0,0.0,0.0,0.0,0.0,0.0,1.0,1.0,0.0
2023-12-16,16:34:00.000000000,49.49,370.0,,,,0,0.0,0.0,0.0,0.0,0.0,0.0,0.0,0.0,0.0,1.0,1.0,0.0
2023-12-16,16:35:00.000000000,49.49,370.0,-0.09579251285279151,84.93322975553286,0.6478138928383878,0,0.0,0.0,0.0,0.0,0.0,0.0,0.0,0.0,0.0,1.0,1.0,0.0
2023-12-16,16:36:00.000000000,49.49,370.0,,,,0,0.0,0.0,0.0,0.0,0.0,0.0,0.0,0.0,0.0,1.0,1.0,0.0
2023-12-16,16:37:00.000000000,49.49,370.0,,,,0,0.0,0.0,0.0,0.0,0.0,0.0,0.0,0.0,0.0,1.0,1.0,0.0
2023-12-16,16:38:00.000000000,49.49,370.0,-0.09572991193249006,84.91006741502133,0.6093757824431179,0,0.0,0.0,0.0,0.0,0.0,0.0,0.0,0.0,0.0,1.0,1.0,0.0
2023-12-16,16:39:00.000000000,49.49,370.0,,,,0,0.0,0.0,0.0,0.0,0.0,0.0,0.0,0.0,0.0,1.0,1.0,0.0
2023-12-16,16:40:00.000000000,49.49,370.0,,,,0,0.0,0.0,0.0,0.0,0.0,0.0,0.0,0.0,0.0,1.0,1.0,0.0
2023-12-16,16:41:00.000000000,49.49,370.0,-0.09573748692187951,84.91287016109541,0.5923931136703212,0,0.0,0.0,0.0,0.0,0.0,0.0,0.0,0.0,0.0,1.0,1.0,0.0
2023-12-16,16:42:00.000000000,49.49,370.0,,,,0,0.0,0.0,0.0,0.0,0.0,0.0,0.0,0.0,0.0,1.0,1.0,0.0
2023-12-16,16:43:00.000000000,49.49,370.0,,,,0,0.0,0.0,0.0,0.0,0.0,0.0,0.0,0.0,0.0,1.0,1.0,0.0
2023-12-16,16:44:00.000000000,49.49,370.0,-0.09566609082518009,84.88645360531663,0.5502435774256947,0,0.0,0.0,0.0,0.0,0.0,0.0,0.0,0.0,0.0,1.0,1.0,0.0
2023-12-16,16:45:00.000000000,49.49,370.0,,,,0,0.0,0.0,0.0,0.0,0.0,0.0,0.0,0.0,0.0,1.0,1.0,0.0
2023-12-16,16:46:00.000000000,49.49,370.0,,,,0,0.0,0.0,0.0,0.0,0.0,0.0,0.0,0.0,0.0,1.0,1.0,0.0
2023-12-16,16:47:00.000000000,49.49,370.0,-0.09557373949704066,84.85228361390504,0.5004063789704439,0,0.0,0.0,0.0,0.0,0.0,0.0,0.0,0.0,0.0,1.0,1.0,0.0
2023-12-16,16:48:00.000000000,49.49,370.0,,,,0,0.0,0.0,0.0,0.0,0.0,0.0,0.0,0.0,0.0,1.0,1.0,0.0
2023-12-16,16:49:00.000000000,49.49,370.0,,,,0,0.0,0.0,0.0,0.0,0.0,0.0,0.0,0.0,0.0,1.0,1.0,0.0
2023-12-16,16:50:00.000000000,49.49,370.0,-0.0955647193042618,84.84894614257686,0.47742949450801764,0,0.0,0.0,0.0,0.0,0.0,0.0,0.0,0.0,0.0,1.0,1.0,0.0
2023-12-16,16:51:00.000000000,49.49,370.0,,,,0,0.0,0.0,0.0,0.0,0.0,0.0,0.0,0.0,0.0,1.0,1.0,0.0
2023-12-16,16:52:00.000000000,49.49,370.0,,,,0,0.0,0.0,0.0,0.0,0.0,0.0,0.0,0.0,0.0,1.0,1.0,0.0
2023-12-16,16:53:00.000000000,49.49,370.0,-0.0956200803423268,84.86942972666091,0.47638331477224394,0,0.0,0.0,0.0,0.0,0.0,0.0,0.0,0.0,0.0,1.0,1.0,0.0
2023-12-16,16:54:00.000000000,49.49,370.0,,,,0,0.0,0.0,0.0,0.0,0.0,0.0,0.0,0.0,0.0,1.0,1.0,0.0
2023-12-16,16:55:00.000000000,49.49,370.0,,,,0,0.0,0.0,0.0,0.0,0.0,0.0,0.0,0.0,0.0,1.0,1.0,0.0
2023-12-16,16:56:00.000000000,49.49,370.0,-0.09553939495376484,84.839576132893,0.4276281337456632,0,0.0,0.0,0.0,0.0,0.0,0.0,0.0,0.0,0.0,1.0,1.0,0.0
2023-12-16,16:57:00.000000000,49.49,370.0,,,,0,0.0,0.0,0.0,0.0,0.0,0.0,0.0,0.0,0.0,1.0,1.0,0.0
2023-12-16,16:58:00.000000000,49.49,370.0,,,,0,0.0,0.0,0.0,0.0,0.0,0.0,0.0,0.0,0.0,1.0,1.0,0.0
2023-12-16,16:59:00.000000000,49.49,370.0,-0.09538148089264549,84.78114793027883,0.3496637614265929,0,0.0,0.0,0.0,0.0,0.0,0.0,0.0,0.0,0.0,1.0,1.0,0.0
2023-12-16,17:00:00.000000000,49.49,370.0,,,,0,0.0,0.0,0.0,0.0,0.0,0.0,0.0,0.0,0.0,1.0,1.0,0.0
2023-12-16,17:01:00.000000000,49.49,370.0,,,,0,0.0,0.0,0.0,0.0,0.0,0.0,0.0,0.0,0.0,1.0,1.0,0.0
2023-12-16,17:02:00.000000000,49.49,370.0,-0.09519514350859566,84.7122030981804,0.25917707731569767,0,0.0,0.0,0.0,0.0,0.0,0.0,0.0,0.0,0.0,1.0,1.0,0.0
2023-12-16,17:03:00.000000000,49.49,370.0,,,,0,0.0,0.0,0.0,0.0,0.0,0.0,0.0,0.0,0.0,1.0,1.0,0.0
2023-12-16,17:04:00.000000000,49.49,370.0,,,,0,0.0,0.0,0.0,0.0,0.0,0.0,0.0,0.0,0.0,1.0,1.0,0.0
2023-12-16,17:05:00.000000000,49.49,370.0,-0.09499138613878266,84.63681287134959,0.1591051325560084,0,0.0,0.0,0.0,0.0,0.0,0.0,0.0,0.0,0.0,1.0,1.0,0.0
2023-12-16,17:06:00.000000000,49.49,370.0,,,,0,0.0,0.0,0.0,0.0,0.0,0.0,0.0,0.0,0.0,1.0,1.0,0.0
2023-12-16,17:07:00.000000000,49.49,370.0,,,,0,0.0,0.0,0.0,0.0,0.0,0.0,0.0,0.0,0.0,1.0,1.0,0.0
2023-12-16,17:08:00.000000000,49.49,370.0,-0.09480676290857502,84.56850227617275,0.06322807449335566,0,0.0,0.0,0.0,0.0,0.0,0.0,0.0,0.0,0.0,1.0,1.0,0.0
2023-12-16,17:09:00.000000000,49.49,370.0,,,,0,0.0,0.0,0.0,0.0,0.0,0.0,0.0,0.0,0.0,1.0,1.0,0.0
2023-12-16,17:10:00.000000000,49.49,370.0,,,,0,0.0,0.0,0.0,0.0,0.0,0.0,0.0,0.0,0.0,1.0,1.0,0.0
2023-12-16,17:11:00.000000000,49.49,370.0,-0.09465281751959362,84.51154248224964,-0.023478571085601637,0,0.0,0.0,0.0,0.0,0.0,0.0,0.0,0.0,0.0,1.0,1.0,0.0
2023-12-16,17:12:00.000000000,49.49,370.0,,,,0,0.0,0.0,0.0,0.0,0.0,0.0,0.0,0.0,0.0,1.0,1.0,0.0
2023-12-16,17:13:00.000000000,49.49,370.0,,,,0,0.0,0.0,0.0,0.0,0.0,0.0,0.0,0.0,0.0,1.0,1.0,0.0
2023-12-16,17:14:00.000000000,49.49,370.0,-0.09447760008938338,84.44671203307186,-0.12187257470195464,0,0.0,0.0,0.0,0.0,0.0,0.0,0.0,0.0,0.0,1.0,1.0,0.0
2023-12-16,17:15:00.000000000,49.49,370.0,,,,0,0.0,0.0,0.0,0.0,0.0,0.0,0.0,0.0,0.0,1.0,1.0,0.0
2023-12-16,17:16:00.000000000,49.49,370.0,,,,0,0.0,0.0,0.0,0.0,0.0,0.0,0.0,0.0,0.0,1.0,1.0,0.0
2023-12-16,17:17:00.000000000,49.49,370.0,-0.0942611496820613,84.36662538236268,-0.2419337103421266,0,0.0,0.0,0.0,0.0,0.0,0.0,0.0,0.0,0.0,1.0,1.0,0.0
2023-12-16,17:18:00.000000000,49.49,370.0,,,,0,0.0,0.0,0.0,0.0,0.0,0.0,0.0,0.0,0.0,1.0,1.0,0.0
2023-12-16,17:19:00.000000000,49.49,370.0,,,,0,0.0,0.0,0.0,0.0,0.0,0.0,0.0,0.0,0.0,1.0,1.0,0.0
2023-12-16,17:20:00.000000000,49.49,370.0,-0.09403693352688104,84.28366540494599,-0.37058550639687443,0,0.0,0.0,0.0,0.0,0.0,0.0,0.0,0.0,0.0,1.0,1.0,0.0
2023-12-16,17:21:00.000000000,49.49,370.0,,,,0,0.0,0.0,0.0,0.0,0.0,0.0,0.0,0.0,0.0,1.0,1.0,0.0
2023-12-16,17:22:00.000000000,49.49,370.0,,,,0,0.0,0.0,0.0,0.0,0.0,0.0,0.0,0.0,0.0,1.0,1.0,0.0
2023-12-16,17:23:00.000000000,49.49,370.0,-0.09383318505744435,84.2082784712544,-0.49517525545863306,0,0.0,0.0,0.0,0.0,0.0,0.0,0.0,0.0,0.0,1.0,1.0,0.0
2023-12-16,17:24:00.000000000,49.49,370.0,,,,0,0.0,0.0,0.0,0.0,0.0,0.0,0.0,0.0,0.0,1.0,1.0,0.0
2023-12-16,17:25:00.000000000,49.49,370.0,,,,0,0.0,0.0,0.0,0.0,0.0,0.0,0.0,0.0,0.0,1.0,1.0,0.0
2023-12-16,17:26:00.000000000,49.49,370.0,-0.09360301044865228,84.12311386600135,-0.6384196507334148,0,0.0,0.0,0.0,0.0,0.0,0.0,0.0,0.0,0.0,1.0,1.0,0.0
2023-12-16,17:27:00.000000000,49.49,370.0,,,,0,0.0,0.0,0.0,0.0,0.0,0.0,0.0,0.0,0.0,1.0,1.0,0.0
2023-12-16,17:28:00.000000000,49.49,370.0,,,,0,0.0,0.0,0.0,0.0,0.0,0.0,0.0,0.0,0.0,1.0,1.0,0.0
2023-12-16,17:29:00.000000000,49.49,370.0,-0.0933735968351192,84.0382308289941,-0.7898164944084809,0,0.0,0.0,0.0,0.0,0.0,0.0,0.0,0.0,0.0,1.0,1.0,0.0
2023-12-16,17:30:00.000000000,49.49,370.0,,,,0,0.0,0.0,0.0,0.0,0.0,0.0,0.0,0.0,0.0,1.0,1.0,0.0
2023-12-16,17:31:00.000000000,49.49,370.0,,,,0,0.0,0.0,0.0,0.0,0.0,0.0,0.0,0.0,0.0,1.0,1.0,0.0
2023-12-16,17:32:00.000000000,49.49,370.0,-0.09312160294621238,83.94499309009859,-0.9589926713409991,0,0.0,0.0,0.0,0.0,0.0,0.0,0.0,0.0,0.0,1.0,1.0,0.0
2023-12-16,17:33:00.000000000,49.49,370.0,,,,0,0.0,0.0,0.0,0.0,0.0,0.0,0.0,0.0,0.0,1.0,1.0,0.0
2023-12-16,17:34:00.000000000,49.49,370.0,,,,0,0.0,0.0,0.0,0.0,0.0,0.0,0.0,0.0,0.0,1.0,1.0,0.0
2023-12-16,17:35:00.000000000,49.49,370.0,-0.09287224826661779,83.85273185864858,-1.1339888886625544,0,0.0,0.0,0.0,0.0,0.0,0.0,0.0,0.0,0.0,1.0,1.0,0.0
2023-12-16,17:36:00.000000000,49.49,370.0,,,,0,0.0,0.0,0.0,0.0,0.0,0.0,0.0,0.0,0.0,1.0,1.0,0.0
2023-12-16,17:37:00.000000000,49.49,370.0,,,,0,0.0,0.0,0.0,0.0,0.0,0.0,0.0,0.0,0.0,1.0,1.0,0.0
2023-12-16,17:38:00.000000000,49.49,370.0,-0.0926402044130162,83.766875632816,-1.3018221095880769,0,0.0,0.0,0.0,0.0,0.0,0.0,0.0,0.0,0.0,1.0,1.0,0.0
2023-12-16,17:39:00.000000000,49.49,370.0,,,,0,0.0,0.0,0.0,0.0,0.0,0.0,0.0,0.0,0.0,1.0,1.0,0.0
2023-12-16,17:40:00.000000000,49.49,370.0,,,,0,0.0,0.0,0.0,0.0,0.0,0.0,0.0,0.0,0.0,1.0,1.0,0.0
2023-12-16,17:41:00.000000000,49.49,370.0,-0.0923882769474751,83.67366247056579,-1.482870690853128,0,0.0,0.0,0.0,0.0,0.0,0.0,0.0,0.0,0.0,1.0,1.0,0.0
2023-12-16,17:42:00.000000000,49.49,370.0,,,,0,0.0,0.0,0.0,0.0,0.0,0.0,0.0,0.0,0.0,1.0,1.0,0.0
2023-12-16,17:43:00.000000000,49.49,370.0,,,,0,0.0,0.0,0.0,0.0,0.0,0.0,0.0,0.0,0.0,1.0,1.0,0.0
2023-12-16,17:44:00.000000000,49.49,370.0,-0.09213310625632938,83.57924931484187,-1.6630657201398285,0,0.0,0.0,0.0,0.0,0.0,0.0,0.0,0.0,0.0,1.0,1.0,0.0
2023-12-16,17:45:00.000000000,49.49,370.0,,,,0,0.0,0.0,0.0,0.0,0.0,0.0,0.0,0.0,0.0,1.0,1.0,0.0
2023-12-16,17:46:00.000000000,49.49,370.0,,,,0,0.0,0.0,0.0,0.0,0.0,0.0,0.0,0.0,0.0,1.0,1.0,0.0
2023-12-16,17:47:00.000000000,49.49,370.0,-0.09184782815115697,83.47369641592809,-1.854669559706495,0,0.0,0.0,0.0,0.0,0.0,0.0,0.0,0.0,0.0,1.0,1.0,0.0
2023-12-16,17:48:00.000000000,49.49,370.0,,,,0,0.0,0.0,0.0,0.0,0.0,0.0,0.0,0.0,0.0,1.0,1.0,0.0
2023-12-16,17:49:00.000000000,49.49,370.0,,,,0,0.0,0.0,0.0,0.0,0.0,0.0,0.0,0.0,0.0,1.0,1.0,0.0
2023-12-16,17:50:00.000000000,49.49,370.0,-0.09154672474815666,83.36228815681797,-2.0477378767670156,0,0.0,0.0,0.0,0.0,0.0,0.0,0.0,0.0,0.0,1.0,1.0,0.0
2023-12-16,17:51:00.000000000,49.49,370.0,,,,0,0.0,0.0,0.0,0.0,0.0,0.0,0.0,0.0,0.0,1.0,1.0,0.0
2023-12-16,17:52:00.000000000,49.49,370.0,,,,0,0.0,0.0,0.0,0.0,0.0,0.0,0.0,0.0,0.0,1.0,1.0,0.0
2023-12-16,17:53:00.000000000,49.49,370.0,-0.0912428438479203,83.24985222373051,-2.2352728926898893,0,0.0,0.0,0.0,0.0,0.0,0.0,0.0,0.0,0.0,1.0,1.0,0.0
2023-12-16,17:54:00.000000000,49.49,370.0,,,,0,0.0,0.0,0.0,0.0,0.0,0.0,0.0,0.0,0.0,1.0,1.0,0.0
2023-12-16,17:55:00.000000000,49.49,370.0,,,,0,0.0,0.0,0.0,0.0,0.0,0.0,0.0,0.0,0.0,1.0,1.0,0.0
2023-12-16,17:56:00.000000000,49.49,370.0,-0.09101674690387314,83.16619635443305,-2.3747314995416797,0,0.0,0.0,0.0,0.0,0.0,0.0,0.0,0.0,0.0,1.0,1.0,0.0
2023-12-16,17:57:00.000000000,49.49,370.0,,,,0,0.0,0.0,0.0,0.0,0.0,0.0,0.0,0.0,0.0,1.0,1.0,0.0
2023-12-16,17:58:00.000000000,49.49,370.0,,,,0,0.0,0.0,0.0,0.0,0.0,0.0,0.0,0.0,0.0,1.0,1.0,0.0
2023-12-16,17:59:00.000000000,49.49,370.0,-0.09078403988125877,83.08009475606575,-2.492553153099227,0,0.0,0.0,0.0,0.0,0.0,0.0,0.0,0.0,0.0,1.0,1.0,0.0
2023-12-16,18:00:00.000000000,49.49,370.0,,,,0,0.0,0.0,0.0,0.0,0.0,0.0,0.0,0.0,0.0,1.0,1.0,0.0
2023-12-16,18:01:00.000000000,49.49,370.0,,,,0,0.0,0.0,0.0,0.0,0.0,0.0,0.0,0.0,0.0,1.0,1.0,0.0
2023-12-16,18:02:00.000000000,49.49,370.0,-0.09052557144020358,82.98446143287532,-2.5825093906379664,0,0.0,0.0,0.0,0.0,0.0,0.0,0.0,0.0,0.0,1.0,1.0,0.0
2023-12-16,18:03:00.000000000,49.49,370.0,,,,0,0.0,0.0,0.0,0.0,0.0,0.0,0.0,0.0,0.0,1.0,1.0,0.0
2023-12-16,18:04:00.000000000,49.49,370.0,,,,0,0.0,0.0,0.0,0.0,0.0,0.0,0.0,0.0,0.0,1.0,1.0,0.0
2023-12-16,18:05:00.000000000,49.49,370.0,-0.09028593478739311,82.89579587133545,-2.6331541183469045,0,0.0,0.0,0.0,0.0,0.0,0.0,0.0,0.0,0.0,1.0,1.0,0.0
2023-12-16,18:06:00.000000000,49.49,370.0,,,,0,0.0,0.0,0.0,0.0,0.0,0.0,0.0,0.0,0.0,1.0,1.0,0.0
2023-12-16,18:07:00.000000000,49.49,370.0,,,,0,0.0,0.0,0.0,0.0,0.0,0.0,0.0,0.0,0.0,1.0,1.0,0.0
2023-12-16,18:08:00.000000000,49.49,370.0,-0.09005954548387819,82.81203182903494,-2.644332183424946,0,0.0,0.0,0.0,0.0,0.0,0.0,0.0,0.0,0.0,1.0,1.0,0.0
2023-12-16,18:09:00.000000000,49.49,370.0,,,,0,0.0,0.0,0.0,0.0,0.0,0.0,0.0,0.0,0.0,1.0,1.0,0.0
2023-12-16,18:10:00.000000000,49.49,370.0,,,,0,0.0,0.0,0.0,0.0,0.0,0.0,0.0,0.0,0.0,1.0,1.0,0.0
2023-12-16,18:11:00.000000000,49.49,370.0,-0.08982835723806513,82.7264921780841,-2.6249099519523784,0,0.0,0.0,0.0,0.0,0.0,0.0,0.0,0.0,0.0,1.0,1.0,0.0
2023-12-16,18:12:00.000000000,49.49,370.0,,,,0,0.0,0.0,0.0,0.0,0.0,0.0,0.0,0.0,0.0,1.0,1.0,0.0
2023-12-16,18:13:00.000000000,49.49,370.0,,,,0,0.0,0.0,0.0,0.0,0.0,0.0,0.0,0.0,0.0,1.0,1.0,0.0
2023-12-16,18:14:00.000000000,49.49,370.0,-0.08957759909768664,82.63371166614405,-2.6073110891743374,0,0.0,0.0,0.0,0.0,0.0,0.0,0.0,0.0,0.0,1.0,1.0,0.0
2023-12-16,18:15:00.000000000,49.49,370.0,,,,0,0.0,0.0,0.0,0.0,0.0,0.0,0.0,0.0,0.0,1.0,1.0,0.0
2023-12-16,18:16:00.000000000,49.49,370.0,,,,0,0.0,0.0,0.0,0.0,0.0,0.0,0.0,0.0,0.0,1.0,1.0,0.0
2023-12-16,18:17:00.000000000,49.49,370.0,-0.0893455530248284,82.54785461918651,-2.58159536403434,0,0.0,0.0,0.0,0.0,0.0,0.0,0.0,0.0,0.0,1.0,1.0,0.0
2023-12-16,18:18:00.000000000,49.49,370.0,,,,0,0.0,0.0,0.0,0.0,0.0,0.0,0.0,0.0,0.0,1.0,1.0,0.0
2023-12-16,18:19:00.000000000,49.49,370.0,,,,0,0.0,0.0,0.0,0.0,0.0,0.0,0.0,0.0,0.0,1.0,1.0,0.0
2023-12-16,18:20:00.000000000,49.49,370.0,-0.08912818193215229,82.46742731489636,-2.5509711319648654,0,0.0,0.0,0.0,0.0,0.0,0.0,0.0,0.0,0.0,1.0,1.0,0.0
2023-12-16,18:21:00.000000000,49.49,370.0,,,,0,0.0,0.0,0.0,0.0,0.0,0.0,0.0,0.0,0.0,1.0,1.0,0.0
2023-12-16,18:22:00.000000000,49.49,370.0,,,,0,0.0,0.0,0.0,0.0,0.0,0.0,0.0,0.0,0.0,1.0,1.0,0.0
2023-12-16,18:23:00.000000000,49.49,370.0,-0.08891315283733814,82.38786654981512,-2.5003368805254844,0,0.0,0.0,0.0,0.0,0.0,0.0,0.0,0.0,0.0,1.0,1.0,0.0
2023-12-16,18:24:00.000000000,49.49,370.0,,,,0,0.0,0.0,0.0,0.0,0.0,0.0,0.0,0.0,0.0,1.0,1.0,0.0
2023-12-16,18:25:00.000000000,49.49,370.0,,,,0,0.0,0.0,0.0,0.0,0.0,0.0,0.0,0.0,0.0,1.0,1.0,0.0
2023-12-16,18:26:00.000000000,49.49,370.0,-0.08866404134728927,82.29569529849704,-2.4651941148284533,0,0.0,0.0,0.0,0.0,0.0,0.0,0.0,0.0,0.0,1.0,1.0,0.0
2023-12-16,18:27:00.000000000,49.49,370.0,,,,0,0.0,0.0,0.0,0.0,0.0,0.0,0.0,0.0,0.0,1.0,1.0,0.0
2023-12-16,18:28:00.000000000,49.49,370.0,,,,0,0.0,0.0,0.0,0.0,0.0,0.0,0.0,0.0,0.0,1.0,1.0,0.0
2023-12-16,18:29:00.000000000,49.49,370.0,-0.0883750531012711,82.18876964747031,-2.4459581504207675,0,0.0,0.0,0.0,0.0,0.0,0.0,0.0,0.0,0.0,1.0,1.0,0.0
2023-12-16,18:30:00.000000000,49.49,370.0,,,,0,0.0,0.0,0.0,0.0,0.0,0.0,0.0,0.0,0.0,1.0,1.0,0.0
2023-12-16,18:31:00.000000000,49.49,370.0,,,,0,0.0,0.0,0.0,0.0,0.0,0.0,0.0,0.0,0.0,1.0,1.0,0.0
2023-12-16,18:32:00.000000000,49.49,370.0,-0.08808464127300124,82.08131727101046,-2.427211822755333,0,0.0,0.0,0.0,0.0,0.0,0.0,0.0,0.0,0.0,1.0,1.0,0.0
2023-12-16,18:33:00.000000000,49.49,370.0,,,,0,0.0,0.0,0.0,0.0,0.0,0.0,0.0,0.0,0.0,1.0,1.0,0.0
2023-12-16,18:34:00.000000000,49.49,370.0,,,,0,0.0,0.0,0.0,0.0,0.0,0.0,0.0,0.0,0.0,1.0,1.0,0.0
2023-12-16,18:35:00.000000000,49.49,370.0,-0.08779111599718804,81.97271291895959,-2.4094503792880526,0,0.0,0.0,0.0,0.0,0.0,0.0,0.0,0.0,0.0,1.0,1.0,0.0
2023-12-16,18:36:00.000000000,49.49,370.0,,,,0,0.0,0.0,0.0,0.0,0.0,0.0,0.0,0.0,0.0,1.0,1.0,0.0
2023-12-16,18:37:00.000000000,49.49,370.0,,,,0,0.0,0.0,0.0,0.0,0.0,0.0,0.0,0.0,0.0,1.0,1.0,0.0
2023-12-16,18:38:00.000000000,49.49,370.0,-0.08748344702905586,81.85887540075066,-2.3963042117087467,0,0.0,0.0,0.0,0.0,0.0,0.0,0.0,0.0,0.0,1.0,1.0,0.0
2023-12-16,18:39:00.000000000,49.49,370.0,,,,0,0.0,0.0,0.0,0.0,0.0,0.0,0.0,0.0,0.0,1.0,1.0,0.0
2023-12-16,18:40:00.000000000,49.49,370.0,,,,0,0.0,0.0,0.0,0.0,0.0,0.0,0.0,0.0,0.0,1.0,1.0,0.0
2023-12-16,18:41:00.000000000,49.49,370.0,-0.0871720456652686,81.74365689614939,-2.382729351336591,0,0.0,0.0,0.0,0.0,0.0,0.0,0.0,0.0,0.0,1.0,1.0,0.0
2023-12-16,18:42:00.000000000,49.49,370.0,,,,0,0.0,0.0,0.0,0.0,0.0,0.0,0.0,0.0,0.0,1.0,1.0,0.0
2023-12-16,18:43:00.000000000,49.49,370.0,,,,0,0.0,0.0,0.0,0.0,0.0,0.0,0.0,0.0,0.0,1.0,1.0,0.0
2023-12-16,18:44:00.000000000,49.49,370.0,-0.08684314727746247,81.6219644926611,-2.373084999004463,0,0.0,0.0,0.0,0.0,0.0,0.0,0.0,0.0,0.0,1.0,1.0,0.0
2023-12-16,18:45:00.000000000,49.49,370.0,,,,0,0.0,0.0,0.0,0.0,0.0,0.0,0.0,0.0,0.0,1.0,1.0,0.0
2023-12-16,18:46:00.000000000,49.49,370.0,,,,0,0.0,0.0,0.0,0.0,0.0,0.0,0.0,0.0,0.0,1.0,1.0,0.0
2023-12-16,18:47:00.000000000,49.49,370.0,-0.08650886189736585,81.49827890202536,-2.363102655542672,0,0.0,0.0,0.0,0.0,0.0,0.0,0.0,0.0,0.0,1.0,1.0,0.0
2023-12-16,18:48:00.000000000,49.49,370.0,,,,0,0.0,0.0,0.0,0.0,0.0,0.0,0.0,0.0,0.0,1.0,1.0,0.0
2023-12-16,18:49:00.000000000,49.49,370.0,,,,0,0.0,0.0,0.0,0.0,0.0,0.0,0.0,0.0,0.0,1.0,1.0,0.0
2023-12-16,18:50:00.000000000,49.49,370.0,-0.08616708802481818,81.37182256918273,-2.3529586021329782,0,0.0,0.0,0.0,0.0,0.0,0.0,0.0,0.0,0.0,1.0,1.0,0.0
2023-12-16,18:51:00.000000000,49.49,370.0,,,,0,0.0,0.0,0.0,0.0,0.0,0.0,0.0,0.0,0.0,1.0,1.0,0.0
2023-12-16,18:52:00.000000000,49.49,370.0,,,,0,0.0,0.0,0.0,0.0,0.0,0.0,0.0,0.0,0.0,1.0,1.0,0.0
2023-12-16,18:53:00.000000000,49.49,370.0,-0.08581716617703385,81.24235148550252,-2.3430441623178977,0,0.0,0.0,0.0,0.0,0.0,0.0,0.0,0.0,0.0,1.0,1.0,0.0
2023-12-16,18:54:00.000000000,49.49,370.0,,,,0,0.0,0.0,0.0,0.0,0.0,0.0,0.0,0.0,0.0,1.0,1.0,0.0
2023-12-16,18:55:00.000000000,49.49,370.0,,,,0,0.0,0.0,0.0,0.0,0.0,0.0,0.0,0.0,0.0,1.0,1.0,0.0
2023-12-16,18:56:00.000000000,49.49,370.0,-0.0854517500435048,81.10714751609677,-2.3350858581349145,0,0.0,0.0,0.0,0.0,0.0,0.0,0.0,0.0,0.0,1.0,1.0,0.0
2023-12-16,18:57:00.000000000,49.49,370.0,,,,0,0.0,0.0,0.0,0.0,0.0,0.0,0.0,0.0,0.0,1.0,1.0,0.0
2023-12-16,18:58:00.000000000,49.49,370.0,,,,0,0.0,0.0,0.0,0.0,0.0,0.0,0.0,0.0,0.0,1.0,1.0,0.0
2023-12-16,18:59:00.000000000,49.49,370.0,-0.08508618008059736,80.97188662982103,-2.3248647860519487,0,0.0,0.0,0.0,0.0,0.0,0.0,0.0,0.0,0.0,1.0,1.0,0.0
2023-12-16,19:00:00.000000000,49.49,370.0,,,,0,0.0,0.0,0.0,0.0,0.0,0.0,0.0,0.0,0.0,1.0,1.0,0.0
2023-12-16,19:01:00.000000000,49.49,370.0,,,,0,0.0,0.0,0.0,0.0,0.0,0.0,0.0,0.0,0.0,1.0,1.0,0.0
2023-12-16,19:02:00.000000000,49.49,370.0,-0.08472612438437974,80.83866602222051,-2.311206873259866,0,0.0,0.0,0.0,0.0,0.0,0.0,0.0,0.0,0.0,1.0,1.0,0.0
2023-12-16,19:03:00.000000000,49.49,370.0,,,,0,0.0,0.0,0.0,0.0,0.0,0.0,0.0,0.0,0.0,1.0,1.0,0.0
2023-12-16,19:04:00.000000000,49.49,370.0,,,,0,0.0,0.0,0.0,0.0,0.0,0.0,0.0,0.0,0.0,1.0,1.0,0.0
2023-12-16,19:05:00.000000000,49.49,370.0,-0.08435714658589256,80.70214423678024,-2.2983217499663326,0,0.0,0.0,0.0,0.0,0.0,0.0,0.0,0.0,0.0,1.0,1.0,0.0
2023-12-16,19:06:00.000000000,49.49,370.0,,,,0,0.0,0.0,0.0,0.0,0.0,0.0,0.0,0.0,0.0,1.0,1.0,0.0
2023-12-16,19:07:00.000000000,49.49,370.0,,,,0,0.0,0.0,0.0,0.0,0.0,0.0,0.0,0.0,0.0,1.0,1.0,0.0
2023-12-16,19:08:00.000000000,49.49,370.0,-0.08403014311256665,80.58115295164967,-2.2746137268381705,0,0.0,0.0,0.0,0.0,0.0,0.0,0.0,0.0,0.0,1.0,1.0,0.0
2023-12-16,19:09:00.000000000,49.49,370.0,,,,0,0.0,0.0,0.0,0.0,0.0,0.0,0.0,0.0,0.0,1.0,1.0,0.0
2023-12-16,19:10:00.000000000,49.49,370.0,,,,0,0.0,0.0,0.0,0.0,0.0,0.0,0.0,0.0,0.0,1.0,1.0,0.0
2023-12-16,19:11:00.000000000,49.49,370.0,-0.08366504202769341,80.44606555024657,-2.2608164848594354,0,0.0,0.0,0.0,0.0,0.0,0.0,0.0,0.0,0.0,1.0,1.0,0.0
2023-12-16,19:12:00.000000000,49.49,370.0,,,,0,0.0,0.0,0.0,0.0,0.0,0.0,0.0,0.0,0.0,1.0,1.0,0.0
2023-12-16,19:13:00.000000000,49.49,370.0,,,,0,0.0,0.0,0.0,0.0,0.0,0.0,0.0,0.0,0.0,1.0,1.0,0.0
2023-12-16,19:14:00.000000000,49.49,370.0,-0.08328075063146151,80.30387773364076,-2.2513810957957214,0,0.0,0.0,0.0,0.0,0.0,0.0,0.0,0.0,0.0,1.0,1.0,0.0
2023-12-16,19:15:00.000000000,49.49,370.0,,,,0,0.0,0.0,0.0,0.0,0.0,0.0,0.0,0.0,0.0,1.0,1.0,0.0
2023-12-16,19:16:00.000000000,49.49,370.0,,,,0,0.0,0.0,0.0,0.0,0.0,0.0,0.0,0.0,0.0,1.0,1.0,0.0
2023-12-16,19:17:00.000000000,49.49,370.0,-0.08290868073887782,80.1662118733848,-2.239084873786672,0,0.0,0.0,0.0,0.0,0.0,0.0,0.0,0.0,0.0,1.0,1.0,0.0
2023-12-16,19:18:00.000000000,49.49,370.0,,,,0,0.0,0.0,0.0,0.0,0.0,0.0,0.0,0.0,0.0,1.0,1.0,0.0
2023-12-16,19:19:00.000000000,49.49,370.0,,,,0,0.0,0.0,0.0,0.0,0.0,0.0,0.0,0.0,0.0,1.0,1.0,0.0
2023-12-16,19:20:00.000000000,49.49,370.0,-0.08254947183699514,80.0333045796882,-2.2241093413983686,0,0.0,0.0,0.0,0.0,0.0,0.0,0.0,0.0,0.0,1.0,1.0,0.0
2023-12-16,19:21:00.000000000,49.49,370.0,,,,0,0.0,0.0,0.0,0.0,0.0,0.0,0.0,0.0,0.0,1.0,1.0,0.0
2023-12-16,19:22:00.000000000,49.49,370.0,,,,0,0.0,0.0,0.0,0.0,0.0,0.0,0.0,0.0,0.0,1.0,1.0,0.0
2023-12-16,19:23:00.000000000,49.49,370.0,-0.08216649542850152,79.89160330854557,-2.2139870612188606,0,0.0,0.0,0.0,0.0,0.0,0.0,0.0,0.0,0.0,1.0,1.0,0.0
2023-12-16,19:24:00.000000000,49.49,370.0,,,,0,0.0,0.0,0.0,0.0,0.0,0.0,0.0,0.0,0.0,1.0,1.0,0.0
2023-12-16,19:25:00.000000000,49.49,370.0,,,,0,0.0,0.0,0.0,0.0,0.0,0.0,0.0,0.0,0.0,1.0,1.0,0.0
2023-12-16,19:26:00.000000000,49.49,370.0,-0.08178317536692556,79.74977488576246,-2.202710603598284,0,0.0,0.0,0.0,0.0,0.0,0.0,0.0,0.0,0.0,1.0,1.0,0.0
2023-12-16,19:27:00.000000000,49.49,370.0,,,,0,0.0,0.0,0.0,0.0,0.0,0.0,0.0,0.0,0.0,1.0,1.0,0.0
2023-12-16,19:28:00.000000000,49.49,370.0,,,,0,0.0,0.0,0.0,0.0,0.0,0.0,0.0,0.0,0.0,1.0,1.0,0.0
2023-12-16,19:29:00.000000000,49.49,370.0,-0.08136479043151047,79.59497245965888,-2.19736794077291,0,0.0,0.0,0.0,0.0,0.0,0.0,0.0,0.0,0.0,1.0,1.0,0.0
2023-12-16,19:30:00.000000000,49.49,370.0,,,,0,0.0,0.0,0.0,0.0,0.0,0.0,0.0,0.0,0.0,1.0,1.0,0.0
2023-12-16,19:31:00.000000000,49.49,370.0,,,,0,0.0,0.0,0.0,0.0,0.0,0.0,0.0,0.0,0.0,1.0,1.0,0.0
2023-12-16,19:32:00.000000000,49.49,370.0,-0.08095679402491018,79.44401378921677,-2.188158559122627,0,0.0,0.0,0.0,0.0,0.0,0.0,0.0,0.0,0.0,1.0,1.0,0.0
2023-12-16,19:33:00.000000000,49.49,370.0,,,,0,0.0,0.0,0.0,0.0,0.0,0.0,0.0,0.0,0.0,1.0,1.0,0.0
2023-12-16,19:34:00.000000000,49.49,370.0,,,,0,0.0,0.0,0.0,0.0,0.0,0.0,0.0,0.0,0.0,1.0,1.0,0.0
2023-12-16,19:35:00.000000000,49.49,370.0,-0.08056194896494069,79.29792111702805,-2.1751392798897022,0,0.0,0.0,0.0,0.0,0.0,0.0,0.0,0.0,0.0,1.0,1.0,0.0
2023-12-16,19:36:00.000000000,49.49,370.0,,,,0,0.0,0.0,0.0,0.0,0.0,0.0,0.0,0.0,0.0,1.0,1.0,0.0
2023-12-16,19:37:00.000000000,49.49,370.0,,,,0,0.0,0.0,0.0,0.0,0.0,0.0,0.0,0.0,0.0,1.0,1.0,0.0
2023-12-16,19:38:00.000000000,49.49,370.0,-0.08017482525327542,79.1546853437119,-2.1602156225594316,0,0.0,0.0,0.0,0.0,0.0,0.0,0.0,0.0,0.0,1.0,1.0,0.0
2023-12-16,19:39:00.000000000,49.49,370.0,,,,0,0.0,0.0,0.0,0.0,0.0,0.0,0.0,0.0,0.0,1.0,1.0,0.0
2023-12-16,19:40:00.000000000,49.49,370.0,,,,0,0.0,0.0,0.0,0.0,0.0,0.0,0.0,0.0,0.0,1.0,1.0,0.0
2023-12-16,19:41:00.000000000,49.49,370.0,-0.07974771533956518,78.99665467563912,-2.152220209735183,0,0.0,0.0,0.0,0.0,0.0,0.0,0.0,0.0,0.0,1.0,1.0,0.0
2023-12-16,19:42:00.000000000,49.49,370.0,,,,0,0.0,0.0,0.0,0.0,0.0,0.0,0.0,0.0,0.0,1.0,1.0,0.0
2023-12-16,19:43:00.000000000,49.49,370.0,,,,0,0.0,0.0,0.0,0.0,0.0,0.0,0.0,0.0,0.0,1.0,1.0,0.0
2023-12-16,19:44:00.000000000,49.49,370.0,-0.07935419873926174,78.85105353352685,-2.136992087854137,0,0.0,0.0,0.0,0.0,0.0,0.0,0.0,0.0,0.0,1.0,1.0,0.0
2023-12-16,19:45:00.000000000,49.49,370.0,,,,0,0.0,0.0,0.0,0.0,0.0,0.0,0.0,0.0,0.0,1.0,1.0,0.0
2023-12-16,19:46:00.000000000,49.49,370.0,,,,0,0.0,0.0,0.0,0.0,0.0,0.0,0.0,0.0,0.0,1.0,1.0,0.0
2023-12-16,19:47:00.000000000,49.49,370.0,-0.07891585539742453,78.68886649704709,-2.129210443850194,0,0.0,0.0,0.0,0.0,0.0,0.0,0.0,0.0,0.0,1.0,1.0,0.0
2023-12-16,19:48:00.000000000,49.49,370.0,,,,0,0.0,0.0,0.0,0.0,0.0,0.0,0.0,0.0,0.0,1.0,1.0,0.0
2023-12-16,19:49:00.000000000,49.49,370.0,,,,0,0.0,0.0,0.0,0.0,0.0,0.0,0.0,0.0,0.0,1.0,1.0,0.0
2023-12-16,19:50:00.000000000,49.49,370.0,-0.07848473446555913,78.52935175225689,-2.1194973853366013,0,0.0,0.0,0.0,0.0,0.0,0.0,0.0,0.0,0.0,1.0,1.0,0.0
2023-12-16,19:51:00.000000000,49.49,370.0,,,,0,0.0,0.0,0.0,0.0,0.0,0.0,0.0,0.0,0.0,1.0,1.0,0.0
2023-12-16,19:52:00.000000000,49.49,370.0,,,,0,0.0,0.0,0.0,0.0,0.0,0.0,0.0,0.0,0.0,1.0,1.0,0.0
2023-12-16,19:53:00.000000000,49.49,370.0,-0.07804149958037593,78.3653548447391,-2.11129693203856,0,0.0,0.0,0.0,0.0,0.0,0.0,0.0,0.0,0.0,1.0,1.0,0.0
2023-12-16,19:54:00.000000000,49.49,370.0,,,,0,0.0,0.0,0.0,0.0,0.0,0.0,0.0,0.0,0.0,1.0,1.0,0.0
2023-12-16,19:55:00.000000000,49.49,370.0,,,,0,0.0,0.0,0.0,0.0,0.0,0.0,0.0,0.0,0.0,1.0,1.0,0.0
2023-12-16,19:56:00.000000000,49.49,370.0,-0.0775946731322895,78.20002905894711,-2.1030099820444024,0,0.0,0.0,0.0,0.0,0.0,0.0,0.0,0.0,0.0,1.0,1.0,0.0
2023-12-16,19:57:00.000000000,49.49,370.0,,,,0,0.0,0.0,0.0,0.0,0.0,0.0,0.0,0.0,0.0,1.0,1.0,0.0
2023-12-16,19:58:00.000000000,49.49,370.0,,,,0,0.0,0.0,0.0,0.0,0.0,0.0,0.0,0.0,0.0,1.0,1.0,0.0
2023-12-16,19:59:00.000000000,49.49,370.0,-0.07714603234873786,78.03403196903301,-2.0940499619968076,1,0.0,0.0,0.0,0.0,0.0,0.0,0.0,0.0,0.0,1.0,1.0,0.0
2023-12-16,20:00:00.000000000,49.49,370.0,,,,0,0.0,0.0,0.0,0.0,0.0,0.0,0.0,0.0,0.0,1.0,1.0,0.0
2023-12-16,20:01:00.000000000,49.49,370.0,,,,0,0.0,0.0,0.0,0.0,0.0,0.0,0.0,0.0,0.0,1.0,1.0,0.0
2023-12-16,20:02:00.000000000,49.49,370.0,-0.07672278510798539,77.87743048995459,-2.0802724564988875,0,0.0,0.0,0.0,0.0,0.0,0.0,0.0,0.0,0.0,1.0,1.0,0.0
2023-12-16,20:03:00.000000000,49.49,370.0,,,,0,0.0,0.0,0.0,0.0,0.0,0.0,0.0,0.0,0.0,1.0,1.0,0.0
2023-12-16,20:04:00.000000000,49.49,370.0,,,,0,0.0,0.0,0.0,0.0,0.0,0.0,0.0,0.0,0.0,1.0,1.0,0.0
2023-12-16,20:05:00.000000000,49.49,370.0,-0.07627446968565178,77.71155378369116,-2.070117713481581,0,0.0,0.0,0.0,0.0,0.0,0.0,0.0,0.0,0.0,1.0,1.0,0.0
2023-12-16,20:06:00.000000000,49.49,370.0,,,,0,0.0,0.0,0.0,0.0,0.0,0.0,0.0,0.0,0.0,1.0,1.0,0.0
2023-12-16,20:07:00.000000000,49.49,370.0,,,,0,0.0,0.0,0.0,0.0,0.0,0.0,0.0,0.0,0.0,1.0,1.0,0.0
2023-12-16,20:08:00.000000000,49.49,370.0,-0.07578747519412873,77.53136582182763,-2.0652287413801975,0,0.0,0.0,0.0,0.0,0.0,0.0,0.0,0.0,0.0,1.0,1.0,0.0
2023-12-16,20:09:00.000000000,49.49,370.0,,,,0,0.0,0.0,0.0,0.0,0.0,0.0,0.0,0.0,0.0,1.0,1.0,0.0
2023-12-16,20:10:00.000000000,49.49,370.0,,,,0,0.0,0.0,0.0,0.0,0.0,0.0,0.0,0.0,0.0,1.0,1.0,0.0
2023-12-16,20:11:00.000000000,49.49,370.0,-0.0753003644341381,77.35113484063109,-2.0600540033567762,0,0.0,0.0,0.0,0.0,0.0,0.0,0.0,0.0,0.0,1.0,1.0,0.0
2023-12-16,20:12:00.000000000,49.49,370.0,,,,0,0.0,0.0,0.0,0.0,0.0,0.0,0.0,0.0,0.0,1.0,1.0,0.0
2023-12-16,20:13:00.000000000,49.49,370.0,,,,0,0.0,0.0,0.0,0.0,0.0,0.0,0.0,0.0,0.0,1.0,1.0,0.0
2023-12-16,20:14:00.000000000,49.49,370.0,-0.07480232397429465,77.16685987048902,-2.0561880884661705,0,0.0,0.0,0.0,0.0,0.0,0.0,0.0,0.0,0.0,1.0,1.0,0.0
2023-12-16,20:15:00.000000000,49.49,370.0,,,,0,0.0,0.0,0.0,0.0,0.0,0.0,0.0,0.0,0.0,1.0,1.0,0.0
2023-12-16,20:16:00.000000000,49.49,370.0,,,,0,0.0,0.0,0.0,0.0,0.0,0.0,0.0,0.0,0.0,1.0,1.0,0.0
2023-12-16,20:17:00.000000000,49.49,370.0,-0.07430841595451819,76.98411390317173,-2.051231822538492,0,0.0,0.0,0.0,0.0,0.0,0.0,0.0,0.0,0.0,1.0,1.0,0.0
2023-12-16,20:18:00.000000000,49.49,370.0,,,,0,0.0,0.0,0.0,0.0,0.0,0.0,0.0,0.0,0.0,1.0,1.0,0.0
2023-12-16,20:19:00.000000000,49.49,370.0,,,,0,0.0,0.0,0.0,0.0,0.0,0.0,0.0,0.0,0.0,1.0,1.0,0.0
2023-12-16,20:20:00.000000000,49.49,370.0,-0.07385235450467571,76.81537116673002,-2.0406325650336283,0,0.0,0.0,0.0,0.0,0.0,0.0,0.0,0.0,0.0,1.0,1.0,0.0
2023-12-16,20:21:00.000000000,49.49,370.0,,,,0,0.0,0.0,0.0,0.0,0.0,0.0,0.0,0.0,0.0,1.0,1.0,0.0
2023-12-16,20:22:00.000000000,49.49,370.0,,,,0,0.0,0.0,0.0,0.0,0.0,0.0,0.0,0.0,0.0,1.0,1.0,0.0
2023-12-16,20:23:00.000000000,49.49,370.0,-0.07339274871908905,76.64531702606294,-2.030557088322119,0,0.0,0.0,0.0,0.0,0.0,0.0,0.0,0.0,0.0,1.0,1.0,0.0
2023-12-16,20:24:00.000000000,49.49,370.0,,,,0,0.0,0.0,0.0,0.0,0.0,0.0,0.0,0.0,0.0,1.0,1.0,0.0
2023-12-16,20:25:00.000000000,49.49,370.0,,,,0,0.0,0.0,0.0,0.0,0.0,0.0,0.0,0.0,0.0,1.0,1.0,0.0
2023-12-16,20:26:00.000000000,49.49,370.0,-0.07293229904334476,76.47495064603757,-2.020690528837915,0,0.0,0.0,0.0,0.0,0.0,0.0,0.0,0.0,0.0,1.0,1.0,0.0
2023-12-16,20:27:00.000000000,49.49,370.0,,,,0,0.0,0.0,0.0,0.0,0.0,0.0,0.0,0.0,0.0,1.0,1.0,0.0
2023-12-16,20:28:00.000000000,49.49,370.0,,,,0,0.0,0.0,0.0,0.0,0.0,0.0,0.0,0.0,0.0,1.0,1.0,0.0
2023-12-16,20:29:00.000000000,49.49,370.0,-0.07243176265237254,76.28975218137785,-2.016088485417306,0,0.0,0.0,0.0,0.0,0.0,0.0,0.0,0.0,0.0,1.0,1.0,0.0
2023-12-16,20:30:00.000000000,49.49,370.0,,,,0,0.0,0.0,0.0,0.0,0.0,0.0,0.0,0.0,0.0,1.0,1.0,0.0
2023-12-16,20:31:00.000000000,49.49,370.0,,,,0,0.0,0.0,0.0,0.0,0.0,0.0,0.0,0.0,0.0,1.0,1.0,0.0
2023-12-16,20:32:00.000000000,49.49,370.0,-0.07185447507794357,76.07615577883912,-2.0210579036398753,0,0.0,0.0,0.0,0.0,0.0,0.0,0.0,0.0,0.0,1.0,1.0,0.0
2023-12-16,20:33:00.000000000,49.49,370.0,,,,0,0.0,0.0,0.0,0.0,0.0,0.0,0.0,0.0,0.0,1.0,1.0,0.0
2023-12-16,20:34:00.000000000,49.49,370.0,,,,0,0.0,0.0,0.0,0.0,0.0,0.0,0.0,0.0,0.0,1.0,1.0,0.0
2023-12-16,20:35:00.000000000,49.49,370.0,-0.0712503162269233,75.85261700396163,-2.0283364082775557,0,0.0,0.0,0.0,0.0,0.0,0.0,0.0,0.0,0.0,1.0,1.0,0.0
2023-12-16,20:36:00.000000000,49.49,370.0,,,,0,0.0,0.0,0.0,0.0,0.0,0.0,0.0,0.0,0.0,1.0,1.0,0.0
2023-12-16,20:37:00.000000000,49.49,370.0,,,,0,0.0,0.0,0.0,0.0,0.0,0.0,0.0,0.0,0.0,1.0,1.0,0.0
2023-12-16,20:38:00.000000000,49.49,370.0,-0.07063800440793101,75.62606163093447,-2.035068861884659,0,0.0,0.0,0.0,0.0,0.0,0.0,0.0,0.0,0.0,1.0,1.0,0.0
2023-12-16,20:39:00.000000000,49.49,370.0,,,,0,0.0,0.0,0.0,0.0,0.0,0.0,0.0,0.0,0.0,1.0,1.0,0.0
2023-12-16,20:40:00.000000000,49.49,370.0,,,,0,0.0,0.0,0.0,0.0,0.0,0.0,0.0,0.0,0.0,1.0,1.0,0.0
2023-12-16,20:41:00.000000000,49.49,370.0,-0.07009318209795058,75.42447737624173,-2.0318331465412234,0,0.0,0.0,0.0,0.0,0.0,0.0,0.0,0.0,0.0,1.0,1.0,0.0
2023-12-16,20:42:00.000000000,49.49,370.0,,,,0,0.0,0.0,0.0,0.0,0.0,0.0,0.0,0.0,0.0,1.0,1.0,0.0
2023-12-16,20:43:00.000000000,49.49,370.0,,,,0,0.0,0.0,0.0,0.0,0.0,0.0,0.0,0.0,0.0,1.0,1.0,0.0
2023-12-16,20:44:00.000000000,49.49,370.0,-0.06954466926955735,75.22152762973622,-2.0287203393175566,0,0.0,0.0,0.0,0.0,0.0,0.0,0.0,0.0,0.0,1.0,1.0,0.0
2023-12-16,20:45:00.000000000,49.49,370.0,,,,0,0.0,0.0,0.0,0.0,0.0,0.0,0.0,0.0,0.0,1.0,1.0,0.0
2023-12-16,20:46:00.000000000,49.49,370.0,,,,0,0.0,0.0,0.0,0.0,0.0,0.0,0.0,0.0,0.0,1.0,1.0,0.0
2023-12-16,20:47:00.000000000,49.49,370.0,-0.06899244547830756,75.0172048269738,-2.025980471012358,0,0.0,0.0,0.0,0.0,0.0,0.0,0.0,0.0,0.0,1.0,1.0,0.0
2023-12-16,20:48:00.000000000,49.49,370.0,,,,0,0.0,0.0,0.0,0.0,0.0,0.0,0.0,0.0,0.0,1.0,1.0,0.0
2023-12-16,20:49:00.000000000,49.49,370.0,,,,0,0.0,0.0,0.0,0.0,0.0,0.0,0.0,0.0,0.0,1.0,1.0,0.0
2023-12-16,20:50:00.000000000,49.49,370.0,-0.06843649007553883,74.81150132794937,-2.0232356069142923,0,0.0,0.0,0.0,0.0,0.0,0.0,0.0,0.0,0.0,1.0,1.0,0.0
2023-12-16,20:51:00.000000000,49.49,370.0,,,,0,0.0,0.0,0.0,0.0,0.0,0.0,0.0,0.0,0.0,1.0,1.0,0.0
2023-12-16,20:52:00.000000000,49.49,370.0,,,,0,0.0,0.0,0.0,0.0,0.0,0.0,0.0,0.0,0.0,1.0,1.0,0.0
2023-12-16,20:53:00.000000000,49.49,370.0,-0.06787678220676018,74.60440941650127,-2.020286408477173,0,0.0,0.0,0.0,0.0,0.0,0.0,0.0,0.0,0.0,1.0,1.0,0.0
2023-12-16,20:54:00.000000000,49.49,370.0,,,,0,0.0,0.0,0.0,0.0,0.0,0.0,0.0,0.0,0.0,1.0,1.0,0.0
2023-12-16,20:55:00.000000000,49.49,370.0,,,,0,0.0,0.0,0.0,0.0,0.0,0.0,0.0,0.0,0.0,1.0,1.0,0.0
2023-12-16,20:56:00.000000000,49.49,370.0,-0.0673133008104932,74.39592129988249,-2.0170862250344275,0,0.0,0.0,0.0,0.0,0.0,0.0,0.0,0.0,0.0,1.0,1.0,0.0
2023-12-16,20:57:00.000000000,49.49,370.0,,,,0,0.0,0.0,0.0,0.0,0.0,0.0,0.0,0.0,0.0,1.0,1.0,0.0
2023-12-16,20:58:00.000000000,49.49,370.0,,,,0,0.0,0.0,0.0,0.0,0.0,0.0,0.0,0.0,0.0,1.0,1.0,0.0
2023-12-16,20:59:00.000000000,49.49,370.0,-0.0667460246160526,74.18602910793946,-2.0136222171272977,1,0.0,0.0,0.0,0.0,0.0,0.0,0.0,0.0,0.0,1.0,1.0,0.0
2023-12-18,14:29:00.000000000,49.37,369.32,-0.06618157444752082,73.81217907495838,-2.0592627353598076,0,0.0,0.0,0.0,0.0,0.0,0.0,0.0,0.0,0.0,1.0,1.0,0.0
2023-12-18,14:30:00.000000000,49.69,369.415,,,,0,0.0,0.0,0.0,0.0,0.0,0.0,0.0,0.0,0.0,1.0,1.0,0.0
2023-12-18,14:31:00.000000000,49.3,370.568,,,,0,0.0,0.0,0.0,0.0,0.0,0.0,0.0,0.0,0.0,1.0,1.0,0.0
2023-12-18,14:32:00.000000000,49.25,370.8,-0.06554131062777369,73.55271798077848,-2.0654580792479798,0,0.0,0.0,0.0,0.0,0.0,0.0,0.0,0.0,0.0,1.0,1.0,0.0
2023-12-18,14:33:00.000000000,49.24,370.96,,,,0,0.0,0.0,0.0,0.0,0.0,0.0,0.0,0.0,0.0,1.0,1.0,0.0
2023-12-18,14:34:00.000000000,49.22,371.03,,,,0,0.0,0.0,0.0,0.0,0.0,0.0,0.0,0.0,0.0,1.0,1.0,0.0
2023-12-18,14:35:00.000000000,49.185,370.43,-0.06490609313491955,73.22816407996825,-2.089064429888351,0,0.0,0.0,0.0,0.0,0.0,0.0,0.0,0.0,0.0,1.0,1.0,0.0
2023-12-18,14:36:00.000000000,49.25,370.65,,,,0,0.0,0.0,0.0,0.0,0.0,0.0,0.0,0.0,0.0,1.0,1.0,0.0
2023-12-18,14:37:00.000000000,49.215,370.46,,,,0,0.0,0.0,0.0,0.0,0.0,0.0,0.0,0.0,0.0,1.0,1.0,0.0
2023-12-18,14:38:00.000000000,49.16,370.305,-0.06426749427028111,72.95857446575644,-2.093259122319589,0,0.0,0.0,0.0,0.0,0.0,0.0,0.0,0.0,0.0,1.0,1.0,0.0
2023-12-18,14:39:00.000000000,49.14,369.93,,,,0,0.0,0.0,0.0,0.0,0.0,0.0,0.0,0.0,0.0,1.0,1.0,0.0
2023-12-18,14:40:00.000000000,49.1488,370.4201,,,,0,0.0,0.0,0.0,0.0,0.0,0.0,0.0,0.0,0.0,1.0,1.0,0.0
2023-12-18,14:41:00.000000000,49.185,370.82,-0.06361426859891704,72.77444308185042,-2.071543850300703,0,0.0,0.0,0.0,0.0,0.0,0.0,0.0,0.0,0.0,1.0,1.0,0.0
2023-12-18,14:42:00.000000000,49.175,370.59,,,,0,0.0,0.0,0.0,0.0,0.0,0.0,0.0,0.0,0.0,1.0,1.0,0.0
2023-12-18,14:43:00.000000000,49.19,369.9719,,,,0,0.0,0.0,0.0,0.0,0.0,0.0,0.0,0.0,0.0,1.0,1.0,0.0
2023-12-18,14:44:00.000000000,49.19,369.69,-0.0629816249412715,72.47367692453867,-2.0833583303621652,0,0.0,0.0,0.0,0.0,0.0,0.0,0.0,0.0,0.0,1.0,1.0,0.0
2023-12-18,14:45:00.000000000,49.185,369.471,,,,0,0.0,0.0,0.0,0.0,0.0,0.0,0.0,0.0,0.0,1.0,1.0,0.0
2023-12-18,14:46:00.000000000,49.17,369.45,,,,0,0.0,0.0,0.0,0.0,0.0,0.0,0.0,0.0,0.0,1.0,1.0,0.0
2023-12-18,14:47:00.000000000,49.09,369.355,-0.06232135543151593,72.10870423540757,-2.1103383836118064,0,0.0,0.0,0.0,0.0,0.0,0.0,0.0,0.0,0.0,1.0,1.0,0.0
2023-12-18,14:48:00.000000000,49.0,369.1703,,,,0,0.0,0.0,0.0,0.0,0.0,0.0,0.0,0.0,0.0,1.0,1.0,0.0
2023-12-18,14:49:00.000000000,48.99,369.232,,,,0,0.0,0.0,0.0,0.0,0.0,0.0,0.0,0.0,0.0,1.0,1.0,0.0
2023-12-18,14:50:00.000000000,48.94,369.2766,-0.06161553169174574,71.69317405032011,-2.146759516242817,0,0.0,0.0,0.0,0.0,0.0,0.0,0.0,0.0,0.0,1.0,1.0,0.0
2023-12-18,14:51:00.000000000,48.88,369.02,,,,0,0.0,0.0,0.0,0.0,0.0,0.0,0.0,0.0,0.0,1.0,1.0,0.0
2023-12-18,14:52:00.000000000,48.8942,369.2,,,,0,0.0,0.0,0.0,0.0,0.0,0.0,0.0,0.0,0.0,1.0,1.0,0.0
2023-12-18,14:53:00.000000000,48.93,369.2919,-0.0609042621312282,71.42145068053931,-2.139879500622739,0,0.0,0.0,0.0,0.0,0.0,0.0,0.0,0.0,0.0,1.0,1.0,0.0
2023-12-18,14:54:00.000000000,48.88,369.36,,,,0,0.0,0.0,0.0,0.0,0.0,0.0,0.0,0.0,0.0,1.0,1.0,0.0
2023-12-18,14:55:00.000000000,48.92,369.6481,,,,0,0.0,0.0,0.0,0.0,0.0,0.0,0.0,0.0,0.0,1.0,1.0,0.0
2023-12-18,14:56:00.000000000,48.9,369.7992,-0.06020181534281279,71.1625831523199,-2.1288520364433148,0,0.0,0.0,0.0,0.0,0.0,0.0,0.0,0.0,0.0,1.0,1.0,0.0
2023-12-18,14:57:00.000000000,48.95,369.83,,,,0,0.0,0.0,0.0,0.0,0.0,0.0,0.0,0.0,0.0,1.0,1.0,0.0
2023-12-18,14:58:00.000000000,48.92,369.61,,,,0,0.0,0.0,0.0,0.0,0.0,0.0,0.0,0.0,0.0,1.0,1.0,0.0
2023-12-18,14:59:00.000000000,48.94,369.76,-0.0595022505179542,70.94155215151875,-2.1078845389453305,0,0.0,0.0,0.0,0.0,0.0,0.0,0.0,0.0,0.0,1.0,1.0,0.0
2023-12-18,15:00:00.000000000,48.93,369.8087,,,,0,0.0,0.0,0.0,0.0,0.0,0.0,0.0,0.0,0.0,1.0,1.0,0.0
2023-12-18,15:01:00.000000000,48.89,369.835,,,,0,0.0,0.0,0.0,0.0,0.0,0.0,0.0,0.0,0.0,1.0,1.0,0.0
2023-12-18,15:02:00.000000000,48.905,370.2373,-0.0588069034087723,70.67750913942466,-2.0984279261107845,0,0.0,0.0,0.0,0.0,0.0,0.0,0.0,0.0,0.0,1.0,1.0,0.0
2023-12-18,15:03:00.000000000,48.92,370.345,,,,0,0.0,0.0,0.0,0.0,0.0,0.0,0.0,0.0,0.0,1.0,1.0,0.0
2023-12-18,15:04:00.000000000,48.9,370.5231,,,,0,0.0,0.0,0.0,0.0,0.0,0.0,0.0,0.0,0.0,1.0,1.0,0.0
2023-12-18,15:05:00.000000000,48.905,370.74,-0.058118654967807284,70.45191014276487,-2.079072480978611,0,0.0,0.0,0.0,0.0,0.0,0.0,0.0,0.0,0.0,1.0,1.0,0.0
2023-12-18,15:06:00.000000000,48.87,370.69,,,,0,0.0,0.0,0.0,0.0,0.0,0.0,0.0,0.0,0.0,1.0,1.0,0.0
2023-12-18,15:07:00.000000000,48.86,370.775,,,,0,0.0,0.0,0.0,0.0,0.0,0.0,0.0,0.0,0.0,1.0,1.0,0.0
2023-12-18,15:08:00.000000000,48.85,370.6499,-0.057422926684744205,70.13380203340778,-2.082740344968848,0,0.0,0.0,0.0,0.0,0.0,0.0,0.0,0.0,0.0,1.0,1.0,0.0
2023-12-18,15:09:00.000000000,48.81,371.04,,,,0,0.0,0.0,0.0,0.0,0.0,0.0,0.0,0.0,0.0,1.0,1.0,0.0
2023-12-18,15:10:00.000000000,48.79,370.91,,,,0,0.0,0.0,0.0,0.0,0.0,0.0,0.0,0.0,0.0,1.0,1.0,0.0
2023-12-18,15:11:00.000000000,48.735,370.62,-0.05671716735397451,69.75551656473003,-2.098976263086705,0,0.0,0.0,0.0,0.0,0.0,0.0,0.0,0.0,0.0,1.0,1.0,0.0
2023-12-18,15:12:00.000000000,48.645,370.6109,,,,0,0.0,0.0,0.0,0.0,0.0,0.0,0.0,0.0,0.0,1.0,1.0,0.0
2023-12-18,15:13:00.000000000,48.65,370.57,,,,0,0.0,0.0,0.0,0.0,0.0,0.0,0.0,0.0,0.0,1.0,1.0,0.0
2023-12-18,15:14:00.000000000,48.68,370.62,-0.05600536210331463,69.43670730273047,-2.098143223472566,0,0.0,0.0,0.0,0.0,0.0,0.0,0.0,0.0,0.0,1.0,1.0,0.0
2023-12-18,15:15:00.000000000,48.67,370.86,,,,0,0.0,0.0,0.0,0.0,0.0,0.0,0.0,0.0,0.0,1.0,1.0,0.0
2023-12-18,15:16:00.000000000,48.72,371.08,,,,0,0.0,0.0,0.0,0.0,0.0,0.0,0.0,0.0,0.0,1.0,1.0,0.0
2023-12-18,15:17:00.000000000,48.74,371.15,-0.05531524098112828,69.27025169014576,-2.060973153049391,0,0.0,0.0,0.0,0.0,0.0,0.0,0.0,0.0,0.0,1.0,1.0,0.0
2023-12-18,15:18:00.000000000,48.75,371.2037,,,,0,0.0,0.0,0.0,0.0,0.0,0.0,0.0,0.0,0.0,1.0,1.0,0.0
2023-12-18,15:19:00.000000000,48.8,371.37,,,,0,0.0,0.0,0.0,0.0,0.0,0.0,0.0,0.0,0.0,1.0,1.0,0.0
2023-12-18,15:20:00.000000000,48.77,371.16,-0.05462123601563553,69.0432179595633,-2.0400161803730077,0,0.0,0.0,0.0,0.0,0.0,0.0,0.0,0.0,0.0,1.0,1.0,0.0
2023-12-18,15:21:00.000000000,48.72,371.0398,,,,0,0.0,0.0,0.0,0.0,0.0,0.0,0.0,0.0,0.0,1.0,1.0,0.0
2023-12-18,15:22:00.000000000,48.72,371.4,,,,0,0.0,0.0,0.0,0.0,0.0,0.0,0.0,0.0,0.0,1.0,1.0,0.0
2023-12-18,15:23:00.000000000,48.715,371.66,-0.05394465623253187,68.7640709353828,-2.0315991540232465,0,0.0,0.0,0.0,0.0,0.0,0.0,0.0,0.0,0.0,1.0,1.0,0.0
2023-12-18,15:24:00.000000000,48.75,371.9,,,,0,0.0,0.0,0.0,0.0,0.0,0.0,0.0,0.0,0.0,1.0,1.0,0.0
2023-12-18,15:25:00.000000000,48.7442,371.765,,,,0,0.0,0.0,0.0,0.0,0.0,0.0,0.0,0.0,0.0,1.0,1.0,0.0
2023-12-18,15:26:00.000000000,48.73,371.9,-0.053270267603941324,68.54121252190578,-2.0104928117883114,0,0.0,0.0,0.0,0.0,0.0,0.0,0.0,0.0,0.0,1.0,1.0,0.0
2023-12-18,15:27:00.000000000,48.73,372.1976,,,,0,0.0,0.0,0.0,0.0,0.0,0.0,0.0,0.0,0.0,1.0,1.0,0.0
2023-12-18,15:28:00.000000000,48.7,372.3996,,,,0,0.0,0.0,0.0,0.0,0.0,0.0,0.0,0.0,0.0,1.0,1.0,0.0
2023-12-18,15:29:00.000000000,48.7,372.49,-0.052613731096041394,68.29808869596447,-1.9948034176843021,0,0.0,0.0,0.0,0.0,0.0,0.0,0.0,0.0,0.0,1.0,1.0,0.0
2023-12-18,15:30:00.000000000,48.69,372.5799,,,,0,0.0,0.0,0.0,0.0,0.0,0.0,0.0,0.0,0.0,1.0,1.0,0.0
2023-12-18,15:31:00.000000000,48.68,372.5091,,,,0,0.0,0.0,0.0,0.0,0.0,0.0,0.0,0.0,0.0,1.0,1.0,0.0
2023-12-18,15:32:00.000000000,48.695,372.1904,-0.05194907181153854,68.02994581716526,-1.9850293254497453,0,0.0,0.0,0.0,0.0,0.0,0.0,0.0,0.0,0.0,1.0,1.0,0.0
2023-12-18,15:33:00.000000000,48.69,372.0549,,,,0,0.0,0.0,0.0,0.0,0.0,0.0,0.0,0.0,0.0,1.0,1.0,0.0
2023-12-18,15:34:00.000000000,48.71,371.94,,,,0,0.0,0.0,0.0,0.0,0.0,0.0,0.0,0.0,0.0,1.0,1.0,0.0
2023-12-18,15:35:00.000000000,48.705,371.83,-0.05126938757000716,67.76849638015577,-1.9738354646243228,0,0.0,0.0,0.0,0.0,0.0,0.0,0.0,0.0,0.0,1.0,1.0,0.0
2023-12-18,15:36:00.000000000,48.705,371.665,,,,0,0.0,0.0,0.0,0.0,0.0,0.0,0.0,0.0,0.0,1.0,1.0,0.0
2023-12-18,15:37:00.000000000,48.67,371.3987,,,,0,0.0,0.0,0.0,0.0,0.0,0.0,0.0,0.0,0.0,1.0,1.0,0.0
2023-12-18,15:38:00.000000000,48.665,371.6,-0.05058360896425043,67.46186909111546,-1.9722988591814306,0,0.0,0.0,0.0,0.0,0.0,0.0,0.0,0.0,0.0,1.0,1.0,0.0
2023-12-18,15:39:00.000000000,48.647,371.555,,,,0,0.0,0.0,0.0,0.0,0.0,0.0,0.0,0.0,0.0,1.0,1.0,0.0
2023-12-18,15:40:00.000000000,48.65,371.72,,,,0,0.0,0.0,0.0,0.0,0.0,0.0,0.0,0.0,0.0,1.0,1.0,0.0
2023-12-18,15:41:00.000000000,48.625,371.28,-0.049882598950666435,67.14541133840343,-1.9721856666191036,0,0.0,0.0,0.0,0.0,0.0,0.0,0.0,0.0,0.0,1.0,1.0,0.0
2023-12-18,15:42:00.000000000,48.595,371.23,,,,0,0.0,0.0,0.0,0.0,0.0,0.0,0.0,0.0,0.0,1.0,1.0,0.0
2023-12-18,15:43:00.000000000,48.635,371.1761,,,,0,0.0,0.0,0.0,0.0,0.0,0.0,0.0,0.0,0.0,1.0,1.0,0.0
2023-12-18,15:44:00.000000000,48.62,370.91,-0.049156654272095604,66.85269463606298,-1.9665272302442298,0,0.0,0.0,0.0,0.0,0.0,0.0,0.0,0.0,0.0,1.0,1.0,0.0
2023-12-18,15:45:00.000000000,48.63,370.8168,,,,0,0.0,0.0,0.0,0.0,0.0,0.0,0.0,0.0,0.0,1.0,1.0,0.0
2023-12-18,15:46:00.000000000,48.6,370.83,,,,0,0.0,0.0,0.0,0.0,0.0,0.0,0.0,0.0,0.0,1.0,1.0,0.0
2023-12-18,15:47:00.000000000,48.605,370.82,-0.048421501885583536,66.56066132921208,-1.9604836542608435,0,0.0,0.0,0.0,0.0,0.0,0.0,0.0,0.0,0.0,1.0,1.0,0.0
2023-12-18,15:48:00.000000000,48.595,370.81,,,,0,0.0,0.0,0.0,0.0,0.0,0.0,0.0,0.0,0.0,1.0,1.0,0.0
2023-12-18,15:49:00.000000000,48.605,370.81,,,,0,0.0,0.0,0.0,0.0,0.0,0.0,0.0,0.0,0.0,1.0,1.0,0.0
2023-12-18,15:50:00.000000000,48.575,370.81,-0.047681955802954264,66.25594603129348,-1.9567047952419063,0,0.0,0.0,0.0,0.0,0.0,0.0,0.0,0.0,0.0,1.0,1.0,0.0
2023-12-18,15:51:00.000000000,48.54,370.71,,,,0,0.0,0.0,0.0,0.0,0.0,0.0,0.0,0.0,0.0,1.0,1.0,0.0
2023-12-18,15:52:00.000000000,48.5,370.84,,,,0,0.0,0.0,0.0,0.0,0.0,0.0,0.0,0.0,0.0,1.0,1.0,0.0
2023-12-18,15:53:00.000000000,48.505,370.8622,-0.04694256246848128,65.9142219906984,-1.9597548398695595,0,0.0,0.0,0.0,0.0,0.0,0.0,0.0,0.0,0.0,1.0,1.0,0.0
2023-12-18,15:54:00.000000000,48.48,370.7,,,,0,0.0,0.0,0.0,0.0,0.0,0.0,0.0,0.0,0.0,1.0,1.0,0.0
2023-12-18,15:55:00.000000000,48.47,370.77,,,,0,0.0,0.0,0.0,0.0,0.0,0.0,0.0,0.0,0.0,1.0,1.0,0.0
2023-12-18,15:56:00.000000000,48.48,370.565,-0.04617292564095905,65.59007019014199,-1.9583783430708053,0,0.0,0.0,0.0,0.0,0.0,0.0,0.0,0.0,0.0,1.0,1.0,0.0
2023-12-18,15:57:00.000000000,48.53,370.62,,,,0,0.0,0.0,0.0,0.0,0.0,0.0,0.0,0.0,0.0,1.0,1.0,0.0
2023-12-18,15:58:00.000000000,48.505,370.76,,,,0,0.0,0.0,0.0,0.0,0.0,0.0,0.0,0.0,0.0,1.0,1.0,0.0
2023-12-18,15:59:00.000000000,48.4975,370.63,-0.04540671916158526,65.32659232285835,-1.9447444600111414,0,0.0,0.0,0.0,0.0,0.0,0.0,0.0,0.0,0.0,1.0,1.0,0.0
2023-12-18,16:00:00.000000000,48.49,370.535,,,,0,0.0,0.0,0.0,0.0,0.0,0.0,0.0,0.0,0.0,1.0,1.0,0.0
2023-12-18,16:01:00.000000000,48.49,370.805,,,,0,0.0,0.0,0.0,0.0,0.0,0.0,0.0,0.0,0.0,1.0,1.0,0.0
2023-12-18,16:02:00.000000000,48.5,370.51,-0.04462648096637531,65.03455746285172,-1.9369428506468993,0,0.0,0.0,0.0,0.0,0.0,0.0,0.0,0.0,0.0,1.0,1.0,0.0
2023-12-18,16:03:00.000000000,48.53,370.57,,,,0,0.0,0.0,0.0,0.0,0.0,0.0,0.0,0.0,0.0,1.0,1.0,0.0
2023-12-18,16:04:00.000000000,48.5,370.6338,,,,0,0.0,0.0,0.0,0.0,0.0,0.0,0.0,0.0,0.0,1.0,1.0,0.0
2023-12-18,16:05:00.000000000,48.525,370.8205,-0.04387059985182123,64.79311777235228,-1.9196129419677066,0,0.0,0.0,0.0,0.0,0.0,0.0,0.0,0.0,0.0,1.0,1.0,0.0
2023-12-18,16:06:00.000000000,48.51,370.69,,,,0,0.0,0.0,0.0,0.0,0.0,0.0,0.0,0.0,0.0,1.0,1.0,0.0
2023-12-18,16:07:00.000000000,48.4872,370.61,,,,0,0.0,0.0,0.0,0.0,0.0,0.0,0.0,0.0,0.0,1.0,1.0,0.0
2023-12-18,16:08:00.000000000,48.49,370.67,-0.043097600527715274,64.46498758760822,-1.9190821715140811,0,0.0,0.0,0.0,0.0,0.0,0.0,0.0,0.0,0.0,1.0,1.0,0.0
2023-12-18,16:09:00.000000000,48.53,370.7,,,,0,0.0,0.0,0.0,0.0,0.0,0.0,0.0,0.0,0.0,1.0,1.0,0.0
2023-12-18,16:10:00.000000000,48.54,370.745,,,,0,0.0,0.0,0.0,0.0,0.0,0.0,0.0,0.0,0.0,1.0,1.0,0.0
2023-12-18,16:11:00.000000000,48.54,370.74,-0.04232863717861901,64.2329189476012,-1.9003501788694477,0,0.0,0.0,0.0,0.0,0.0,0.0,0.0,0.0,0.0,1.0,1.0,0.0
2023-12-18,16:12:00.000000000,48.5899,370.73,,,,0,0.0,0.0,0.0,0.0,0.0,0.0,0.0,0.0,0.0,1.0,1.0,0.0
2023-12-18,16:13:00.000000000,48.57,370.72,,,,0,0.0,0.0,0.0,0.0,0.0,0.0,0.0,0.0,0.0,1.0,1.0,0.0
2023-12-18,16:14:00.000000000,48.6,370.7291,-0.04155675720173734,64.00629919631861,-1.8815070704690096,0,0.0,0.0,0.0,0.0,0.0,0.0,0.0,0.0,0.0,1.0,1.0,0.0
2023-12-18,16:15:00.000000000,48.6,370.84,,,,0,0.0,0.0,0.0,0.0,0.0,0.0,0.0,0.0,0.0,1.0,1.0,0.0
2023-12-18,16:16:00.000000000,48.575,370.9201,,,,0,0.0,0.0,0.0,0.0,0.0,0.0,0.0,0.0,0.0,1.0,1.0,0.0
2023-12-18,16:17:00.000000000,48.58,371.1724,-0.040812931909033616,63.72863388771259,-1.8727239924072148,0,0.0,0.0,0.0,0.0,0.0,0.0,0.0,0.0,0.0,1.0,1.0,0.0
2023-12-18,16:18:00.000000000,48.57,371.1164,,,,0,0.0,0.0,0.0,0.0,0.0,0.0,0.0,0.0,0.0,1.0,1.0,0.0
2023-12-18,16:19:00.000000000,48.57,371.135,,,,0,0.0,0.0,0.0,0.0,0.0,0.0,0.0,0.0,0.0,1.0,1.0,0.0
2023-12-18,16:20:00.000000000,48.55,370.91,-0.040047365456098195,63.40396832132138,-1.8724331826117149,0,0.0,0.0,0.0,0.0,0.0,0.0,0.0,0.0,0.0,1.0,1.0,0.0
2023-12-18,16:21:00.000000000,48.53,371.0288,,,,0,0.0,0.0,0.0,0.0,0.0,0.0,0.0,0.0,0.0,1.0,1.0,0.0
2023-12-18,16:22:00.000000000,48.51,370.95,,,,0,0.0,0.0,0.0,0.0,0.0,0.0,0.0,0.0,0.0,1.0,1.0,0.0
2023-12-18,16:23:00.000000000,48.5,370.91,-0.039278809820903496,63.06890335067132,-1.8734699054273527,0,0.0,0.0,0.0,0.0,0.0,0.0,0.0,0.0,0.0,1.0,1.0,0.0
2023-12-18,16:24:00.000000000,48.51,370.979,,,,0,0.0,0.0,0.0,0.0,0.0,0.0,0.0,0.0,0.0,1.0,1.0,0.0
2023-12-18,16:25:00.000000000,48.505,370.98,,,,0,0.0,0.0,0.0,0.0,0.0,0.0,0.0,0.0,0.0,1.0,1.0,0.0
2023-12-18,16:26:00.000000000,48.5,370.79,-0.03849630221717905,62.774043899107824,-1.8668907014971101,0,0.0,0.0,0.0,0.0,0.0,0.0,0.0,0.0,0.0,1.0,1.0,0.0
2023-12-18,16:27:00.000000000,48.5,370.9601,,,,0,0.0,0.0,0.0,0.0,0.0,0.0,0.0,0.0,0.0,1.0,1.0,0.0
2023-12-18,16:28:00.000000000,48.49,370.8499,,,,0,0.0,0.0,0.0,0.0,0.0,0.0,0.0,0.0,0.0,1.0,1.0,0.0
2023-12-18,16:29:00.000000000,48.485,370.99,-0.0377282340205204,62.48179753927286,-1.8599246778337284,0,0.0,0.0,0.0,0.0,0.0,0.0,0.0,0.0,0.0,1.0,1.0,0.0
2023-12-18,16:30:00.000000000,48.495,371.08,,,,0,0.0,0.0,0.0,0.0,0.0,0.0,0.0,0.0,0.0,1.0,1.0,0.0
2023-12-18,16:31:00.000000000,48.485,371.31,,,,0,0.0,0.0,0.0,0.0,0.0,0.0,0.0,0.0,0.0,1.0,1.0,0.0
2023-12-18,16:32:00.000000000,48.485,371.28,-0.03698221914802261,62.21575832527783,-1.8485388308611739,0,0.0,0.0,0.0,0.0,0.0,0.0,0.0,0.0,0.0,1.0,1.0,0.0
2023-12-18,16:33:00.000000000,48.465,371.195,,,,0,0.0,0.0,0.0,0.0,0.0,0.0,0.0,0.0,0.0,1.0,1.0,0.0
2023-12-18,16:34:00.000000000,48.46,371.16,,,,0,0.0,0.0,0.0,0.0,0.0,0.0,0.0,0.0,0.0,1.0,1.0,0.0
2023-12-18,16:35:00.000000000,48.465,371.1001,-0.03621819170292317,61.905574562773964,-1.8450407187144682,0,0.0,0.0,0.0,0.0,0.0,0.0,0.0,0.0,0.0,1.0,1.0,0.0
2023-12-18,16:36:00.000000000,48.48,371.14,,,,0,0.0,0.0,0.0,0.0,0.0,0.0,0.0,0.0,0.0,1.0,1.0,0.0
2023-12-18,16:37:00.000000000,48.475,371.25,,,,0,0.0,0.0,0.0,0.0,0.0,0.0,0.0,0.0,0.0,1.0,1.0,0.0
2023-12-18,16:38:00.000000000,48.49,371.26,-0.03546368382394695,61.656247256478544,-1.8311549166021994,0,0.0,0.0,0.0,0.0,0.0,0.0,0.0,0.0,0.0,1.0,1.0,0.0
2023-12-18,16:39:00.000000000,48.465,371.0675,,,,0,0.0,0.0,0.0,0.0,0.0,0.0,0.0,0.0,0.0,1.0,1.0,0.0
2023-12-18,16:40:00.000000000,48.49,371.0499,,,,0,0.0,0.0,0.0,0.0,0.0,0.0,0.0,0.0,0.0,1.0,1.0,0.0
2023-12-18,16:41:00.000000000,48.485,371.015,-0.034684566228716955,61.35349433934742,-1.8268471979921053,0,0.0,0.0,0.0,0.0,0.0,0.0,0.0,0.0,0.0,1.0,1.0,0.0
2023-12-18,16:42:00.000000000,48.475,371.1468,,,,0,0.0,0.0,0.0,0.0,0.0,0.0,0.0,0.0,0.0,1.0,1.0,0.0
2023-12-18,16:43:00.000000000,48.485,371.2007,,,,0,0.0,0.0,0.0,0.0,0.0,0.0,0.0,0.0,0.0,1.0,1.0,0.0
2023-12-18,16:44:00.000000000,48.545,371.2726,-0.03392051175128182,61.138756591228955,-1.8079189780505203,0,0.0,0.0,0.0,0.0,0.0,0.0,0.0,0.0,0.0,1.0,1.0,0.0
2023-12-18,16:45:00.000000000,48.59,371.39,,,,0,0.0,0.0,0.0,0.0,0.0,0.0,0.0,0.0,0.0,1.0,1.0,0.0
2023-12-18,16:46:00.000000000,48.585,371.3158,,,,0,0.0,0.0,0.0,0.0,0.0,0.0,0.0,0.0,0.0,1.0,1.0,0.0
2023-12-18,16:47:00.000000000,48.55,371.14,-0.033142469056358405,60.850495965576854,-1.802112378549895,0,0.0,0.0,0.0,0.0,0.0,0.0,0.0,0.0,0.0,1.0,1.0,0.0
2023-12-18,16:48:00.000000000,48.55,371.045,,,,0,0.0,0.0,0.0,0.0,0.0,0.0,0.0,0.0,0.0,1.0,1.0,0.0
2023-12-18,16:49:00.000000000,48.56,371.11,,,,0,0.0,0.0,0.0,0.0,0.0,0.0,0.0,0.0,0.0,1.0,1.0,0.0
2023-12-18,16:50:00.000000000,48.545,371.16,-0.03236282757085792,60.55678708119963,-1.7972828950621706,0,0.0,0.0,0.0,0.0,0.0,0.0,0.0,0.0,0.0,1.0,1.0,0.0
2023-12-18,16:51:00.000000000,48.54,371.2,,,,0,0.0,0.0,0.0,0.0,0.0,0.0,0.0,0.0,0.0,1.0,1.0,0.0
2023-12-18,16:52:00.000000000,48.53,371.2,,,,0,0.0,0.0,0.0,0.0,0.0,0.0,0.0,0.0,0.0,1.0,1.0,0.0
2023-12-18,16:53:00.000000000,48.55,371.25,-0.031586512998144245,60.27649295056105,-1.790332133417317,0,0.0,0.0,0.0,0.0,0.0,0.0,0.0,0.0,0.0,1.0,1.0,0.0
2023-12-18,16:54:00.000000000,48.52,371.05,,,,0,0.0,0.0,0.0,0.0,0.0,0.0,0.0,0.0,0.0,1.0,1.0,0.0
2023-12-18,16:55:00.000000000,48.55,371.16,,,,0,0.0,0.0,0.0,0.0,0.0,0.0,0.0,0.0,0.0,1.0,1.0,0.0
2023-12-18,16:56:00.000000000,48.55,371.245,-0.03080640019587619,59.98672204071805,-1.785150202683096,0,0.0,0.0,0.0,0.0,0.0,0.0,0.0,0.0,0.0,1.0,1.0,0.0
2023-12-18,16:57:00.000000000,48.55,371.13,,,,0,0.0,0.0,0.0,0.0,0.0,0.0,0.0,0.0,0.0,1.0,1.0,0.0
2023-12-18,16:58:00.000000000,48.525,371.08,,,,0,0.0,0.0,0.0,0.0,0.0,0.0,0.0,0.0,0.0,1.0,1.0,0.0
2023-12-18,16:59:00.000000000,48.525,371.11,-0.030013340710979206,59.66325087125149,-1.785520717559078,0,0.0,0.0,0.0,0.0,0.0,0.0,0.0,0.0,0.0,1.0,1.0,0.0
2023-12-18,17:00:00.000000000,48.505,371.235,,,,0,0.0,0.0,0.0,0.0,0.0,0.0,0.0,0.0,0.0,1.0,1.0,0.0
2023-12-18,17:01:00.000000000,48.51,371.46,,,,0,0.0,0.0,0.0,0.0,0.0,0.0,0.0,0.0,0.0,1.0,1.0,0.0
2023-12-18,17:02:00.000000000,48.5,371.48,-0.029250342959893726,59.365917402741324,-1.7814848896709952,0,0.0,0.0,0.0,0.0,0.0,0.0,0.0,0.0,0.0,1.0,1.0,0.0
2023-12-18,17:03:00.000000000,48.495,371.3161,,,,0,0.0,0.0,0.0,0.0,0.0,0.0,0.0,0.0,0.0,1.0,1.0,0.0
2023-12-18,17:04:00.000000000,48.485,371.36,,,,0,0.0,0.0,0.0,0.0,0.0,0.0,0.0,0.0,0.0,1.0,1.0,0.0
2023-12-18,17:05:00.000000000,48.465,371.4,-0.028480745387543797,59.04274883693377,-1.7816436936844469,0,0.0,0.0,0.0,0.0,0.0,0.0,0.0,0.0,0.0,1.0,1.0,0.0
2023-12-18,17:06:00.000000000,48.475,371.46,,,,0,0.0,0.0,0.0,0.0,0.0,0.0,0.0,0.0,0.0,1.0,1.0,0.0
2023-12-18,17:07:00.000000000,48.52,371.53,,,,0,0.0,0.0,0.0,0.0,0.0,0.0,0.0,0.0,0.0,1.0,1.0,0.0
2023-12-18,17:08:00.000000000,48.53,371.57,-0.02771515977710449,58.82812191837871,-1.7645417721980161,0,0.0,0.0,0.0,0.0,0.0,0.0,0.0,0.0,0.0,1.0,1.0,0.0
2023-12-18,17:09:00.000000000,48.555,371.53,,,,0,0.0,0.0,0.0,0.0,0.0,0.0,0.0,0.0,0.0,1.0,1.0,0.0
2023-12-18,17:10:00.000000000,48.5775,371.647,,,,0,0.0,0.0,0.0,0.0,0.0,0.0,0.0,0.0,0.0,1.0,1.0,0.0
2023-12-18,17:11:00.000000000,48.575,371.5888,-0.026941878015769243,58.586300121626074,-1.752646726966764,0,0.0,0.0,0.0,0.0,0.0,0.0,0.0,0.0,0.0,1.0,1.0,0.0
2023-12-18,17:12:00.000000000,48.595,371.51,,,,0,0.0,0.0,0.0,0.0,0.0,0.0,0.0,0.0,0.0,1.0,1.0,0.0
2023-12-18,17:13:00.000000000,48.58,371.49,,,,0,0.0,0.0,0.0,0.0,0.0,0.0,0.0,0.0,0.0,1.0,1.0,0.0
2023-12-18,17:14:00.000000000,48.585,371.522,-0.02615919435860904,58.303716206499146,-1.7477290774309344,0,0.0,0.0,0.0,0.0,0.0,0.0,0.0,0.0,0.0,1.0,1.0,0.0
2023-12-18,17:15:00.000000000,48.585,371.615,,,,0,0.0,0.0,0.0,0.0,0.0,0.0,0.0,0.0,0.0,1.0,1.0,0.0
2023-12-18,17:16:00.000000000,48.615,371.77,,,,0,0.0,0.0,0.0,0.0,0.0,0.0,0.0,0.0,0.0,1.0,1.0,0.0
2023-12-18,17:17:00.000000000,48.585,371.7,-0.025386027522141162,58.02098642997987,-1.7430482132399572,0,0.0,0.0,0.0,0.0,0.0,0.0,0.0,0.0,0.0,1.0,1.0,0.0
2023-12-18,17:18:00.000000000,48.625,371.71,,,,0,0.0,0.0,0.0,0.0,0.0,0.0,0.0,0.0,0.0,1.0,1.0,0.0
2023-12-18,17:19:00.000000000,48.68,371.785,,,,0,0.0,0.0,0.0,0.0,0.0,0.0,0.0,0.0,0.0,1.0,1.0,0.0
2023-12-18,17:20:00.000000000,48.65,371.805,-0.024605924246288945,57.79860566439146,-1.729276220137479,0,0.0,0.0,0.0,0.0,0.0,0.0,0.0,0.0,0.0,1.0,1.0,0.0
2023-12-18,17:21:00.000000000,48.655,371.7005,,,,0,0.0,0.0,0.0,0.0,0.0,0.0,0.0,0.0,0.0,1.0,1.0,0.0
2023-12-18,17:22:00.000000000,48.66,371.655,,,,0,0.0,0.0,0.0,0.0,0.0,0.0,0.0,0.0,0.0,1.0,1.0,0.0
2023-12-18,17:23:00.000000000,48.65,371.74,-0.023818739973863367,57.50437839788397,-1.7273832762360863,0,0.0,0.0,0.0,0.0,0.0,0.0,0.0,0.0,0.0,1.0,1.0,0.0
2023-12-18,17:24:00.000000000,48.655,371.7,,,,0,0.0,0.0,0.0,0.0,0.0,0.0,0.0,0.0,0.0,1.0,1.0,0.0
2023-12-18,17:25:00.000000000,48.65,371.57,,,,0,0.0,0.0,0.0,0.0,0.0,0.0,0.0,0.0,0.0,1.0,1.0,0.0
2023-12-18,17:26:00.000000000,48.635,371.515,-0.023016151955671225,57.18584569381119,-1.7293294010157252,0,0.0,0.0,0.0,0.0,0.0,0.0,0.0,0.0,0.0,1.0,1.0,0.0
2023-12-18,17:27:00.000000000,48.66,371.4001,,,,0,0.0,0.0,0.0,0.0,0.0,0.0,0.0,0.0,0.0,1.0,1.0,0.0
2023-12-18,17:28:00.000000000,48.645,371.368,,,,0,0.0,0.0,0.0,0.0,0.0,0.0,0.0,0.0,0.0,1.0,1.0,0.0
2023-12-18,17:29:00.000000000,48.655,371.4,-0.022200294391592056,56.90018933703729,-1.7261188214554184,0,0.0,0.0,0.0,0.0,0.0,0.0,0.0,0.0,0.0,1.0,1.0,0.0
2023-12-18,17:30:00.000000000,48.67,371.51,,,,0,0.0,0.0,0.0,0.0,0.0,0.0,0.0,0.0,0.0,1.0,1.0,0.0
2023-12-18,17:31:00.000000000,48.665,371.25,,,,0,0.0,0.0,0.0,0.0,0.0,0.0,0.0,0.0,0.0,1.0,1.0,0.0
2023-12-18,17:32:00.000000000,48.685,371.07,-0.021357717564541745,56.61020825667451,-1.723749055648339,0,0.0,0.0,0.0,0.0,0.0,0.0,0.0,0.0,0.0,1.0,1.0,0.0
2023-12-18,17:33:00.000000000,48.68,371.25,,,,0,0.0,0.0,0.0,0.0,0.0,0.0,0.0,0.0,0.0,1.0,1.0,0.0
2023-12-18,17:34:00.000000000,48.67,371.43,,,,0,0.0,0.0,0.0,0.0,0.0,0.0,0.0,0.0,0.0,1.0,1.0,0.0
2023-12-18,17:35:00.000000000,48.675,371.3352,-0.02052826602796523,56.29786777114767,-1.7249076238646726,0,0.0,0.0,0.0,0.0,0.0,0.0,0.0,0.0,0.0,1.0,1.0,0.0
2023-12-18,17:36:00.000000000,48.66,371.08,,,,0,0.0,0.0,0.0,0.0,0.0,0.0,0.0,0.0,0.0,1.0,1.0,0.0
2023-12-18,17:37:00.000000000,48.655,371.039,,,,0,0.0,0.0,0.0,0.0,0.0,0.0,0.0,0.0,0.0,1.0,1.0,0.0
2023-12-18,17:38:00.000000000,48.64,370.885,-0.019666861875942646,55.93414406685899,-1.7337795788195431,0,0.0,0.0,0.0,0.0,0.0,0.0,0.0,0.0,0.0,1.0,1.0,0.0
2023-12-18,17:39:00.000000000,48.645,370.92,,,,0,0.0,0.0,0.0,0.0,0.0,0.0,0.0,0.0,0.0,1.0,1.0,0.0
2023-12-18,17:40:00.000000000,48.655,370.735,,,,0,0.0,0.0,0.0,0.0,0.0,0.0,0.0,0.0,0.0,1.0,1.0,0.0
2023-12-18,17:41:00.000000000,48.63,370.75,-0.018791469851151547,55.59693744731444,-1.7382319849418713,0,0.0,0.0,0.0,0.0,0.0,0.0,0.0,0.0,0.0,1.0,1.0,0.0
2023-12-18,17:42:00.000000000,48.62,370.9216,,,,0,0.0,0.0,0.0,0.0,0.0,0.0,0.0,0.0,0.0,1.0,1.0,0.0
2023-12-18,17:43:00.000000000,48.64,370.82,,,,0,0.0,0.0,0.0,0.0,0.0,0.0,0.0,0.0,0.0,1.0,1.0,0.0
2023-12-18,17:44:00.000000000,48.625,370.79,-0.01791481032707897,55.26763252117761,-1.7413410654721924,0,0.0,0.0,0.0,0.0,0.0,0.0,0.0,0.0,0.0,1.0,1.0,0.0
2023-12-18,17:45:00.000000000,48.615,370.83,,,,0,0.0,0.0,0.0,0.0,0.0,0.0,0.0,0.0,0.0,1.0,1.0,0.0
2023-12-18,17:46:00.000000000,48.655,370.78,,,,0,0.0,0.0,0.0,0.0,0.0,0.0,0.0,0.0,0.0,1.0,1.0,0.0
2023-12-18,17:47:00.000000000,48.645,370.83,-0.017036746085901146,54.96273655103472,-1.7407461416494905,0,0.0,0.0,0.0,0.0,0.0,0.0,0.0,0.0,0.0,1.0,1.0,0.0
2023-12-18,17:48:00.000000000,48.67,370.76,,,,0,0.0,0.0,0.0,0.0,0.0,0.0,0.0,0.0,0.0,1.0,1.0,0.0
2023-12-18,17:49:00.000000000,48.665,370.9399,,,,0,0.0,0.0,0.0,0.0,0.0,0.0,0.0,0.0,0.0,1.0,1.0,0.0
2023-12-18,17:50:00.000000000,48.665,371.0852,-0.016171623222407328,54.666050037811665,-1.7390578873192921,0,0.0,0.0,0.0,0.0,0.0,0.0,0.0,0.0,0.0,1.0,1.0,0.0
2023-12-18,17:51:00.000000000,48.665,371.07,,,,0,0.0,0.0,0.0,0.0,0.0,0.0,0.0,0.0,0.0,1.0,1.0,0.0
2023-12-18,17:52:00.000000000,48.65,371.0613,,,,0,0.0,0.0,0.0,0.0,0.0,0.0,0.0,0.0,0.0,1.0,1.0,0.0
2023-12-18,17:53:00.000000000,48.635,371.19,-0.015311663148317004,54.31853624402379,-1.7450295281041783,0,0.0,0.0,0.0,0.0,0.0,0.0,0.0,0.0,0.0,1.0,1.0,0.0
2023-12-18,17:54:00.000000000,48.675,371.2,,,,0,0.0,0.0,0.0,0.0,0.0,0.0,0.0,0.0,0.0,1.0,1.0,0.0
2023-12-18,17:55:00.000000000,48.665,371.1591,,,,0,0.0,0.0,0.0,0.0,0.0,0.0,0.0,0.0,0.0,1.0,1.0,0.0
2023-12-18,17:56:00.000000000,48.655,371.1,-0.0144399079679668,54.01364984691248,-1.7443226494940312,0,0.0,0.0,0.0,0.0,0.0,0.0,0.0,0.0,0.0,1.0,1.0,0.0
2023-12-18,17:57:00.000000000,48.655,370.91,,,,0,0.0,0.0,0.0,0.0,0.0,0.0,0.0,0.0,0.0,1.0,1.0,0.0
2023-12-18,17:58:00.000000000,48.655,370.939,,,,0,0.0,0.0,0.0,0.0,0.0,0.0,0.0,0.0,0.0,1.0,1.0,0.0
2023-12-18,17:59:00.000000000,48.685,371.04,-0.01355830469516907,53.71567337409553,-1.742615696688015,0,0.0,0.0,0.0,0.0,0.0,0.0,0.0,0.0,0.0,1.0,1.0,0.0
2023-12-18,18:00:00.000000000,48.685,371.04,,,,0,0.0,0.0,0.0,0.0,0.0,0.0,0.0,0.0,0.0,1.0,1.0,0.0
2023-12-18,18:01:00.000000000,48.695,371.47,,,,0,0.0,0.0,0.0,0.0,0.0,0.0,0.0,0.0,0.0,1.0,1.0,0.0
2023-12-18,18:02:00.000000000,48.68,371.4079,-0.012696947264668036,53.3957465199811,-1.7443350574634522,0,0.0,0.0,0.0,0.0,0.0,0.0,0.0,0.0,0.0,1.0,1.0,0.0
2023-12-18,18:03:00.000000000,48.655,371.27,,,,0,0.0,0.0,0.0,0.0,0.0,0.0,0.0,0.0,0.0,1.0,1.0,0.0
2023-12-18,18:04:00.000000000,48.655,371.34,,,,0,0.0,0.0,0.0,0.0,0.0,0.0,0.0,0.0,0.0,1.0,1.0,0.0
2023-12-18,18:05:00.000000000,48.66,371.51,-0.011840998646973362,53.05904940733707,-1.748530557650465,0,0.0,0.0,0.0,0.0,0.0,0.0,0.0,0.0,0.0,1.0,1.0,0.0
2023-12-18,18:06:00.000000000,48.67,371.6874,,,,0,0.0,0.0,0.0,0.0,0.0,0.0,0.0,0.0,0.0,1.0,1.0,0.0
2023-12-18,18:07:00.000000000,48.69,371.58,,,,0,0.0,0.0,0.0,0.0,0.0,0.0,0.0,0.0,0.0,1.0,1.0,0.0
2023-12-18,18:08:00.000000000,48.67,371.62,-0.010987311344070218,52.75310464168338,-1.7480936844135493,0,0.0,0.0,0.0,0.0,0.0,0.0,0.0,0.0,0.0,1.0,1.0,0.0
2023-12-18,18:09:00.000000000,48.67,371.61,,,,0,0.0,0.0,0.0,0.0,0.0,0.0,0.0,0.0,0.0,1.0,1.0,0.0
2023-12-18,18:10:00.000000000,48.69,371.69,,,,0,0.0,0.0,0.0,0.0,0.0,0.0,0.0,0.0,0.0,1.0,1.0,0.0
2023-12-18,18:11:00.000000000,48.67,371.6785,-0.010133861670125933,52.4365385047599,-1.7493738530255547,0,0.0,0.0,0.0,0.0,0.0,0.0,0.0,0.0,0.0,1.0,1.0,0.0
2023-12-18,18:12:00.000000000,48.655,371.76,,,,0,0.0,0.0,0.0,0.0,0.0,0.0,0.0,0.0,0.0,1.0,1.0,0.0
2023-12-18,18:13:00.000000000,48.65,371.605,,,,0,0.0,0.0,0.0,0.0,0.0,0.0,0.0,0.0,0.0,1.0,1.0,0.0
2023-12-18,18:14:00.000000000,48.635,371.64,-0.009279641833743578,52.08368609109246,-1.7560398512979445,0,0.0,0.0,0.0,0.0,0.0,0.0,0.0,0.0,0.0,1.0,1.0,0.0
2023-12-18,18:15:00.000000000,48.62,371.67,,,,0,0.0,0.0,0.0,0.0,0.0,0.0,0.0,0.0,0.0,1.0,1.0,0.0
2023-12-18,18:16:00.000000000,48.645,371.755,,,,0,0.0,0.0,0.0,0.0,0.0,0.0,0.0,0.0,0.0,1.0,1.0,0.0
2023-12-18,18:17:00.000000000,48.63,371.9,-0.008442217108925348,51.76966054280934,-1.7568285448274343,0,0.0,0.0,0.0,0.0,0.0,0.0,0.0,0.0,0.0,1.0,1.0,0.0
2023-12-18,18:18:00.000000000,48.6317,371.9025,,,,0,0.0,0.0,0.0,0.0,0.0,0.0,0.0,0.0,0.0,1.0,1.0,0.0
2023-12-18,18:19:00.000000000,48.61,371.87,,,,0,0.0,0.0,0.0,0.0,0.0,0.0,0.0,0.0,0.0,1.0,1.0,0.0
2023-12-18,18:20:00.000000000,48.6,371.95,-0.0076116751894384806,51.43116258671164,-1.76131871757026,0,0.0,0.0,0.0,0.0,0.0,0.0,0.0,0.0,0.0,1.0,1.0,0.0
2023-12-18,18:21:00.000000000,48.5903,371.9225,,,,0,0.0,0.0,0.0,0.0,0.0,0.0,0.0,0.0,0.0,1.0,1.0,0.0
2023-12-18,18:22:00.000000000,48.5802,371.8,,,,0,0.0,0.0,0.0,0.0,0.0,0.0,0.0,0.0,0.0,1.0,1.0,0.0
2023-12-18,18:23:00.000000000,48.585,371.95,-0.006781096852886889,51.10722897443128,-1.76296220727978,0,0.0,0.0,0.0,0.0,0.0,0.0,0.0,0.0,0.0,1.0,1.0,0.0
2023-12-18,18:24:00.000000000,48.595,372.07,,,,0,0.0,0.0,0.0,0.0,0.0,0.0,0.0,0.0,0.0,1.0,1.0,0.0
2023-12-18,18:25:00.000000000,48.58,372.2881,,,,0,0.0,0.0,0.0,0.0,0.0,0.0,0.0,0.0,0.0,1.0,1.0,0.0
2023-12-18,18:26:00.000000000,48.58,372.26,-0.0059749849105131024,50.80424788278761,-1.7614276604547143,0,0.0,0.0,0.0,0.0,0.0,0.0,0.0,0.0,0.0,1.0,1.0,0.0
2023-12-18,18:27:00.000000000,48.59,372.27,,,,0,0.0,0.0,0.0,0.0,0.0,0.0,0.0,0.0,0.0,1.0,1.0,0.0
2023-12-18,18:28:00.000000000,48.585,372.25,,,,0,0.0,0.0,0.0,0.0,0.0,0.0,0.0,0.0,0.0,1.0,1.0,0.0
2023-12-18,18:29:00.000000000,48.575,372.2601,-0.005167437175765085,50.49863067979403,-1.7600615449138695,0,0.0,0.0,0.0,0.0,0.0,0.0,0.0,0.0,0.0,1.0,1.0,0.0
2023-12-18,18:30:00.000000000,48.6,372.32,,,,0,0.0,0.0,0.0,0.0,0.0,0.0,0.0,0.0,0.0,1.0,1.0,0.0
2023-12-18,18:31:00.000000000,48.605,372.39,,,,0,0.0,0.0,0.0,0.0,0.0,0.0,0.0,0.0,0.0,1.0,1.0,0.0
2023-12-18,18:32:00.000000000,48.61,372.46,-0.004363834020732891,50.23535361936217,-1.7525600481280827,0,0.0,0.0,0.0,0.0,0.0,0.0,0.0,0.0,0.0,1.0,1.0,0.0
2023-12-18,18:33:00.000000000,48.605,372.43,,,,0,0.0,0.0,0.0,0.0,0.0,0.0,0.0,0.0,0.0,1.0,1.0,0.0
2023-12-18,18:34:00.000000000,48.605,372.365,,,,0,0.0,0.0,0.0,0.0,0.0,0.0,0.0,0.0,0.0,1.0,1.0,0.0
2023-12-18,18:35:00.000000000,48.6,372.37,-0.003553208618820035,49.923108293390015,-1.7528151511524555,0,0.0,0.0,0.0,0.0,0.0,0.0,0.0,0.0,0.0,1.0,1.0,0.0
2023-12-18,18:36:00.000000000,48.585,372.18,,,,0,0.0,0.0,0.0,0.0,0.0,0.0,0.0,0.0,0.0,1.0,1.0,0.0
2023-12-18,18:37:00.000000000,48.605,372.239,,,,0,0.0,0.0,0.0,0.0,0.0,0.0,0.0,0.0,0.0,1.0,1.0,0.0
2023-12-18,18:38:00.000000000,48.611,372.19,-0.0027216801268181673,49.62398212640045,-1.750996491131233,0,0.0,0.0,0.0,0.0,0.0,0.0,0.0,0.0,0.0,1.0,1.0,0.0
2023-12-18,18:39:00.000000000,48.585,372.17,,,,0,0.0,0.0,0.0,0.0,0.0,0.0,0.0,0.0,0.0,1.0,1.0,0.0
2023-12-18,18:40:00.000000000,48.58,372.11,,,,0,0.0,0.0,0.0,0.0,0.0,0.0,0.0,0.0,0.0,1.0,1.0,0.0
2023-12-18,18:41:00.000000000,48.575,372.19,-0.001896587460669477,49.280890886986576,-1.7551773175801237,0,0.0,0.0,0.0,0.0,0.0,0.0,0.0,0.0,0.0,1.0,1.0,0.0
2023-12-18,18:42:00.000000000,48.56,372.13,,,,0,0.0,0.0,0.0,0.0,0.0,0.0,0.0,0.0,0.0,1.0,1.0,0.0
2023-12-18,18:43:00.000000000,48.57,372.23,,,,0,0.0,0.0,0.0,0.0,0.0,0.0,0.0,0.0,0.0,1.0,1.0,0.0
2023-12-18,18:44:00.000000000,48.575,372.27,-0.0010758254456856582,48.9754975386654,-1.7530519621801361,0,0.0,0.0,0.0,0.0,0.0,0.0,0.0,0.0,0.0,1.0,1.0,0.0
2023-12-18,18:45:00.000000000,48.56,372.17,,,,0,0.0,0.0,0.0,0.0,0.0,0.0,0.0,0.0,0.0,1.0,1.0,0.0
2023-12-18,18:46:00.000000000,48.5501,372.0802,,,,0,0.0,0.0,0.0,0.0,0.0,0.0,0.0,0.0,0.0,1.0,1.0,0.0
2023-12-18,18:47:00.000000000,48.555,372.194,-0.0002504848192415792,48.6482289468128,-1.7540417001782995,0,0.0,0.0,0.0,0.0,0.0,0.0,0.0,0.0,0.0,1.0,1.0,0.0
2023-12-18,18:48:00.000000000,48.54,372.24,,,,0,0.0,0.0,0.0,0.0,0.0,0.0,0.0,0.0,0.0,1.0,1.0,0.0
2023-12-18,18:49:00.000000000,48.57,372.3,,,,0,0.0,0.0,0.0,0.0,0.0,0.0,0.0,0.0,0.0,1.0,1.0,0.0
2023-12-18,18:50:00.000000000,48.595,372.37,0.0005727079970581535,48.38174072313545,-1.7462032334711806,0,0.0,0.0,0.0,0.0,0.0,0.0,0.0,0.0,0.0,1.0,1.0,0.0
2023-12-18,18:51:00.000000000,48.595,372.43,,,,0,0.0,0.0,0.0,0.0,0.0,0.0,0.0,0.0,0.0,1.0,1.0,0.0
2023-12-18,18:52:00.000000000,48.59,372.4029,,,,0,0.0,0.0,0.0,0.0,0.0,0.0,0.0,0.0,0.0,1.0,1.0,0.0
2023-12-18,18:53:00.000000000,48.58,372.465,0.0013853516116067786,48.06400501198288,-1.7461888416766904,0,0.0,0.0,0.0,0.0,0.0,0.0,0.0,0.0,0.0,1.0,1.0,0.0
2023-12-18,18:54:00.000000000,48.57,372.52,,,,0,0.0,0.0,0.0,0.0,0.0,0.0,0.0,0.0,0.0,1.0,1.0,0.0
2023-12-18,18:55:00.000000000,48.56,372.545,,,,0,0.0,0.0,0.0,0.0,0.0,0.0,0.0,0.0,0.0,1.0,1.0,0.0
2023-12-18,18:56:00.000000000,48.545,372.43,0.0021930330452976845,47.72824870293979,-1.7486661942050004,0,0.0,0.0,0.0,0.0,0.0,0.0,0.0,0.0,0.0,1.0,1.0,0.0
2023-12-18,18:57:00.000000000,48.57,372.44,,,,0,0.0,0.0,0.0,0.0,0.0,0.0,0.0,0.0,0.0,1.0,1.0,0.0
2023-12-18,18:58:00.000000000,48.59,372.42,,,,0,0.0,0.0,0.0,0.0,0.0,0.0,0.0,0.0,0.0,1.0,1.0,0.0
2023-12-18,18:59:00.000000000,48.57,372.4888,0.0030053900646735137,47.45052586127784,-1.7428396820703114,0,0.0,0.0,0.0,0.0,0.0,0.0,0.0,0.0,0.0,1.0,1.0,0.0
2023-12-18,19:00:00.000000000,48.585,372.28,,,,0,0.0,0.0,0.0,0.0,0.0,0.0,0.0,0.0,0.0,1.0,1.0,0.0
2023-12-18,19:01:00.000000000,48.59,372.33,,,,0,0.0,0.0,0.0,0.0,0.0,0.0,0.0,0.0,0.0,1.0,1.0,0.0
2023-12-18,19:02:00.000000000,48.595,372.315,0.0038444489321069375,47.1636539958426,-1.7383830361157122,0,0.0,0.0,0.0,0.0,0.0,0.0,0.0,0.0,0.0,1.0,1.0,0.0
2023-12-18,19:03:00.000000000,48.6,372.34,,,,0,0.0,0.0,0.0,0.0,0.0,0.0,0.0,0.0,0.0,1.0,1.0,0.0
2023-12-18,19:04:00.000000000,48.595,372.44,,,,0,0.0,0.0,0.0,0.0,0.0,0.0,0.0,0.0,0.0,1.0,1.0,0.0
2023-12-18,19:05:00.000000000,48.585,372.54,0.004662001833367407,46.84821783699731,-1.7377351339854796,0,0.0,0.0,0.0,0.0,0.0,0.0,0.0,0.0,0.0,1.0,1.0,0.0
2023-12-18,19:06:00.000000000,48.605,372.57,,,,0,0.0,0.0,0.0,0.0,0.0,0.0,0.0,0.0,0.0,1.0,1.0,0.0
2023-12-18,19:07:00.000000000,48.61,372.4699,,,,0,0.0,0.0,0.0,0.0,0.0,0.0,0.0,0.0,0.0,1.0,1.0,0.0
2023-12-18,19:08:00.000000000,48.595,372.2697,0.0055109211227410485,46.543451046913525,-1.7353312094213438,0,0.0,0.0,0.0,0.0,0.0,0.0,0.0,0.0,0.0,1.0,1.0,0.0
2023-12-18,19:09:00.000000000,48.605,372.32,,,,0,0.0,0.0,0.0,0.0,0.0,0.0,0.0,0.0,0.0,1.0,1.0,0.0
2023-12-18,19:10:00.000000000,48.59,372.35,,,,0,0.0,0.0,0.0,0.0,0.0,0.0,0.0,0.0,0.0,1.0,1.0,0.0
2023-12-18,19:11:00.000000000,48.625,372.39,0.006360532513896209,46.25640129715019,-1.730836374130401,0,0.0,0.0,0.0,0.0,0.0,0.0,0.0,0.0,0.0,1.0,1.0,0.0
2023-12-18,19:12:00.000000000,48.64,372.4447,,,,0,0.0,0.0,0.0,0.0,0.0,0.0,0.0,0.0,0.0,1.0,1.0,0.0
2023-12-18,19:13:00.000000000,48.645,372.47,,,,0,0.0,0.0,0.0,0.0,0.0,0.0,0.0,0.0,0.0,1.0,1.0,0.0
2023-12-18,19:14:00.000000000,48.65,372.42,0.007218042481795395,45.96185661892976,-1.7277337939275212,0,0.0,0.0,0.0,0.0,0.0,0.0,0.0,0.0,0.0,1.0,1.0,0.0
2023-12-18,19:15:00.000000000,48.64,372.47,,,,0,0.0,0.0,0.0,0.0,0.0,0.0,0.0,0.0,0.0,1.0,1.0,0.0
2023-12-18,19:16:00.000000000,48.61,372.49,,,,0,0.0,0.0,0.0,0.0,0.0,0.0,0.0,0.0,0.0,1.0,1.0,0.0
2023-12-18,19:17:00.000000000,48.615,372.4,0.008069332682468096,45.60998050904888,-1.7327714399590997,0,0.0,0.0,0.0,0.0,0.0,0.0,0.0,0.0,0.0,1.0,1.0,0.0
2023-12-18,19:18:00.000000000,48.6,372.345,,,,0,0.0,0.0,0.0,0.0,0.0,0.0,0.0,0.0,0.0,1.0,1.0,0.0
2023-12-18,19:19:00.000000000,48.635,372.44,,,,0,0.0,0.0,0.0,0.0,0.0,0.0,0.0,0.0,0.0,1.0,1.0,0.0
2023-12-18,19:20:00.000000000,48.635,372.63,0.008908666461540348,45.315363616436215,-1.7296268870569789,0,0.0,0.0,0.0,0.0,0.0,0.0,0.0,0.0,0.0,1.0,1.0,0.0
2023-12-18,19:21:00.000000000,48.64,372.6025,,,,0,0.0,0.0,0.0,0.0,0.0,0.0,0.0,0.0,0.0,1.0,1.0,0.0
2023-12-18,19:22:00.000000000,48.641,372.64,,,,0,0.0,0.0,0.0,0.0,0.0,0.0,0.0,0.0,0.0,1.0,1.0,0.0
2023-12-18,19:23:00.000000000,48.61,372.77,0.009728019054754388,44.98368633695921,-1.731914385681523,0,0.0,0.0,0.0,0.0,0.0,0.0,0.0,0.0,0.0,1.0,1.0,0.0
2023-12-18,19:24:00.000000000,48.625,372.86,,,,0,0.0,0.0,0.0,0.0,0.0,0.0,0.0,0.0,0.0,1.0,1.0,0.0
2023-12-18,19:25:00.000000000,48.625,372.9539,,,,0,0.0,0.0,0.0,0.0,0.0,0.0,0.0,0.0,0.0,1.0,1.0,0.0
2023-12-18,19:26:00.000000000,48.625,372.97,0.010535962143932476,44.6954021991775,-1.727998670561475,0,0.0,0.0,0.0,0.0,0.0,0.0,0.0,0.0,0.0,1.0,1.0,0.0
2023-12-18,19:27:00.000000000,48.57,372.865,,,,0,0.0,0.0,0.0,0.0,0.0,0.0,0.0,0.0,0.0,1.0,1.0,0.0
2023-12-18,19:28:00.000000000,48.59,372.78,,,,0,0.0,0.0,0.0,0.0,0.0,0.0,0.0,0.0,0.0,1.0,1.0,0.0
2023-12-18,19:29:00.000000000,48.59,372.67,0.011362153473596107,44.355666264994944,-1.731506159656764,0,0.0,0.0,0.0,0.0,0.0,0.0,0.0,0.0,0.0,1.0,1.0,0.0
2023-12-18,19:30:00.000000000,48.56,372.4681,,,,0,0.0,0.0,0.0,0.0,0.0,0.0,0.0,0.0,0.0,1.0,1.0,0.0
2023-12-18,19:31:00.000000000,48.57,372.5314,,,,0,0.0,0.0,0.0,0.0,0.0,0.0,0.0,0.0,0.0,1.0,1.0,0.0
2023-12-18,19:32:00.000000000,48.56,372.51,0.012197280051279001,44.016391208098064,-1.7346170037356732,0,0.0,0.0,0.0,0.0,0.0,0.0,0.0,0.0,0.0,1.0,1.0,0.0
2023-12-18,19:33:00.000000000,48.565,372.535,,,,0,0.0,0.0,0.0,0.0,0.0,0.0,0.0,0.0,0.0,1.0,1.0,0.0
2023-12-18,19:34:00.000000000,48.565,372.45,,,,0,0.0,0.0,0.0,0.0,0.0,0.0,0.0,0.0,0.0,1.0,1.0,0.0
2023-12-18,19:35:00.000000000,48.54,372.2881,0.013053378796024407,43.68038240944779,-1.7369128608023778,0,0.0,0.0,0.0,0.0,0.0,0.0,0.0,0.0,0.0,1.0,1.0,0.0
2023-12-18,19:36:00.000000000,48.55,372.47,,,,0,0.0,0.0,0.0,0.0,0.0,0.0,0.0,0.0,0.0,1.0,1.0,0.0
2023-12-18,19:37:00.000000000,48.55,372.38,,,,0,0.0,0.0,0.0,0.0,0.0,0.0,0.0,0.0,0.0,1.0,1.0,0.0
2023-12-18,19:38:00.000000000,48.57,372.44,0.01390484562309656,43.391279296133916,-1.732451973196198,0,0.0,0.0,0.0,0.0,0.0,0.0,0.0,0.0,0.0,1.0,1.0,0.0
2023-12-18,19:39:00.000000000,48.57,372.51,,,,0,0.0,0.0,0.0,0.0,0.0,0.0,0.0,0.0,0.0,1.0,1.0,0.0
2023-12-18,19:40:00.000000000,48.565,372.62,,,,0,0.0,0.0,0.0,0.0,0.0,0.0,0.0,0.0,0.0,1.0,1.0,0.0
2023-12-18,19:41:00.000000000,48.59,372.57,0.014751740133378677,43.09394417850711,-1.7292726343231057,0,0.0,0.0,0.0,0.0,0.0,0.0,0.0,0.0,0.0,1.0,1.0,0.0
2023-12-18,19:42:00.000000000,48.59,372.7,,,,0,0.0,0.0,0.0,0.0,0.0,0.0,0.0,0.0,0.0,1.0,1.0,0.0
2023-12-18,19:43:00.000000000,48.6061,372.81,,,,0,0.0,0.0,0.0,0.0,0.0,0.0,0.0,0.0,0.0,1.0,1.0,0.0
2023-12-18,19:44:00.000000000,48.605,372.88,0.015573748237230916,42.797860757301336,-1.725945898415357,0,0.0,0.0,0.0,0.0,0.0,0.0,0.0,0.0,0.0,1.0,1.0,0.0
2023-12-18,19:45:00.000000000,48.625,372.845,,,,0,0.0,0.0,0.0,0.0,0.0,0.0,0.0,0.0,0.0,1.0,1.0,0.0
2023-12-18,19:46:00.000000000,48.65,372.86,,,,0,0.0,0.0,0.0,0.0,0.0,0.0,0.0,0.0,0.0,1.0,1.0,0.0
2023-12-18,19:47:00.000000000,48.65,372.75,0.016428674784094478,42.52621147422878,-1.7191369283790712,0,0.0,0.0,0.0,0.0,0.0,0.0,0.0,0.0,0.0,1.0,1.0,0.0
2023-12-18,19:48:00.000000000,48.63,372.67,,,,0,0.0,0.0,0.0,0.0,0.0,0.0,0.0,0.0,0.0,1.0,1.0,0.0
2023-12-18,19:49:00.000000000,48.665,372.74,,,,0,0.0,0.0,0.0,0.0,0.0,0.0,0.0,0.0,0.0,1.0,1.0,0.0
2023-12-18,19:50:00.000000000,48.66,372.71,0.017293585575795998,42.21450772004507,-1.7180106835473261,0,0.0,0.0,0.0,0.0,0.0,0.0,0.0,0.0,0.0,1.0,1.0,0.0
2023-12-18,19:51:00.000000000,48.65,372.76,,,,0,0.0,0.0,0.0,0.0,0.0,0.0,0.0,0.0,0.0,1.0,1.0,0.0
2023-12-18,19:52:00.000000000,48.65,372.755,,,,0,0.0,0.0,0.0,0.0,0.0,0.0,0.0,0.0,0.0,1.0,1.0,0.0
2023-12-18,19:53:00.000000000,48.715,372.8,0.01817348267448724,41.93992565895116,-1.711811848632352,0,0.0,0.0,0.0,0.0,0.0,0.0,0.0,0.0,0.0,1.0,1.0,0.0
2023-12-18,19:54:00.000000000,48.71,372.735,,,,0,0.0,0.0,0.0,0.0,0.0,0.0,0.0,0.0,0.0,1.0,1.0,0.0
2023-12-18,19:55:00.000000000,48.7,372.6992,,,,0,0.0,0.0,0.0,0.0,0.0,0.0,0.0,0.0,0.0,1.0,1.0,0.0
2023-12-18,19:56:00.000000000,48.69,372.6566,0.01905933966038105,41.58741128391724,-1.7165882356335975,0,0.0,0.0,0.0,0.0,0.0,0.0,0.0,0.0,0.0,1.0,1.0,0.0
2023-12-18,19:57:00.000000000,48.675,372.75,,,,0,0.0,0.0,0.0,0.0,0.0,0.0,0.0,0.0,0.0,1.0,1.0,0.0
2023-12-18,19:58:00.000000000,48.68,372.66,,,,0,0.0,0.0,0.0,0.0,0.0,0.0,0.0,0.0,0.0,1.0,1.0,0.0
2023-12-18,19:59:00.000000000,48.675,372.7,0.019938091548979114,41.244073279695485,-1.7199203211540033,1,0.0,0.0,0.0,0.0,0.0,0.0,0.0,0.0,0.0,1.0,1.0,0.0
2023-12-18,20:00:00.000000000,48.64,372.65,,,,0,0.0,0.0,0.0,0.0,0.0,0.0,0.0,0.0,0.0,1.0,1.0,0.0
2023-12-18,20:01:00.000000000,48.64,372.5842,,,,0,0.0,0.0,0.0,0.0,0.0,0.0,0.0,0.0,0.0,1.0,1.0,0.0
2023-12-18,20:02:00.000000000,48.645,372.56,0.02082259530634915,40.88733389266656,-1.7246832263901792,0,0.0,0.0,0.0,0.0,0.0,0.0,0.0,0.0,0.0,1.0,1.0,0.0
2023-12-18,20:03:00.000000000,48.67,372.62,,,,0,0.0,0.0,0.0,0.0,0.0,0.0,0.0,0.0,0.0,1.0,1.0,0.0
2023-12-18,20:04:00.000000000,48.685,372.565,,,,0,0.0,0.0,0.0,0.0,0.0,0.0,0.0,0.0,0.0,1.0,1.0,0.0
2023-12-18,20:05:00.000000000,48.67,372.61,0.021713548478660114,40.57931470136646,-1.7226086957974494,0,0.0,0.0,0.0,0.0,0.0,0.0,0.0,0.0,0.0,1.0,1.0,0.0
2023-12-18,20:06:00.000000000,48.67,372.59,,,,0,0.0,0.0,0.0,0.0,0.0,0.0,0.0,0.0,0.0,1.0,1.0,0.0
2023-12-18,20:07:00.000000000,48.68,372.54,,,,0,0.0,0.0,0.0,0.0,0.0,0.0,0.0,0.0,0.0,1.0,1.0,0.0
2023-12-18,20:08:00.000000000,48.685,372.5682,0.022616614856632817,40.258768512771056,-1.7225018269043262,0,0.0,0.0,0.0,0.0,0.0,0.0,0.0,0.0,0.0,1.0,1.0,0.0
2023-12-18,20:09:00.000000000,48.685,372.51,,,,0,0.0,0.0,0.0,0.0,0.0,0.0,0.0,0.0,0.0,1.0,1.0,0.0
2023-12-18,20:10:00.000000000,48.695,372.4184,,,,0,0.0,0.0,0.0,0.0,0.0,0.0,0.0,0.0,0.0,1.0,1.0,0.0
2023-12-18,20:11:00.000000000,48.685,372.46,0.02353307335014309,39.919871500005705,-1.72488475269073,0,0.0,0.0,0.0,0.0,0.0,0.0,0.0,0.0,0.0,1.0,1.0,0.0
2023-12-18,20:12:00.000000000,48.68,372.38,,,,0,0.0,0.0,0.0,0.0,0.0,0.0,0.0,0.0,0.0,1.0,1.0,0.0
2023-12-18,20:13:00.000000000,48.675,372.37,,,,0,0.0,0.0,0.0,0.0,0.0,0.0,0.0,0.0,0.0,1.0,1.0,0.0
2023-12-18,20:14:00.000000000,48.6608,372.4,0.024450718612500102,39.55535238870496,-1.7304387530227678,0,0.0,0.0,0.0,0.0,0.0,0.0,0.0,0.0,0.0,1.0,1.0,0.0
2023-12-18,20:15:00.000000000,48.67,372.465,,,,0,0.0,0.0,0.0,0.0,0.0,0.0,0.0,0.0,0.0,1.0,1.0,0.0
2023-12-18,20:16:00.000000000,48.665,372.59,,,,0,0.0,0.0,0.0,0.0,0.0,0.0,0.0,0.0,0.0,1.0,1.0,0.0
2023-12-18,20:17:00.000000000,48.66,372.65,0.025345016822347,39.21517948115239,-1.7321217724883498,0,0.0,0.0,0.0,0.0,0.0,0.0,0.0,0.0,0.0,1.0,1.0,0.0
2023-12-18,20:18:00.000000000,48.665,372.67,,,,0,0.0,0.0,0.0,0.0,0.0,0.0,0.0,0.0,0.0,1.0,1.0,0.0
2023-12-18,20:19:00.000000000,48.665,372.65,,,,0,0.0,0.0,0.0,0.0,0.0,0.0,0.0,0.0,0.0,1.0,1.0,0.0
2023-12-18,20:20:00.000000000,48.67,372.715,0.026238751829467787,38.89042361187992,-1.7314950192158411,0,0.0,0.0,0.0,0.0,0.0,0.0,0.0,0.0,0.0,1.0,1.0,0.0
2023-12-18,20:21:00.000000000,48.685,372.8,,,,0,0.0,0.0,0.0,0.0,0.0,0.0,0.0,0.0,0.0,1.0,1.0,0.0
2023-12-18,20:22:00.000000000,48.705,372.72,,,,0,0.0,0.0,0.0,0.0,0.0,0.0,0.0,0.0,0.0,1.0,1.0,0.0
2023-12-18,20:23:00.000000000,48.69,372.79,0.02713483403400413,38.574405220463596,-1.7296050213729155,0,0.0,0.0,0.0,0.0,0.0,0.0,0.0,0.0,0.0,1.0,1.0,0.0
2023-12-18,20:24:00.000000000,48.705,372.8,,,,0,0.0,0.0,0.0,0.0,0.0,0.0,0.0,0.0,0.0,1.0,1.0,0.0
2023-12-18,20:25:00.000000000,48.705,372.645,,,,0,0.0,0.0,0.0,0.0,0.0,0.0,0.0,0.0,0.0,1.0,1.0,0.0
2023-12-18,20:26:00.000000000,48.72,372.77,0.02804713087813162,38.26487102255888,-1.7269251433047086,0,0.0,0.0,0.0,0.0,0.0,0.0,0.0,0.0,0.0,1.0,1.0,0.0
2023-12-18,20:27:00.000000000,48.735,372.83,,,,0,0.0,0.0,0.0,0.0,0.0,0.0,0.0,0.0,0.0,1.0,1.0,0.0
2023-12-18,20:28:00.000000000,48.715,372.77,,,,0,0.0,0.0,0.0,0.0,0.0,0.0,0.0,0.0,0.0,1.0,1.0,0.0
2023-12-18,20:29:00.000000000,48.7288,372.825,0.02895989846027301,37.93182585654871,-1.727408100628225,0,0.0,0.0,0.0,0.0,0.0,0.0,0.0,0.0,0.0,1.0,1.0,0.0
2023-12-18,20:30:00.000000000,48.731,372.78,,,,0,0.0,0.0,0.0,0.0,0.0,0.0,0.0,0.0,0.0,1.0,1.0,0.0
2023-12-18,20:31:00.000000000,48.725,372.7052,,,,0,0.0,0.0,0.0,0.0,0.0,0.0,0.0,0.0,0.0,1.0,1.0,0.0
2023-12-18,20:32:00.000000000,48.7,372.685,0.029878118948857366,37.56487323954509,-1.7324869622543793,0,0.0,0.0,0.0,0.0,0.0,0.0,0.0,0.0,0.0,1.0,1.0,0.0
2023-12-18,20:33:00.000000000,48.7,372.71,,,,0,0.0,0.0,0.0,0.0,0.0,0.0,0.0,0.0,0.0,1.0,1.0,0.0
2023-12-18,20:34:00.000000000,48.7,372.6189,,,,0,0.0,0.0,0.0,0.0,0.0,0.0,0.0,0.0,0.0,1.0,1.0,0.0
2023-12-18,20:35:00.000000000,48.6858,372.49,0.03081446971594041,37.207718175509356,-1.7358285245791472,0,0.0,0.0,0.0,0.0,0.0,0.0,0.0,0.0,0.0,1.0,1.0,0.0
2023-12-18,20:36:00.000000000,48.705,372.46,,,,0,0.0,0.0,0.0,0.0,0.0,0.0,0.0,0.0,0.0,1.0,1.0,0.0
2023-12-18,20:37:00.000000000,48.69,372.505,,,,0,0.0,0.0,0.0,0.0,0.0,0.0,0.0,0.0,0.0,1.0,1.0,0.0
2023-12-18,20:38:00.000000000,48.7,372.47,0.03176080532795588,36.870052839496275,-1.7365373072476693,0,0.0,0.0,0.0,0.0,0.0,0.0,0.0,0.0,0.0,1.0,1.0,0.0
2023-12-18,20:39:00.000000000,48.705,372.455,,,,0,0.0,0.0,0.0,0.0,0.0,0.0,0.0,0.0,0.0,1.0,1.0,0.0
2023-12-18,20:40:00.000000000,48.72,372.54,,,,0,0.0,0.0,0.0,0.0,0.0,0.0,0.0,0.0,0.0,1.0,1.0,0.0
2023-12-18,20:41:00.000000000,48.725,372.505,0.031080599517246073,37.14732127682825,-1.6544468917291608,0,0.0,0.0,0.0,0.0,0.0,0.0,0.0,0.0,0.0,1.0,1.0,0.0
2023-12-18,20:42:00.000000000,48.7275,372.43,,,,0,0.0,0.0,0.0,0.0,0.0,0.0,0.0,0.0,0.0,1.0,1.0,0.0
2023-12-18,20:43:00.000000000,48.735,372.44,,,,0,0.0,0.0,0.0,0.0,0.0,0.0,0.0,0.0,0.0,1.0,1.0,0.0
2023-12-18,20:44:00.000000000,48.74,372.39,0.03034286457014197,37.44062066272483,-1.5739695041795112,0,0.0,0.0,0.0,0.0,0.0,0.0,0.0,0.0,0.0,1.0,1.0,0.0
2023-12-18,20:45:00.000000000,48.75,372.38,,,,0,0.0,0.0,0.0,0.0,0.0,0.0,0.0,0.0,0.0,1.0,1.0,0.0
2023-12-18,20:46:00.000000000,48.75,372.4077,,,,0,0.0,0.0,0.0,0.0,0.0,0.0,0.0,0.0,0.0,1.0,1.0,0.0
2023-12-18,20:47:00.000000000,48.7386,372.34,0.029731989228191834,37.66819113077505,-1.5057821782212089,0,0.0,0.0,0.0,0.0,0.0,0.0,0.0,0.0,0.0,1.0,1.0,0.0
2023-12-18,20:48:00.000000000,48.745,372.42,,,,0,0.0,0.0,0.0,0.0,0.0,0.0,0.0,0.0,0.0,1.0,1.0,0.0
2023-12-18,20:49:00.000000000,48.76,372.49,,,,0,0.0,0.0,0.0,0.0,0.0,0.0,0.0,0.0,0.0,1.0,1.0,0.0
2023-12-18,20:50:00.000000000,48.745,372.4,0.029343383282535433,37.817524065583804,-1.4508762737316734,0,0.0,0.0,0.0,0.0,0.0,0.0,0.0,0.0,0.0,1.0,1.0,0.0
2023-12-18,20:51:00.000000000,48.7275,372.68,,,,0,0.0,0.0,0.0,0.0,0.0,0.0,0.0,0.0,0.0,1.0,1.0,0.0
2023-12-18,20:52:00.000000000,48.72,372.67,,,,0,0.0,0.0,0.0,0.0,0.0,0.0,0.0,0.0,0.0,1.0,1.0,0.0
2023-12-18,20:53:00.000000000,48.745,372.75,0.028938761995225583,37.958076466279664,-1.39900472470561,0,0.0,0.0,0.0,0.0,0.0,0.0,0.0,0.0,0.0,1.0,1.0,0.0
2023-12-18,20:54:00.000000000,48.78,372.74,,,,0,0.0,0.0,0.0,0.0,0.0,0.0,0.0,0.0,0.0,1.0,1.0,0.0
2023-12-18,20:55:00.000000000,48.74,372.595,,,,0,0.0,0.0,0.0,0.0,0.0,0.0,0.0,0.0,0.0,1.0,1.0,0.0
2023-12-18,20:56:00.000000000,48.72,372.42,0.028574937661574838,38.078121716076296,-1.3516306761468222,0,0.0,0.0,0.0,0.0,0.0,0.0,0.0,0.0,0.0,1.0,1.0,0.0
2023-12-18,20:57:00.000000000,48.745,372.47,,,,0,0.0,0.0,0.0,0.0,0.0,0.0,0.0,0.0,0.0,1.0,1.0,0.0
2023-12-18,20:58:00.000000000,48.74,372.49,,,,0,0.0,0.0,0.0,0.0,0.0,0.0,0.0,0.0,0.0,1.0,1.0,0.0
2023-12-18,20:59:00.000000000,48.72,372.59,0.028260249543294595,38.190513622663865,-1.306653039443458,1,0.0,0.0,0.0,0.0,0.0,0.0,0.0,0.0,0.0,1.0,1.0,0.0
2023-12-19,14:29:00.000000000,48.79,371.47,0.028038231346880434,38.37463820157432,-1.252849455033021,0,0.0,0.0,0.0,0.0,0.0,0.0,0.0,0.0,0.0,1.0,1.0,0.0
2023-12-19,14:30:00.000000000,48.83,372.445,,,,0,0.0,0.0,0.0,0.0,0.0,0.0,0.0,0.0,0.0,1.0,1.0,0.0
2023-12-19,14:31:00.000000000,48.95,372.68,,,,0,0.0,0.0,0.0,0.0,0.0,0.0,0.0,0.0,0.0,1.0,1.0,0.0
2023-12-19,14:32:00.000000000,48.92,372.14,0.02788208041352446,38.54396259491101,-1.2024596672050782,0,0.0,0.0,0.0,0.0,0.0,0.0,0.0,0.0,0.0,1.0,1.0,0.0
2023-12-19,14:33:00.000000000,48.89,371.87,,,,0,0.0,0.0,0.0,0.0,0.0,0.0,0.0,0.0,0.0,1.0,1.0,0.0
2023-12-19,14:34:00.000000000,48.88,372.0729,,,,0,0.0,0.0,0.0,0.0,0.0,0.0,0.0,0.0,0.0,1.0,1.0,0.0
2023-12-19,14:35:00.000000000,48.835,371.86,0.02766195072141349,38.54862700473518,-1.1770972712093135,0,0.0,0.0,0.0,0.0,0.0,0.0,0.0,0.0,0.0,1.0,1.0,0.0
2023-12-19,14:36:00.000000000,48.79,371.56,,,,0,0.0,0.0,0.0,0.0,0.0,0.0,0.0,0.0,0.0,1.0,1.0,0.0
2023-12-19,14:37:00.000000000,48.76,371.5035,,,,0,0.0,0.0,0.0,0.0,0.0,0.0,0.0,0.0,0.0,1.0,1.0,0.0
2023-12-19,14:38:00.000000000,48.85,371.96,0.027523537177722168,38.61234511137447,-1.143700642274435,0,0.0,0.0,0.0,0.0,0.0,0.0,0.0,0.0,0.0,1.0,1.0,0.0
2023-12-19,14:39:00.000000000,48.7901,371.988,,,,0,0.0,0.0,0.0,0.0,0.0,0.0,0.0,0.0,0.0,1.0,1.0,0.0
2023-12-19,14:40:00.000000000,48.765,371.48,,,,0,0.0,0.0,0.0,0.0,0.0,0.0,0.0,0.0,0.0,1.0,1.0,0.0
2023-12-19,14:41:00.000000000,48.78,371.68,0.027394095324838257,38.59816264966412,-1.122802900525247,0,0.0,0.0,0.0,0.0,0.0,0.0,0.0,0.0,0.0,1.0,1.0,0.0
2023-12-19,14:42:00.000000000,48.75,371.86,,,,0,0.0,0.0,0.0,0.0,0.0,0.0,0.0,0.0,0.0,1.0,1.0,0.0
2023-12-19,14:43:00.000000000,48.76,371.9,,,,0,0.0,0.0,0.0,0.0,0.0,0.0,0.0,0.0,0.0,1.0,1.0,0.0
2023-12-19,14:44:00.000000000,48.7901,371.98,0.02730828645362743,38.631963604979674,-1.095187509192797,0,0.0,0.0,0.0,0.0,0.0,0.0,0.0,0.0,0.0,1.0,1.0,0.0
2023-12-19,14:45:00.000000000,48.81,371.79,,,,0,0.0,0.0,0.0,0.0,0.0,0.0,0.0,0.0,0.0,1.0,1.0,0.0
2023-12-19,14:46:00.000000000,48.74,371.37,,,,0,0.0,0.0,0.0,0.0,0.0,0.0,0.0,0.0,0.0,1.0,1.0,0.0
2023-12-19,14:47:00.000000000,48.74,371.69,0.027250323750308707,38.61132716524776,-1.0764790109121214,0,0.0,0.0,0.0,0.0,0.0,0.0,0.0,0.0,0.0,1.0,1.0,0.0
2023-12-19,14:48:00.000000000,48.705,371.55,,,,0,0.0,0.0,0.0,0.0,0.0,0.0,0.0,0.0,0.0,1.0,1.0,0.0
2023-12-19,14:49:00.000000000,48.7,370.97,,,,0,0.0,0.0,0.0,0.0,0.0,0.0,0.0,0.0,0.0,1.0,1.0,0.0
2023-12-19,14:50:00.000000000,48.7,370.9704,0.027262808949164653,38.58630485900481,-1.0590035867165704,0,0.0,0.0,0.0,0.0,0.0,0.0,0.0,0.0,0.0,1.0,1.0,0.0
2023-12-19,14:51:00.000000000,48.72,371.27,,,,0,0.0,0.0,0.0,0.0,0.0,0.0,0.0,0.0,0.0,1.0,1.0,0.0
2023-12-19,14:52:00.000000000,48.715,371.07,,,,0,0.0,0.0,0.0,0.0,0.0,0.0,0.0,0.0,0.0,1.0,1.0,0.0
2023-12-19,14:53:00.000000000,48.76,371.31,0.02720580576470979,38.658212261505604,-1.0265882656630516,0,0.0,0.0,0.0,0.0,0.0,0.0,0.0,0.0,0.0,1.0,1.0,0.0
2023-12-19,14:54:00.000000000,48.69,371.33,,,,0,0.0,0.0,0.0,0.0,0.0,0.0,0.0,0.0,0.0,1.0,1.0,0.0
2023-12-19,14:55:00.000000000,48.68,371.38,,,,0,0.0,0.0,0.0,0.0,0.0,0.0,0.0,0.0,0.0,1.0,1.0,0.0
2023-12-19,14:56:00.000000000,48.67,371.04,0.027108164417780266,38.61178667442681,-1.013730156621991,0,0.0,0.0,0.0,0.0,0.0,0.0,0.0,0.0,0.0,1.0,1.0,0.0
2023-12-19,14:57:00.000000000,48.72,371.185,,,,0,0.0,0.0,0.0,0.0,0.0,0.0,0.0,0.0,0.0,1.0,1.0,0.0
2023-12-19,14:58:00.000000000,48.74,371.045,,,,0,0.0,0.0,0.0,0.0,0.0,0.0,0.0,0.0,0.0,1.0,1.0,0.0
2023-12-19,14:59:00.000000000,48.75,370.935,0.02705275193651836,38.715187460427565,-0.976472941523126,0,0.0,0.0,0.0,0.0,0.0,0.0,0.0,0.0,0.0,1.0,1.0,0.0
2023-12-19,15:00:00.000000000,48.715,370.33,,,,0,0.0,0.0,0.0,0.0,0.0,0.0,0.0,0.0,0.0,1.0,1.0,0.0
2023-12-19,15:01:00.000000000,48.715,370.07,,,,0,0.0,0.0,0.0,0.0,0.0,0.0,0.0,0.0,0.0,1.0,1.0,0.0
2023-12-19,15:02:00.000000000,48.76,370.0,0.02703282866014413,38.75785339574667,-0.9495709744797407,0,0.0,0.0,0.0,0.0,0.0,0.0,0.0,0.0,0.0,1.0,1.0,0.0
2023-12-19,15:03:00.000000000,48.74,370.17,,,,0,0.0,0.0,0.0,0.0,0.0,0.0,0.0,0.0,0.0,1.0,1.0,0.0
2023-12-19,15:04:00.000000000,48.76,370.18,,,,0,0.0,0.0,0.0,0.0,0.0,0.0,0.0,0.0,0.0,1.0,1.0,0.0
2023-12-19,15:05:00.000000000,48.81,370.465,0.02696839390178603,38.81915395317484,-0.9196686899795691,0,0.0,0.0,0.0,0.0,0.0,0.0,0.0,0.0,0.0,1.0,1.0,0.0
2023-12-19,15:06:00.000000000,48.825,370.725,,,,0,0.0,0.0,0.0,0.0,0.0,0.0,0.0,0.0,0.0,1.0,1.0,0.0
2023-12-19,15:07:00.000000000,48.805,371.04,,,,0,0.0,0.0,0.0,0.0,0.0,0.0,0.0,0.0,0.0,1.0,1.0,0.0
2023-12-19,15:08:00.000000000,48.815,371.0253,0.0268304914082543,38.86020887610502,-0.893458751080179,0,0.0,0.0,0.0,0.0,0.0,0.0,0.0,0.0,0.0,1.0,1.0,0.0
2023-12-19,15:09:00.000000000,48.77,371.1766,,,,0,0.0,0.0,0.0,0.0,0.0,0.0,0.0,0.0,0.0,1.0,1.0,0.0
2023-12-19,15:10:00.000000000,48.8,371.155,,,,0,0.0,0.0,0.0,0.0,0.0,0.0,0.0,0.0,0.0,1.0,1.0,0.0
2023-12-19,15:11:00.000000000,48.8,371.105,0.026660418922050757,38.90618523593235,-0.8665325582996245,0,0.0,0.0,0.0,0.0,0.0,0.0,0.0,0.0,0.0,1.0,1.0,0.0
2023-12-19,15:12:00.000000000,48.78,371.3106,,,,0,0.0,0.0,0.0,0.0,0.0,0.0,0.0,0.0,0.0,1.0,1.0,0.0
2023-12-19,15:13:00.000000000,48.78,371.18,,,,0,0.0,0.0,0.0,0.0,0.0,0.0,0.0,0.0,0.0,1.0,1.0,0.0
2023-12-19,15:14:00.000000000,48.79,371.2785,0.026493964991145508,38.95336041903498,-0.8393958415039358,0,0.0,0.0,0.0,0.0,0.0,0.0,0.0,0.0,0.0,1.0,1.0,0.0
2023-12-19,15:15:00.000000000,48.77,371.52,,,,0,0.0,0.0,0.0,0.0,0.0,0.0,0.0,0.0,0.0,1.0,1.0,0.0
2023-12-19,15:16:00.000000000,48.765,371.425,,,,0,0.0,0.0,0.0,0.0,0.0,0.0,0.0,0.0,0.0,1.0,1.0,0.0
2023-12-19,15:17:00.000000000,48.8,371.41,0.026315012725263275,39.02634112370996,-0.8074557841076216,0,0.0,0.0,0.0,0.0,0.0,0.0,0.0,0.0,0.0,1.0,1.0,0.0
2023-12-19,15:18:00.000000000,48.78,371.38,,,,0,0.0,0.0,0.0,0.0,0.0,0.0,0.0,0.0,0.0,1.0,1.0,0.0
2023-12-19,15:19:00.000000000,48.765,371.131,,,,0,0.0,0.0,0.0,0.0,0.0,0.0,0.0,0.0,0.0,1.0,1.0,0.0
2023-12-19,15:20:00.000000000,48.77,371.21,0.026168184990690204,39.056108049605896,-0.7836531568782465,0,0.0,0.0,0.0,0.0,0.0,0.0,0.0,0.0,0.0,1.0,1.0,0.0
2023-12-19,15:21:00.000000000,48.78,371.19,,,,0,0.0,0.0,0.0,0.0,0.0,0.0,0.0,0.0,0.0,1.0,1.0,0.0
2023-12-19,15:22:00.000000000,48.785,371.17,,,,0,0.0,0.0,0.0,0.0,0.0,0.0,0.0,0.0,0.0,1.0,1.0,0.0
2023-12-19,15:23:00.000000000,48.8,371.19,0.026047023498605475,39.13160534755263,-0.7508496835862365,0,0.0,0.0,0.0,0.0,0.0,0.0,0.0,0.0,0.0,1.0,1.0,0.0
2023-12-19,15:24:00.000000000,48.77,371.135,,,,0,0.0,0.0,0.0,0.0,0.0,0.0,0.0,0.0,0.0,1.0,1.0,0.0
2023-12-19,15:25:00.000000000,48.8,370.995,,,,0,0.0,0.0,0.0,0.0,0.0,0.0,0.0,0.0,0.0,1.0,1.0,0.0
2023-12-19,15:26:00.000000000,48.78,370.955,0.02600697686837705,39.13258189579119,-0.7326888119464967,0,0.0,0.0,0.0,0.0,0.0,0.0,0.0,0.0,0.0,1.0,1.0,0.0
2023-12-19,15:27:00.000000000,48.79,371.26,,,,0,0.0,0.0,0.0,0.0,0.0,0.0,0.0,0.0,0.0,1.0,1.0,0.0
2023-12-19,15:28:00.000000000,48.77,371.26,,,,0,0.0,0.0,0.0,0.0,0.0,0.0,0.0,0.0,0.0,1.0,1.0,0.0
2023-12-19,15:29:00.000000000,48.75,371.29,0.02594537717399073,39.11674090906898,-0.718086913597031,0,0.0,0.0,0.0,0.0,0.0,0.0,0.0,0.0,0.0,1.0,1.0,0.0
2023-12-19,15:30:00.000000000,48.765,371.605,,,,0,0.0,0.0,0.0,0.0,0.0,0.0,0.0,0.0,0.0,1.0,1.0,0.0
2023-12-19,15:31:00.000000000,48.77,371.9256,,,,0,0.0,0.0,0.0,0.0,0.0,0.0,0.0,0.0,0.0,1.0,1.0,0.0
2023-12-19,15:32:00.000000000,48.775,371.9561,0.02584055308196343,39.1634486537899,-0.6903782338630754,0,0.0,0.0,0.0,0.0,0.0,0.0,0.0,0.0,0.0,1.0,1.0,0.0
2023-12-19,15:33:00.000000000,48.785,372.12,,,,0,0.0,0.0,0.0,0.0,0.0,0.0,0.0,0.0,0.0,1.0,1.0,0.0
2023-12-19,15:34:00.000000000,48.805,371.955,,,,0,0.0,0.0,0.0,0.0,0.0,0.0,0.0,0.0,0.0,1.0,1.0,0.0
2023-12-19,15:35:00.000000000,48.785,371.88,0.025741187131196493,39.21236732965065,-0.6618119591421079,0,0.0,0.0,0.0,0.0,0.0,0.0,0.0,0.0,0.0,1.0,1.0,0.0
2023-12-19,15:36:00.000000000,48.815,371.93,,,,0,0.0,0.0,0.0,0.0,0.0,0.0,0.0,0.0,0.0,1.0,1.0,0.0
2023-12-19,15:37:00.000000000,48.825,372.1199,,,,0,0.0,0.0,0.0,0.0,0.0,0.0,0.0,0.0,0.0,1.0,1.0,0.0
2023-12-19,15:38:00.000000000,48.78,371.97,0.025610837889661838,39.25353663018249,-0.6345751151769825,0,0.0,0.0,0.0,0.0,0.0,0.0,0.0,0.0,0.0,1.0,1.0,0.0
2023-12-19,15:39:00.000000000,48.77,371.37,,,,0,0.0,0.0,0.0,0.0,0.0,0.0,0.0,0.0,0.0,1.0,1.0,0.0
2023-12-19,15:40:00.000000000,48.77,371.35,,,,0,0.0,0.0,0.0,0.0,0.0,0.0,0.0,0.0,0.0,1.0,1.0,0.0
2023-12-19,15:41:00.000000000,48.79,371.4325,0.025535217977479843,39.30539014857972,-0.6044237584083954,0,0.0,0.0,0.0,0.0,0.0,0.0,0.0,0.0,0.0,1.0,1.0,0.0
2023-12-19,15:42:00.000000000,48.79,371.48,,,,0,0.0,0.0,0.0,0.0,0.0,0.0,0.0,0.0,0.0,1.0,1.0,0.0
2023-12-19,15:43:00.000000000,48.8,371.61,,,,0,0.0,0.0,0.0,0.0,0.0,0.0,0.0,0.0,0.0,1.0,1.0,0.0
2023-12-19,15:44:00.000000000,48.79,371.7753,0.025400171037562536,39.34684379245888,-0.5761448494486929,0,0.0,0.0,0.0,0.0,0.0,0.0,0.0,0.0,0.0,1.0,1.0,0.0
2023-12-19,15:45:00.000000000,48.775,371.63,,,,0,0.0,0.0,0.0,0.0,0.0,0.0,0.0,0.0,0.0,1.0,1.0,0.0
2023-12-19,15:46:00.000000000,48.76,371.5,,,,0,0.0,0.0,0.0,0.0,0.0,0.0,0.0,0.0,0.0,1.0,1.0,0.0
2023-12-19,15:47:00.000000000,48.76,371.57,0.025266129687088655,39.371864192168466,-0.5513431561911859,0,0.0,0.0,0.0,0.0,0.0,0.0,0.0,0.0,0.0,1.0,1.0,0.0
2023-12-19,15:48:00.000000000,48.795,371.66,,,,0,0.0,0.0,0.0,0.0,0.0,0.0,0.0,0.0,0.0,1.0,1.0,0.0
2023-12-19,15:49:00.000000000,48.805,371.7648,,,,0,0.0,0.0,0.0,0.0,0.0,0.0,0.0,0.0,0.0,1.0,1.0,0.0
2023-12-19,15:50:00.000000000,48.81,371.93,0.02507555471225941,39.48364893586936,-0.5040405788199319,0,0.0,0.0,0.0,0.0,0.0,0.0,0.0,0.0,0.0,1.0,1.0,0.0
2023-12-19,15:51:00.000000000,48.86,371.9,,,,0,0.0,0.0,0.0,0.0,0.0,0.0,0.0,0.0,0.0,1.0,1.0,0.0
2023-12-19,15:52:00.000000000,48.855,371.655,,,,0,0.0,0.0,0.0,0.0,0.0,0.0,0.0,0.0,0.0,1.0,1.0,0.0
2023-12-19,15:53:00.000000000,48.89,371.83,0.024878318218145432,39.63949493694699,-0.4434842751950114,0,0.0,0.0,0.0,0.0,0.0,0.0,0.0,0.0,0.0,1.0,1.0,0.0
2023-12-19,15:54:00.000000000,48.9,371.85,,,,0,0.0,0.0,0.0,0.0,0.0,0.0,0.0,0.0,0.0,1.0,1.0,0.0
2023-12-19,15:55:00.000000000,48.89,371.8426,,,,0,0.0,0.0,0.0,0.0,0.0,0.0,0.0,0.0,0.0,1.0,1.0,0.0
2023-12-19,15:56:00.000000000,48.8889,371.8076,0.024686449189454986,39.7102905743468,-0.40351496316372765,0,0.0,0.0,0.0,0.0,0.0,0.0,0.0,0.0,0.0,1.0,1.0,0.0
2023-12-19,15:57:00.000000000,48.89,371.76,,,,0,0.0,0.0,0.0,0.0,0.0,0.0,0.0,0.0,0.0,1.0,1.0,0.0
2023-12-19,15:58:00.000000000,48.8799,371.69,,,,0,0.0,0.0,0.0,0.0,0.0,0.0,0.0,0.0,0.0,1.0,1.0,0.0
2023-12-19,15:59:00.000000000,48.895,371.66,0.024515707143646037,39.78349228299251,-0.3613015931895065,0,0.0,0.0,0.0,0.0,0.0,0.0,0.0,0.0,0.0,1.0,1.0,0.0
2023-12-19,16:00:00.000000000,48.865,371.64,,,,0,0.0,0.0,0.0,0.0,0.0,0.0,0.0,0.0,0.0,1.0,1.0,0.0
2023-12-19,16:01:00.000000000,48.81,371.452,,,,0,0.0,0.0,0.0,0.0,0.0,0.0,0.0,0.0,0.0,1.0,1.0,0.0
2023-12-19,16:02:00.000000000,48.8,371.56,0.024291613685172592,39.77420801913727,-0.34153324478291347,0,0.0,0.0,0.0,0.0,0.0,0.0,0.0,0.0,0.0,1.0,1.0,0.0
2023-12-19,16:03:00.000000000,48.845,371.62,,,,0,0.0,0.0,0.0,0.0,0.0,0.0,0.0,0.0,0.0,1.0,1.0,0.0
2023-12-19,16:04:00.000000000,48.84,371.8105,,,,0,0.0,0.0,0.0,0.0,0.0,0.0,0.0,0.0,0.0,1.0,1.0,0.0
2023-12-19,16:05:00.000000000,48.86,371.915,0.024099610355605892,39.89699341459483,-0.28098255588125,0,0.0,0.0,0.0,0.0,0.0,0.0,0.0,0.0,0.0,1.0,1.0,0.0
2023-12-19,16:06:00.000000000,48.875,371.91,,,,0,0.0,0.0,0.0,0.0,0.0,0.0,0.0,0.0,0.0,1.0,1.0,0.0
2023-12-19,16:07:00.000000000,48.91,372.0148,,,,0,0.0,0.0,0.0,0.0,0.0,0.0,0.0,0.0,0.0,1.0,1.0,0.0
2023-12-19,16:08:00.000000000,48.96,372.135,0.023901517917690015,40.06540862970043,-0.2027020199409562,0,0.0,0.0,0.0,0.0,0.0,0.0,0.0,0.0,0.0,1.0,1.0,0.0
2023-12-19,16:09:00.000000000,48.985,372.1,,,,0,0.0,0.0,0.0,0.0,0.0,0.0,0.0,0.0,0.0,1.0,1.0,0.0
2023-12-19,16:10:00.000000000,48.985,372.01,,,,0,0.0,0.0,0.0,0.0,0.0,0.0,0.0,0.0,0.0,1.0,1.0,0.0
2023-12-19,16:11:00.000000000,49.0,372.0899,0.02369250636116422,40.18425767732504,-0.13608564428198733,0,0.0,0.0,0.0,0.0,0.0,0.0,0.0,0.0,0.0,1.0,1.0,0.0
2023-12-19,16:12:00.000000000,48.995,372.05,,,,0,0.0,0.0,0.0,0.0,0.0,0.0,0.0,0.0,0.0,1.0,1.0,0.0
2023-12-19,16:13:00.000000000,49.015,372.0985,,,,0,0.0,0.0,0.0,0.0,0.0,0.0,0.0,0.0,0.0,1.0,1.0,0.0
2023-12-19,16:14:00.000000000,48.965,372.1033,0.02342740803916762,40.2475841581792,-0.08467685766738876,0,0.0,0.0,0.0,0.0,0.0,0.0,0.0,0.0,0.0,1.0,1.0,0.0
2023-12-19,16:15:00.000000000,48.965,372.09,,,,0,0.0,0.0,0.0,0.0,0.0,0.0,0.0,0.0,0.0,1.0,1.0,0.0
2023-12-19,16:16:00.000000000,48.93,372.04,,,,0,0.0,0.0,0.0,0.0,0.0,0.0,0.0,0.0,0.0,1.0,1.0,0.0
2023-12-19,16:17:00.000000000,48.9505,372.2,0.023198858791278854,40.31588475788601,-0.028551151469091717,0,0.0,0.0,0.0,0.0,0.0,0.0,0.0,0.0,0.0,1.0,1.0,0.0
2023-12-19,16:18:00.000000000,48.945,372.2664,,,,0,0.0,0.0,0.0,0.0,0.0,0.0,0.0,0.0,0.0,1.0,1.0,0.0
2023-12-19,16:19:00.000000000,48.92,372.27,,,,0,0.0,0.0,0.0,0.0,0.0,0.0,0.0,0.0,0.0,1.0,1.0,0.0
2023-12-19,16:20:00.000000000,48.89,372.24,0.022934536276427876,40.35284821646249,0.019306938802250533,0,0.0,0.0,0.0,0.0,0.0,0.0,0.0,0.0,0.0,1.0,1.0,0.0
2023-12-19,16:21:00.000000000,48.89,372.11,,,,0,0.0,0.0,0.0,0.0,0.0,0.0,0.0,0.0,0.0,1.0,1.0,0.0
2023-12-19,16:22:00.000000000,48.87,372.1,,,,0,0.0,0.0,0.0,0.0,0.0,0.0,0.0,0.0,0.0,1.0,1.0,0.0
2023-12-19,16:23:00.000000000,48.88,372.115,0.02269691703659251,40.43413671692838,0.08786301820231875,0,0.0,0.0,0.0,0.0,0.0,0.0,0.0,0.0,0.0,1.0,1.0,0.0
2023-12-19,16:24:00.000000000,48.89,372.25,,,,0,0.0,0.0,0.0,0.0,0.0,0.0,0.0,0.0,0.0,1.0,1.0,0.0
2023-12-19,16:25:00.000000000,48.905,372.55,,,,0,0.0,0.0,0.0,0.0,0.0,0.0,0.0,0.0,0.0,1.0,1.0,0.0
2023-12-19,16:26:00.000000000,48.93,372.535,0.0224119517254334,40.58076356396567,0.18849699254386007,0,0.0,0.0,0.0,0.0,0.0,0.0,0.0,0.0,0.0,1.0,1.0,0.0
2023-12-19,16:27:00.000000000,48.92,372.5833,,,,0,0.0,0.0,0.0,0.0,0.0,0.0,0.0,0.0,0.0,1.0,1.0,0.0
2023-12-19,16:28:00.000000000,48.925,372.4921,,,,0,0.0,0.0,0.0,0.0,0.0,0.0,0.0,0.0,0.0,1.0,1.0,0.0
2023-12-19,16:29:00.000000000,48.895,372.33,0.022125784525718853,40.6569066475391,0.2658629914731182,0,0.0,0.0,0.0,0.0,0.0,0.0,0.0,0.0,0.0,1.0,1.0,0.0
2023-12-19,16:30:00.000000000,48.855,372.46,,,,0,0.0,0.0,0.0,0.0,0.0,0.0,0.0,0.0,0.0,1.0,1.0,0.0
2023-12-19,16:31:00.000000000,48.81,372.28,,,,0,0.0,0.0,0.0,0.0,0.0,0.0,0.0,0.0,0.0,1.0,1.0,0.0
2023-12-19,16:32:00.000000000,48.805,372.35,0.021849805632522753,40.669224872730155,0.31954521276384845,0,0.0,0.0,0.0,0.0,0.0,0.0,0.0,0.0,0.0,1.0,1.0,0.0
2023-12-19,16:33:00.000000000,48.805,372.45,,,,0,0.0,0.0,0.0,0.0,0.0,0.0,0.0,0.0,0.0,1.0,1.0,0.0
2023-12-19,16:34:00.000000000,48.795,372.5,,,,0,0.0,0.0,0.0,0.0,0.0,0.0,0.0,0.0,0.0,1.0,1.0,0.0
2023-12-19,16:35:00.000000000,48.79,372.3828,0.021546001130680125,40.76663977015417,0.41838303150371897,0,0.0,0.0,0.0,0.0,0.0,0.0,0.0,0.0,0.0,1.0,1.0,0.0
2023-12-19,16:36:00.000000000,48.8,372.4951,,,,0,0.0,0.0,0.0,0.0,0.0,0.0,0.0,0.0,0.0,1.0,1.0,0.0
2023-12-19,16:37:00.000000000,48.77,372.515,,,,0,0.0,0.0,0.0,0.0,0.0,0.0,0.0,0.0,0.0,1.0,1.0,0.0
2023-12-19,16:38:00.000000000,48.78,372.615,0.021249286594719773,40.86219707550849,0.5230870899493845,0,0.0,0.0,0.0,0.0,0.0,0.0,0.0,0.0,0.0,1.0,1.0,0.0
2023-12-19,16:39:00.000000000,48.77,372.485,,,,0,0.0,0.0,0.0,0.0,0.0,0.0,0.0,0.0,0.0,1.0,1.0,0.0
2023-12-19,16:40:00.000000000,48.775,372.63,,,,0,0.0,0.0,0.0,0.0,0.0,0.0,0.0,0.0,0.0,1.0,1.0,0.0
2023-12-19,16:41:00.000000000,48.79,372.6288,0.02093982849494065,40.98721683572446,0.6515232208089307,0,0.0,0.0,0.0,0.0,0.0,0.0,0.0,0.0,0.0,1.0,1.0,0.0
2023-12-19,16:42:00.000000000,48.785,372.59,,,,0,0.0,0.0,0.0,0.0,0.0,0.0,0.0,0.0,0.0,1.0,1.0,0.0
2023-12-19,16:43:00.000000000,48.76,372.51,,,,0,0.0,0.0,0.0,0.0,0.0,0.0,0.0,0.0,0.0,1.0,1.0,0.0
2023-12-19,16:44:00.000000000,48.76,372.58,0.02066585084890777,41.06031729071394,0.7587099000912704,0,0.0,0.0,0.0,0.0,0.0,0.0,0.0,0.0,0.0,1.0,1.0,0.0
2023-12-19,16:45:00.000000000,48.74,372.69,,,,0,0.0,0.0,0.0,0.0,0.0,0.0,0.0,0.0,0.0,1.0,1.0,0.0
2023-12-19,16:46:00.000000000,48.74,372.6,,,,0,0.0,0.0,0.0,0.0,0.0,0.0,0.0,0.0,0.0,1.0,1.0,0.0
2023-12-19,16:47:00.000000000,48.74,372.37,0.020379931001814303,41.15112509285441,0.8829380035092697,0,0.0,0.0,0.0,0.0,0.0,0.0,0.0,0.0,0.0,1.0,1.0,0.0
2023-12-19,16:48:00.000000000,48.73,372.2699,,,,0,0.0,0.0,0.0,0.0,0.0,0.0,0.0,0.0,0.0,1.0,1.0,0.0
2023-12-19,16:49:00.000000000,48.72,372.16,,,,0,0.0,0.0,0.0,0.0,0.0,0.0,0.0,0.0,0.0,1.0,1.0,0.0
2023-12-19,16:50:00.000000000,48.685,372.04,0.02009919815793809,41.20729431732072,0.9902611009629918,0,0.0,0.0,0.0,0.0,0.0,0.0,0.0,0.0,0.0,1.0,1.0,0.0
2023-12-19,16:51:00.000000000,48.67,371.8,,,,0,0.0,0.0,0.0,0.0,0.0,0.0,0.0,0.0,0.0,1.0,1.0,0.0
2023-12-19,16:52:00.000000000,48.63,371.79,,,,0,0.0,0.0,0.0,0.0,0.0,0.0,0.0,0.0,0.0,1.0,1.0,0.0
2023-12-19,16:53:00.000000000,48.63,372.04,0.019799570654471264,41.263767733710516,1.0992030774230228,0,0.0,0.0,0.0,0.0,0.0,0.0,0.0,0.0,0.0,1.0,1.0,0.0
2023-12-19,16:54:00.000000000,48.665,372.14,,,,0,0.0,0.0,0.0,0.0,0.0,0.0,0.0,0.0,0.0,1.0,1.0,0.0
2023-12-19,16:55:00.000000000,48.665,372.2,,,,0,0.0,0.0,0.0,0.0,0.0,0.0,0.0,0.0,0.0,1.0,1.0,0.0
2023-12-19,16:56:00.000000000,48.64,371.94,0.019477694022558147,41.39546648524973,1.2584430935168436,0,0.0,0.0,0.0,0.0,0.0,0.0,0.0,0.0,0.0,1.0,1.0,0.0
2023-12-19,16:57:00.000000000,48.65,371.9006,,,,0,0.0,0.0,0.0,0.0,0.0,0.0,0.0,0.0,0.0,1.0,1.0,0.0
2023-12-19,16:58:00.000000000,48.67,372.05,,,,0,0.0,0.0,0.0,0.0,0.0,0.0,0.0,0.0,0.0,1.0,1.0,0.0
2023-12-19,16:59:00.000000000,48.645,371.93,0.01918871921217883,41.50813966341433,1.4039532870657834,0,0.0,0.0,0.0,0.0,0.0,0.0,0.0,0.0,0.0,1.0,1.0,0.0
2023-12-19,17:00:00.000000000,48.64,371.87,,,,0,0.0,0.0,0.0,0.0,0.0,0.0,0.0,0.0,0.0,1.0,1.0,0.0
2023-12-19,17:01:00.000000000,48.675,371.76,,,,0,0.0,0.0,0.0,0.0,0.0,0.0,0.0,0.0,0.0,1.0,1.0,0.0
2023-12-19,17:02:00.000000000,48.69,371.7,0.018949466391505507,41.6464833422774,1.5625220017348165,0,0.0,0.0,0.0,0.0,0.0,0.0,0.0,0.0,0.0,1.0,1.0,0.0
2023-12-19,17:03:00.000000000,48.71,371.7008,,,,0,0.0,0.0,0.0,0.0,0.0,0.0,0.0,0.0,0.0,1.0,1.0,0.0
2023-12-19,17:04:00.000000000,48.72,371.65,,,,0,0.0,0.0,0.0,0.0,0.0,0.0,0.0,0.0,0.0,1.0,1.0,0.0
2023-12-19,17:05:00.000000000,48.72,371.66,0.01870315194846975,41.768786546831734,1.6993041907741886,0,0.0,0.0,0.0,0.0,0.0,0.0,0.0,0.0,0.0,1.0,1.0,0.0
2023-12-19,17:06:00.000000000,48.73,371.695,,,,0,0.0,0.0,0.0,0.0,0.0,0.0,0.0,0.0,0.0,1.0,1.0,0.0
2023-12-19,17:07:00.000000000,48.74,371.705,,,,0,0.0,0.0,0.0,0.0,0.0,0.0,0.0,0.0,0.0,1.0,1.0,0.0
2023-12-19,17:08:00.000000000,48.74,371.72,0.018474664214579037,41.872597818156684,1.809260182302572,0,0.0,0.0,0.0,0.0,0.0,0.0,0.0,0.0,0.0,1.0,1.0,0.0
2023-12-19,17:09:00.000000000,48.7,371.465,,,,0,0.0,0.0,0.0,0.0,0.0,0.0,0.0,0.0,0.0,1.0,1.0,0.0
2023-12-19,17:10:00.000000000,48.69,371.43,,,,0,0.0,0.0,0.0,0.0,0.0,0.0,0.0,0.0,0.0,1.0,1.0,0.0
2023-12-19,17:11:00.000000000,48.7,371.4086,0.018247647434667832,41.92266681299643,1.8617944075982487,0,0.0,0.0,0.0,0.0,0.0,0.0,0.0,0.0,0.0,1.0,1.0,0.0
2023-12-19,17:12:00.000000000,48.69,371.4,,,,0,0.0,0.0,0.0,0.0,0.0,0.0,0.0,0.0,0.0,1.0,1.0,0.0
2023-12-19,17:13:00.000000000,48.67,371.47,,,,0,0.0,0.0,0.0,0.0,0.0,0.0,0.0,0.0,0.0,1.0,1.0,0.0
2023-12-19,17:14:00.000000000,48.6718,371.55,0.017978537559297993,41.991874369842826,1.9133818976812613,0,0.0,0.0,0.0,0.0,0.0,0.0,0.0,0.0,0.0,1.0,1.0,0.0
2023-12-19,17:15:00.000000000,48.665,371.4965,,,,0,0.0,0.0,0.0,0.0,0.0,0.0,0.0,0.0,0.0,1.0,1.0,0.0
2023-12-19,17:16:00.000000000,48.685,371.5699,,,,0,0.0,0.0,0.0,0.0,0.0,0.0,0.0,0.0,0.0,1.0,1.0,0.0
2023-12-19,17:17:00.000000000,48.67,371.57,0.017729068385763876,42.08241005990172,1.961519038007066,0,0.0,0.0,0.0,0.0,0.0,0.0,0.0,0.0,0.0,1.0,1.0,0.0
2023-12-19,17:18:00.000000000,48.665,371.595,,,,0,0.0,0.0,0.0,0.0,0.0,0.0,0.0,0.0,0.0,1.0,1.0,0.0
2023-12-19,17:19:00.000000000,48.665,371.56,,,,0,0.0,0.0,0.0,0.0,0.0,0.0,0.0,0.0,0.0,1.0,1.0,0.0
2023-12-19,17:20:00.000000000,48.665,371.605,0.01748116066293833,42.1689132918488,1.9886800756358367,0,0.0,0.0,0.0,0.0,0.0,0.0,0.0,0.0,0.0,1.0,1.0,0.0
2023-12-19,17:21:00.000000000,48.64,371.393,,,,0,0.0,0.0,0.0,0.0,0.0,0.0,0.0,0.0,0.0,1.0,1.0,0.0
2023-12-19,17:22:00.000000000,48.625,371.59,,,,0,0.0,0.0,0.0,0.0,0.0,0.0,0.0,0.0,0.0,1.0,1.0,0.0
2023-12-19,17:23:00.000000000,48.615,371.615,0.017244916046006916,42.206530523563146,1.9661280851892575,0,0.0,0.0,0.0,0.0,0.0,0.0,0.0,0.0,0.0,1.0,1.0,0.0
2023-12-19,17:24:00.000000000,48.615,371.675,,,,0,0.0,0.0,0.0,0.0,0.0,0.0,0.0,0.0,0.0,1.0,1.0,0.0
2023-12-19,17:25:00.000000000,48.625,371.69,,,,0,0.0,0.0,0.0,0.0,0.0,0.0,0.0,0.0,0.0,1.0,1.0,0.0
2023-12-19,17:26:00.000000000,48.64,371.7675,0.01699481643884428,42.32187957957196,1.989272304715172,0,0.0,0.0,0.0,0.0,0.0,0.0,0.0,0.0,0.0,1.0,1.0,0.0
2023-12-19,17:27:00.000000000,48.65,371.72,,,,0,0.0,0.0,0.0,0.0,0.0,0.0,0.0,0.0,0.0,1.0,1.0,0.0
2023-12-19,17:28:00.000000000,48.65,371.605,,,,0,0.0,0.0,0.0,0.0,0.0,0.0,0.0,0.0,0.0,1.0,1.0,0.0
2023-12-19,17:29:00.000000000,48.655,371.62,0.016782526526443298,42.41827749224314,1.9887078766791224,0,0.0,0.0,0.0,0.0,0.0,0.0,0.0,0.0,0.0,1.0,1.0,0.0
2023-12-19,17:30:00.000000000,48.64,371.74,,,,0,0.0,0.0,0.0,0.0,0.0,0.0,0.0,0.0,0.0,1.0,1.0,0.0
2023-12-19,17:31:00.000000000,48.645,371.7,,,,0,0.0,0.0,0.0,0.0,0.0,0.0,0.0,0.0,0.0,1.0,1.0,0.0
2023-12-19,17:32:00.000000000,48.66,371.6499,0.016583615762238955,42.49670086032546,1.9693445260133413,0,0.0,0.0,0.0,0.0,0.0,0.0,0.0,0.0,0.0,1.0,1.0,0.0
2023-12-19,17:33:00.000000000,48.6687,371.7258,,,,0,0.0,0.0,0.0,0.0,0.0,0.0,0.0,0.0,0.0,1.0,1.0,0.0
2023-12-19,17:34:00.000000000,48.675,371.86,,,,0,0.0,0.0,0.0,0.0,0.0,0.0,0.0,0.0,0.0,1.0,1.0,0.0
2023-12-19,17:35:00.000000000,48.6559,371.7535,0.01639518022511008,42.56093436818455,1.9375332294992382,0,0.0,0.0,0.0,0.0,0.0,0.0,0.0,0.0,0.0,1.0,1.0,0.0
2023-12-19,17:36:00.000000000,48.66,371.84,,,,0,0.0,0.0,0.0,0.0,0.0,0.0,0.0,0.0,0.0,1.0,1.0,0.0
2023-12-19,17:37:00.000000000,48.66,371.87,,,,0,0.0,0.0,0.0,0.0,0.0,0.0,0.0,0.0,0.0,1.0,1.0,0.0
2023-12-19,17:38:00.000000000,48.65,371.78,0.01621428890872386,42.62185166951464,1.9034815243577037,0,0.0,0.0,0.0,0.0,0.0,0.0,0.0,0.0,0.0,1.0,1.0,0.0
2023-12-19,17:39:00.000000000,48.645,371.89,,,,0,0.0,0.0,0.0,0.0,0.0,0.0,0.0,0.0,0.0,1.0,1.0,0.0
2023-12-19,17:40:00.000000000,48.645,371.9401,,,,0,0.0,0.0,0.0,0.0,0.0,0.0,0.0,0.0,0.0,1.0,1.0,0.0
2023-12-19,17:41:00.000000000,48.63,371.97,0.01601837859569102,42.671643713760815,1.8641550216113123,0,0.0,0.0,0.0,0.0,0.0,0.0,0.0,0.0,0.0,1.0,1.0,0.0
2023-12-19,17:42:00.000000000,48.62,371.85,,,,0,0.0,0.0,0.0,0.0,0.0,0.0,0.0,0.0,0.0,1.0,1.0,0.0
2023-12-19,17:43:00.000000000,48.64,371.925,,,,0,0.0,0.0,0.0,0.0,0.0,0.0,0.0,0.0,0.0,1.0,1.0,0.0
2023-12-19,17:44:00.000000000,48.64,372.0,0.015858796439838868,42.740527724379945,1.8394087166783821,0,0.0,0.0,0.0,0.0,0.0,0.0,0.0,0.0,0.0,1.0,1.0,0.0
2023-12-19,17:45:00.000000000,48.65,372.09,,,,0,0.0,0.0,0.0,0.0,0.0,0.0,0.0,0.0,0.0,1.0,1.0,0.0
2023-12-19,17:46:00.000000000,48.665,372.16,,,,0,0.0,0.0,0.0,0.0,0.0,0.0,0.0,0.0,0.0,1.0,1.0,0.0
2023-12-19,17:47:00.000000000,48.675,372.0999,0.015669545836526518,42.844363561183066,1.8381465919558684,0,0.0,0.0,0.0,0.0,0.0,0.0,0.0,0.0,0.0,1.0,1.0,0.0
2023-12-19,17:48:00.000000000,48.6703,372.04,,,,0,0.0,0.0,0.0,0.0,0.0,0.0,0.0,0.0,0.0,1.0,1.0,0.0
2023-12-19,17:49:00.000000000,48.65,372.03,,,,0,0.0,0.0,0.0,0.0,0.0,0.0,0.0,0.0,0.0,1.0,1.0,0.0
2023-12-19,17:50:00.000000000,48.6426,372.129,0.015465661010464076,42.887379033837014,1.803817851576266,0,0.0,0.0,0.0,0.0,0.0,0.0,0.0,0.0,0.0,1.0,1.0,0.0
2023-12-19,17:51:00.000000000,48.625,372.24,,,,0,0.0,0.0,0.0,0.0,0.0,0.0,0.0,0.0,0.0,1.0,1.0,0.0
2023-12-19,17:52:00.000000000,48.63,372.24,,,,0,0.0,0.0,0.0,0.0,0.0,0.0,0.0,0.0,0.0,1.0,1.0,0.0
2023-12-19,17:53:00.000000000,48.58,372.13,0.015221845397041084,42.9154946723991,1.767516952001825,0,0.0,0.0,0.0,0.0,0.0,0.0,0.0,0.0,0.0,1.0,1.0,0.0
2023-12-19,17:54:00.000000000,48.58,372.305,,,,0,0.0,0.0,0.0,0.0,0.0,0.0,0.0,0.0,0.0,1.0,1.0,0.0
2023-12-19,17:55:00.000000000,48.565,372.1749,,,,0,0.0,0.0,0.0,0.0,0.0,0.0,0.0,0.0,0.0,1.0,1.0,0.0
2023-12-19,17:56:00.000000000,48.57,372.15,0.014976861601486558,42.99636095500678,1.7699009927823535,0,0.0,0.0,0.0,0.0,0.0,0.0,0.0,0.0,0.0,1.0,1.0,0.0
2023-12-19,17:57:00.000000000,48.56,372.13,,,,0,0.0,0.0,0.0,0.0,0.0,0.0,0.0,0.0,0.0,1.0,1.0,0.0
2023-12-19,17:58:00.000000000,48.57,372.1199,,,,0,0.0,0.0,0.0,0.0,0.0,0.0,0.0,0.0,0.0,1.0,1.0,0.0
2023-12-19,17:59:00.000000000,48.5699,372.03,0.014793430874820017,43.066299911640705,1.7735667634577064,0,0.0,0.0,0.0,0.0,0.0,0.0,0.0,0.0,0.0,1.0,1.0,0.0
2023-12-19,18:00:00.000000000,48.59,371.99,,,,0,0.0,0.0,0.0,0.0,0.0,0.0,0.0,0.0,0.0,1.0,1.0,0.0
2023-12-19,18:01:00.000000000,48.58,371.995,,,,0,0.0,0.0,0.0,0.0,0.0,0.0,0.0,0.0,0.0,1.0,1.0,0.0
2023-12-19,18:02:00.000000000,48.585,372.15,0.014595188588464272,43.15340056680302,1.7836252396398335,0,0.0,0.0,0.0,0.0,0.0,0.0,0.0,0.0,0.0,1.0,1.0,0.0
2023-12-19,18:03:00.000000000,48.545,371.94,,,,0,0.0,0.0,0.0,0.0,0.0,0.0,0.0,0.0,0.0,1.0,1.0,0.0
2023-12-19,18:04:00.000000000,48.58,371.9886,,,,0,0.0,0.0,0.0,0.0,0.0,0.0,0.0,0.0,0.0,1.0,1.0,0.0
2023-12-19,18:05:00.000000000,48.585,372.0,0.014416479316941315,43.22206969409783,1.7786071512250545,0,0.0,0.0,0.0,0.0,0.0,0.0,0.0,0.0,0.0,1.0,1.0,0.0
2023-12-19,18:06:00.000000000,48.565,371.81,,,,0,0.0,0.0,0.0,0.0,0.0,0.0,0.0,0.0,0.0,1.0,1.0,0.0
2023-12-19,18:07:00.000000000,48.55,371.88,,,,0,0.0,0.0,0.0,0.0,0.0,0.0,0.0,0.0,0.0,1.0,1.0,0.0
2023-12-19,18:08:00.000000000,48.52,371.71,0.014266883932544307,43.21685657343396,1.7281966387598302,0,0.0,0.0,0.0,0.0,0.0,0.0,0.0,0.0,0.0,1.0,1.0,0.0
2023-12-19,18:09:00.000000000,48.495,371.54,,,,0,0.0,0.0,0.0,0.0,0.0,0.0,0.0,0.0,0.0,1.0,1.0,0.0
2023-12-19,18:10:00.000000000,48.52,371.67,,,,0,0.0,0.0,0.0,0.0,0.0,0.0,0.0,0.0,0.0,1.0,1.0,0.0
2023-12-19,18:11:00.000000000,48.55,371.78,0.01409458984793681,43.30991338633405,1.7364358311466643,0,0.0,0.0,0.0,0.0,0.0,0.0,0.0,0.0,0.0,1.0,1.0,0.0
2023-12-19,18:12:00.000000000,48.54,371.7633,,,,0,0.0,0.0,0.0,0.0,0.0,0.0,0.0,0.0,0.0,1.0,1.0,0.0
2023-12-19,18:13:00.000000000,48.53,371.8,,,,0,0.0,0.0,0.0,0.0,0.0,0.0,0.0,0.0,0.0,1.0,1.0,0.0
2023-12-19,18:14:00.000000000,48.53,371.8727,0.01391146691024056,43.35670523912819,1.7161279061781336,0,0.0,0.0,0.0,0.0,0.0,0.0,0.0,0.0,0.0,1.0,1.0,0.0
2023-12-19,18:15:00.000000000,48.535,371.82,,,,0,0.0,0.0,0.0,0.0,0.0,0.0,0.0,0.0,0.0,1.0,1.0,0.0
2023-12-19,18:16:00.000000000,48.54,371.8101,,,,0,0.0,0.0,0.0,0.0,0.0,0.0,0.0,0.0,0.0,1.0,1.0,0.0
2023-12-19,18:17:00.000000000,48.54,371.86,0.013731089303762625,43.43395713150283,1.7136047880818555,0,0.0,0.0,0.0,0.0,0.0,0.0,0.0,0.0,0.0,1.0,1.0,0.0
2023-12-19,18:18:00.000000000,48.54,371.77,,,,0,0.0,0.0,0.0,0.0,0.0,0.0,0.0,0.0,0.0,1.0,1.0,0.0
2023-12-19,18:19:00.000000000,48.55,371.82,,,,0,0.0,0.0,0.0,0.0,0.0,0.0,0.0,0.0,0.0,1.0,1.0,0.0
2023-12-19,18:20:00.000000000,48.555,371.755,0.013583530597794165,43.50525458261703,1.706900993870815,0,0.0,0.0,0.0,0.0,0.0,0.0,0.0,0.0,0.0,1.0,1.0,0.0
2023-12-19,18:21:00.000000000,48.56,371.77,,,,0,0.0,0.0,0.0,0.0,0.0,0.0,0.0,0.0,0.0,1.0,1.0,0.0
2023-12-19,18:22:00.000000000,48.56,371.81,,,,0,0.0,0.0,0.0,0.0,0.0,0.0,0.0,0.0,0.0,1.0,1.0,0.0
2023-12-19,18:23:00.000000000,48.56,371.825,0.013435895629539302,43.56419810754655,1.69179771332539,0,0.0,0.0,0.0,0.0,0.0,0.0,0.0,0.0,0.0,1.0,1.0,0.0
2023-12-19,18:24:00.000000000,48.575,371.93,,,,0,0.0,0.0,0.0,0.0,0.0,0.0,0.0,0.0,0.0,1.0,1.0,0.0
2023-12-19,18:25:00.000000000,48.59,372.11,,,,0,0.0,0.0,0.0,0.0,0.0,0.0,0.0,0.0,0.0,1.0,1.0,0.0
2023-12-19,18:26:00.000000000,48.585,372.1,0.013251242580222604,43.65421263589917,1.6937200060637314,0,0.0,0.0,0.0,0.0,0.0,0.0,0.0,0.0,0.0,1.0,1.0,0.0
2023-12-19,18:27:00.000000000,48.575,372.02,,,,0,0.0,0.0,0.0,0.0,0.0,0.0,0.0,0.0,0.0,1.0,1.0,0.0
2023-12-19,18:28:00.000000000,48.58,372.02,,,,0,0.0,0.0,0.0,0.0,0.0,0.0,0.0,0.0,0.0,1.0,1.0,0.0
2023-12-19,18:29:00.000000000,48.59,372.155,0.013072484467975433,43.72500954282061,1.68478472732353,0,0.0,0.0,0.0,0.0,0.0,0.0,0.0,0.0,0.0,1.0,1.0,0.0
2023-12-19,18:30:00.000000000,48.605,372.145,,,,0,0.0,0.0,0.0,0.0,0.0,0.0,0.0,0.0,0.0,1.0,1.0,0.0
2023-12-19,18:31:00.000000000,48.605,372.07,,,,0,0.0,0.0,0.0,0.0,0.0,0.0,0.0,0.0,0.0,1.0,1.0,0.0
2023-12-19,18:32:00.000000000,48.61,372.04,0.012919175091433885,43.80355009898294,1.6802779535156702,0,0.0,0.0,0.0,0.0,0.0,0.0,0.0,0.0,0.0,1.0,1.0,0.0
2023-12-19,18:33:00.000000000,48.59,371.97,,,,0,0.0,0.0,0.0,0.0,0.0,0.0,0.0,0.0,0.0,1.0,1.0,0.0
2023-12-19,18:34:00.000000000,48.59,371.98,,,,0,0.0,0.0,0.0,0.0,0.0,0.0,0.0,0.0,0.0,1.0,1.0,0.0
2023-12-19,18:35:00.000000000,48.595,371.96,0.01276151396119477,43.848227266993995,1.657545693244085,0,0.0,0.0,0.0,0.0,0.0,0.0,0.0,0.0,0.0,1.0,1.0,0.0
2023-12-19,18:36:00.000000000,48.5965,371.96,,,,0,0.0,0.0,0.0,0.0,0.0,0.0,0.0,0.0,0.0,1.0,1.0,0.0
2023-12-19,18:37:00.000000000,48.58,371.77,,,,0,0.0,0.0,0.0,0.0,0.0,0.0,0.0,0.0,0.0,1.0,1.0,0.0
2023-12-19,18:38:00.000000000,48.59,371.883,0.012606145130147087,43.901988930565516,1.6411228834719962,0,0.0,0.0,0.0,0.0,0.0,0.0,0.0,0.0,0.0,1.0,1.0,0.0
2023-12-19,18:39:00.000000000,48.6,372.12,,,,0,0.0,0.0,0.0,0.0,0.0,0.0,0.0,0.0,0.0,1.0,1.0,0.0
2023-12-19,18:40:00.000000000,48.605,372.15,,,,0,0.0,0.0,0.0,0.0,0.0,0.0,0.0,0.0,0.0,1.0,1.0,0.0
2023-12-19,18:41:00.000000000,48.6038,372.125,0.012426626053460059,43.97954177985618,1.6393314792995974,0,0.0,0.0,0.0,0.0,0.0,0.0,0.0,0.0,0.0,1.0,1.0,0.0
2023-12-19,18:42:00.000000000,48.59,372.14,,,,0,0.0,0.0,0.0,0.0,0.0,0.0,0.0,0.0,0.0,1.0,1.0,0.0
2023-12-19,18:43:00.000000000,48.58,372.13,,,,0,0.0,0.0,0.0,0.0,0.0,0.0,0.0,0.0,0.0,1.0,1.0,0.0
2023-12-19,18:44:00.000000000,48.5712,372.18,0.012239432741391158,44.01592792230903,1.6156982963433337,0,0.0,0.0,0.0,0.0,0.0,0.0,0.0,0.0,0.0,1.0,1.0,0.0
2023-12-19,18:45:00.000000000,48.58,372.3,,,,0,0.0,0.0,0.0,0.0,0.0,0.0,0.0,0.0,0.0,1.0,1.0,0.0
2023-12-19,18:46:00.000000000,48.592,372.43,,,,0,0.0,0.0,0.0,0.0,0.0,0.0,0.0,0.0,0.0,1.0,1.0,0.0
2023-12-19,18:47:00.000000000,48.6,372.4174,0.012056850940063814,44.10981892071388,1.6246818897119697,0,0.0,0.0,0.0,0.0,0.0,0.0,0.0,0.0,0.0,1.0,1.0,0.0
2023-12-19,18:48:00.000000000,48.625,372.589,,,,0,0.0,0.0,0.0,0.0,0.0,0.0,0.0,0.0,0.0,1.0,1.0,0.0
2023-12-19,18:49:00.000000000,48.62,372.4799,,,,0,0.0,0.0,0.0,0.0,0.0,0.0,0.0,0.0,0.0,1.0,1.0,0.0
2023-12-19,18:50:00.000000000,48.615,372.38,0.01189106237990908,44.187006190969456,1.6251560803010598,0,0.0,0.0,0.0,0.0,0.0,0.0,0.0,0.0,0.0,1.0,1.0,0.0
2023-12-19,18:51:00.000000000,48.605,372.41,,,,0,0.0,0.0,0.0,0.0,0.0,0.0,0.0,0.0,0.0,1.0,1.0,0.0
2023-12-19,18:52:00.000000000,48.63,372.21,,,,0,0.0,0.0,0.0,0.0,0.0,0.0,0.0,0.0,0.0,1.0,1.0,0.0
2023-12-19,18:53:00.000000000,48.665,372.27,0.011761226853466814,44.286648079259905,1.637387743662517,0,0.0,0.0,0.0,0.0,0.0,0.0,0.0,0.0,0.0,1.0,1.0,0.0
2023-12-19,18:54:00.000000000,48.635,372.08,,,,0,0.0,0.0,0.0,0.0,0.0,0.0,0.0,0.0,0.0,1.0,1.0,0.0
2023-12-19,18:55:00.000000000,48.6278,372.03,,,,0,0.0,0.0,0.0,0.0,0.0,0.0,0.0,0.0,0.0,1.0,1.0,0.0
2023-12-19,18:56:00.000000000,48.6,371.84,0.011664269200589036,44.26275814045297,1.5816459128980855,0,0.0,0.0,0.0,0.0,0.0,0.0,0.0,0.0,0.0,1.0,1.0,0.0
2023-12-19,18:57:00.000000000,48.6,371.77,,,,0,0.0,0.0,0.0,0.0,0.0,0.0,0.0,0.0,0.0,1.0,1.0,0.0
2023-12-19,18:58:00.000000000,48.6,371.81,,,,0,0.0,0.0,0.0,0.0,0.0,0.0,0.0,0.0,0.0,1.0,1.0,0.0
2023-12-19,18:59:00.000000000,48.6,371.9537,0.011558380600568682,44.30081756961026,1.562442674523869,0,0.0,0.0,0.0,0.0,0.0,0.0,0.0,0.0,0.0,1.0,1.0,0.0
2023-12-19,19:00:00.000000000,48.605,372.005,,,,0,0.0,0.0,0.0,0.0,0.0,0.0,0.0,0.0,0.0,1.0,1.0,0.0
2023-12-19,19:01:00.000000000,48.595,372.02,,,,0,0.0,0.0,0.0,0.0,0.0,0.0,0.0,0.0,0.0,1.0,1.0,0.0
2023-12-19,19:02:00.000000000,48.6,372.0425,0.011443215508066281,44.34263749434025,1.5464497680645226,0,0.0,0.0,0.0,0.0,0.0,0.0,0.0,0.0,0.0,1.0,1.0,0.0
2023-12-19,19:03:00.000000000,48.59,371.97,,,,0,0.0,0.0,0.0,0.0,0.0,0.0,0.0,0.0,0.0,1.0,1.0,0.0
2023-12-19,19:04:00.000000000,48.58,371.97,,,,0,0.0,0.0,0.0,0.0,0.0,0.0,0.0,0.0,0.0,1.0,1.0,0.0
2023-12-19,19:05:00.000000000,48.575,371.8,0.011350060614564924,44.35504746350476,1.5152705994723346,0,0.0,0.0,0.0,0.0,0.0,0.0,0.0,0.0,0.0,1.0,1.0,0.0
2023-12-19,19:06:00.000000000,48.5801,371.87,,,,0,0.0,0.0,0.0,0.0,0.0,0.0,0.0,0.0,0.0,1.0,1.0,0.0
2023-12-19,19:07:00.000000000,48.595,371.98,,,,0,0.0,0.0,0.0,0.0,0.0,0.0,0.0,0.0,0.0,1.0,1.0,0.0
2023-12-19,19:08:00.000000000,48.59,372.01,0.011244144927414927,44.40706564555238,1.507466235826545,0,0.0,0.0,0.0,0.0,0.0,0.0,0.0,0.0,0.0,1.0,1.0,0.0
2023-12-19,19:09:00.000000000,48.5895,372.11,,,,0,0.0,0.0,0.0,0.0,0.0,0.0,0.0,0.0,0.0,1.0,1.0,0.0
2023-12-19,19:10:00.000000000,48.595,372.13,,,,0,0.0,0.0,0.0,0.0,0.0,0.0,0.0,0.0,0.0,1.0,1.0,0.0
2023-12-19,19:11:00.000000000,48.585,372.07,0.011126550745087947,44.44514426427513,1.4923473868383308,0,0.0,0.0,0.0,0.0,0.0,0.0,0.0,0.0,0.0,1.0,1.0,0.0
2023-12-19,19:12:00.000000000,48.57,371.9443,,,,0,0.0,0.0,0.0,0.0,0.0,0.0,0.0,0.0,0.0,1.0,1.0,0.0
2023-12-19,19:13:00.000000000,48.57,372.0266,,,,0,0.0,0.0,0.0,0.0,0.0,0.0,0.0,0.0,0.0,1.0,1.0,0.0
2023-12-19,19:14:00.000000000,48.55,371.925,0.011023579469288582,44.450055205884844,1.4599711204149404,0,0.0,0.0,0.0,0.0,0.0,0.0,0.0,0.0,0.0,1.0,1.0,0.0
2023-12-19,19:15:00.000000000,48.535,372.105,,,,0,0.0,0.0,0.0,0.0,0.0,0.0,0.0,0.0,0.0,1.0,1.0,0.0
2023-12-19,19:16:00.000000000,48.55,372.295,,,,0,0.0,0.0,0.0,0.0,0.0,0.0,0.0,0.0,0.0,1.0,1.0,0.0
2023-12-19,19:17:00.000000000,48.5675,372.385,0.010852683759084499,44.52612335837332,1.4684277253856144,0,0.0,0.0,0.0,0.0,0.0,0.0,0.0,0.0,0.0,1.0,1.0,0.0
2023-12-19,19:18:00.000000000,48.56,372.3009,,,,0,0.0,0.0,0.0,0.0,0.0,0.0,0.0,0.0,0.0,1.0,1.0,0.0
2023-12-19,19:19:00.000000000,48.551,372.2,,,,0,0.0,0.0,0.0,0.0,0.0,0.0,0.0,0.0,0.0,1.0,1.0,0.0
2023-12-19,19:20:00.000000000,48.55,372.2202,0.010712419685864493,44.56262100204358,1.4554631444624735,0,0.0,0.0,0.0,0.0,0.0,0.0,0.0,0.0,0.0,1.0,1.0,0.0
2023-12-19,19:21:00.000000000,48.53,372.14,,,,0,0.0,0.0,0.0,0.0,0.0,0.0,0.0,0.0,0.0,1.0,1.0,0.0
2023-12-19,19:22:00.000000000,48.51,372.04,,,,0,0.0,0.0,0.0,0.0,0.0,0.0,0.0,0.0,0.0,1.0,1.0,0.0
2023-12-19,19:23:00.000000000,48.51,372.1,0.010576157608947949,44.574611753710464,1.4303949363746233,0,0.0,0.0,0.0,0.0,0.0,0.0,0.0,0.0,0.0,1.0,1.0,0.0
2023-12-19,19:24:00.000000000,48.56,372.15,,,,0,0.0,0.0,0.0,0.0,0.0,0.0,0.0,0.0,0.0,1.0,1.0,0.0
2023-12-19,19:25:00.000000000,48.53,372.15,,,,0,0.0,0.0,0.0,0.0,0.0,0.0,0.0,0.0,0.0,1.0,1.0,0.0
2023-12-19,19:26:00.000000000,48.51,372.175,0.010421022040095802,44.631556122227344,1.4321502882755681,0,0.0,0.0,0.0,0.0,0.0,0.0,0.0,0.0,0.0,1.0,1.0,0.0
2023-12-19,19:27:00.000000000,48.5175,372.16,,,,0,0.0,0.0,0.0,0.0,0.0,0.0,0.0,0.0,0.0,1.0,1.0,0.0
2023-12-19,19:28:00.000000000,48.5156,372.185,,,,0,0.0,0.0,0.0,0.0,0.0,0.0,0.0,0.0,0.0,1.0,1.0,0.0
2023-12-19,19:29:00.000000000,48.54,372.24,0.010259088313985806,44.72115696600192,1.4531840020536408,0,0.0,0.0,0.0,0.0,0.0,0.0,0.0,0.0,0.0,1.0,1.0,0.0
2023-12-19,19:30:00.000000000,48.54,372.22,,,,0,0.0,0.0,0.0,0.0,0.0,0.0,0.0,0.0,0.0,1.0,1.0,0.0
2023-12-19,19:31:00.000000000,48.54,372.36,,,,0,0.0,0.0,0.0,0.0,0.0,0.0,0.0,0.0,0.0,1.0,1.0,0.0
2023-12-19,19:32:00.000000000,48.55,372.17,0.010108421758747195,44.78794867404705,1.4614227310909904,0,0.0,0.0,0.0,0.0,0.0,0.0,0.0,0.0,0.0,1.0,1.0,0.0
2023-12-19,19:33:00.000000000,48.535,372.12,,,,0,0.0,0.0,0.0,0.0,0.0,0.0,0.0,0.0,0.0,1.0,1.0,0.0
2023-12-19,19:34:00.000000000,48.54,372.16,,,,0,0.0,0.0,0.0,0.0,0.0,0.0,0.0,0.0,0.0,1.0,1.0,0.0
2023-12-19,19:35:00.000000000,48.515,372.165,0.009945678698413132,44.81356648720508,1.4464111112362703,0,0.0,0.0,0.0,0.0,0.0,0.0,0.0,0.0,0.0,1.0,1.0,0.0
2023-12-19,19:36:00.000000000,48.51,372.17,,,,0,0.0,0.0,0.0,0.0,0.0,0.0,0.0,0.0,0.0,1.0,1.0,0.0
2023-12-19,19:37:00.000000000,48.4999,372.15,,,,0,0.0,0.0,0.0,0.0,0.0,0.0,0.0,0.0,0.0,1.0,1.0,0.0
2023-12-19,19:38:00.000000000,48.48,372.1181,0.009775920723029937,44.84220295479547,1.4345002040301096,0,0.0,0.0,0.0,0.0,0.0,0.0,0.0,0.0,0.0,1.0,1.0,0.0
2023-12-19,19:39:00.000000000,48.48,372.06,,,,0,0.0,0.0,0.0,0.0,0.0,0.0,0.0,0.0,0.0,1.0,1.0,0.0
2023-12-19,19:40:00.000000000,48.45,371.91,,,,0,0.0,0.0,0.0,0.0,0.0,0.0,0.0,0.0,0.0,1.0,1.0,0.0
2023-12-19,19:41:00.000000000,48.445,371.86,0.009617063335924329,44.86879882790318,1.4229427081273323,0,0.0,0.0,0.0,0.0,0.0,0.0,0.0,0.0,0.0,1.0,1.0,0.0
2023-12-19,19:42:00.000000000,48.4475,371.925,,,,0,0.0,0.0,0.0,0.0,0.0,0.0,0.0,0.0,0.0,1.0,1.0,0.0
2023-12-19,19:43:00.000000000,48.44,371.91,,,,0,0.0,0.0,0.0,0.0,0.0,0.0,0.0,0.0,0.0,1.0,1.0,0.0
2023-12-19,19:44:00.000000000,48.425,371.945,0.009459757515197417,44.90649049100989,1.4183987279760706,0,0.0,0.0,0.0,0.0,0.0,0.0,0.0,0.0,0.0,1.0,1.0,0.0
2023-12-19,19:45:00.000000000,48.42,371.97,,,,0,0.0,0.0,0.0,0.0,0.0,0.0,0.0,0.0,0.0,1.0,1.0,0.0
2023-12-19,19:46:00.000000000,48.4275,371.9,,,,0,0.0,0.0,0.0,0.0,0.0,0.0,0.0,0.0,0.0,1.0,1.0,0.0
2023-12-19,19:47:00.000000000,48.44,371.91,0.009318473378622759,44.974366565756405,1.4316702996804274,0,0.0,0.0,0.0,0.0,0.0,0.0,0.0,0.0,0.0,1.0,1.0,0.0
2023-12-19,19:48:00.000000000,48.445,371.93,,,,0,0.0,0.0,0.0,0.0,0.0,0.0,0.0,0.0,0.0,1.0,1.0,0.0
2023-12-19,19:49:00.000000000,48.435,371.85,,,,0,0.0,0.0,0.0,0.0,0.0,0.0,0.0,0.0,0.0,1.0,1.0,0.0
2023-12-19,19:50:00.000000000,48.435,371.8676,0.009183374172523791,45.020000686561595,1.431770125227937,0,0.0,0.0,0.0,0.0,0.0,0.0,0.0,0.0,0.0,1.0,1.0,0.0
2023-12-19,19:51:00.000000000,48.425,371.882,,,,0,0.0,0.0,0.0,0.0,0.0,0.0,0.0,0.0,0.0,1.0,1.0,0.0
2023-12-19,19:52:00.000000000,48.425,371.97,,,,0,0.0,0.0,0.0,0.0,0.0,0.0,0.0,0.0,0.0,1.0,1.0,0.0
2023-12-19,19:53:00.000000000,48.441,371.97,0.009041652331137478,45.0777765823868,1.4399804743068902,0,0.0,0.0,0.0,0.0,0.0,0.0,0.0,0.0,0.0,1.0,1.0,0.0
2023-12-19,19:54:00.000000000,48.43,372.0,,,,0,0.0,0.0,0.0,0.0,0.0,0.0,0.0,0.0,0.0,1.0,1.0,0.0
2023-12-19,19:55:00.000000000,48.44,372.04,,,,0,0.0,0.0,0.0,0.0,0.0,0.0,0.0,0.0,0.0,1.0,1.0,0.0
2023-12-19,19:56:00.000000000,48.445,372.05,0.008889268747014546,45.13774756267324,1.4513840572873744,0,0.0,0.0,0.0,0.0,0.0,0.0,0.0,0.0,0.0,1.0,1.0,0.0
2023-12-19,19:57:00.000000000,48.425,372.05,,,,0,0.0,0.0,0.0,0.0,0.0,0.0,0.0,0.0,0.0,1.0,1.0,0.0
2023-12-19,19:58:00.000000000,48.405,372.05,,,,0,0.0,0.0,0.0,0.0,0.0,0.0,0.0,0.0,0.0,1.0,1.0,0.0
2023-12-19,19:59:00.000000000,48.4,372.001,0.00873122607421971,45.15197516916419,1.4338016873181847,1,0.0,0.0,0.0,0.0,0.0,0.0,0.0,0.0,0.0,1.0,1.0,0.0
2023-12-19,20:00:00.000000000,48.39,372.03,,,,0,0.0,0.0,0.0,0.0,0.0,0.0,0.0,0.0,0.0,1.0,1.0,0.0
2023-12-19,20:01:00.000000000,48.43,371.97,,,,0,0.0,0.0,0.0,0.0,0.0,0.0,0.0,0.0,0.0,1.0,1.0,0.0
2023-12-19,20:02:00.000000000,48.4,371.9468,0.008588166067806952,45.20565911321062,1.4409056408698624,0,0.0,0.0,0.0,0.0,0.0,0.0,0.0,0.0,0.0,1.0,1.0,0.0
2023-12-19,20:03:00.000000000,48.405,371.83,,,,0,0.0,0.0,0.0,0.0,0.0,0.0,0.0,0.0,0.0,1.0,1.0,0.0
2023-12-19,20:04:00.000000000,48.41,371.82,,,,0,0.0,0.0,0.0,0.0,0.0,0.0,0.0,0.0,0.0,1.0,1.0,0.0
2023-12-19,20:05:00.000000000,48.405,371.8081,0.008466917834556704,45.25693136707736,1.4462479738349991,0,0.0,0.0,0.0,0.0,0.0,0.0,0.0,0.0,0.0,1.0,1.0,0.0
2023-12-19,20:06:00.000000000,48.42,371.79,,,,0,0.0,0.0,0.0,0.0,0.0,0.0,0.0,0.0,0.0,1.0,1.0,0.0
2023-12-19,20:07:00.000000000,48.4,371.71,,,,0,0.0,0.0,0.0,0.0,0.0,0.0,0.0,0.0,0.0,1.0,1.0,0.0
2023-12-19,20:08:00.000000000,48.39,371.57,0.008378124481738638,45.276940286320375,1.4319396776940736,0,0.0,0.0,0.0,0.0,0.0,0.0,0.0,0.0,0.0,1.0,1.0,0.0
2023-12-19,20:09:00.000000000,48.4,371.6557,,,,0,0.0,0.0,0.0,0.0,0.0,0.0,0.0,0.0,0.0,1.0,1.0,0.0
2023-12-19,20:10:00.000000000,48.405,371.725,,,,0,0.0,0.0,0.0,0.0,0.0,0.0,0.0,0.0,0.0,1.0,1.0,0.0
2023-12-19,20:11:00.000000000,48.44,371.87,0.008254282895831303,45.37047981952721,1.4669409546441832,0,0.0,0.0,0.0,0.0,0.0,0.0,0.0,0.0,0.0,1.0,1.0,0.0
2023-12-19,20:12:00.000000000,48.45,371.8,,,,0,0.0,0.0,0.0,0.0,0.0,0.0,0.0,0.0,0.0,1.0,1.0,0.0
2023-12-19,20:13:00.000000000,48.45,371.8901,,,,0,0.0,0.0,0.0,0.0,0.0,0.0,0.0,0.0,0.0,1.0,1.0,0.0
2023-12-19,20:14:00.000000000,48.465,371.8501,0.00813419758328404,45.44029781523607,1.4868320460642372,0,0.0,0.0,0.0,0.0,0.0,0.0,0.0,0.0,0.0,1.0,1.0,0.0
2023-12-19,20:15:00.000000000,48.465,371.87,,,,0,0.0,0.0,0.0,0.0,0.0,0.0,0.0,0.0,0.0,1.0,1.0,0.0
2023-12-19,20:16:00.000000000,48.4788,371.9999,,,,0,0.0,0.0,0.0,0.0,0.0,0.0,0.0,0.0,0.0,1.0,1.0,0.0
2023-12-19,20:17:00.000000000,48.47,371.9199,0.00800905288101061,45.49127385339982,1.4943074697915315,0,0.0,0.0,0.0,0.0,0.0,0.0,0.0,0.0,0.0,1.0,1.0,0.0
2023-12-19,20:18:00.000000000,48.48,371.94,,,,0,0.0,0.0,0.0,0.0,0.0,0.0,0.0,0.0,0.0,1.0,1.0,0.0
2023-12-19,20:19:00.000000000,48.475,371.92,,,,0,0.0,0.0,0.0,0.0,0.0,0.0,0.0,0.0,0.0,1.0,1.0,0.0
2023-12-19,20:20:00.000000000,48.485,371.97,0.007874012735605026,45.556103482737,1.5104002582047187,0,0.0,0.0,0.0,0.0,0.0,0.0,0.0,0.0,0.0,1.0,1.0,0.0
2023-12-19,20:21:00.000000000,48.5,371.95,,,,0,0.0,0.0,0.0,0.0,0.0,0.0,0.0,0.0,0.0,1.0,1.0,0.0
2023-12-19,20:22:00.000000000,48.495,371.8039,,,,0,0.0,0.0,0.0,0.0,0.0,0.0,0.0,0.0,0.0,1.0,1.0,0.0
2023-12-19,20:23:00.000000000,48.465,371.8795,0.007742879509020531,45.585581839625206,1.502536028609202,0,0.0,0.0,0.0,0.0,0.0,0.0,0.0,0.0,0.0,1.0,1.0,0.0
2023-12-19,20:24:00.000000000,48.465,371.9802,,,,0,0.0,0.0,0.0,0.0,0.0,0.0,0.0,0.0,0.0,1.0,1.0,0.0
2023-12-19,20:25:00.000000000,48.455,371.96,,,,0,0.0,0.0,0.0,0.0,0.0,0.0,0.0,0.0,0.0,1.0,1.0,0.0
2023-12-19,20:26:00.000000000,48.455,371.938,0.007611729661388285,45.62390849320256,1.50283854566997,0,0.0,0.0,0.0,0.0,0.0,0.0,0.0,0.0,0.0,1.0,1.0,0.0
2023-12-19,20:27:00.000000000,48.4452,371.875,,,,0,0.0,0.0,0.0,0.0,0.0,0.0,0.0,0.0,0.0,1.0,1.0,0.0
2023-12-19,20:28:00.000000000,48.435,371.9635,,,,0,0.0,0.0,0.0,0.0,0.0,0.0,0.0,0.0,0.0,1.0,1.0,0.0
2023-12-19,20:29:00.000000000,48.465,372.0,0.007470766412582692,45.685874894519245,1.5200430323690188,0,0.0,0.0,0.0,0.0,0.0,0.0,0.0,0.0,0.0,1.0,1.0,0.0
2023-12-19,20:30:00.000000000,48.47,372.1765,,,,0,0.0,0.0,0.0,0.0,0.0,0.0,0.0,0.0,0.0,1.0,1.0,0.0
2023-12-19,20:31:00.000000000,48.455,372.1619,,,,0,0.0,0.0,0.0,0.0,0.0,0.0,0.0,0.0,0.0,1.0,1.0,0.0
2023-12-19,20:32:00.000000000,48.46,372.15,0.007322622635637813,45.73488598614739,1.5280475131026634,0,0.0,0.0,0.0,0.0,0.0,0.0,0.0,0.0,0.0,1.0,1.0,0.0
2023-12-19,20:33:00.000000000,48.48,372.169,,,,0,0.0,0.0,0.0,0.0,0.0,0.0,0.0,0.0,0.0,1.0,1.0,0.0
2023-12-19,20:34:00.000000000,48.4775,372.18,,,,0,0.0,0.0,0.0,0.0,0.0,0.0,0.0,0.0,0.0,1.0,1.0,0.0
2023-12-19,20:35:00.000000000,48.465,372.27,0.007169367106838574,45.79605970713721,1.5442688476483477,0,0.0,0.0,0.0,0.0,0.0,0.0,0.0,0.0,0.0,1.0,1.0,0.0
2023-12-19,20:36:00.000000000,48.445,372.35,,,,0,0.0,0.0,0.0,0.0,0.0,0.0,0.0,0.0,0.0,1.0,1.0,0.0
2023-12-19,20:37:00.000000000,48.45,372.32,,,,0,0.0,0.0,0.0,0.0,0.0,0.0,0.0,0.0,0.0,1.0,1.0,0.0
2023-12-19,20:38:00.000000000,48.435,372.3,0.007005868033610836,45.82671533108669,1.5387057327208824,0,0.0,0.0,0.0,0.0,0.0,0.0,0.0,0.0,0.0,1.0,1.0,0.0
2023-12-19,20:39:00.000000000,48.435,372.35,,,,0,0.0,0.0,0.0,0.0,0.0,0.0,0.0,0.0,0.0,1.0,1.0,0.0
2023-12-19,20:40:00.000000000,48.46,372.41,,,,0,0.0,0.0,0.0,0.0,0.0,0.0,0.0,0.0,0.0,1.0,1.0,0.0
2023-12-19,20:41:00.000000000,48.495,372.3959,0.006842495936174043,45.946882567602124,1.5990400300708563,0,0.0,0.0,0.0,0.0,0.0,0.0,0.0,0.0,0.0,1.0,1.0,0.0
2023-12-19,20:42:00.000000000,48.5,372.4,,,,0,0.0,0.0,0.0,0.0,0.0,0.0,0.0,0.0,0.0,1.0,1.0,0.0
2023-12-19,20:43:00.000000000,48.505,372.415,,,,0,0.0,0.0,0.0,0.0,0.0,0.0,0.0,0.0,0.0,1.0,1.0,0.0
2023-12-19,20:44:00.000000000,48.505,372.37,0.006687322613011708,46.01484167859283,1.6203160011846267,0,0.0,0.0,0.0,0.0,0.0,0.0,0.0,0.0,0.0,1.0,1.0,0.0
2023-12-19,20:45:00.000000000,48.505,372.41,,,,0,0.0,0.0,0.0,0.0,0.0,0.0,0.0,0.0,0.0,1.0,1.0,0.0
2023-12-19,20:46:00.000000000,48.5,372.18,,,,0,0.0,0.0,0.0,0.0,0.0,0.0,0.0,0.0,0.0,1.0,1.0,0.0
2023-12-19,20:47:00.000000000,48.49,372.0,0.006588543420582345,46.03906184754337,1.6095464995707671,0,0.0,0.0,0.0,0.0,0.0,0.0,0.0,0.0,0.0,1.0,1.0,0.0
2023-12-19,20:48:00.000000000,48.52,372.12,,,,0,0.0,0.0,0.0,0.0,0.0,0.0,0.0,0.0,0.0,1.0,1.0,0.0
2023-12-19,20:49:00.000000000,48.505,372.11,,,,0,0.0,0.0,0.0,0.0,0.0,0.0,0.0,0.0,0.0,1.0,1.0,0.0
2023-12-19,20:50:00.000000000,48.535,372.48,0.006454448831736905,46.13084689915463,1.6491736841905014,0,0.0,0.0,0.0,0.0,0.0,0.0,0.0,0.0,0.0,1.0,1.0,0.0
2023-12-19,20:51:00.000000000,48.555,372.74,,,,0,0.0,0.0,0.0,0.0,0.0,0.0,0.0,0.0,0.0,1.0,1.0,0.0
2023-12-19,20:52:00.000000000,48.54,372.7528,,,,0,0.0,0.0,0.0,0.0,0.0,0.0,0.0,0.0,0.0,1.0,1.0,0.0
2023-12-19,20:53:00.000000000,48.535,372.8,0.006246123220308956,46.206445263468815,1.6748862197514012,0,0.0,0.0,0.0,0.0,0.0,0.0,0.0,0.0,0.0,1.0,1.0,0.0
2023-12-19,20:54:00.000000000,48.55,372.71,,,,0,0.0,0.0,0.0,0.0,0.0,0.0,0.0,0.0,0.0,1.0,1.0,0.0
2023-12-19,20:55:00.000000000,48.555,372.92,,,,0,0.0,0.0,0.0,0.0,0.0,0.0,0.0,0.0,0.0,1.0,1.0,0.0
2023-12-19,20:56:00.000000000,48.565,372.81,0.006056378509383679,46.30712152791667,1.7175465855179965,0,0.0,0.0,0.0,0.0,0.0,0.0,0.0,0.0,0.0,1.0,1.0,0.0
2023-12-19,20:57:00.000000000,48.57,372.905,,,,0,0.0,0.0,0.0,0.0,0.0,0.0,0.0,0.0,0.0,1.0,1.0,0.0
2023-12-19,20:58:00.000000000,48.565,373.015,,,,0,0.0,0.0,0.0,0.0,0.0,0.0,0.0,0.0,0.0,1.0,1.0,0.0
2023-12-19,20:59:00.000000000,48.57,373.21,0.0058257666397898865,46.39576563236402,1.7482438980369748,1,0.0,0.0,0.0,0.0,0.0,0.0,0.0,0.0,0.0,1.0,1.0,0.0
2023-12-20,14:29:00.000000000,48.49,375.0,0.005332065186771393,46.49047555496073,1.7814225909925079,0,0.0,0.0,0.0,0.0,0.0,0.0,0.0,0.0,0.0,1.0,1.0,0.0
2023-12-20,14:30:00.000000000,48.525,374.08,,,,0,0.0,0.0,0.0,0.0,0.0,0.0,0.0,0.0,0.0,1.0,1.0,0.0
2023-12-20,14:31:00.000000000,48.68,373.96,,,,0,0.0,0.0,0.0,0.0,0.0,0.0,0.0,0.0,0.0,1.0,1.0,0.0
2023-12-20,14:32:00.000000000,48.725,374.02,0.005099349895060828,46.817741152249354,1.9895205699890444,0,0.0,0.0,0.0,0.0,0.0,0.0,0.0,0.0,0.0,1.0,1.0,0.0
2023-12-20,14:33:00.000000000,48.63,372.88,,,,0,0.0,0.0,0.0,0.0,0.0,0.0,0.0,0.0,0.0,1.0,1.0,0.0
2023-12-20,14:34:00.000000000,48.72,373.1999,,,,0,0.0,0.0,0.0,0.0,0.0,0.0,0.0,0.0,0.0,1.0,1.0,0.0
2023-12-20,14:35:00.000000000,48.73,373.52,0.004929655300190577,46.88867515227281,1.9905622535934375,0,0.0,0.0,0.0,0.0,0.0,0.0,0.0,0.0,0.0,1.0,1.0,0.0
2023-12-20,14:36:00.000000000,48.8,373.215,,,,0,0.0,0.0,0.0,0.0,0.0,0.0,0.0,0.0,0.0,1.0,1.0,0.0
2023-12-20,14:37:00.000000000,48.75,373.38,,,,0,0.0,0.0,0.0,0.0,0.0,0.0,0.0,0.0,0.0,1.0,1.0,0.0
2023-12-20,14:38:00.000000000,48.785,373.3686,0.004819749193790656,46.985456991163254,2.009676524377112,0,0.0,0.0,0.0,0.0,0.0,0.0,0.0,0.0,0.0,1.0,1.0,0.0
2023-12-20,14:39:00.000000000,48.775,373.53,,,,0,0.0,0.0,0.0,0.0,0.0,0.0,0.0,0.0,0.0,1.0,1.0,0.0
2023-12-20,14:40:00.000000000,48.795,373.55,,,,0,0.0,0.0,0.0,0.0,0.0,0.0,0.0,0.0,0.0,1.0,1.0,0.0
2023-12-20,14:41:00.000000000,48.8,373.95,0.00468037908022894,47.049772242948386,2.0021104717739644,0,0.0,0.0,0.0,0.0,0.0,0.0,0.0,0.0,0.0,1.0,1.0,0.0
2023-12-20,14:42:00.000000000,48.845,373.3519,,,,0,0.0,0.0,0.0,0.0,0.0,0.0,0.0,0.0,0.0,1.0,1.0,0.0
2023-12-20,14:43:00.000000000,48.83,373.21,,,,0,0.0,0.0,0.0,0.0,0.0,0.0,0.0,0.0,0.0,1.0,1.0,0.0
2023-12-20,14:44:00.000000000,48.86,373.33,0.004624454428217824,47.133552428313436,2.0096688517026915,0,0.0,0.0,0.0,0.0,0.0,0.0,0.0,0.0,0.0,1.0,1.0,0.0
2023-12-20,14:45:00.000000000,48.77,373.35,,,,0,0.0,0.0,0.0,0.0,0.0,0.0,0.0,0.0,0.0,1.0,1.0,0.0
2023-12-20,14:46:00.000000000,48.815,373.34,,,,0,0.0,0.0,0.0,0.0,0.0,0.0,0.0,0.0,0.0,1.0,1.0,0.0
2023-12-20,14:47:00.000000000,48.84,373.29,0.004543062291600567,47.144120277168426,1.960745540716696,0,0.0,0.0,0.0,0.0,0.0,0.0,0.0,0.0,0.0,1.0,1.0,0.0
2023-12-20,14:48:00.000000000,48.84,373.85,,,,0,0.0,0.0,0.0,0.0,0.0,0.0,0.0,0.0,0.0,1.0,1.0,0.0
2023-12-20,14:49:00.000000000,48.87,373.6141,,,,0,0.0,0.0,0.0,0.0,0.0,0.0,0.0,0.0,0.0,1.0,1.0,0.0
2023-12-20,14:50:00.000000000,48.84,373.8376,0.0044214489504809384,47.18709613582969,1.9377097221572879,0,0.0,0.0,0.0,0.0,0.0,0.0,0.0,0.0,0.0,1.0,1.0,0.0
2023-12-20,14:51:00.000000000,48.8,373.84,,,,0,0.0,0.0,0.0,0.0,0.0,0.0,0.0,0.0,0.0,1.0,1.0,0.0
2023-12-20,14:52:00.000000000,48.76,373.9196,,,,0,0.0,0.0,0.0,0.0,0.0,0.0,0.0,0.0,0.0,1.0,1.0,0.0
2023-12-20,14:53:00.000000000,48.74,373.9999,0.0042151876675517305,47.16352023385442,1.8664476520513367,0,0.0,0.0,0.0,0.0,0.0,0.0,0.0,0.0,0.0,1.0,1.0,0.0
2023-12-20,14:54:00.000000000,48.675,373.925,,,,0,0.0,0.0,0.0,0.0,0.0,0.0,0.0,0.0,0.0,1.0,1.0,0.0
2023-12-20,14:55:00.000000000,48.66,373.965,,,,0,0.0,0.0,0.0,0.0,0.0,0.0,0.0,0.0,0.0,1.0,1.0,0.0
2023-12-20,14:56:00.000000000,48.68,374.055,0.003973945907720887,47.19352566348746,1.8386199629551727,0,0.0,0.0,0.0,0.0,0.0,0.0,0.0,0.0,0.0,1.0,1.0,0.0
2023-12-20,14:57:00.000000000,48.63,374.4291,,,,0,0.0,0.0,0.0,0.0,0.0,0.0,0.0,0.0,0.0,1.0,1.0,0.0
2023-12-20,14:58:00.000000000,48.63,374.19,,,,0,0.0,0.0,0.0,0.0,0.0,0.0,0.0,0.0,0.0,1.0,1.0,0.0
2023-12-20,14:59:00.000000000,48.63,374.3701,0.0036866190214132973,47.249840068291604,1.8315065438685276,0,0.0,0.0,0.0,0.0,0.0,0.0,0.0,0.0,0.0,1.0,1.0,0.0
2023-12-20,15:00:00.000000000,48.66,374.4,,,,0,0.0,0.0,0.0,0.0,0.0,0.0,0.0,0.0,0.0,1.0,1.0,0.0
2023-12-20,15:01:00.000000000,48.62,374.47,,,,0,0.0,0.0,0.0,0.0,0.0,0.0,0.0,0.0,0.0,1.0,1.0,0.0
2023-12-20,15:02:00.000000000,48.5418,374.32,0.0033195555307575443,47.29922397372684,1.819712792729255,0,0.0,0.0,0.0,0.0,0.0,0.0,0.0,0.0,0.0,1.0,1.0,0.0
2023-12-20,15:03:00.000000000,48.49,374.6299,,,,0,0.0,0.0,0.0,0.0,0.0,0.0,0.0,0.0,0.0,1.0,1.0,0.0
2023-12-20,15:04:00.000000000,48.54,374.8699,,,,0,0.0,0.0,0.0,0.0,0.0,0.0,0.0,0.0,0.0,1.0,1.0,0.0
2023-12-20,15:05:00.000000000,48.47,374.76,0.002866512376996145,47.395745821596925,1.8426218807936863,0,0.0,0.0,0.0,0.0,0.0,0.0,0.0,0.0,0.0,1.0,1.0,0.0
2023-12-20,15:06:00.000000000,48.465,374.9103,,,,0,0.0,0.0,0.0,0.0,0.0,0.0,0.0,0.0,0.0,1.0,1.0,0.0
2023-12-20,15:07:00.000000000,48.44,374.77,,,,0,0.0,0.0,0.0,0.0,0.0,0.0,0.0,0.0,0.0,1.0,1.0,0.0
2023-12-20,15:08:00.000000000,48.51,374.5401,0.002460208264580562,47.58855335056317,1.9324336671548594,0,0.0,0.0,0.0,0.0,0.0,0.0,0.0,0.0,0.0,1.0,1.0,0.0
2023-12-20,15:09:00.000000000,48.53,374.49,,,,0,0.0,0.0,0.0,0.0,0.0,0.0,0.0,0.0,0.0,1.0,1.0,0.0
2023-12-20,15:10:00.000000000,48.515,374.535,,,,0,0.0,0.0,0.0,0.0,0.0,0.0,0.0,0.0,0.0,1.0,1.0,0.0
2023-12-20,15:11:00.000000000,48.485,374.48,0.002035431188910973,47.72277172837662,1.9733579195089788,0,0.0,0.0,0.0,0.0,0.0,0.0,0.0,0.0,0.0,1.0,1.0,0.0
2023-12-20,15:12:00.000000000,48.48,374.26,,,,0,0.0,0.0,0.0,0.0,0.0,0.0,0.0,0.0,0.0,1.0,1.0,0.0
2023-12-20,15:13:00.000000000,48.52,374.1179,,,,0,0.0,0.0,0.0,0.0,0.0,0.0,0.0,0.0,0.0,1.0,1.0,0.0
2023-12-20,15:14:00.000000000,48.535,374.33,0.0016611542426036576,47.91318013236617,2.0507524077520722,0,0.0,0.0,0.0,0.0,0.0,0.0,0.0,0.0,0.0,1.0,1.0,0.0
2023-12-20,15:15:00.000000000,48.56,374.6099,,,,0,0.0,0.0,0.0,0.0,0.0,0.0,0.0,0.0,0.0,1.0,1.0,0.0
2023-12-20,15:16:00.000000000,48.58,374.62,,,,0,0.0,0.0,0.0,0.0,0.0,0.0,0.0,0.0,0.0,1.0,1.0,0.0
2023-12-20,15:17:00.000000000,48.57,374.674,0.0013148537486553445,48.07735848657631,2.101651569357879,0,0.0,0.0,0.0,0.0,0.0,0.0,0.0,0.0,0.0,1.0,1.0,0.0
2023-12-20,15:18:00.000000000,48.545,374.98,,,,0,0.0,0.0,0.0,0.0,0.0,0.0,0.0,0.0,0.0,1.0,1.0,0.0
2023-12-20,15:19:00.000000000,48.6,375.0199,,,,0,0.0,0.0,0.0,0.0,0.0,0.0,0.0,0.0,0.0,1.0,1.0,0.0
2023-12-20,15:20:00.000000000,48.6,374.8399,0.0009646888746881532,48.23839611868078,2.1441660616108433,0,0.0,0.0,0.0,0.0,0.0,0.0,0.0,0.0,0.0,1.0,1.0,0.0
2023-12-20,15:21:00.000000000,48.6117,374.94,,,,0,0.0,0.0,0.0,0.0,0.0,0.0,0.0,0.0,0.0,1.0,1.0,0.0
2023-12-20,15:22:00.000000000,48.625,374.91,,,,0,0.0,0.0,0.0,0.0,0.0,0.0,0.0,0.0,0.0,1.0,1.0,0.0
2023-12-20,15:23:00.000000000,48.645,374.94,0.0006386210135375816,48.40555543718422,2.184473375732399,0,0.0,0.0,0.0,0.0,0.0,0.0,0.0,0.0,0.0,1.0,1.0,0.0
2023-12-20,15:24:00.000000000,48.67,374.885,,,,0,0.0,0.0,0.0,0.0,0.0,0.0,0.0,0.0,0.0,1.0,1.0,0.0
2023-12-20,15:25:00.000000000,48.665,375.0,,,,0,0.0,0.0,0.0,0.0,0.0,0.0,0.0,0.0,0.0,1.0,1.0,0.0
2023-12-20,15:26:00.000000000,48.68,374.8242,0.0003517037362362712,48.54817292842823,2.202424180182166,0,0.0,0.0,0.0,0.0,0.0,0.0,0.0,0.0,0.0,1.0,1.0,0.0
2023-12-20,15:27:00.000000000,48.68,374.9699,,,,0,0.0,0.0,0.0,0.0,0.0,0.0,0.0,0.0,0.0,1.0,1.0,0.0
2023-12-20,15:28:00.000000000,48.71,374.88,,,,0,0.0,0.0,0.0,0.0,0.0,0.0,0.0,0.0,0.0,1.0,1.0,0.0
2023-12-20,15:29:00.000000000,48.74,375.08,0.00010180585177018244,48.70181466111804,2.2252756881645808,0,0.0,0.0,0.0,0.0,0.0,0.0,0.0,0.0,0.0,1.0,1.0,0.0
2023-12-20,15:30:00.000000000,48.73,375.144,,,,0,0.0,0.0,0.0,0.0,0.0,0.0,0.0,0.0,0.0,1.0,1.0,0.0
2023-12-20,15:31:00.000000000,48.785,375.2655,,,,0,0.0,0.0,0.0,0.0,0.0,0.0,0.0,0.0,0.0,1.0,1.0,0.0
2023-12-20,15:32:00.000000000,48.775,375.1228,-0.0001121567848022706,48.81707256715402,2.218504482662437,0,0.0,0.0,0.0,0.0,0.0,0.0,0.0,0.0,0.0,1.0,1.0,0.0
2023-12-20,15:33:00.000000000,48.76,374.93,,,,0,0.0,0.0,0.0,0.0,0.0,0.0,0.0,0.0,0.0,1.0,1.0,0.0
2023-12-20,15:34:00.000000000,48.71,375.045,,,,0,0.0,0.0,0.0,0.0,0.0,0.0,0.0,0.0,0.0,1.0,1.0,0.0
2023-12-20,15:35:00.000000000,48.71,375.05,-0.0003740033671283634,48.850269962841494,2.159146804545316,0,0.0,0.0,0.0,0.0,0.0,0.0,0.0,0.0,0.0,1.0,1.0,0.0
2023-12-20,15:36:00.000000000,48.73,374.975,,,,0,0.0,0.0,0.0,0.0,0.0,0.0,0.0,0.0,0.0,1.0,1.0,0.0
2023-12-20,15:37:00.000000000,48.8001,374.98,,,,0,0.0,0.0,0.0,0.0,0.0,0.0,0.0,0.0,0.0,1.0,1.0,0.0
2023-12-20,15:38:00.000000000,48.7851,374.865,-0.0005650187636256463,48.99690575882653,2.1742353522612654,0,0.0,0.0,0.0,0.0,0.0,0.0,0.0,0.0,0.0,1.0,1.0,0.0
2023-12-20,15:39:00.000000000,48.8,375.02,,,,0,0.0,0.0,0.0,0.0,0.0,0.0,0.0,0.0,0.0,1.0,1.0,0.0
2023-12-20,15:40:00.000000000,48.805,375.0775,,,,0,0.0,0.0,0.0,0.0,0.0,0.0,0.0,0.0,0.0,1.0,1.0,0.0
2023-12-20,15:41:00.000000000,48.815,375.095,-0.0007432175882530058,49.09377720126576,2.1553835257792504,0,0.0,0.0,0.0,0.0,0.0,0.0,0.0,0.0,0.0,1.0,1.0,0.0
2023-12-20,15:42:00.000000000,48.82,374.97,,,,0,0.0,0.0,0.0,0.0,0.0,0.0,0.0,0.0,0.0,1.0,1.0,0.0
2023-12-20,15:43:00.000000000,48.86,375.08,,,,0,0.0,0.0,0.0,0.0,0.0,0.0,0.0,0.0,0.0,1.0,1.0,0.0
2023-12-20,15:44:00.000000000,48.86,374.893,-0.0008827805509372029,49.1909482490825,2.1369305759701764,0,0.0,0.0,0.0,0.0,0.0,0.0,0.0,0.0,0.0,1.0,1.0,0.0
2023-12-20,15:45:00.000000000,48.81,374.68,,,,0,0.0,0.0,0.0,0.0,0.0,0.0,0.0,0.0,0.0,1.0,1.0,0.0
2023-12-20,15:46:00.000000000,48.835,374.55,,,,0,0.0,0.0,0.0,0.0,0.0,0.0,0.0,0.0,0.0,1.0,1.0,0.0
2023-12-20,15:47:00.000000000,48.83,374.6529,-0.0010340689693085529,49.21741693815146,2.076192297490636,0,0.0,0.0,0.0,0.0,0.0,0.0,0.0,0.0,0.0,1.0,1.0,0.0
2023-12-20,15:48:00.000000000,48.83,374.59,,,,0,0.0,0.0,0.0,0.0,0.0,0.0,0.0,0.0,0.0,1.0,1.0,0.0
2023-12-20,15:49:00.000000000,48.845,374.67,,,,0,0.0,0.0,0.0,0.0,0.0,0.0,0.0,0.0,0.0,1.0,1.0,0.0
2023-12-20,15:50:00.000000000,48.875,374.77,-0.0011663223301264392,49.31210261966149,2.059618994885179,0,0.0,0.0,0.0,0.0,0.0,0.0,0.0,0.0,0.0,1.0,1.0,0.0
2023-12-20,15:51:00.000000000,48.875,374.66,,,,0,0.0,0.0,0.0,0.0,0.0,0.0,0.0,0.0,0.0,1.0,1.0,0.0
2023-12-20,15:52:00.000000000,48.845,374.655,,,,0,0.0,0.0,0.0,0.0,0.0,0.0,0.0,0.0,0.0,1.0,1.0,0.0
2023-12-20,15:53:00.000000000,48.87,374.54,-0.0012915093299267814,49.35372190443078,2.012210787031899,0,0.0,0.0,0.0,0.0,0.0,0.0,0.0,0.0,0.0,1.0,1.0,0.0
2023-12-20,15:54:00.000000000,48.855,374.46,,,,0,0.0,0.0,0.0,0.0,0.0,0.0,0.0,0.0,0.0,1.0,1.0,0.0
2023-12-20,15:55:00.000000000,48.865,374.535,,,,0,0.0,0.0,0.0,0.0,0.0,0.0,0.0,0.0,0.0,1.0,1.0,0.0
2023-12-20,15:56:00.000000000,48.865,374.57,-0.001417876014480161,49.396093818743836,1.968459233874952,0,0.0,0.0,0.0,0.0,0.0,0.0,0.0,0.0,0.0,1.0,1.0,0.0
2023-12-20,15:57:00.000000000,48.885,374.5,,,,0,0.0,0.0,0.0,0.0,0.0,0.0,0.0,0.0,0.0,1.0,1.0,0.0
2023-12-20,15:58:00.000000000,48.93,374.72,,,,0,0.0,0.0,0.0,0.0,0.0,0.0,0.0,0.0,0.0,1.0,1.0,0.0
2023-12-20,15:59:00.000000000,48.945,374.83,-0.0015004079479760124,49.50739791113985,1.9665113438656134,0,0.0,0.0,0.0,0.0,0.0,0.0,0.0,0.0,0.0,1.0,1.0,0.0
2023-12-20,16:00:00.000000000,48.935,374.99,,,,0,0.0,0.0,0.0,0.0,0.0,0.0,0.0,0.0,0.0,1.0,1.0,0.0
2023-12-20,16:01:00.000000000,48.935,374.79,,,,0,0.0,0.0,0.0,0.0,0.0,0.0,0.0,0.0,0.0,1.0,1.0,0.0
2023-12-20,16:02:00.000000000,48.94,374.73,-0.0015733020263640474,49.5295634683394,1.9135264186090852,0,0.0,0.0,0.0,0.0,0.0,0.0,0.0,0.0,0.0,1.0,1.0,0.0
2023-12-20,16:03:00.000000000,48.935,374.698,,,,0,0.0,0.0,0.0,0.0,0.0,0.0,0.0,0.0,0.0,1.0,1.0,0.0
2023-12-20,16:04:00.000000000,48.92,374.46,,,,0,0.0,0.0,0.0,0.0,0.0,0.0,0.0,0.0,0.0,1.0,1.0,0.0
2023-12-20,16:05:00.000000000,48.945,374.33,-0.0016301469858923114,49.55521292122907,1.8661196315590627,0,0.0,0.0,0.0,0.0,0.0,0.0,0.0,0.0,0.0,1.0,1.0,0.0
2023-12-20,16:06:00.000000000,48.925,374.63,,,,0,0.0,0.0,0.0,0.0,0.0,0.0,0.0,0.0,0.0,1.0,1.0,0.0
2023-12-20,16:07:00.000000000,48.935,374.57,,,,0,0.0,0.0,0.0,0.0,0.0,0.0,0.0,0.0,0.0,1.0,1.0,0.0
2023-12-20,16:08:00.000000000,48.925,374.61,-0.0017082497395856206,49.56492743494616,1.8123643238699751,0,0.0,0.0,0.0,0.0,0.0,0.0,0.0,0.0,0.0,1.0,1.0,0.0
2023-12-20,16:09:00.000000000,48.89,374.42,,,,0,0.0,0.0,0.0,0.0,0.0,0.0,0.0,0.0,0.0,1.0,1.0,0.0
2023-12-20,16:10:00.000000000,48.9,374.3205,,,,0,0.0,0.0,0.0,0.0,0.0,0.0,0.0,0.0,0.0,1.0,1.0,0.0
2023-12-20,16:11:00.000000000,48.87,374.37,-0.001809384632005226,49.547379324683796,1.7466727292307076,0,0.0,0.0,0.0,0.0,0.0,0.0,0.0,0.0,0.0,1.0,1.0,0.0
2023-12-20,16:12:00.000000000,48.87,374.35,,,,0,0.0,0.0,0.0,0.0,0.0,0.0,0.0,0.0,0.0,1.0,1.0,0.0
2023-12-20,16:13:00.000000000,48.865,374.38,,,,0,0.0,0.0,0.0,0.0,0.0,0.0,0.0,0.0,0.0,1.0,1.0,0.0
2023-12-20,16:14:00.000000000,48.85,374.28,-0.0018954837770882391,49.55944166808859,1.7005928726946014,0,0.0,0.0,0.0,0.0,0.0,0.0,0.0,0.0,0.0,1.0,1.0,0.0
2023-12-20,16:15:00.000000000,48.8754,374.26,,,,0,0.0,0.0,0.0,0.0,0.0,0.0,0.0,0.0,0.0,1.0,1.0,0.0
2023-12-20,16:16:00.000000000,48.875,374.0947,,,,0,0.0,0.0,0.0,0.0,0.0,0.0,0.0,0.0,0.0,1.0,1.0,0.0
2023-12-20,16:17:00.000000000,48.875,374.06,-0.001963409441141453,49.60943293555337,1.6783344161352907,0,0.0,0.0,0.0,0.0,0.0,0.0,0.0,0.0,0.0,1.0,1.0,0.0
2023-12-20,16:18:00.000000000,48.885,374.22,,,,0,0.0,0.0,0.0,0.0,0.0,0.0,0.0,0.0,0.0,1.0,1.0,0.0
2023-12-20,16:19:00.000000000,48.89,374.48,,,,0,0.0,0.0,0.0,0.0,0.0,0.0,0.0,0.0,0.0,1.0,1.0,0.0
2023-12-20,16:20:00.000000000,48.9,374.35,-0.002029716275038694,49.65982428756073,1.6574718236858623,0,0.0,0.0,0.0,0.0,0.0,0.0,0.0,0.0,0.0,1.0,1.0,0.0
2023-12-20,16:21:00.000000000,48.9,374.6,,,,0,0.0,0.0,0.0,0.0,0.0,0.0,0.0,0.0,0.0,1.0,1.0,0.0
2023-12-20,16:22:00.000000000,48.9,374.535,,,,0,0.0,0.0,0.0,0.0,0.0,0.0,0.0,0.0,0.0,1.0,1.0,0.0
2023-12-20,16:23:00.000000000,48.89,374.5,-0.00211428169391539,49.681798494371314,1.6224097519016043,0,0.0,0.0,0.0,0.0,0.0,0.0,0.0,0.0,0.0,1.0,1.0,0.0
2023-12-20,16:24:00.000000000,48.905,374.56,,,,0,0.0,0.0,0.0,0.0,0.0,0.0,0.0,0.0,0.0,1.0,1.0,0.0
2023-12-20,16:25:00.000000000,48.865,374.79,,,,0,0.0,0.0,0.0,0.0,0.0,0.0,0.0,0.0,0.0,1.0,1.0,0.0
2023-12-20,16:26:00.000000000,48.8401,374.73,-0.002242133135470982,49.68029454985504,1.5768766354359702,0,0.0,0.0,0.0,0.0,0.0,0.0,0.0,0.0,0.0,1.0,1.0,0.0
2023-12-20,16:27:00.000000000,48.85,374.4,,,,0,0.0,0.0,0.0,0.0,0.0,0.0,0.0,0.0,0.0,1.0,1.0,0.0
2023-12-20,16:28:00.000000000,48.8775,374.37,,,,0,0.0,0.0,0.0,0.0,0.0,0.0,0.0,0.0,0.0,1.0,1.0,0.0
2023-12-20,16:29:00.000000000,48.885,374.57,-0.0023328964887169394,49.7588330377787,1.5763981393349509,0,0.0,0.0,0.0,0.0,0.0,0.0,0.0,0.0,0.0,1.0,1.0,0.0
2023-12-20,16:30:00.000000000,48.9,374.525,,,,0,0.0,0.0,0.0,0.0,0.0,0.0,0.0,0.0,0.0,1.0,1.0,0.0
2023-12-20,16:31:00.000000000,48.845,374.35,,,,0,0.0,0.0,0.0,0.0,0.0,0.0,0.0,0.0,0.0,1.0,1.0,0.0
2023-12-20,16:32:00.000000000,48.83,374.22,-0.0024380465471840135,49.7423657788872,1.5253068939229513,0,0.0,0.0,0.0,0.0,0.0,0.0,0.0,0.0,0.0,1.0,1.0,0.0
2023-12-20,16:33:00.000000000,48.845,374.12,,,,0,0.0,0.0,0.0,0.0,0.0,0.0,0.0,0.0,0.0,1.0,1.0,0.0
2023-12-20,16:34:00.000000000,48.835,374.15,,,,0,0.0,0.0,0.0,0.0,0.0,0.0,0.0,0.0,0.0,1.0,1.0,0.0
2023-12-20,16:35:00.000000000,48.825,374.3741,-0.002552341992911646,49.78053073648851,1.5061462825058012,0,0.0,0.0,0.0,0.0,0.0,0.0,0.0,0.0,0.0,1.0,1.0,0.0
2023-12-20,16:36:00.000000000,48.855,374.3,,,,0,0.0,0.0,0.0,0.0,0.0,0.0,0.0,0.0,0.0,1.0,1.0,0.0
2023-12-20,16:37:00.000000000,48.835,374.38,,,,0,0.0,0.0,0.0,0.0,0.0,0.0,0.0,0.0,0.0,1.0,1.0,0.0
2023-12-20,16:38:00.000000000,48.8407,374.2109,-0.002653803104788913,49.83378204826585,1.4957284262627517,0,0.0,0.0,0.0,0.0,0.0,0.0,0.0,0.0,0.0,1.0,1.0,0.0
2023-12-20,16:39:00.000000000,48.845,374.17,,,,0,0.0,0.0,0.0,0.0,0.0,0.0,0.0,0.0,0.0,1.0,1.0,0.0
2023-12-20,16:40:00.000000000,48.8425,374.14,,,,0,0.0,0.0,0.0,0.0,0.0,0.0,0.0,0.0,0.0,1.0,1.0,0.0
2023-12-20,16:41:00.000000000,48.835,374.18,-0.0027596298843556425,49.867598310128194,1.475596194644646,0,0.0,0.0,0.0,0.0,0.0,0.0,0.0,0.0,0.0,1.0,1.0,0.0
2023-12-20,16:42:00.000000000,48.82,374.202,,,,0,0.0,0.0,0.0,0.0,0.0,0.0,0.0,0.0,0.0,1.0,1.0,0.0
2023-12-20,16:43:00.000000000,48.83,374.275,,,,0,0.0,0.0,0.0,0.0,0.0,0.0,0.0,0.0,0.0,1.0,1.0,0.0
2023-12-20,16:44:00.000000000,48.815,374.2,-0.002891544752507599,49.897016046388345,1.454395658009605,0,0.0,0.0,0.0,0.0,0.0,0.0,0.0,0.0,0.0,1.0,1.0,0.0
2023-12-20,16:45:00.000000000,48.8,374.3234,,,,0,0.0,0.0,0.0,0.0,0.0,0.0,0.0,0.0,0.0,1.0,1.0,0.0
2023-12-20,16:46:00.000000000,48.8,374.39,,,,0,0.0,0.0,0.0,0.0,0.0,0.0,0.0,0.0,0.0,1.0,1.0,0.0
2023-12-20,16:47:00.000000000,48.83,374.52,-0.0030396898652130817,49.968424648319605,1.4565750605309036,0,0.0,0.0,0.0,0.0,0.0,0.0,0.0,0.0,0.0,1.0,1.0,0.0
2023-12-20,16:48:00.000000000,48.83,374.7,,,,0,0.0,0.0,0.0,0.0,0.0,0.0,0.0,0.0,0.0,1.0,1.0,0.0
2023-12-20,16:49:00.000000000,48.82,374.74,,,,0,0.0,0.0,0.0,0.0,0.0,0.0,0.0,0.0,0.0,1.0,1.0,0.0
2023-12-20,16:50:00.000000000,48.82,374.73,-0.0032047345400594424,50.02091017419647,1.448395780019445,0,0.0,0.0,0.0,0.0,0.0,0.0,0.0,0.0,0.0,1.0,1.0,0.0
2023-12-20,16:51:00.000000000,48.82,374.76,,,,0,0.0,0.0,0.0,0.0,0.0,0.0,0.0,0.0,0.0,1.0,1.0,0.0
2023-12-20,16:52:00.000000000,48.83,374.81,,,,0,0.0,0.0,0.0,0.0,0.0,0.0,0.0,0.0,0.0,1.0,1.0,0.0
2023-12-20,16:53:00.000000000,48.83,374.87,-0.003367279140824807,50.092291931521,1.4506658419429221,0,0.0,0.0,0.0,0.0,0.0,0.0,0.0,0.0,0.0,1.0,1.0,0.0
2023-12-20,16:54:00.000000000,48.82,374.83,,,,0,0.0,0.0,0.0,0.0,0.0,0.0,0.0,0.0,0.0,1.0,1.0,0.0
2023-12-20,16:55:00.000000000,48.81,374.93,,,,0,0.0,0.0,0.0,0.0,0.0,0.0,0.0,0.0,0.0,1.0,1.0,0.0
2023-12-20,16:56:00.000000000,48.805,374.885,-0.003546273905866455,50.134444893200744,1.4375975527318856,0,0.0,0.0,0.0,0.0,0.0,0.0,0.0,0.0,0.0,1.0,1.0,0.0
2023-12-20,16:57:00.000000000,48.815,374.88,,,,0,0.0,0.0,0.0,0.0,0.0,0.0,0.0,0.0,0.0,1.0,1.0,0.0
2023-12-20,16:58:00.000000000,48.785,374.78,,,,0,0.0,0.0,0.0,0.0,0.0,0.0,0.0,0.0,0.0,1.0,1.0,0.0
2023-12-20,16:59:00.000000000,48.795,374.71,-0.0037259093607244077,50.191135496557045,1.4332191671750851,0,0.0,0.0,0.0,0.0,0.0,0.0,0.0,0.0,0.0,1.0,1.0,0.0
2023-12-20,17:00:00.000000000,48.815,374.75,,,,0,0.0,0.0,0.0,0.0,0.0,0.0,0.0,0.0,0.0,1.0,1.0,0.0
2023-12-20,17:01:00.000000000,48.84,374.95,,,,0,0.0,0.0,0.0,0.0,0.0,0.0,0.0,0.0,0.0,1.0,1.0,0.0
2023-12-20,17:02:00.000000000,48.85,375.12,-0.0038881958509237495,50.30854002759852,1.4620702826686243,0,0.0,0.0,0.0,0.0,0.0,0.0,0.0,0.0,0.0,1.0,1.0,0.0
2023-12-20,17:03:00.000000000,48.83,375.13,,,,0,0.0,0.0,0.0,0.0,0.0,0.0,0.0,0.0,0.0,1.0,1.0,0.0
2023-12-20,17:04:00.000000000,48.83,375.03,,,,0,0.0,0.0,0.0,0.0,0.0,0.0,0.0,0.0,0.0,1.0,1.0,0.0
2023-12-20,17:05:00.000000000,48.825,375.0,-0.004058836883435987,50.3470638312885,1.4478570265186166,0,0.0,0.0,0.0,0.0,0.0,0.0,0.0,0.0,0.0,1.0,1.0,0.0
2023-12-20,17:06:00.000000000,48.84,375.04,,,,0,0.0,0.0,0.0,0.0,0.0,0.0,0.0,0.0,0.0,1.0,1.0,0.0
2023-12-20,17:07:00.000000000,48.84,375.0677,,,,0,0.0,0.0,0.0,0.0,0.0,0.0,0.0,0.0,0.0,1.0,1.0,0.0
2023-12-20,17:08:00.000000000,48.825,375.17,-0.004243091212510334,50.4168805301975,1.4511769996289097,0,0.0,0.0,0.0,0.0,0.0,0.0,0.0,0.0,0.0,1.0,1.0,0.0
2023-12-20,17:09:00.000000000,48.82,375.11,,,,0,0.0,0.0,0.0,0.0,0.0,0.0,0.0,0.0,0.0,1.0,1.0,0.0
2023-12-20,17:10:00.000000000,48.825,375.24,,,,0,0.0,0.0,0.0,0.0,0.0,0.0,0.0,0.0,0.0,1.0,1.0,0.0
2023-12-20,17:11:00.000000000,48.805,375.22,-0.004443978490071067,50.47246960904447,1.4470700584522862,0,0.0,0.0,0.0,0.0,0.0,0.0,0.0,0.0,0.0,1.0,1.0,0.0
2023-12-20,17:12:00.000000000,48.8065,375.14,,,,0,0.0,0.0,0.0,0.0,0.0,0.0,0.0,0.0,0.0,1.0,1.0,0.0
2023-12-20,17:13:00.000000000,48.79,375.21,,,,0,0.0,0.0,0.0,0.0,0.0,0.0,0.0,0.0,0.0,1.0,1.0,0.0
2023-12-20,17:14:00.000000000,48.79,375.125,-0.004657036330825617,50.53697075360096,1.4482282594826563,0,0.0,0.0,0.0,0.0,0.0,0.0,0.0,0.0,0.0,1.0,1.0,0.0
2023-12-20,17:15:00.000000000,48.8,375.05,,,,0,0.0,0.0,0.0,0.0,0.0,0.0,0.0,0.0,0.0,1.0,1.0,0.0
2023-12-20,17:16:00.000000000,48.805,375.0239,,,,0,0.0,0.0,0.0,0.0,0.0,0.0,0.0,0.0,0.0,1.0,1.0,0.0
2023-12-20,17:17:00.000000000,48.8,375.11,-0.0048614710058654306,50.62358638901018,1.4616553989577488,0,0.0,0.0,0.0,0.0,0.0,0.0,0.0,0.0,0.0,1.0,1.0,0.0
2023-12-20,17:18:00.000000000,48.81,375.1593,,,,0,0.0,0.0,0.0,0.0,0.0,0.0,0.0,0.0,0.0,1.0,1.0,0.0
2023-12-20,17:19:00.000000000,48.83,375.2642,,,,0,0.0,0.0,0.0,0.0,0.0,0.0,0.0,0.0,0.0,1.0,1.0,0.0
2023-12-20,17:20:00.000000000,48.84,375.31,-0.005038619232565067,50.731044184173996,1.4867583737333374,0,0.0,0.0,0.0,0.0,0.0,0.0,0.0,0.0,0.0,1.0,1.0,0.0
2023-12-20,17:21:00.000000000,48.825,375.55,,,,0,0.0,0.0,0.0,0.0,0.0,0.0,0.0,0.0,0.0,1.0,1.0,0.0
2023-12-20,17:22:00.000000000,48.825,375.675,,,,0,0.0,0.0,0.0,0.0,0.0,0.0,0.0,0.0,0.0,1.0,1.0,0.0
2023-12-20,17:23:00.000000000,48.805,375.56,-0.005248689265089172,50.77619774039689,1.4773427662094591,0,0.0,0.0,0.0,0.0,0.0,0.0,0.0,0.0,0.0,1.0,1.0,0.0
2023-12-20,17:24:00.000000000,48.805,375.6166,,,,0,0.0,0.0,0.0,0.0,0.0,0.0,0.0,0.0,0.0,1.0,1.0,0.0
2023-12-20,17:25:00.000000000,48.805,375.71,,,,0,0.0,0.0,0.0,0.0,0.0,0.0,0.0,0.0,0.0,1.0,1.0,0.0
2023-12-20,17:26:00.000000000,48.805,375.5999,-0.0054594279426498,50.85556058931647,1.4875067028783922,0,0.0,0.0,0.0,0.0,0.0,0.0,0.0,0.0,0.0,1.0,1.0,0.0
2023-12-20,17:27:00.000000000,48.8,375.6387,,,,0,0.0,0.0,0.0,0.0,0.0,0.0,0.0,0.0,0.0,1.0,1.0,0.0
2023-12-20,17:28:00.000000000,48.79,375.645,,,,0,0.0,0.0,0.0,0.0,0.0,0.0,0.0,0.0,0.0,1.0,1.0,0.0
2023-12-20,17:29:00.000000000,48.785,375.63,-0.005681791664122287,50.91925140279425,1.4895794801088196,0,0.0,0.0,0.0,0.0,0.0,0.0,0.0,0.0,0.0,1.0,1.0,0.0
2023-12-20,17:30:00.000000000,48.79,375.645,,,,0,0.0,0.0,0.0,0.0,0.0,0.0,0.0,0.0,0.0,1.0,1.0,0.0
2023-12-20,17:31:00.000000000,48.76,375.58,,,,0,0.0,0.0,0.0,0.0,0.0,0.0,0.0,0.0,0.0,1.0,1.0,0.0
2023-12-20,17:32:00.000000000,48.73,375.17,-0.005918417225397986,50.95041259045256,1.4736280281482554,0,0.0,0.0,0.0,0.0,0.0,0.0,0.0,0.0,0.0,1.0,1.0,0.0
2023-12-20,17:33:00.000000000,48.72,375.32,,,,0,0.0,0.0,0.0,0.0,0.0,0.0,0.0,0.0,0.0,1.0,1.0,0.0
2023-12-20,17:34:00.000000000,48.735,375.565,,,,0,0.0,0.0,0.0,0.0,0.0,0.0,0.0,0.0,0.0,1.0,1.0,0.0
2023-12-20,17:35:00.000000000,48.74,375.5073,-0.006168203214500877,51.05620533492855,1.5001075424671884,0,0.0,0.0,0.0,0.0,0.0,0.0,0.0,0.0,0.0,1.0,1.0,0.0
2023-12-20,17:36:00.000000000,48.745,375.5,,,,0,0.0,0.0,0.0,0.0,0.0,0.0,0.0,0.0,0.0,1.0,1.0,0.0
2023-12-20,17:37:00.000000000,48.755,375.48,,,,0,0.0,0.0,0.0,0.0,0.0,0.0,0.0,0.0,0.0,1.0,1.0,0.0
2023-12-20,17:38:00.000000000,48.77,375.6,-0.0064111207065318705,51.17801693737337,1.5352387763913486,0,0.0,0.0,0.0,0.0,0.0,0.0,0.0,0.0,0.0,1.0,1.0,0.0
2023-12-20,17:39:00.000000000,48.79,375.66,,,,0,0.0,0.0,0.0,0.0,0.0,0.0,0.0,0.0,0.0,1.0,1.0,0.0
2023-12-20,17:40:00.000000000,48.8,375.7323,,,,0,0.0,0.0,0.0,0.0,0.0,0.0,0.0,0.0,0.0,1.0,1.0,0.0
2023-12-20,17:41:00.000000000,48.8,375.7,-0.006642901033359653,51.29573791823322,1.5672584411469046,0,0.0,0.0,0.0,0.0,0.0,0.0,0.0,0.0,0.0,1.0,1.0,0.0
2023-12-20,17:42:00.000000000,48.78,375.77,,,,0,0.0,0.0,0.0,0.0,0.0,0.0,0.0,0.0,0.0,1.0,1.0,0.0
2023-12-20,17:43:00.000000000,48.8,375.9,,,,0,0.0,0.0,0.0,0.0,0.0,0.0,0.0,0.0,0.0,1.0,1.0,0.0
2023-12-20,17:44:00.000000000,48.815,375.91,-0.00686232554785111,51.39461679669271,1.588444010664722,0,0.0,0.0,0.0,0.0,0.0,0.0,0.0,0.0,0.0,1.0,1.0,0.0
2023-12-20,17:45:00.000000000,48.81,375.8,,,,0,0.0,0.0,0.0,0.0,0.0,0.0,0.0,0.0,0.0,1.0,1.0,0.0
2023-12-20,17:46:00.000000000,48.79,375.75,,,,0,0.0,0.0,0.0,0.0,0.0,0.0,0.0,0.0,0.0,1.0,1.0,0.0
2023-12-20,17:47:00.000000000,48.76,375.553,-0.0071087616979637605,51.429716781955385,1.5737446155642552,0,0.0,0.0,0.0,0.0,0.0,0.0,0.0,0.0,0.0,1.0,1.0,0.0
2023-12-20,17:48:00.000000000,48.77,375.54,,,,0,0.0,0.0,0.0,0.0,0.0,0.0,0.0,0.0,0.0,1.0,1.0,0.0
2023-12-20,17:49:00.000000000,48.765,375.5992,,,,0,0.0,0.0,0.0,0.0,0.0,0.0,0.0,0.0,0.0,1.0,1.0,0.0
2023-12-20,17:50:00.000000000,48.765,375.56,-0.007343283835836942,51.52284367738692,1.5931249119200432,0,0.0,0.0,0.0,0.0,0.0,0.0,0.0,0.0,0.0,1.0,1.0,0.0
2023-12-20,17:51:00.000000000,48.785,375.67,,,,0,0.0,0.0,0.0,0.0,0.0,0.0,0.0,0.0,0.0,1.0,1.0,0.0
2023-12-20,17:52:00.000000000,48.79,375.63,,,,0,0.0,0.0,0.0,0.0,0.0,0.0,0.0,0.0,0.0,1.0,1.0,0.0
2023-12-20,17:53:00.000000000,48.81,375.655,-0.007549378338363846,51.64596171969807,1.6297596842931827,0,0.0,0.0,0.0,0.0,0.0,0.0,0.0,0.0,0.0,1.0,1.0,0.0
2023-12-20,17:54:00.000000000,48.805,375.66,,,,0,0.0,0.0,0.0,0.0,0.0,0.0,0.0,0.0,0.0,1.0,1.0,0.0
2023-12-20,17:55:00.000000000,48.8075,375.855,,,,0,0.0,0.0,0.0,0.0,0.0,0.0,0.0,0.0,0.0,1.0,1.0,0.0
2023-12-20,17:56:00.000000000,48.805,375.8,-0.007768581518996899,51.72443293483904,1.6401649652242751,0,0.0,0.0,0.0,0.0,0.0,0.0,0.0,0.0,0.0,1.0,1.0,0.0
2023-12-20,17:57:00.000000000,48.83,375.835,,,,0,0.0,0.0,0.0,0.0,0.0,0.0,0.0,0.0,0.0,1.0,1.0,0.0
2023-12-20,17:58:00.000000000,48.82,375.8,,,,0,0.0,0.0,0.0,0.0,0.0,0.0,0.0,0.0,0.0,1.0,1.0,0.0
2023-12-20,17:59:00.000000000,48.835,375.8175,-0.007971070303478918,51.830667713777686,1.667429120659155,0,0.0,0.0,0.0,0.0,0.0,0.0,0.0,0.0,0.0,1.0,1.0,0.0
2023-12-20,18:00:00.000000000,48.8375,375.78,,,,0,0.0,0.0,0.0,0.0,0.0,0.0,0.0,0.0,0.0,1.0,1.0,0.0
2023-12-20,18:01:00.000000000,48.8,375.66,,,,0,0.0,0.0,0.0,0.0,0.0,0.0,0.0,0.0,0.0,1.0,1.0,0.0
2023-12-20,18:02:00.000000000,48.81,375.675,-0.008185115335953732,51.88494320383442,1.6633731738375552,0,0.0,0.0,0.0,0.0,0.0,0.0,0.0,0.0,0.0,1.0,1.0,0.0
2023-12-20,18:03:00.000000000,48.81,375.67,,,,0,0.0,0.0,0.0,0.0,0.0,0.0,0.0,0.0,0.0,1.0,1.0,0.0
2023-12-20,18:04:00.000000000,48.836,375.69,,,,0,0.0,0.0,0.0,0.0,0.0,0.0,0.0,0.0,0.0,1.0,1.0,0.0
2023-12-20,18:05:00.000000000,48.8429,375.77,-0.008378278797436333,51.99120582371265,1.6903385278083256,0,0.0,0.0,0.0,0.0,0.0,0.0,0.0,0.0,0.0,1.0,1.0,0.0
2023-12-20,18:06:00.000000000,48.83,375.6803,,,,0,0.0,0.0,0.0,0.0,0.0,0.0,0.0,0.0,0.0,1.0,1.0,0.0
2023-12-20,18:07:00.000000000,48.85,375.74,,,,0,0.0,0.0,0.0,0.0,0.0,0.0,0.0,0.0,0.0,1.0,1.0,0.0
2023-12-20,18:08:00.000000000,48.84,375.69,-0.00856811500916449,52.05895512779301,1.6952489855337187,0,0.0,0.0,0.0,0.0,0.0,0.0,0.0,0.0,0.0,1.0,1.0,0.0
2023-12-20,18:09:00.000000000,48.84,375.6372,,,,0,0.0,0.0,0.0,0.0,0.0,0.0,0.0,0.0,0.0,1.0,1.0,0.0
2023-12-20,18:10:00.000000000,48.855,375.72,,,,0,0.0,0.0,0.0,0.0,0.0,0.0,0.0,0.0,0.0,1.0,1.0,0.0
2023-12-20,18:11:00.000000000,48.83,375.66,-0.008769977433000842,52.12452972248109,1.6990208958404476,0,0.0,0.0,0.0,0.0,0.0,0.0,0.0,0.0,0.0,1.0,1.0,0.0
2023-12-20,18:12:00.000000000,48.84,375.7556,,,,0,0.0,0.0,0.0,0.0,0.0,0.0,0.0,0.0,0.0,1.0,1.0,0.0
2023-12-20,18:13:00.000000000,48.81,375.6336,,,,0,0.0,0.0,0.0,0.0,0.0,0.0,0.0,0.0,0.0,1.0,1.0,0.0
2023-12-20,18:14:00.000000000,48.78,375.61,-0.009012792749234303,52.1652950845399,1.688606821654402,0,0.0,0.0,0.0,0.0,0.0,0.0,0.0,0.0,0.0,1.0,1.0,0.0
2023-12-20,18:15:00.000000000,48.785,375.72,,,,0,0.0,0.0,0.0,0.0,0.0,0.0,0.0,0.0,0.0,1.0,1.0,0.0
2023-12-20,18:16:00.000000000,48.785,375.57,,,,0,0.0,0.0,0.0,0.0,0.0,0.0,0.0,0.0,0.0,1.0,1.0,0.0
2023-12-20,18:17:00.000000000,48.7815,375.5695,-0.009239519975631336,52.251581897487874,1.7058940681149282,0,0.0,0.0,0.0,0.0,0.0,0.0,0.0,0.0,0.0,1.0,1.0,0.0
2023-12-20,18:18:00.000000000,48.79,375.7348,,,,0,0.0,0.0,0.0,0.0,0.0,0.0,0.0,0.0,0.0,1.0,1.0,0.0
2023-12-20,18:19:00.000000000,48.8,375.697,,,,0,0.0,0.0,0.0,0.0,0.0,0.0,0.0,0.0,0.0,1.0,1.0,0.0
2023-12-20,18:20:00.000000000,48.775,375.72,-0.00947622655867884,52.335407842626815,1.7214248542259478,0,0.0,0.0,0.0,0.0,0.0,0.0,0.0,0.0,0.0,1.0,1.0,0.0
2023-12-20,18:21:00.000000000,48.78,375.73,,,,0,0.0,0.0,0.0,0.0,0.0,0.0,0.0,0.0,0.0,1.0,1.0,0.0
2023-12-20,18:22:00.000000000,48.76,375.67,,,,0,0.0,0.0,0.0,0.0,0.0,0.0,0.0,0.0,0.0,1.0,1.0,0.0
2023-12-20,18:23:00.000000000,48.745,375.64,-0.009722761573327882,52.397258157404885,1.723343794050453,0,0.0,0.0,0.0,0.0,0.0,0.0,0.0,0.0,0.0,1.0,1.0,0.0
2023-12-20,18:24:00.000000000,48.7445,375.675,,,,0,0.0,0.0,0.0,0.0,0.0,0.0,0.0,0.0,0.0,1.0,1.0,0.0
2023-12-20,18:25:00.000000000,48.74,375.69,,,,0,0.0,0.0,0.0,0.0,0.0,0.0,0.0,0.0,0.0,1.0,1.0,0.0
2023-12-20,18:26:00.000000000,48.74,375.67,-0.009969977096786311,52.48542129594971,1.736729587884391,0,0.0,0.0,0.0,0.0,0.0,0.0,0.0,0.0,0.0,1.0,1.0,0.0
2023-12-20,18:27:00.000000000,48.75,375.709,,,,0,0.0,0.0,0.0,0.0,0.0,0.0,0.0,0.0,0.0,1.0,1.0,0.0
2023-12-20,18:28:00.000000000,48.77,375.66,,,,0,0.0,0.0,0.0,0.0,0.0,0.0,0.0,0.0,0.0,1.0,1.0,0.0
2023-12-20,18:29:00.000000000,48.78,375.61,-0.010200455308560194,52.6113930184483,1.772512025093358,0,0.0,0.0,0.0,0.0,0.0,0.0,0.0,0.0,0.0,1.0,1.0,0.0
2023-12-20,18:30:00.000000000,48.79,375.61,,,,0,0.0,0.0,0.0,0.0,0.0,0.0,0.0,0.0,0.0,1.0,1.0,0.0
2023-12-20,18:31:00.000000000,48.77,375.57,,,,0,0.0,0.0,0.0,0.0,0.0,0.0,0.0,0.0,0.0,1.0,1.0,0.0
2023-12-20,18:32:00.000000000,48.77,375.46,-0.010424565290879451,52.684007284113605,1.7739186768171045,0,0.0,0.0,0.0,0.0,0.0,0.0,0.0,0.0,0.0,1.0,1.0,0.0
2023-12-20,18:33:00.000000000,48.765,375.55,,,,0,0.0,0.0,0.0,0.0,0.0,0.0,0.0,0.0,0.0,1.0,1.0,0.0
2023-12-20,18:34:00.000000000,48.76,375.5739,,,,0,0.0,0.0,0.0,0.0,0.0,0.0,0.0,0.0,0.0,1.0,1.0,0.0
2023-12-20,18:35:00.000000000,48.725,375.4054,-0.010672430544167435,52.73148805740539,1.7603187424958806,0,0.0,0.0,0.0,0.0,0.0,0.0,0.0,0.0,0.0,1.0,1.0,0.0
2023-12-20,18:36:00.000000000,48.715,375.52,,,,0,0.0,0.0,0.0,0.0,0.0,0.0,0.0,0.0,0.0,1.0,1.0,0.0
2023-12-20,18:37:00.000000000,48.72,375.575,,,,0,0.0,0.0,0.0,0.0,0.0,0.0,0.0,0.0,0.0,1.0,1.0,0.0
2023-12-20,18:38:00.000000000,48.71,375.65,-0.010942080099313743,52.82039238930721,1.7724215400240024,0,0.0,0.0,0.0,0.0,0.0,0.0,0.0,0.0,0.0,1.0,1.0,0.0
2023-12-20,18:39:00.000000000,48.69,375.515,,,,0,0.0,0.0,0.0,0.0,0.0,0.0,0.0,0.0,0.0,1.0,1.0,0.0
2023-12-20,18:40:00.000000000,48.7,375.46,,,,0,0.0,0.0,0.0,0.0,0.0,0.0,0.0,0.0,0.0,1.0,1.0,0.0
2023-12-20,18:41:00.000000000,48.685,375.3918,-0.01120706025877448,52.89203852324982,1.7747720101369067,0,0.0,0.0,0.0,0.0,0.0,0.0,0.0,0.0,0.0,1.0,1.0,0.0
2023-12-20,18:42:00.000000000,48.65,375.295,,,,0,0.0,0.0,0.0,0.0,0.0,0.0,0.0,0.0,0.0,1.0,1.0,0.0
2023-12-20,18:43:00.000000000,48.66,375.19,,,,0,0.0,0.0,0.0,0.0,0.0,0.0,0.0,0.0,0.0,1.0,1.0,0.0
2023-12-20,18:44:00.000000000,48.64,375.2599,-0.011504504291659,52.95717913003753,1.7738784116757251,0,0.0,0.0,0.0,0.0,0.0,0.0,0.0,0.0,0.0,1.0,1.0,0.0
2023-12-20,18:45:00.000000000,48.655,375.31,,,,0,0.0,0.0,0.0,0.0,0.0,0.0,0.0,0.0,0.0,1.0,1.0,0.0
2023-12-20,18:46:00.000000000,48.6503,375.29,,,,0,0.0,0.0,0.0,0.0,0.0,0.0,0.0,0.0,0.0,1.0,1.0,0.0
2023-12-20,18:47:00.000000000,48.63,375.22,-0.011809543352143861,53.06117685659142,1.7990603163834291,0,0.0,0.0,0.0,0.0,0.0,0.0,0.0,0.0,0.0,1.0,1.0,0.0
2023-12-20,18:48:00.000000000,48.64,375.19,,,,0,0.0,0.0,0.0,0.0,0.0,0.0,0.0,0.0,0.0,1.0,1.0,0.0
2023-12-20,18:49:00.000000000,48.6222,375.25,,,,0,0.0,0.0,0.0,0.0,0.0,0.0,0.0,0.0,0.0,1.0,1.0,0.0
2023-12-20,18:50:00.000000000,48.6236,375.25,-0.012117031314400466,53.17051600072878,1.8277455726194134,0,0.0,0.0,0.0,0.0,0.0,0.0,0.0,0.0,0.0,1.0,1.0,0.0
2023-12-20,18:51:00.000000000,48.62,375.175,,,,0,0.0,0.0,0.0,0.0,0.0,0.0,0.0,0.0,0.0,1.0,1.0,0.0
2023-12-20,18:52:00.000000000,48.59,375.095,,,,0,0.0,0.0,0.0,0.0,0.0,0.0,0.0,0.0,0.0,1.0,1.0,0.0
2023-12-20,18:53:00.000000000,48.6,375.0701,-0.012422190489109983,53.25919222896953,1.8433002837491468,0,0.0,0.0,0.0,0.0,0.0,0.0,0.0,0.0,0.0,1.0,1.0,0.0
2023-12-20,18:54:00.000000000,48.61,375.06,,,,0,0.0,0.0,0.0,0.0,0.0,0.0,0.0,0.0,0.0,1.0,1.0,0.0
2023-12-20,18:55:00.000000000,48.59,375.0501,,,,0,0.0,0.0,0.0,0.0,0.0,0.0,0.0,0.0,0.0,1.0,1.0,0.0
2023-12-20,18:56:00.000000000,48.5899,375.075,-0.012742599997952596,53.36933069423207,1.872478592204471,0,0.0,0.0,0.0,0.0,0.0,0.0,0.0,0.0,0.0,1.0,1.0,0.0
2023-12-20,18:57:00.000000000,48.605,375.17,,,,0,0.0,0.0,0.0,0.0,0.0,0.0,0.0,0.0,0.0,1.0,1.0,0.0
2023-12-20,18:58:00.000000000,48.595,375.1179,,,,0,0.0,0.0,0.0,0.0,0.0,0.0,0.0,0.0,0.0,1.0,1.0,0.0
2023-12-20,18:59:00.000000000,48.595,375.12,-0.013069458689451455,53.49761534358703,1.9113942445374996,0,0.0,0.0,0.0,0.0,0.0,0.0,0.0,0.0,0.0,1.0,1.0,0.0
2023-12-20,19:00:00.000000000,48.6,375.275,,,,0,0.0,0.0,0.0,0.0,0.0,0.0,0.0,0.0,0.0,1.0,1.0,0.0
2023-12-20,19:01:00.000000000,48.57,375.215,,,,0,0.0,0.0,0.0,0.0,0.0,0.0,0.0,0.0,0.0,1.0,1.0,0.0
2023-12-20,19:02:00.000000000,48.541,375.0421,-0.0134027374085854,53.567590783464425,1.9096906891797942,0,0.0,0.0,0.0,0.0,0.0,0.0,0.0,0.0,0.0,1.0,1.0,0.0
2023-12-20,19:03:00.000000000,48.52,374.907,,,,0,0.0,0.0,0.0,0.0,0.0,0.0,0.0,0.0,0.0,1.0,1.0,0.0
2023-12-20,19:04:00.000000000,48.51,374.8,,,,0,0.0,0.0,0.0,0.0,0.0,0.0,0.0,0.0,0.0,1.0,1.0,0.0
2023-12-20,19:05:00.000000000,48.53,374.88,-0.013735100501114999,53.67901447585799,1.9324245665355213,0,0.0,0.0,0.0,0.0,0.0,0.0,0.0,0.0,0.0,1.0,1.0,0.0
2023-12-20,19:06:00.000000000,48.53,374.847,,,,0,0.0,0.0,0.0,0.0,0.0,0.0,0.0,0.0,0.0,1.0,1.0,0.0
2023-12-20,19:07:00.000000000,48.555,374.89,,,,0,0.0,0.0,0.0,0.0,0.0,0.0,0.0,0.0,0.0,1.0,1.0,0.0
2023-12-20,19:08:00.000000000,48.57,374.91,-0.014041557077847874,53.834320164055946,1.9779206059942174,0,0.0,0.0,0.0,0.0,0.0,0.0,0.0,0.0,0.0,1.0,1.0,0.0
2023-12-20,19:09:00.000000000,48.57,374.93,,,,0,0.0,0.0,0.0,0.0,0.0,0.0,0.0,0.0,0.0,1.0,1.0,0.0
2023-12-20,19:10:00.000000000,48.565,374.985,,,,0,0.0,0.0,0.0,0.0,0.0,0.0,0.0,0.0,0.0,1.0,1.0,0.0
2023-12-20,19:11:00.000000000,48.54,374.94,-0.014362135806210647,53.92493919918062,1.9783433121593488,0,0.0,0.0,0.0,0.0,0.0,0.0,0.0,0.0,0.0,1.0,1.0,0.0
2023-12-20,19:12:00.000000000,48.51,374.79,,,,0,0.0,0.0,0.0,0.0,0.0,0.0,0.0,0.0,0.0,1.0,1.0,0.0
2023-12-20,19:13:00.000000000,48.52,374.9123,,,,0,0.0,0.0,0.0,0.0,0.0,0.0,0.0,0.0,0.0,1.0,1.0,0.0
2023-12-20,19:14:00.000000000,48.54,374.96,-0.014688098557748743,54.047449435213466,1.9956194945774575,0,0.0,0.0,0.0,0.0,0.0,0.0,0.0,0.0,0.0,1.0,1.0,0.0
2023-12-20,19:15:00.000000000,48.525,374.93,,,,0,0.0,0.0,0.0,0.0,0.0,0.0,0.0,0.0,0.0,1.0,1.0,0.0
2023-12-20,19:16:00.000000000,48.52,375.0,,,,0,0.0,0.0,0.0,0.0,0.0,0.0,0.0,0.0,0.0,1.0,1.0,0.0
2023-12-20,19:17:00.000000000,48.52,374.91,-0.015016003066125263,54.14964970952103,1.9966848525030108,0,0.0,0.0,0.0,0.0,0.0,0.0,0.0,0.0,0.0,1.0,1.0,0.0
2023-12-20,19:18:00.000000000,48.515,374.88,,,,0,0.0,0.0,0.0,0.0,0.0,0.0,0.0,0.0,0.0,1.0,1.0,0.0
2023-12-20,19:19:00.000000000,48.5,374.81,,,,0,0.0,0.0,0.0,0.0,0.0,0.0,0.0,0.0,0.0,1.0,1.0,0.0
2023-12-20,19:20:00.000000000,48.48,374.7,-0.015350019556717658,54.231652327902104,1.9834094213015443,0,0.0,0.0,0.0,0.0,0.0,0.0,0.0,0.0,0.0,1.0,1.0,0.0
2023-12-20,19:21:00.000000000,48.47,374.5985,,,,0,0.0,0.0,0.0,0.0,0.0,0.0,0.0,0.0,0.0,1.0,1.0,0.0
2023-12-20,19:22:00.000000000,48.48,374.75,,,,0,0.0,0.0,0.0,0.0,0.0,0.0,0.0,0.0,0.0,1.0,1.0,0.0
2023-12-20,19:23:00.000000000,48.485,374.75,-0.01570383700483489,54.37001291756187,2.001907064115447,0,0.0,0.0,0.0,0.0,0.0,0.0,0.0,0.0,0.0,1.0,1.0,0.0
2023-12-20,19:24:00.000000000,48.485,374.84,,,,0,0.0,0.0,0.0,0.0,0.0,0.0,0.0,0.0,0.0,1.0,1.0,0.0
2023-12-20,19:25:00.000000000,48.485,374.87,,,,0,0.0,0.0,0.0,0.0,0.0,0.0,0.0,0.0,0.0,1.0,1.0,0.0
2023-12-20,19:26:00.000000000,48.48,374.889,-0.01605736432866781,54.499729255809946,2.0118705482098003,0,0.0,0.0,0.0,0.0,0.0,0.0,0.0,0.0,0.0,1.0,1.0,0.0
2023-12-20,19:27:00.000000000,48.48,374.85,,,,0,0.0,0.0,0.0,0.0,0.0,0.0,0.0,0.0,0.0,1.0,1.0,0.0
2023-12-20,19:28:00.000000000,48.49,374.93,,,,0,0.0,0.0,0.0,0.0,0.0,0.0,0.0,0.0,0.0,1.0,1.0,0.0
2023-12-20,19:29:00.000000000,48.495,374.7726,-0.01639504192211512,54.63941248826008,2.025962939297044,0,0.0,0.0,0.0,0.0,0.0,0.0,0.0,0.0,0.0,1.0,1.0,0.0
2023-12-20,19:30:00.000000000,48.495,374.7017,,,,0,0.0,0.0,0.0,0.0,0.0,0.0,0.0,0.0,0.0,1.0,1.0,0.0
2023-12-20,19:31:00.000000000,48.51,374.72,,,,0,0.0,0.0,0.0,0.0,0.0,0.0,0.0,0.0,0.0,1.0,1.0,0.0
2023-12-20,19:32:00.000000000,48.44,374.4367,-0.016729329029922406,54.70407475517835,1.9939941624811786,0,0.0,0.0,0.0,0.0,0.0,0.0,0.0,0.0,0.0,1.0,1.0,0.0
2023-12-20,19:33:00.000000000,48.49,374.4,,,,0,0.0,0.0,0.0,0.0,0.0,0.0,0.0,0.0,0.0,1.0,1.0,0.0
2023-12-20,19:34:00.000000000,48.52,374.35,,,,0,0.0,0.0,0.0,0.0,0.0,0.0,0.0,0.0,0.0,1.0,1.0,0.0
2023-12-20,19:35:00.000000000,48.4954,374.49,-0.017033126449252867,54.874135523980705,2.0218640080377615,0,0.0,0.0,0.0,0.0,0.0,0.0,0.0,0.0,0.0,1.0,1.0,0.0
2023-12-20,19:36:00.000000000,48.5,374.44,,,,0,0.0,0.0,0.0,0.0,0.0,0.0,0.0,0.0,0.0,1.0,1.0,0.0
2023-12-20,19:37:00.000000000,48.46,374.1,,,,0,0.0,0.0,0.0,0.0,0.0,0.0,0.0,0.0,0.0,1.0,1.0,0.0
2023-12-20,19:38:00.000000000,48.46,374.2,-0.017333240433068792,54.946098570054346,1.9916285035870867,0,0.0,0.0,0.0,0.0,0.0,0.0,0.0,0.0,0.0,1.0,1.0,0.0
2023-12-20,19:39:00.000000000,48.42,374.0,,,,0,0.0,0.0,0.0,0.0,0.0,0.0,0.0,0.0,0.0,1.0,1.0,0.0
2023-12-20,19:40:00.000000000,48.44,374.0656,,,,0,0.0,0.0,0.0,0.0,0.0,0.0,0.0,0.0,0.0,1.0,1.0,0.0
2023-12-20,19:41:00.000000000,48.46,374.11,-0.01761853444583811,55.051269921532494,1.9813010512386395,0,0.0,0.0,0.0,0.0,0.0,0.0,0.0,0.0,0.0,1.0,1.0,0.0
2023-12-20,19:42:00.000000000,48.45,373.88,,,,0,0.0,0.0,0.0,0.0,0.0,0.0,0.0,0.0,0.0,1.0,1.0,0.0
2023-12-20,19:43:00.000000000,48.48,373.88,,,,0,0.0,0.0,0.0,0.0,0.0,0.0,0.0,0.0,0.0,1.0,1.0,0.0
2023-12-20,19:44:00.000000000,48.456,373.71,-0.01787799694493092,55.137186238290134,1.9600151274549518,0,0.0,0.0,0.0,0.0,0.0,0.0,0.0,0.0,0.0,1.0,1.0,0.0
2023-12-20,19:45:00.000000000,48.47,373.75,,,,0,0.0,0.0,0.0,0.0,0.0,0.0,0.0,0.0,0.0,1.0,1.0,0.0
2023-12-20,19:46:00.000000000,48.465,373.76,,,,0,0.0,0.0,0.0,0.0,0.0,0.0,0.0,0.0,0.0,1.0,1.0,0.0
2023-12-20,19:47:00.000000000,48.43,373.49,-0.018134928398083335,55.20321440740015,1.929195565442669,0,0.0,0.0,0.0,0.0,0.0,0.0,0.0,0.0,0.0,1.0,1.0,0.0
2023-12-20,19:48:00.000000000,48.39,373.1031,,,,0,0.0,0.0,0.0,0.0,0.0,0.0,0.0,0.0,0.0,1.0,1.0,0.0
2023-12-20,19:49:00.000000000,48.38,373.03,,,,0,0.0,0.0,0.0,0.0,0.0,0.0,0.0,0.0,0.0,1.0,1.0,0.0
2023-12-20,19:50:00.000000000,48.34,372.83,-0.018324581728668476,55.17195380589947,1.849269518101622,0,0.0,0.0,0.0,0.0,0.0,0.0,0.0,0.0,0.0,1.0,1.0,0.0
2023-12-20,19:51:00.000000000,48.275,372.43,,,,0,0.0,0.0,0.0,0.0,0.0,0.0,0.0,0.0,0.0,1.0,1.0,0.0
2023-12-20,19:52:00.000000000,48.23,372.16,,,,0,0.0,0.0,0.0,0.0,0.0,0.0,0.0,0.0,0.0,1.0,1.0,0.0
2023-12-20,19:53:00.000000000,48.19,372.02,-0.018460355625827134,55.05762149992021,1.7307412584511008,0,0.0,0.0,0.0,0.0,0.0,0.0,0.0,0.0,0.0,1.0,1.0,0.0
2023-12-20,19:54:00.000000000,48.258,372.74,,,,0,0.0,0.0,0.0,0.0,0.0,0.0,0.0,0.0,0.0,1.0,1.0,0.0
2023-12-20,19:55:00.000000000,48.24,372.81,,,,0,0.0,0.0,0.0,0.0,0.0,0.0,0.0,0.0,0.0,1.0,1.0,0.0
2023-12-20,19:56:00.000000000,48.17,372.3299,-0.01865875238148742,55.117211408323975,1.7101939379984614,0,0.0,0.0,0.0,0.0,0.0,0.0,0.0,0.0,0.0,1.0,1.0,0.0
2023-12-20,19:57:00.000000000,48.16,372.395,,,,0,0.0,0.0,0.0,0.0,0.0,0.0,0.0,0.0,0.0,1.0,1.0,0.0
2023-12-20,19:58:00.000000000,48.15,372.465,,,,0,0.0,0.0,0.0,0.0,0.0,0.0,0.0,0.0,0.0,1.0,1.0,0.0
2023-12-20,19:59:00.000000000,48.13,371.8612,-0.018804021743798232,55.12248609047491,1.6628007002308394,1,0.0,0.0,0.0,0.0,0.0,0.0,0.0,0.0,0.0,1.0,1.0,0.0
2023-12-20,20:00:00.000000000,48.13,372.08,,,,0,0.0,0.0,0.0,0.0,0.0,0.0,0.0,0.0,0.0,1.0,1.0,0.0
2023-12-20,20:01:00.000000000,48.1,371.83,,,,0,0.0,0.0,0.0,0.0,0.0,0.0,0.0,0.0,0.0,1.0,1.0,0.0
2023-12-20,20:02:00.000000000,48.095,371.7399,-0.01894441802033948,55.137396060439194,1.6232847606305494,0,0.0,0.0,0.0,0.0,0.0,0.0,0.0,0.0,0.0,1.0,1.0,0.0
2023-12-20,20:03:00.000000000,48.08,371.73,,,,0,0.0,0.0,0.0,0.0,0.0,0.0,0.0,0.0,0.0,1.0,1.0,0.0
2023-12-20,20:04:00.000000000,48.04,371.54,,,,0,0.0,0.0,0.0,0.0,0.0,0.0,0.0,0.0,0.0,1.0,1.0,0.0
2023-12-20,20:05:00.000000000,48.07,371.6,-0.01907174260261514,55.15705955113179,1.5888402280356373,0,0.0,0.0,0.0,0.0,0.0,0.0,0.0,0.0,0.0,1.0,1.0,0.0
2023-12-20,20:06:00.000000000,48.09,371.77,,,,0,0.0,0.0,0.0,0.0,0.0,0.0,0.0,0.0,0.0,1.0,1.0,0.0
2023-12-20,20:07:00.000000000,48.06,372.02,,,,0,0.0,0.0,0.0,0.0,0.0,0.0,0.0,0.0,0.0,1.0,1.0,0.0
2023-12-20,20:08:00.000000000,48.005,371.95,-0.0192674082005527,55.17151248019558,1.5537850685856796,0,0.0,0.0,0.0,0.0,0.0,0.0,0.0,0.0,0.0,1.0,1.0,0.0
2023-12-20,20:09:00.000000000,48.08,372.2645,,,,0,0.0,0.0,0.0,0.0,0.0,0.0,0.0,0.0,0.0,1.0,1.0,0.0
2023-12-20,20:10:00.000000000,48.095,372.185,,,,0,0.0,0.0,0.0,0.0,0.0,0.0,0.0,0.0,0.0,1.0,1.0,0.0
2023-12-20,20:11:00.000000000,48.1118,372.14,-0.01946189052700365,55.35434794071914,1.6065178765428527,0,0.0,0.0,0.0,0.0,0.0,0.0,0.0,0.0,0.0,1.0,1.0,0.0
2023-12-20,20:12:00.000000000,48.065,371.55,,,,0,0.0,0.0,0.0,0.0,0.0,0.0,0.0,0.0,0.0,1.0,1.0,0.0
2023-12-20,20:13:00.000000000,48.07,371.53,,,,0,0.0,0.0,0.0,0.0,0.0,0.0,0.0,0.0,0.0,1.0,1.0,0.0
2023-12-20,20:14:00.000000000,48.075,371.52,-0.019551220619436187,55.338669484532936,1.5554912891530335,0,0.0,0.0,0.0,0.0,0.0,0.0,0.0,0.0,0.0,1.0,1.0,0.0
2023-12-20,20:15:00.000000000,48.14,372.0293,,,,0,0.0,0.0,0.0,0.0,0.0,0.0,0.0,0.0,0.0,1.0,1.0,0.0
2023-12-20,20:16:00.000000000,48.13,371.93,,,,0,0.0,0.0,0.0,0.0,0.0,0.0,0.0,0.0,0.0,1.0,1.0,0.0
2023-12-20,20:17:00.000000000,48.15,372.44,-0.01977969391017019,55.516749199903785,1.6057256884460003,0,0.0,0.0,0.0,0.0,0.0,0.0,0.0,0.0,0.0,1.0,1.0,0.0
2023-12-20,20:18:00.000000000,48.165,372.36,,,,0,0.0,0.0,0.0,0.0,0.0,0.0,0.0,0.0,0.0,1.0,1.0,0.0
2023-12-20,20:19:00.000000000,48.14,372.39,,,,0,0.0,0.0,0.0,0.0,0.0,0.0,0.0,0.0,0.0,1.0,1.0,0.0
2023-12-20,20:20:00.000000000,48.12,372.1261,-0.01997774597021177,55.55424069468562,1.582790341248319,0,0.0,0.0,0.0,0.0,0.0,0.0,0.0,0.0,0.0,1.0,1.0,0.0
2023-12-20,20:21:00.000000000,48.145,372.235,,,,0,0.0,0.0,0.0,0.0,0.0,0.0,0.0,0.0,0.0,1.0,1.0,0.0
2023-12-20,20:22:00.000000000,48.12,372.2,,,,0,0.0,0.0,0.0,0.0,0.0,0.0,0.0,0.0,0.0,1.0,1.0,0.0
2023-12-20,20:23:00.000000000,48.11,372.16,-0.020185970917771214,55.62241093675773,1.5763336979721339,0,0.0,0.0,0.0,0.0,0.0,0.0,0.0,0.0,0.0,1.0,1.0,0.0
2023-12-20,20:24:00.000000000,48.04,371.95,,,,0,0.0,0.0,0.0,0.0,0.0,0.0,0.0,0.0,0.0,1.0,1.0,0.0
2023-12-20,20:25:00.000000000,48.06,371.91,,,,0,0.0,0.0,0.0,0.0,0.0,0.0,0.0,0.0,0.0,1.0,1.0,0.0
2023-12-20,20:26:00.000000000,48.1,371.77,-0.020357013637856206,55.668126960145806,1.5596256715791919,0,0.0,0.0,0.0,0.0,0.0,0.0,0.0,0.0,0.0,1.0,1.0,0.0
2023-12-20,20:27:00.000000000,48.06,371.39,,,,0,0.0,0.0,0.0,0.0,0.0,0.0,0.0,0.0,0.0,1.0,1.0,0.0
2023-12-20,20:28:00.000000000,48.05,371.28,,,,0,0.0,0.0,0.0,0.0,0.0,0.0,0.0,0.0,0.0,1.0,1.0,0.0
2023-12-20,20:29:00.000000000,48.03,370.96,-0.020375160667176706,55.58836960109587,1.4803335838359664,0,0.0,0.0,0.0,0.0,0.0,0.0,0.0,0.0,0.0,1.0,1.0,0.0
2023-12-20,20:30:00.000000000,48.07,371.53,,,,0,0.0,0.0,0.0,0.0,0.0,0.0,0.0,0.0,0.0,1.0,1.0,0.0
2023-12-20,20:31:00.000000000,48.05,371.4133,,,,0,0.0,0.0,0.0,0.0,0.0,0.0,0.0,0.0,0.0,1.0,1.0,0.0
2023-12-20,20:32:00.000000000,48.025,371.0861,-0.020414184570435194,55.60042013692297,1.451104699163779,0,0.0,0.0,0.0,0.0,0.0,0.0,0.0,0.0,0.0,1.0,1.0,0.0
2023-12-20,20:33:00.000000000,48.02,371.17,,,,0,0.0,0.0,0.0,0.0,0.0,0.0,0.0,0.0,0.0,1.0,1.0,0.0
2023-12-20,20:34:00.000000000,48.005,371.2,,,,0,0.0,0.0,0.0,0.0,0.0,0.0,0.0,0.0,0.0,1.0,1.0,0.0
2023-12-20,20:35:00.000000000,47.965,370.945,-0.02045179356032822,55.551490562235955,1.39211383347581,0,0.0,0.0,0.0,0.0,0.0,0.0,0.0,0.0,0.0,1.0,1.0,0.0
2023-12-20,20:36:00.000000000,48.02,370.9857,,,,0,0.0,0.0,0.0,0.0,0.0,0.0,0.0,0.0,0.0,1.0,1.0,0.0
2023-12-20,20:37:00.000000000,48.035,371.06,,,,0,0.0,0.0,0.0,0.0,0.0,0.0,0.0,0.0,0.0,1.0,1.0,0.0
2023-12-20,20:38:00.000000000,48.005,371.07,-0.020583970453442877,55.64309391615905,1.408030007484851,0,0.0,0.0,0.0,0.0,0.0,0.0,0.0,0.0,0.0,1.0,1.0,0.0
2023-12-20,20:39:00.000000000,48.02,371.05,,,,0,0.0,0.0,0.0,0.0,0.0,0.0,0.0,0.0,0.0,1.0,1.0,0.0
2023-12-20,20:40:00.000000000,48.08,371.51,,,,0,0.0,0.0,0.0,0.0,0.0,0.0,0.0,0.0,0.0,1.0,1.0,0.0
2023-12-20,20:41:00.000000000,48.11,371.63,-0.021063220675658096,55.93772469969482,1.5285369068986816,0,0.0,0.0,0.0,0.0,0.0,0.0,0.0,0.0,0.0,1.0,1.0,0.0
2023-12-20,20:42:00.000000000,48.1,371.89,,,,0,0.0,0.0,0.0,0.0,0.0,0.0,0.0,0.0,0.0,1.0,1.0,0.0
2023-12-20,20:43:00.000000000,48.095,371.795,,,,0,0.0,0.0,0.0,0.0,0.0,0.0,0.0,0.0,0.0,1.0,1.0,0.0
2023-12-20,20:44:00.000000000,48.095,372.0,-0.021647724044717806,56.14795334463502,1.6011481419257418,0,0.0,0.0,0.0,0.0,0.0,0.0,0.0,0.0,0.0,1.0,1.0,0.0
2023-12-20,20:45:00.000000000,48.075,372.12,,,,0,0.0,0.0,0.0,0.0,0.0,0.0,0.0,0.0,0.0,1.0,1.0,0.0
2023-12-20,20:46:00.000000000,48.035,372.04,,,,0,0.0,0.0,0.0,0.0,0.0,0.0,0.0,0.0,0.0,1.0,1.0,0.0
2023-12-20,20:47:00.000000000,48.045,372.13,-0.02228403449610387,56.337557757035135,1.6600338899842146,0,0.0,0.0,0.0,0.0,0.0,0.0,0.0,0.0,0.0,1.0,1.0,0.0
2023-12-20,20:48:00.000000000,48.045,371.97,,,,0,0.0,0.0,0.0,0.0,0.0,0.0,0.0,0.0,0.0,1.0,1.0,0.0
2023-12-20,20:49:00.000000000,48.08,372.17,,,,0,0.0,0.0,0.0,0.0,0.0,0.0,0.0,0.0,0.0,1.0,1.0,0.0
2023-12-20,20:50:00.000000000,48.06,372.42,-0.023056234499770335,56.64660285240447,1.7772709103309634,0,0.0,0.0,0.0,0.0,0.0,0.0,0.0,0.0,0.0,1.0,1.0,0.0
2023-12-20,20:51:00.000000000,48.065,372.24,,,,0,0.0,0.0,0.0,0.0,0.0,0.0,0.0,0.0,0.0,1.0,1.0,0.0
2023-12-20,20:52:00.000000000,48.045,372.11,,,,0,0.0,0.0,0.0,0.0,0.0,0.0,0.0,0.0,0.0,1.0,1.0,0.0
2023-12-20,20:53:00.000000000,48.015,371.85,-0.023886792141827633,56.89730365793861,1.8580565778126166,0,0.0,0.0,0.0,0.0,0.0,0.0,0.0,0.0,0.0,1.0,1.0,0.0
2023-12-20,20:54:00.000000000,48.045,372.41,,,,0,0.0,0.0,0.0,0.0,0.0,0.0,0.0,0.0,0.0,1.0,1.0,0.0
2023-12-20,20:55:00.000000000,48.015,371.75,,,,0,0.0,0.0,0.0,0.0,0.0,0.0,0.0,0.0,0.0,1.0,1.0,0.0
2023-12-20,20:56:00.000000000,47.955,371.75,-0.024559350730541264,57.08493863407871,1.900933453534568,0,0.0,0.0,0.0,0.0,0.0,0.0,0.0,0.0,0.0,1.0,1.0,0.0
2023-12-20,20:57:00.000000000,47.915,371.1294,,,,0,0.0,0.0,0.0,0.0,0.0,0.0,0.0,0.0,0.0,1.0,1.0,0.0
2023-12-20,20:58:00.000000000,47.93,371.02,,,,0,0.0,0.0,0.0,0.0,0.0,0.0,0.0,0.0,0.0,1.0,1.0,0.0
2023-12-20,20:59:00.000000000,47.9,370.57,-0.024902408514058918,57.128085523054814,1.8690828920486218,1,0.0,0.0,0.0,0.0,0.0,0.0,0.0,0.0,0.0,1.0,1.0,0.0
2023-12-21,14:29:00.000000000,47.807,372.51,-0.025623916466411895,57.352165122903095,1.9287995962989415,0,0.0,0.0,0.0,0.0,0.0,0.0,0.0,0.0,0.0,1.0,1.0,0.0
2023-12-21,14:30:00.000000000,48.245,373.21,,,,0,0.0,0.0,0.0,0.0,0.0,0.0,0.0,0.0,0.0,1.0,1.0,0.0
2023-12-21,14:31:00.000000000,48.34,373.82,,,,0,0.0,0.0,0.0,0.0,0.0,0.0,0.0,0.0,0.0,1.0,1.0,0.0
2023-12-21,14:32:00.000000000,48.3,373.38,-0.026385775591465797,58.1519208903415,2.26192434980391,0,0.0,0.0,0.0,0.0,0.0,0.0,0.0,0.0,0.0,1.0,1.0,0.0
2023-12-21,14:33:00.000000000,48.3,373.195,,,,0,0.0,0.0,0.0,0.0,0.0,0.0,0.0,0.0,0.0,1.0,1.0,0.0
2023-12-21,14:34:00.000000000,48.4275,373.53,,,,0,0.0,0.0,0.0,0.0,0.0,0.0,0.0,0.0,0.0,1.0,1.0,0.0
2023-12-21,14:35:00.000000000,48.4,373.3,-0.026964350106546978,58.465791894773986,2.329322832694453,0,0.0,0.0,0.0,0.0,0.0,0.0,0.0,0.0,0.0,1.0,1.0,0.0
2023-12-21,14:36:00.000000000,48.35,373.036,,,,0,0.0,0.0,0.0,0.0,0.0,0.0,0.0,0.0,0.0,1.0,1.0,0.0
2023-12-21,14:37:00.000000000,48.405,373.21,,,,0,0.0,0.0,0.0,0.0,0.0,0.0,0.0,0.0,0.0,1.0,1.0,0.0
2023-12-21,14:38:00.000000000,48.42,373.63,-0.02761426310009731,58.73751712208936,2.3671462147988396,0,0.0,0.0,0.0,0.0,0.0,0.0,0.0,0.0,0.0,1.0,1.0,0.0
2023-12-21,14:39:00.000000000,48.4,374.095,,,,0,0.0,0.0,0.0,0.0,0.0,0.0,0.0,0.0,0.0,1.0,1.0,0.0
2023-12-21,14:40:00.000000000,48.36,373.42,,,,0,0.0,0.0,0.0,0.0,0.0,0.0,0.0,0.0,0.0,1.0,1.0,0.0
2023-12-21,14:41:00.000000000,48.32,373.5,-0.02816151493885358,58.83832582966181,2.320873987794779,0,0.0,0.0,0.0,0.0,0.0,0.0,0.0,0.0,0.0,1.0,1.0,0.0
2023-12-21,14:42:00.000000000,48.3,373.51,,,,0,0.0,0.0,0.0,0.0,0.0,0.0,0.0,0.0,0.0,1.0,1.0,0.0
2023-12-21,14:43:00.000000000,48.35,373.595,,,,0,0.0,0.0,0.0,0.0,0.0,0.0,0.0,0.0,0.0,1.0,1.0,0.0
2023-12-21,14:44:00.000000000,48.37,373.855,-0.028731325597277986,59.11134973117036,2.354055737341048,0,0.0,0.0,0.0,0.0,0.0,0.0,0.0,0.0,0.0,1.0,1.0,0.0
2023-12-21,14:45:00.000000000,48.41,373.59,,,,0,0.0,0.0,0.0,0.0,0.0,0.0,0.0,0.0,0.0,1.0,1.0,0.0
2023-12-21,14:46:00.000000000,48.43,372.87,,,,0,0.0,0.0,0.0,0.0,0.0,0.0,0.0,0.0,0.0,1.0,1.0,0.0
2023-12-21,14:47:00.000000000,48.4,372.545,-0.029125185864836454,59.2504423680155,2.323103807249851,0,0.0,0.0,0.0,0.0,0.0,0.0,0.0,0.0,0.0,1.0,1.0,0.0
2023-12-21,14:48:00.000000000,48.4,372.501,,,,0,0.0,0.0,0.0,0.0,0.0,0.0,0.0,0.0,0.0,1.0,1.0,0.0
2023-12-21,14:49:00.000000000,48.37,372.7801,,,,0,0.0,0.0,0.0,0.0,0.0,0.0,0.0,0.0,0.0,1.0,1.0,0.0
2023-12-21,14:50:00.000000000,48.36,372.8399,-0.0296588635632604,59.41800772503965,2.3057581392272892,0,0.0,0.0,0.0,0.0,0.0,0.0,0.0,0.0,0.0,1.0,1.0,0.0
2023-12-21,14:51:00.000000000,48.4,372.8237,,,,0,0.0,0.0,0.0,0.0,0.0,0.0,0.0,0.0,0.0,1.0,1.0,0.0
2023-12-21,14:52:00.000000000,48.41,372.865,,,,0,0.0,0.0,0.0,0.0,0.0,0.0,0.0,0.0,0.0,1.0,1.0,0.0
2023-12-21,14:53:00.000000000,48.42,373.0,-0.03017517951758621,59.675341960059654,2.3262276338772176,0,0.0,0.0,0.0,0.0,0.0,0.0,0.0,0.0,0.0,1.0,1.0,0.0
2023-12-21,14:54:00.000000000,48.35,372.61,,,,0,0.0,0.0,0.0,0.0,0.0,0.0,0.0,0.0,0.0,1.0,1.0,0.0
2023-12-21,14:55:00.000000000,48.35,372.41,,,,0,0.0,0.0,0.0,0.0,0.0,0.0,0.0,0.0,0.0,1.0,1.0,0.0
2023-12-21,14:56:00.000000000,48.38,372.3,-0.030649148377901933,59.790677941092895,2.2837781951416662,0,0.0,0.0,0.0,0.0,0.0,0.0,0.0,0.0,0.0,1.0,1.0,0.0
2023-12-21,14:57:00.000000000,48.345,372.06,,,,0,0.0,0.0,0.0,0.0,0.0,0.0,0.0,0.0,0.0,1.0,1.0,0.0
2023-12-21,14:58:00.000000000,48.35,371.89,,,,0,0.0,0.0,0.0,0.0,0.0,0.0,0.0,0.0,0.0,1.0,1.0,0.0
2023-12-21,14:59:00.000000000,48.37,372.007,-0.03118733407766659,59.97190658823051,2.269829075242251,0,0.0,0.0,0.0,0.0,0.0,0.0,0.0,0.0,0.0,1.0,1.0,0.0
2023-12-21,15:00:00.000000000,48.34,372.215,,,,0,0.0,0.0,0.0,0.0,0.0,0.0,0.0,0.0,0.0,1.0,1.0,0.0
2023-12-21,15:01:00.000000000,48.38,372.375,,,,0,0.0,0.0,0.0,0.0,0.0,0.0,0.0,0.0,0.0,1.0,1.0,0.0
2023-12-21,15:02:00.000000000,48.37,371.85,-0.03172325056062023,60.16629072096663,2.2600075505891017,0,0.0,0.0,0.0,0.0,0.0,0.0,0.0,0.0,0.0,1.0,1.0,0.0
2023-12-21,15:03:00.000000000,48.375,371.8654,,,,0,0.0,0.0,0.0,0.0,0.0,0.0,0.0,0.0,0.0,1.0,1.0,0.0
2023-12-21,15:04:00.000000000,48.3573,371.84,,,,0,0.0,0.0,0.0,0.0,0.0,0.0,0.0,0.0,0.0,1.0,1.0,0.0
2023-12-21,15:05:00.000000000,48.32,371.48,-0.03213847891614963,60.25880214777126,2.209616147842823,0,0.0,0.0,0.0,0.0,0.0,0.0,0.0,0.0,0.0,1.0,1.0,0.0
2023-12-21,15:06:00.000000000,48.31,371.25,,,,0,0.0,0.0,0.0,0.0,0.0,0.0,0.0,0.0,0.0,1.0,1.0,0.0
2023-12-21,15:07:00.000000000,48.33,371.205,,,,0,0.0,0.0,0.0,0.0,0.0,0.0,0.0,0.0,0.0,1.0,1.0,0.0
2023-12-21,15:08:00.000000000,48.245,371.08,-0.0324681319354307,60.29327439859962,2.1411763573546425,0,0.0,0.0,0.0,0.0,0.0,0.0,0.0,0.0,0.0,1.0,1.0,0.0
2023-12-21,15:09:00.000000000,48.2,370.99,,,,0,0.0,0.0,0.0,0.0,0.0,0.0,0.0,0.0,0.0,1.0,1.0,0.0
2023-12-21,15:10:00.000000000,48.21,371.27,,,,0,0.0,0.0,0.0,0.0,0.0,0.0,0.0,0.0,0.0,1.0,1.0,0.0
2023-12-21,15:11:00.000000000,48.2,370.99,-0.03289007921047764,60.4018904862951,2.1058823518512675,0,0.0,0.0,0.0,0.0,0.0,0.0,0.0,0.0,0.0,1.0,1.0,0.0
2023-12-21,15:12:00.000000000,48.19,371.13,,,,0,0.0,0.0,0.0,0.0,0.0,0.0,0.0,0.0,0.0,1.0,1.0,0.0
2023-12-21,15:13:00.000000000,48.24,371.56,,,,0,0.0,0.0,0.0,0.0,0.0,0.0,0.0,0.0,0.0,1.0,1.0,0.0
2023-12-21,15:14:00.000000000,48.27,371.62,-0.03338822180338023,60.677730986572165,2.134227762366579,0,0.0,0.0,0.0,0.0,0.0,0.0,0.0,0.0,0.0,1.0,1.0,0.0
2023-12-21,15:15:00.000000000,48.3,371.69,,,,0,0.0,0.0,0.0,0.0,0.0,0.0,0.0,0.0,0.0,1.0,1.0,0.0
2023-12-21,15:16:00.000000000,48.32,371.53,,,,0,0.0,0.0,0.0,0.0,0.0,0.0,0.0,0.0,0.0,1.0,1.0,0.0
2023-12-21,15:17:00.000000000,48.35,371.77,-0.033933099170051835,60.96530827845017,2.162342985590069,0,0.0,0.0,0.0,0.0,0.0,0.0,0.0,0.0,0.0,1.0,1.0,0.0
2023-12-21,15:18:00.000000000,48.38,371.84,,,,0,0.0,0.0,0.0,0.0,0.0,0.0,0.0,0.0,0.0,1.0,1.0,0.0
2023-12-21,15:19:00.000000000,48.38,371.825,,,,0,0.0,0.0,0.0,0.0,0.0,0.0,0.0,0.0,0.0,1.0,1.0,0.0
2023-12-21,15:20:00.000000000,48.42,371.9806,-0.03446023430021253,61.238538631133636,2.1803624818491056,0,0.0,0.0,0.0,0.0,0.0,0.0,0.0,0.0,0.0,1.0,1.0,0.0
2023-12-21,15:21:00.000000000,48.455,372.24,,,,0,0.0,0.0,0.0,0.0,0.0,0.0,0.0,0.0,0.0,1.0,1.0,0.0
2023-12-21,15:22:00.000000000,48.47,372.4382,,,,0,0.0,0.0,0.0,0.0,0.0,0.0,0.0,0.0,0.0,1.0,1.0,0.0
2023-12-21,15:23:00.000000000,48.47,372.31,-0.03504201179939182,61.51649141303157,2.1965065396558563,0,0.0,0.0,0.0,0.0,0.0,0.0,0.0,0.0,0.0,1.0,1.0,0.0
2023-12-21,15:24:00.000000000,48.49,372.32,,,,0,0.0,0.0,0.0,0.0,0.0,0.0,0.0,0.0,0.0,1.0,1.0,0.0
2023-12-21,15:25:00.000000000,48.5,372.1,,,,0,0.0,0.0,0.0,0.0,0.0,0.0,0.0,0.0,0.0,1.0,1.0,0.0
2023-12-21,15:26:00.000000000,48.4,371.96,-0.03564438898261556,61.658286925973684,2.162157886758152,0,0.0,0.0,0.0,0.0,0.0,0.0,0.0,0.0,0.0,1.0,1.0,0.0
2023-12-21,15:27:00.000000000,48.34,371.46,,,,0,0.0,0.0,0.0,0.0,0.0,0.0,0.0,0.0,0.0,1.0,1.0,0.0
2023-12-21,15:28:00.000000000,48.31,371.585,,,,0,0.0,0.0,0.0,0.0,0.0,0.0,0.0,0.0,0.0,1.0,1.0,0.0
2023-12-21,15:29:00.000000000,48.29,371.49,-0.03616927593162093,61.72652431583786,2.1050174257430636,0,0.0,0.0,0.0,0.0,0.0,0.0,0.0,0.0,0.0,1.0,1.0,0.0
2023-12-21,15:30:00.000000000,48.31,371.55,,,,0,0.0,0.0,0.0,0.0,0.0,0.0,0.0,0.0,0.0,1.0,1.0,0.0
2023-12-21,15:31:00.000000000,48.33,371.7115,,,,0,0.0,0.0,0.0,0.0,0.0,0.0,0.0,0.0,0.0,1.0,1.0,0.0
2023-12-21,15:32:00.000000000,48.31,371.925,-0.03681222579634361,62.001387079305104,2.120956457390877,0,0.0,0.0,0.0,0.0,0.0,0.0,0.0,0.0,0.0,1.0,1.0,0.0
2023-12-21,15:33:00.000000000,48.34,371.99,,,,0,0.0,0.0,0.0,0.0,0.0,0.0,0.0,0.0,0.0,1.0,1.0,0.0
2023-12-21,15:34:00.000000000,48.42,372.29,,,,0,0.0,0.0,0.0,0.0,0.0,0.0,0.0,0.0,0.0,1.0,1.0,0.0
2023-12-21,15:35:00.000000000,48.37,371.87,-0.03742828563281424,62.28845657827463,2.1380254828786986,0,0.0,0.0,0.0,0.0,0.0,0.0,0.0,0.0,0.0,1.0,1.0,0.0
2023-12-21,15:36:00.000000000,48.39,372.25,,,,0,0.0,0.0,0.0,0.0,0.0,0.0,0.0,0.0,0.0,1.0,1.0,0.0
2023-12-21,15:37:00.000000000,48.38,372.03,,,,0,0.0,0.0,0.0,0.0,0.0,0.0,0.0,0.0,0.0,1.0,1.0,0.0
2023-12-21,15:38:00.000000000,48.3315,372.06,-0.03803310948269183,62.48209871413032,2.1217930519003856,0,0.0,0.0,0.0,0.0,0.0,0.0,0.0,0.0,0.0,1.0,1.0,0.0
2023-12-21,15:39:00.000000000,48.385,371.905,,,,0,0.0,0.0,0.0,0.0,0.0,0.0,0.0,0.0,0.0,1.0,1.0,0.0
2023-12-21,15:40:00.000000000,48.405,372.2579,,,,0,0.0,0.0,0.0,0.0,0.0,0.0,0.0,0.0,0.0,1.0,1.0,0.0
2023-12-21,15:41:00.000000000,48.415,372.0292,-0.038621846439341814,62.783454633351184,2.1395176299756224,0,0.0,0.0,0.0,0.0,0.0,0.0,0.0,0.0,0.0,1.0,1.0,0.0
2023-12-21,15:42:00.000000000,48.4,371.925,,,,0,0.0,0.0,0.0,0.0,0.0,0.0,0.0,0.0,0.0,1.0,1.0,0.0
2023-12-21,15:43:00.000000000,48.41,372.1016,,,,0,0.0,0.0,0.0,0.0,0.0,0.0,0.0,0.0,0.0,1.0,1.0,0.0
2023-12-21,15:44:00.000000000,48.41,371.9,-0.03910889134519541,62.95459669127817,2.113779076925405,0,0.0,0.0,0.0,0.0,0.0,0.0,0.0,0.0,0.0,1.0,1.0,0.0
2023-12-21,15:45:00.000000000,48.41,372.065,,,,0,0.0,0.0,0.0,0.0,0.0,0.0,0.0,0.0,0.0,1.0,1.0,0.0
2023-12-21,15:46:00.000000000,48.405,372.14,,,,0,0.0,0.0,0.0,0.0,0.0,0.0,0.0,0.0,0.0,1.0,1.0,0.0
2023-12-21,15:47:00.000000000,48.425,372.24,-0.039597859769449795,63.164907320579985,2.1010169199753252,0,0.0,0.0,0.0,0.0,0.0,0.0,0.0,0.0,0.0,1.0,1.0,0.0
2023-12-21,15:48:00.000000000,48.415,372.07,,,,0,0.0,0.0,0.0,0.0,0.0,0.0,0.0,0.0,0.0,1.0,1.0,0.0
2023-12-21,15:49:00.000000000,48.405,372.16,,,,0,0.0,0.0,0.0,0.0,0.0,0.0,0.0,0.0,0.0,1.0,1.0,0.0
2023-12-21,15:50:00.000000000,48.34,371.635,-0.03999092039035893,63.20202569927105,2.0359449365093396,0,0.0,0.0,0.0,0.0,0.0,0.0,0.0,0.0,0.0,1.0,1.0,0.0
2023-12-21,15:51:00.000000000,48.31,371.71,,,,0,0.0,0.0,0.0,0.0,0.0,0.0,0.0,0.0,0.0,1.0,1.0,0.0
2023-12-21,15:52:00.000000000,48.28,371.58,,,,0,0.0,0.0,0.0,0.0,0.0,0.0,0.0,0.0,0.0,1.0,1.0,0.0
2023-12-21,15:53:00.000000000,48.27,371.585,-0.0403767951514537,63.27341142635292,1.9859808141118644,0,0.0,0.0,0.0,0.0,0.0,0.0,0.0,0.0,0.0,1.0,1.0,0.0
2023-12-21,15:54:00.000000000,48.269,371.5064,,,,0,0.0,0.0,0.0,0.0,0.0,0.0,0.0,0.0,0.0,1.0,1.0,0.0
2023-12-21,15:55:00.000000000,48.27,371.74,,,,0,0.0,0.0,0.0,0.0,0.0,0.0,0.0,0.0,0.0,1.0,1.0,0.0
2023-12-21,15:56:00.000000000,48.25,371.51,-0.040799518309881495,63.40742904730408,1.9580271619906766,0,0.0,0.0,0.0,0.0,0.0,0.0,0.0,0.0,0.0,1.0,1.0,0.0
2023-12-21,15:57:00.000000000,48.2319,371.3955,,,,0,0.0,0.0,0.0,0.0,0.0,0.0,0.0,0.0,0.0,1.0,1.0,0.0
2023-12-21,15:58:00.000000000,48.22,371.2933,,,,0,0.0,0.0,0.0,0.0,0.0,0.0,0.0,0.0,0.0,1.0,1.0,0.0
2023-12-21,15:59:00.000000000,48.225,371.45,-0.041193006832515325,63.52614238793782,1.9271161091964883,0,0.0,0.0,0.0,0.0,0.0,0.0,0.0,0.0,0.0,1.0,1.0,0.0
2023-12-21,16:00:00.000000000,48.24,371.57,,,,0,0.0,0.0,0.0,0.0,0.0,0.0,0.0,0.0,0.0,1.0,1.0,0.0
2023-12-21,16:01:00.000000000,48.23,371.505,,,,0,0.0,0.0,0.0,0.0,0.0,0.0,0.0,0.0,0.0,1.0,1.0,0.0
2023-12-21,16:02:00.000000000,48.26,371.58,-0.04164502223606233,63.734457362476036,1.9236825081558802,0,0.0,0.0,0.0,0.0,0.0,0.0,0.0,0.0,0.0,1.0,1.0,0.0
2023-12-21,16:03:00.000000000,48.32,371.745,,,,0,0.0,0.0,0.0,0.0,0.0,0.0,0.0,0.0,0.0,1.0,1.0,0.0
2023-12-21,16:04:00.000000000,48.3,371.695,,,,0,0.0,0.0,0.0,0.0,0.0,0.0,0.0,0.0,0.0,1.0,1.0,0.0
2023-12-21,16:05:00.000000000,48.31,371.6701,-0.04209118996017952,63.954036781618925,1.9230323614755107,0,0.0,0.0,0.0,0.0,0.0,0.0,0.0,0.0,0.0,1.0,1.0,0.0
2023-12-21,16:06:00.000000000,48.34,371.63,,,,0,0.0,0.0,0.0,0.0,0.0,0.0,0.0,0.0,0.0,1.0,1.0,0.0
2023-12-21,16:07:00.000000000,48.29,371.285,,,,0,0.0,0.0,0.0,0.0,0.0,0.0,0.0,0.0,0.0,1.0,1.0,0.0
2023-12-21,16:08:00.000000000,48.285,371.2769,-0.042502533590910836,64.06520891377924,1.8912782989524788,0,0.0,0.0,0.0,0.0,0.0,0.0,0.0,0.0,0.0,1.0,1.0,0.0
2023-12-21,16:09:00.000000000,48.2799,371.19,,,,0,0.0,0.0,0.0,0.0,0.0,0.0,0.0,0.0,0.0,1.0,1.0,0.0
2023-12-21,16:10:00.000000000,48.28,371.2,,,,0,0.0,0.0,0.0,0.0,0.0,0.0,0.0,0.0,0.0,1.0,1.0,0.0
2023-12-21,16:11:00.000000000,48.285,371.285,-0.04295395763465609,64.23316016038328,1.8769188121028493,0,0.0,0.0,0.0,0.0,0.0,0.0,0.0,0.0,0.0,1.0,1.0,0.0
2023-12-21,16:12:00.000000000,48.245,371.2614,,,,0,0.0,0.0,0.0,0.0,0.0,0.0,0.0,0.0,0.0,1.0,1.0,0.0
2023-12-21,16:13:00.000000000,48.255,371.24,,,,0,0.0,0.0,0.0,0.0,0.0,0.0,0.0,0.0,0.0,1.0,1.0,0.0
2023-12-21,16:14:00.000000000,48.265,371.45,-0.04339078699916644,64.38250783084038,1.8579231869373694,0,0.0,0.0,0.0,0.0,0.0,0.0,0.0,0.0,0.0,1.0,1.0,0.0
2023-12-21,16:15:00.000000000,48.3,371.565,,,,0,0.0,0.0,0.0,0.0,0.0,0.0,0.0,0.0,0.0,1.0,1.0,0.0
2023-12-21,16:16:00.000000000,48.3131,371.46,,,,0,0.0,0.0,0.0,0.0,0.0,0.0,0.0,0.0,0.0,1.0,1.0,0.0
2023-12-21,16:17:00.000000000,48.3,371.16,-0.043774840405904875,64.54746976505565,1.8438712134350799,0,0.0,0.0,0.0,0.0,0.0,0.0,0.0,0.0,0.0,1.0,1.0,0.0
2023-12-21,16:18:00.000000000,48.28,371.08,,,,0,0.0,0.0,0.0,0.0,0.0,0.0,0.0,0.0,0.0,1.0,1.0,0.0
2023-12-21,16:19:00.000000000,48.3,371.2,,,,0,0.0,0.0,0.0,0.0,0.0,0.0,0.0,0.0,0.0,1.0,1.0,0.0
2023-12-21,16:20:00.000000000,48.315,371.0611,-0.044203454824241414,64.71718257088332,1.8313450031095588,0,0.0,0.0,0.0,0.0,0.0,0.0,0.0,0.0,0.0,1.0,1.0,0.0
2023-12-21,16:21:00.000000000,48.355,371.43,,,,0,0.0,0.0,0.0,0.0,0.0,0.0,0.0,0.0,0.0,1.0,1.0,0.0
2023-12-21,16:22:00.000000000,48.34,371.435,,,,0,0.0,0.0,0.0,0.0,0.0,0.0,0.0,0.0,0.0,1.0,1.0,0.0
2023-12-21,16:23:00.000000000,48.335,371.47,-0.044693057428366434,64.93713004291529,1.8326036067295148,0,0.0,0.0,0.0,0.0,0.0,0.0,0.0,0.0,0.0,1.0,1.0,0.0
2023-12-21,16:24:00.000000000,48.34,371.4537,,,,0,0.0,0.0,0.0,0.0,0.0,0.0,0.0,0.0,0.0,1.0,1.0,0.0
2023-12-21,16:25:00.000000000,48.32,371.25,,,,0,0.0,0.0,0.0,0.0,0.0,0.0,0.0,0.0,0.0,1.0,1.0,0.0
2023-12-21,16:26:00.000000000,48.34,371.36,-0.045113749139755056,65.09344188053944,1.8163732874872127,0,0.0,0.0,0.0,0.0,0.0,0.0,0.0,0.0,0.0,1.0,1.0,0.0
2023-12-21,16:27:00.000000000,48.34,371.43,,,,0,0.0,0.0,0.0,0.0,0.0,0.0,0.0,0.0,0.0,1.0,1.0,0.0
2023-12-21,16:28:00.000000000,48.35,371.45,,,,0,0.0,0.0,0.0,0.0,0.0,0.0,0.0,0.0,0.0,1.0,1.0,0.0
2023-12-21,16:29:00.000000000,48.33,371.6,-0.04554344332461573,65.25394353942721,1.801558692895441,0,0.0,0.0,0.0,0.0,0.0,0.0,0.0,0.0,0.0,1.0,1.0,0.0
2023-12-21,16:30:00.000000000,48.335,371.585,,,,0,0.0,0.0,0.0,0.0,0.0,0.0,0.0,0.0,0.0,1.0,1.0,0.0
2023-12-21,16:31:00.000000000,48.325,371.49,,,,0,0.0,0.0,0.0,0.0,0.0,0.0,0.0,0.0,0.0,1.0,1.0,0.0
2023-12-21,16:32:00.000000000,48.31,371.325,-0.045926764382134354,65.36375578419604,1.7742359875311347,0,0.0,0.0,0.0,0.0,0.0,0.0,0.0,0.0,0.0,1.0,1.0,0.0
2023-12-21,16:33:00.000000000,48.28,371.237,,,,0,0.0,0.0,0.0,0.0,0.0,0.0,0.0,0.0,0.0,1.0,1.0,0.0
2023-12-21,16:34:00.000000000,48.27,371.406,,,,0,0.0,0.0,0.0,0.0,0.0,0.0,0.0,0.0,0.0,1.0,1.0,0.0
2023-12-21,16:35:00.000000000,48.29,371.66,-0.04634906173719308,65.51609228524518,1.759101051768098,0,0.0,0.0,0.0,0.0,0.0,0.0,0.0,0.0,0.0,1.0,1.0,0.0
2023-12-21,16:36:00.000000000,48.319,371.89,,,,0,0.0,0.0,0.0,0.0,0.0,0.0,0.0,0.0,0.0,1.0,1.0,0.0
2023-12-21,16:37:00.000000000,48.305,371.9127,,,,0,0.0,0.0,0.0,0.0,0.0,0.0,0.0,0.0,0.0,1.0,1.0,0.0
2023-12-21,16:38:00.000000000,48.31,371.65,-0.046732082944674125,65.67797862638814,1.7469494308463904,0,0.0,0.0,0.0,0.0,0.0,0.0,0.0,0.0,0.0,1.0,1.0,0.0
2023-12-21,16:39:00.000000000,48.27,371.71,,,,0,0.0,0.0,0.0,0.0,0.0,0.0,0.0,0.0,0.0,1.0,1.0,0.0
2023-12-21,16:40:00.000000000,48.235,371.5433,,,,0,0.0,0.0,0.0,0.0,0.0,0.0,0.0,0.0,0.0,1.0,1.0,0.0
2023-12-21,16:41:00.000000000,48.24,371.5826,-0.04711505359289866,65.74713411318862,1.7119319196145835,0,0.0,0.0,0.0,0.0,0.0,0.0,0.0,0.0,0.0,1.0,1.0,0.0
2023-12-21,16:42:00.000000000,48.255,371.4921,,,,0,0.0,0.0,0.0,0.0,0.0,0.0,0.0,0.0,0.0,1.0,1.0,0.0
2023-12-21,16:43:00.000000000,48.285,371.55,,,,0,0.0,0.0,0.0,0.0,0.0,0.0,0.0,0.0,0.0,1.0,1.0,0.0
2023-12-21,16:44:00.000000000,48.255,371.51,-0.04746837730486495,65.88997685253038,1.697084533523378,0,0.0,0.0,0.0,0.0,0.0,0.0,0.0,0.0,0.0,1.0,1.0,0.0
2023-12-21,16:45:00.000000000,48.275,371.63,,,,0,0.0,0.0,0.0,0.0,0.0,0.0,0.0,0.0,0.0,1.0,1.0,0.0
2023-12-21,16:46:00.000000000,48.27,371.635,,,,0,0.0,0.0,0.0,0.0,0.0,0.0,0.0,0.0,0.0,1.0,1.0,0.0
2023-12-21,16:47:00.000000000,48.25,371.48,-0.04784564510296219,66.02370024284839,1.6804497860577257,0,0.0,0.0,0.0,0.0,0.0,0.0,0.0,0.0,0.0,1.0,1.0,0.0
2023-12-21,16:48:00.000000000,48.25,371.775,,,,0,0.0,0.0,0.0,0.0,0.0,0.0,0.0,0.0,0.0,1.0,1.0,0.0
2023-12-21,16:49:00.000000000,48.24,371.77,,,,0,0.0,0.0,0.0,0.0,0.0,0.0,0.0,0.0,0.0,1.0,1.0,0.0
2023-12-21,16:50:00.000000000,48.26,371.5976,-0.04823585896099845,66.18432942384551,1.6710068735207269,0,0.0,0.0,0.0,0.0,0.0,0.0,0.0,0.0,0.0,1.0,1.0,0.0
2023-12-21,16:51:00.000000000,48.245,371.5436,,,,0,0.0,0.0,0.0,0.0,0.0,0.0,0.0,0.0,0.0,1.0,1.0,0.0
2023-12-21,16:52:00.000000000,48.23,371.43,,,,0,0.0,0.0,0.0,0.0,0.0,0.0,0.0,0.0,0.0,1.0,1.0,0.0
2023-12-21,16:53:00.000000000,48.225,371.4,-0.04859538039583812,66.27332427901428,1.6444308399687142,0,0.0,0.0,0.0,0.0,0.0,0.0,0.0,0.0,0.0,1.0,1.0,0.0
2023-12-21,16:54:00.000000000,48.1906,371.3,,,,0,0.0,0.0,0.0,0.0,0.0,0.0,0.0,0.0,0.0,1.0,1.0,0.0
2023-12-21,16:55:00.000000000,48.145,371.37,,,,0,0.0,0.0,0.0,0.0,0.0,0.0,0.0,0.0,0.0,1.0,1.0,0.0
2023-12-21,16:56:00.000000000,48.115,371.37,-0.048960917852902824,66.29761606303252,1.6031316106301354,0,0.0,0.0,0.0,0.0,0.0,0.0,0.0,0.0,0.0,1.0,1.0,0.0
2023-12-21,16:57:00.000000000,48.12,371.4955,,,,0,0.0,0.0,0.0,0.0,0.0,0.0,0.0,0.0,0.0,1.0,1.0,0.0
2023-12-21,16:58:00.000000000,48.1,371.31,,,,0,0.0,0.0,0.0,0.0,0.0,0.0,0.0,0.0,0.0,1.0,1.0,0.0
2023-12-21,16:59:00.000000000,48.09,371.2,-0.04934115508942788,66.40543676919563,1.5843553884149748,0,0.0,0.0,0.0,0.0,0.0,0.0,0.0,0.0,0.0,1.0,1.0,0.0
2023-12-21,17:00:00.000000000,48.025,370.86,,,,0,0.0,0.0,0.0,0.0,0.0,0.0,0.0,0.0,0.0,1.0,1.0,0.0
2023-12-21,17:01:00.000000000,48.035,370.91,,,,0,0.0,0.0,0.0,0.0,0.0,0.0,0.0,0.0,0.0,1.0,1.0,0.0
2023-12-21,17:02:00.000000000,48.05,370.81,-0.049704125181440774,66.48078665853005,1.5585695756621096,0,0.0,0.0,0.0,0.0,0.0,0.0,0.0,0.0,0.0,1.0,1.0,0.0
2023-12-21,17:03:00.000000000,48.02,370.6375,,,,0,0.0,0.0,0.0,0.0,0.0,0.0,0.0,0.0,0.0,1.0,1.0,0.0
2023-12-21,17:04:00.000000000,47.97,370.4,,,,0,0.0,0.0,0.0,0.0,0.0,0.0,0.0,0.0,0.0,1.0,1.0,0.0
2023-12-21,17:05:00.000000000,47.98,370.66,-0.050030888874593386,66.52444927025678,1.5264186236665456,0,0.0,0.0,0.0,0.0,0.0,0.0,0.0,0.0,0.0,1.0,1.0,0.0
2023-12-21,17:06:00.000000000,48.005,370.81,,,,0,0.0,0.0,0.0,0.0,0.0,0.0,0.0,0.0,0.0,1.0,1.0,0.0
2023-12-21,17:07:00.000000000,48.005,370.715,,,,0,0.0,0.0,0.0,0.0,0.0,0.0,0.0,0.0,0.0,1.0,1.0,0.0
2023-12-21,17:08:00.000000000,47.99,370.41,-0.0502806716721817,66.61446359409283,1.5070655815192924,0,0.0,0.0,0.0,0.0,0.0,0.0,0.0,0.0,0.0,1.0,1.0,0.0
2023-12-21,17:09:00.000000000,47.99,370.33,,,,0,0.0,0.0,0.0,0.0,0.0,0.0,0.0,0.0,0.0,1.0,1.0,0.0
2023-12-21,17:10:00.000000000,47.997,370.45,,,,0,0.0,0.0,0.0,0.0,0.0,0.0,0.0,0.0,0.0,1.0,1.0,0.0
2023-12-21,17:11:00.000000000,48.035,370.535,-0.05052872306743941,66.75766040179366,1.5018418042948296,0,0.0,0.0,0.0,0.0,0.0,0.0,0.0,0.0,0.0,1.0,1.0,0.0
2023-12-21,17:12:00.000000000,48.04,370.403,,,,0,0.0,0.0,0.0,0.0,0.0,0.0,0.0,0.0,0.0,1.0,1.0,0.0
2023-12-21,17:13:00.000000000,48.015,370.345,,,,0,0.0,0.0,0.0,0.0,0.0,0.0,0.0,0.0,0.0,1.0,1.0,0.0
2023-12-21,17:14:00.000000000,48.01,370.47,-0.05075587403940525,66.81352865537846,1.4767409022967213,0,0.0,0.0,0.0,0.0,0.0,0.0,0.0,0.0,0.0,1.0,1.0,0.0
2023-12-21,17:15:00.000000000,48.05,370.63,,,,0,0.0,0.0,0.0,0.0,0.0,0.0,0.0,0.0,0.0,1.0,1.0,0.0
2023-12-21,17:16:00.000000000,48.005,370.34,,,,0,0.0,0.0,0.0,0.0,0.0,0.0,0.0,0.0,0.0,1.0,1.0,0.0
2023-12-21,17:17:00.000000000,48.0,370.31,-0.050969791346544745,66.87462343353899,1.454246287120826,0,0.0,0.0,0.0,0.0,0.0,0.0,0.0,0.0,0.0,1.0,1.0,0.0
2023-12-21,17:18:00.000000000,48.02,370.4301,,,,0,0.0,0.0,0.0,0.0,0.0,0.0,0.0,0.0,0.0,1.0,1.0,0.0
2023-12-21,17:19:00.000000000,48.015,370.35,,,,0,0.0,0.0,0.0,0.0,0.0,0.0,0.0,0.0,0.0,1.0,1.0,0.0
2023-12-21,17:20:00.000000000,48.0139,370.1601,-0.051134936416229786,66.94201317732526,1.4347166097903163,0,0.0,0.0,0.0,0.0,0.0,0.0,0.0,0.0,0.0,1.0,1.0,0.0
2023-12-21,17:21:00.000000000,47.995,370.105,,,,0,0.0,0.0,0.0,0.0,0.0,0.0,0.0,0.0,0.0,1.0,1.0,0.0
2023-12-21,17:22:00.000000000,48.0112,370.18,,,,0,0.0,0.0,0.0,0.0,0.0,0.0,0.0,0.0,0.0,1.0,1.0,0.0
2023-12-21,17:23:00.000000000,48.005,370.1388,-0.0513057986422416,66.99526674248094,1.4130943731030157,0,0.0,0.0,0.0,0.0,0.0,0.0,0.0,0.0,0.0,1.0,1.0,0.0
2023-12-21,17:24:00.000000000,48.03,370.3101,,,,0,0.0,0.0,0.0,0.0,0.0,0.0,0.0,0.0,0.0,1.0,1.0,0.0
2023-12-21,17:25:00.000000000,48.01,370.24,,,,0,0.0,0.0,0.0,0.0,0.0,0.0,0.0,0.0,0.0,1.0,1.0,0.0
2023-12-21,17:26:00.000000000,48.015,370.36,-0.05153139222322717,67.10016642379442,1.4053857019550526,0,0.0,0.0,0.0,0.0,0.0,0.0,0.0,0.0,0.0,1.0,1.0,0.0
2023-12-21,17:27:00.000000000,48.005,370.41,,,,0,0.0,0.0,0.0,0.0,0.0,0.0,0.0,0.0,0.0,1.0,1.0,0.0
2023-12-21,17:28:00.000000000,48.0,370.4195,,,,0,0.0,0.0,0.0,0.0,0.0,0.0,0.0,0.0,0.0,1.0,1.0,0.0
2023-12-21,17:29:00.000000000,48.005,370.55,-0.05181584111166214,67.20535992392641,1.3987690051771888,0,0.0,0.0,0.0,0.0,0.0,0.0,0.0,0.0,0.0,1.0,1.0,0.0
2023-12-21,17:30:00.000000000,48.035,370.605,,,,0,0.0,0.0,0.0,0.0,0.0,0.0,0.0,0.0,0.0,1.0,1.0,0.0
2023-12-21,17:31:00.000000000,48.06,370.635,,,,0,0.0,0.0,0.0,0.0,0.0,0.0,0.0,0.0,0.0,1.0,1.0,0.0
2023-12-21,17:32:00.000000000,48.085,370.76,-0.052134238254016904,67.4142901750593,1.4178217166828488,0,0.0,0.0,0.0,0.0,0.0,0.0,0.0,0.0,0.0,1.0,1.0,0.0
2023-12-21,17:33:00.000000000,48.05,370.69,,,,0,0.0,0.0,0.0,0.0,0.0,0.0,0.0,0.0,0.0,1.0,1.0,0.0
2023-12-21,17:34:00.000000000,48.03,370.42,,,,0,0.0,0.0,0.0,0.0,0.0,0.0,0.0,0.0,0.0,1.0,1.0,0.0
2023-12-21,17:35:00.000000000,47.995,370.314,-0.05232666748035764,67.37229754132116,1.3756859928107885,0,0.0,0.0,0.0,0.0,0.0,0.0,0.0,0.0,0.0,1.0,1.0,0.0
2023-12-21,17:36:00.000000000,48.04,370.6945,,,,0,0.0,0.0,0.0,0.0,0.0,0.0,0.0,0.0,0.0,1.0,1.0,0.0
2023-12-21,17:37:00.000000000,48.04,370.58,,,,0,0.0,0.0,0.0,0.0,0.0,0.0,0.0,0.0,0.0,1.0,1.0,0.0
2023-12-21,17:38:00.000000000,48.045,370.54,-0.05258840924170839,67.53110916042263,1.3845605118281221,0,0.0,0.0,0.0,0.0,0.0,0.0,0.0,0.0,0.0,1.0,1.0,0.0
2023-12-21,17:39:00.000000000,48.025,370.3618,,,,0,0.0,0.0,0.0,0.0,0.0,0.0,0.0,0.0,0.0,1.0,1.0,0.0
2023-12-21,17:40:00.000000000,48.045,370.25,,,,0,0.0,0.0,0.0,0.0,0.0,0.0,0.0,0.0,0.0,1.0,1.0,0.0
2023-12-21,17:41:00.000000000,48.055,370.435,-0.05277151656196283,67.6034167376307,1.3725603608333325,0,0.0,0.0,0.0,0.0,0.0,0.0,0.0,0.0,0.0,1.0,1.0,0.0
2023-12-21,17:42:00.000000000,48.0403,370.365,,,,0,0.0,0.0,0.0,0.0,0.0,0.0,0.0,0.0,0.0,1.0,1.0,0.0
2023-12-21,17:43:00.000000000,48.04,370.34,,,,0,0.0,0.0,0.0,0.0,0.0,0.0,0.0,0.0,0.0,1.0,1.0,0.0
2023-12-21,17:44:00.000000000,48.05,370.37,-0.05295028819787843,67.66119823984823,1.358021533359882,0,0.0,0.0,0.0,0.0,0.0,0.0,0.0,0.0,0.0,1.0,1.0,0.0
2023-12-21,17:45:00.000000000,48.0501,370.325,,,,0,0.0,0.0,0.0,0.0,0.0,0.0,0.0,0.0,0.0,1.0,1.0,0.0
2023-12-21,17:46:00.000000000,48.045,370.45,,,,0,0.0,0.0,0.0,0.0,0.0,0.0,0.0,0.0,0.0,1.0,1.0,0.0
2023-12-21,17:47:00.000000000,48.045,370.4,-0.05308984293168956,67.70947782189782,1.3423913233018132,0,0.0,0.0,0.0,0.0,0.0,0.0,0.0,0.0,0.0,1.0,1.0,0.0
2023-12-21,17:48:00.000000000,48.035,370.4,,,,0,0.0,0.0,0.0,0.0,0.0,0.0,0.0,0.0,0.0,1.0,1.0,0.0
2023-12-21,17:49:00.000000000,48.035,370.44,,,,0,0.0,0.0,0.0,0.0,0.0,0.0,0.0,0.0,0.0,1.0,1.0,0.0
2023-12-21,17:50:00.000000000,48.035,370.5493,-0.053290669698823984,67.78182035343043,1.3349826595731258,0,0.0,0.0,0.0,0.0,0.0,0.0,0.0,0.0,0.0,1.0,1.0,0.0
2023-12-21,17:51:00.000000000,48.04,370.6,,,,0,0.0,0.0,0.0,0.0,0.0,0.0,0.0,0.0,0.0,1.0,1.0,0.0
2023-12-21,17:52:00.000000000,48.025,370.4739,,,,0,0.0,0.0,0.0,0.0,0.0,0.0,0.0,0.0,0.0,1.0,1.0,0.0
2023-12-21,17:53:00.000000000,48.015,370.32,-0.05342909201764939,67.80086135597593,1.315349203633561,0,0.0,0.0,0.0,0.0,0.0,0.0,0.0,0.0,0.0,1.0,1.0,0.0
2023-12-21,17:54:00.000000000,47.99,370.315,,,,0,0.0,0.0,0.0,0.0,0.0,0.0,0.0,0.0,0.0,1.0,1.0,0.0
2023-12-21,17:55:00.000000000,47.985,370.3095,,,,0,0.0,0.0,0.0,0.0,0.0,0.0,0.0,0.0,0.0,1.0,1.0,0.0
2023-12-21,17:56:00.000000000,47.96,370.29,-0.05353624929485992,67.78393775139368,1.2884335085218177,0,0.0,0.0,0.0,0.0,0.0,0.0,0.0,0.0,0.0,1.0,1.0,0.0
2023-12-21,17:57:00.000000000,47.945,370.19,,,,0,0.0,0.0,0.0,0.0,0.0,0.0,0.0,0.0,0.0,1.0,1.0,0.0
2023-12-21,17:58:00.000000000,47.94,370.21,,,,0,0.0,0.0,0.0,0.0,0.0,0.0,0.0,0.0,0.0,1.0,1.0,0.0
2023-12-21,17:59:00.000000000,47.95,370.36,-0.05366504148795028,67.82538476547727,1.2787104796355704,0,0.0,0.0,0.0,0.0,0.0,0.0,0.0,0.0,0.0,1.0,1.0,0.0
2023-12-21,18:00:00.000000000,47.99,370.56,,,,0,0.0,0.0,0.0,0.0,0.0,0.0,0.0,0.0,0.0,1.0,1.0,0.0
2023-12-21,18:01:00.000000000,48.0,370.78,,,,0,0.0,0.0,0.0,0.0,0.0,0.0,0.0,0.0,0.0,1.0,1.0,0.0
2023-12-21,18:02:00.000000000,48.01,370.91,-0.053929069944073656,68.01283133295635,1.3091706647060986,0,0.0,0.0,0.0,0.0,0.0,0.0,0.0,0.0,0.0,1.0,1.0,0.0
2023-12-21,18:03:00.000000000,48.01,370.815,,,,0,0.0,0.0,0.0,0.0,0.0,0.0,0.0,0.0,0.0,1.0,1.0,0.0
2023-12-21,18:04:00.000000000,48.03,370.98,,,,0,0.0,0.0,0.0,0.0,0.0,0.0,0.0,0.0,0.0,1.0,1.0,0.0
2023-12-21,18:05:00.000000000,48.05,371.06,-0.05419228639584117,68.15858979004082,1.328753466448234,0,0.0,0.0,0.0,0.0,0.0,0.0,0.0,0.0,0.0,1.0,1.0,0.0
2023-12-21,18:06:00.000000000,48.04,371.03,,,,0,0.0,0.0,0.0,0.0,0.0,0.0,0.0,0.0,0.0,1.0,1.0,0.0
2023-12-21,18:07:00.000000000,48.04,370.94,,,,0,0.0,0.0,0.0,0.0,0.0,0.0,0.0,0.0,0.0,1.0,1.0,0.0
2023-12-21,18:08:00.000000000,48.045,370.9,-0.05439879277016221,68.22151223845316,1.3258546367535953,0,0.0,0.0,0.0,0.0,0.0,0.0,0.0,0.0,0.0,1.0,1.0,0.0
2023-12-21,18:09:00.000000000,48.045,370.88,,,,0,0.0,0.0,0.0,0.0,0.0,0.0,0.0,0.0,0.0,1.0,1.0,0.0
2023-12-21,18:10:00.000000000,48.035,370.78,,,,0,0.0,0.0,0.0,0.0,0.0,0.0,0.0,0.0,0.0,1.0,1.0,0.0
2023-12-21,18:11:00.000000000,48.03,370.95,-0.05463641353701206,68.29737760155463,1.326803710547929,0,0.0,0.0,0.0,0.0,0.0,0.0,0.0,0.0,0.0,1.0,1.0,0.0
2023-12-21,18:12:00.000000000,48.06,371.1809,,,,0,0.0,0.0,0.0,0.0,0.0,0.0,0.0,0.0,0.0,1.0,1.0,0.0
2023-12-21,18:13:00.000000000,48.025,370.88,,,,0,0.0,0.0,0.0,0.0,0.0,0.0,0.0,0.0,0.0,1.0,1.0,0.0
2023-12-21,18:14:00.000000000,48.01,370.815,-0.054851291237143524,68.34968156010137,1.321357620780063,0,0.0,0.0,0.0,0.0,0.0,0.0,0.0,0.0,0.0,1.0,1.0,0.0
2023-12-21,18:15:00.000000000,48.0,370.66,,,,0,0.0,0.0,0.0,0.0,0.0,0.0,0.0,0.0,0.0,1.0,1.0,0.0
2023-12-21,18:16:00.000000000,48.005,370.6748,,,,0,0.0,0.0,0.0,0.0,0.0,0.0,0.0,0.0,0.0,1.0,1.0,0.0
2023-12-21,18:17:00.000000000,47.96,370.24,-0.05496142780983701,68.30891903231405,1.289146608627019,0,0.0,0.0,0.0,0.0,0.0,0.0,0.0,0.0,0.0,1.0,1.0,0.0
2023-12-21,18:18:00.000000000,47.97,370.39,,,,0,0.0,0.0,0.0,0.0,0.0,0.0,0.0,0.0,0.0,1.0,1.0,0.0
2023-12-21,18:19:00.000000000,47.93,370.12,,,,0,0.0,0.0,0.0,0.0,0.0,0.0,0.0,0.0,0.0,1.0,1.0,0.0
2023-12-21,18:20:00.000000000,47.9,370.1,-0.05501862866135391,68.26239446756708,1.2571266665511593,0,0.0,0.0,0.0,0.0,0.0,0.0,0.0,0.0,0.0,1.0,1.0,0.0
2023-12-21,18:21:00.000000000,47.93,370.28,,,,0,0.0,0.0,0.0,0.0,0.0,0.0,0.0,0.0,0.0,1.0,1.0,0.0
2023-12-21,18:22:00.000000000,48.05,370.8589,,,,0,0.0,0.0,0.0,0.0,0.0,0.0,0.0,0.0,0.0,1.0,1.0,0.0
2023-12-21,18:23:00.000000000,48.04,370.84,-0.055231609567880625,68.52209009215285,1.3209798166040538,0,0.0,0.0,0.0,0.0,0.0,0.0,0.0,0.0,0.0,1.0,1.0,0.0
2023-12-21,18:24:00.000000000,48.08,370.95,,,,0,0.0,0.0,0.0,0.0,0.0,0.0,0.0,0.0,0.0,1.0,1.0,0.0
2023-12-21,18:25:00.000000000,48.04,370.85,,,,0,0.0,0.0,0.0,0.0,0.0,0.0,0.0,0.0,0.0,1.0,1.0,0.0
2023-12-21,18:26:00.000000000,48.03,370.9,-0.0554452742643751,68.59465222465673,1.3220616640817517,0,0.0,0.0,0.0,0.0,0.0,0.0,0.0,0.0,0.0,1.0,1.0,0.0
2023-12-21,18:27:00.000000000,48.02,370.891,,,,0,0.0,0.0,0.0,0.0,0.0,0.0,0.0,0.0,0.0,1.0,1.0,0.0
2023-12-21,18:28:00.000000000,48.03,370.945,,,,0,0.0,0.0,0.0,0.0,0.0,0.0,0.0,0.0,0.0,1.0,1.0,0.0
2023-12-21,18:29:00.000000000,48.05,371.01,-0.05570320786335727,68.71644714938418,1.3386280064914948,0,0.0,0.0,0.0,0.0,0.0,0.0,0.0,0.0,0.0,1.0,1.0,0.0
2023-12-21,18:30:00.000000000,48.07,370.96,,,,0,0.0,0.0,0.0,0.0,0.0,0.0,0.0,0.0,0.0,1.0,1.0,0.0
2023-12-21,18:31:00.000000000,48.08,371.26,,,,0,0.0,0.0,0.0,0.0,0.0,0.0,0.0,0.0,0.0,1.0,1.0,0.0
2023-12-21,18:32:00.000000000,48.07,371.21,-0.05602727372458092,68.86788427930168,1.3646218072108995,0,0.0,0.0,0.0,0.0,0.0,0.0,0.0,0.0,0.0,1.0,1.0,0.0
2023-12-21,18:33:00.000000000,48.035,371.13,,,,0,0.0,0.0,0.0,0.0,0.0,0.0,0.0,0.0,0.0,1.0,1.0,0.0
2023-12-21,18:34:00.000000000,48.02,371.13,,,,0,0.0,0.0,0.0,0.0,0.0,0.0,0.0,0.0,0.0,1.0,1.0,0.0
2023-12-21,18:35:00.000000000,48.02,370.95,-0.056299326724221804,68.90423524835008,1.3537552440443834,0,0.0,0.0,0.0,0.0,0.0,0.0,0.0,0.0,0.0,1.0,1.0,0.0
2023-12-21,18:36:00.000000000,48.025,371.01,,,,0,0.0,0.0,0.0,0.0,0.0,0.0,0.0,0.0,0.0,1.0,1.0,0.0
2023-12-21,18:37:00.000000000,48.03,371.0,,,,0,0.0,0.0,0.0,0.0,0.0,0.0,0.0,0.0,0.0,1.0,1.0,0.0
2023-12-21,18:38:00.000000000,48.03,370.9,-0.05650198199472675,68.98658512184414,1.3582345322498643,0,0.0,0.0,0.0,0.0,0.0,0.0,0.0,0.0,0.0,1.0,1.0,0.0
2023-12-21,18:39:00.000000000,48.05,370.88,,,,0,0.0,0.0,0.0,0.0,0.0,0.0,0.0,0.0,0.0,1.0,1.0,0.0
2023-12-21,18:40:00.000000000,48.05,370.9379,,,,0,0.0,0.0,0.0,0.0,0.0,0.0,0.0,0.0,0.0,1.0,1.0,0.0
2023-12-21,18:41:00.000000000,48.06,371.05,-0.05707734633594348,69.23854935795183,1.4210227541622762,0,0.0,0.0,0.0,0.0,0.0,0.0,0.0,0.0,0.0,1.0,1.0,0.0
2023-12-21,18:42:00.000000000,48.06,371.045,,,,0,0.0,0.0,0.0,0.0,0.0,0.0,0.0,0.0,0.0,1.0,1.0,0.0
2023-12-21,18:43:00.000000000,48.04,370.8502,,,,0,0.0,0.0,0.0,0.0,0.0,0.0,0.0,0.0,0.0,1.0,1.0,0.0
2023-12-21,18:44:00.000000000,48.021,370.87,-0.057857168036033704,69.47848790952382,1.4796059289906827,0,0.0,0.0,0.0,0.0,0.0,0.0,0.0,0.0,0.0,1.0,1.0,0.0
2023-12-21,18:45:00.000000000,48.05,371.0,,,,0,0.0,0.0,0.0,0.0,0.0,0.0,0.0,0.0,0.0,1.0,1.0,0.0
2023-12-21,18:46:00.000000000,48.07,371.0,,,,0,0.0,0.0,0.0,0.0,0.0,0.0,0.0,0.0,0.0,1.0,1.0,0.0
2023-12-21,18:47:00.000000000,48.03,370.87,-0.05844443639922008,69.70528812737875,1.5324481938866952,0,0.0,0.0,0.0,0.0,0.0,0.0,0.0,0.0,0.0,1.0,1.0,0.0
2023-12-21,18:48:00.000000000,48.07,371.1601,,,,0,0.0,0.0,0.0,0.0,0.0,0.0,0.0,0.0,0.0,1.0,1.0,0.0
2023-12-21,18:49:00.000000000,48.07,371.16,,,,0,0.0,0.0,0.0,0.0,0.0,0.0,0.0,0.0,0.0,1.0,1.0,0.0
2023-12-21,18:50:00.000000000,48.0613,371.28,-0.05909339346361752,70.00149512517191,1.609448213523892,0,0.0,0.0,0.0,0.0,0.0,0.0,0.0,0.0,0.0,1.0,1.0,0.0
2023-12-21,18:51:00.000000000,48.07,371.2,,,,0,0.0,0.0,0.0,0.0,0.0,0.0,0.0,0.0,0.0,1.0,1.0,0.0
2023-12-21,18:52:00.000000000,48.065,371.3395,,,,0,0.0,0.0,0.0,0.0,0.0,0.0,0.0,0.0,0.0,1.0,1.0,0.0
2023-12-21,18:53:00.000000000,48.08,371.3,-0.059767097398508134,70.27152326406608,1.675589144768925,0,0.0,0.0,0.0,0.0,0.0,0.0,0.0,0.0,0.0,1.0,1.0,0.0
2023-12-21,18:54:00.000000000,48.075,371.45,,,,0,0.0,0.0,0.0,0.0,0.0,0.0,0.0,0.0,0.0,1.0,1.0,0.0
2023-12-21,18:55:00.000000000,48.08,371.485,,,,0,0.0,0.0,0.0,0.0,0.0,0.0,0.0,0.0,0.0,1.0,1.0,0.0
2023-12-21,18:56:00.000000000,48.09,371.44,-0.06048109800027023,70.55509904122037,1.744471630618652,0,0.0,0.0,0.0,0.0,0.0,0.0,0.0,0.0,0.0,1.0,1.0,0.0
2023-12-21,18:57:00.000000000,48.065,371.3,,,,0,0.0,0.0,0.0,0.0,0.0,0.0,0.0,0.0,0.0,1.0,1.0,0.0
2023-12-21,18:58:00.000000000,48.085,371.48,,,,0,0.0,0.0,0.0,0.0,0.0,0.0,0.0,0.0,0.0,1.0,1.0,0.0
2023-12-21,18:59:00.000000000,48.085,371.544,-0.0613242519706648,70.86965787418868,1.8229639318230435,0,0.0,0.0,0.0,0.0,0.0,0.0,0.0,0.0,0.0,1.0,1.0,0.0
2023-12-21,19:00:00.000000000,48.085,371.47,,,,0,0.0,0.0,0.0,0.0,0.0,0.0,0.0,0.0,0.0,1.0,1.0,0.0
2023-12-21,19:01:00.000000000,48.1,371.61,,,,0,0.0,0.0,0.0,0.0,0.0,0.0,0.0,0.0,0.0,1.0,1.0,0.0
2023-12-21,19:02:00.000000000,48.1078,371.48,-0.06235361863382931,71.27092225009491,1.9308151261414501,0,0.0,0.0,0.0,0.0,0.0,0.0,0.0,0.0,0.0,1.0,1.0,0.0
2023-12-21,19:03:00.000000000,48.09,371.41,,,,0,0.0,0.0,0.0,0.0,0.0,0.0,0.0,0.0,0.0,1.0,1.0,0.0
2023-12-21,19:04:00.000000000,48.09,371.475,,,,0,0.0,0.0,0.0,0.0,0.0,0.0,0.0,0.0,0.0,1.0,1.0,0.0
2023-12-21,19:05:00.000000000,48.115,371.57,-0.06327879940458894,71.62750349476312,2.018329772656486,0,0.0,0.0,0.0,0.0,0.0,0.0,0.0,0.0,0.0,1.0,1.0,0.0
2023-12-21,19:06:00.000000000,48.115,371.5225,,,,0,0.0,0.0,0.0,0.0,0.0,0.0,0.0,0.0,0.0,1.0,1.0,0.0
2023-12-21,19:07:00.000000000,48.135,371.6,,,,0,0.0,0.0,0.0,0.0,0.0,0.0,0.0,0.0,0.0,1.0,1.0,0.0
2023-12-21,19:08:00.000000000,48.125,371.49,-0.0641062051413774,71.93981414797028,2.0831222687694417,0,0.0,0.0,0.0,0.0,0.0,0.0,0.0,0.0,0.0,1.0,1.0,0.0
2023-12-21,19:09:00.000000000,48.14,371.46,,,,0,0.0,0.0,0.0,0.0,0.0,0.0,0.0,0.0,0.0,1.0,1.0,0.0
2023-12-21,19:10:00.000000000,48.165,371.64,,,,0,0.0,0.0,0.0,0.0,0.0,0.0,0.0,0.0,0.0,1.0,1.0,0.0
2023-12-21,19:11:00.000000000,48.155,371.6,-0.06495375063897214,72.29181373744206,2.1548003902905046,0,0.0,0.0,0.0,0.0,0.0,0.0,0.0,0.0,0.0,1.0,1.0,0.0
2023-12-21,19:12:00.000000000,48.14,371.595,,,,0,0.0,0.0,0.0,0.0,0.0,0.0,0.0,0.0,0.0,1.0,1.0,0.0
2023-12-21,19:13:00.000000000,48.135,371.56,,,,0,0.0,0.0,0.0,0.0,0.0,0.0,0.0,0.0,0.0,1.0,1.0,0.0
2023-12-21,19:14:00.000000000,48.135,371.71,-0.06617524389887819,72.73299990965201,2.2486844601901637,0,0.0,0.0,0.0,0.0,0.0,0.0,0.0,0.0,0.0,1.0,1.0,0.0
2023-12-21,19:15:00.000000000,48.165,371.74,,,,0,0.0,0.0,0.0,0.0,0.0,0.0,0.0,0.0,0.0,1.0,1.0,0.0
2023-12-21,19:16:00.000000000,48.145,371.58,,,,0,0.0,0.0,0.0,0.0,0.0,0.0,0.0,0.0,0.0,1.0,1.0,0.0
2023-12-21,19:17:00.000000000,48.175,371.6761,-0.06736769517616352,73.21396220906527,2.3435497726056624,0,0.0,0.0,0.0,0.0,0.0,0.0,0.0,0.0,0.0,1.0,1.0,0.0
2023-12-21,19:18:00.000000000,48.215,371.82,,,,0,0.0,0.0,0.0,0.0,0.0,0.0,0.0,0.0,0.0,1.0,1.0,0.0
2023-12-21,19:19:00.000000000,48.27,371.95,,,,0,0.0,0.0,0.0,0.0,0.0,0.0,0.0,0.0,0.0,1.0,1.0,0.0
2023-12-21,19:20:00.000000000,48.255,371.96,-0.0685704877561599,73.76047862578123,2.4477356400087182,0,0.0,0.0,0.0,0.0,0.0,0.0,0.0,0.0,0.0,1.0,1.0,0.0
2023-12-21,19:21:00.000000000,48.235,371.78,,,,0,0.0,0.0,0.0,0.0,0.0,0.0,0.0,0.0,0.0,1.0,1.0,0.0
2023-12-21,19:22:00.000000000,48.215,371.74,,,,0,0.0,0.0,0.0,0.0,0.0,0.0,0.0,0.0,0.0,1.0,1.0,0.0
2023-12-21,19:23:00.000000000,48.2159,371.77,-0.06970449317926948,74.129939429257,2.480544718572526,0,0.0,0.0,0.0,0.0,0.0,0.0,0.0,0.0,0.0,1.0,1.0,0.0
2023-12-21,19:24:00.000000000,48.225,371.69,,,,0,0.0,0.0,0.0,0.0,0.0,0.0,0.0,0.0,0.0,1.0,1.0,0.0
2023-12-21,19:25:00.000000000,48.2,371.59,,,,0,0.0,0.0,0.0,0.0,0.0,0.0,0.0,0.0,0.0,1.0,1.0,0.0
2023-12-21,19:26:00.000000000,48.21,371.85,-0.07081187769695516,74.54139672161278,2.5173984521890755,0,0.0,0.0,0.0,0.0,0.0,0.0,0.0,0.0,0.0,1.0,1.0,0.0
2023-12-21,19:27:00.000000000,48.205,371.745,,,,0,0.0,0.0,0.0,0.0,0.0,0.0,0.0,0.0,0.0,1.0,1.0,0.0
2023-12-21,19:28:00.000000000,48.22,371.805,,,,0,0.0,0.0,0.0,0.0,0.0,0.0,0.0,0.0,0.0,1.0,1.0,0.0
2023-12-21,19:29:00.000000000,48.22,371.87,-0.07174808957199706,74.90096206913854,2.5275770692860347,0,0.0,0.0,0.0,0.0,0.0,0.0,0.0,0.0,0.0,1.0,1.0,0.0
2023-12-21,19:30:00.000000000,48.205,371.73,,,,0,0.0,0.0,0.0,0.0,0.0,0.0,0.0,0.0,0.0,1.0,1.0,0.0
2023-12-21,19:31:00.000000000,48.225,371.86,,,,0,0.0,0.0,0.0,0.0,0.0,0.0,0.0,0.0,0.0,1.0,1.0,0.0
2023-12-21,19:32:00.000000000,48.235,371.97,-0.07286735476750811,75.33946995286999,2.555545915709637,0,0.0,0.0,0.0,0.0,0.0,0.0,0.0,0.0,0.0,1.0,1.0,0.0
2023-12-21,19:33:00.000000000,48.245,371.9478,,,,0,0.0,0.0,0.0,0.0,0.0,0.0,0.0,0.0,0.0,1.0,1.0,0.0
2023-12-21,19:34:00.000000000,48.265,372.0471,,,,0,0.0,0.0,0.0,0.0,0.0,0.0,0.0,0.0,0.0,1.0,1.0,0.0
2023-12-21,19:35:00.000000000,48.245,372.0405,-0.07396371770623957,75.76249851728822,2.5686147934488415,0,0.0,0.0,0.0,0.0,0.0,0.0,0.0,0.0,0.0,1.0,1.0,0.0
2023-12-21,19:36:00.000000000,48.22,372.01,,,,0,0.0,0.0,0.0,0.0,0.0,0.0,0.0,0.0,0.0,1.0,1.0,0.0
2023-12-21,19:37:00.000000000,48.22,372.02,,,,0,0.0,0.0,0.0,0.0,0.0,0.0,0.0,0.0,0.0,1.0,1.0,0.0
2023-12-21,19:38:00.000000000,48.22,372.0,-0.07496010474286828,76.105158964347,2.5520605951975766,0,0.0,0.0,0.0,0.0,0.0,0.0,0.0,0.0,0.0,1.0,1.0,0.0
2023-12-21,19:39:00.000000000,48.235,371.95,,,,0,0.0,0.0,0.0,0.0,0.0,0.0,0.0,0.0,0.0,1.0,1.0,0.0
2023-12-21,19:40:00.000000000,48.235,372.05,,,,0,0.0,0.0,0.0,0.0,0.0,0.0,0.0,0.0,0.0,1.0,1.0,0.0
2023-12-21,19:41:00.000000000,48.245,372.055,-0.07591309329417072,76.48884592556269,2.5440199748345194,0,0.0,0.0,0.0,0.0,0.0,0.0,0.0,0.0,0.0,1.0,1.0,0.0
2023-12-21,19:42:00.000000000,48.24,372.03,,,,0,0.0,0.0,0.0,0.0,0.0,0.0,0.0,0.0,0.0,1.0,1.0,0.0
2023-12-21,19:43:00.000000000,48.245,372.07,,,,0,0.0,0.0,0.0,0.0,0.0,0.0,0.0,0.0,0.0,1.0,1.0,0.0
2023-12-21,19:44:00.000000000,48.26,372.07,-0.07699928384206525,76.90912353911722,2.543646074554745,0,0.0,0.0,0.0,0.0,0.0,0.0,0.0,0.0,0.0,1.0,1.0,0.0
2023-12-21,19:45:00.000000000,48.265,372.1,,,,0,0.0,0.0,0.0,0.0,0.0,0.0,0.0,0.0,0.0,1.0,1.0,0.0
2023-12-21,19:46:00.000000000,48.255,372.1,,,,0,0.0,0.0,0.0,0.0,0.0,0.0,0.0,0.0,0.0,1.0,1.0,0.0
2023-12-21,19:47:00.000000000,48.245,372.1899,-0.07802023342866547,77.28334287779165,2.527624542055437,0,0.0,0.0,0.0,0.0,0.0,0.0,0.0,0.0,0.0,1.0,1.0,0.0
2023-12-21,19:48:00.000000000,48.225,372.0999,,,,0,0.0,0.0,0.0,0.0,0.0,0.0,0.0,0.0,0.0,1.0,1.0,0.0
2023-12-21,19:49:00.000000000,48.225,372.0721,,,,0,0.0,0.0,0.0,0.0,0.0,0.0,0.0,0.0,0.0,1.0,1.0,0.0
2023-12-21,19:50:00.000000000,48.225,372.17,-0.07872500363583447,77.52408460314851,2.47579396059662,0,0.0,0.0,0.0,0.0,0.0,0.0,0.0,0.0,0.0,1.0,1.0,0.0
2023-12-21,19:51:00.000000000,48.245,372.2365,,,,0,0.0,0.0,0.0,0.0,0.0,0.0,0.0,0.0,0.0,1.0,1.0,0.0
2023-12-21,19:52:00.000000000,48.245,372.16,,,,0,0.0,0.0,0.0,0.0,0.0,0.0,0.0,0.0,0.0,1.0,1.0,0.0
2023-12-21,19:53:00.000000000,48.195,372.14,-0.0793117244268024,77.71006512819025,2.413864286911506,0,0.0,0.0,0.0,0.0,0.0,0.0,0.0,0.0,0.0,1.0,1.0,0.0
2023-12-21,19:54:00.000000000,48.225,372.08,,,,0,0.0,0.0,0.0,0.0,0.0,0.0,0.0,0.0,0.0,1.0,1.0,0.0
2023-12-21,19:55:00.000000000,48.235,372.16,,,,0,0.0,0.0,0.0,0.0,0.0,0.0,0.0,0.0,0.0,1.0,1.0,0.0
2023-12-21,19:56:00.000000000,48.195,371.94,-0.07986711195882099,77.90077362196388,2.3573082318523144,0,0.0,0.0,0.0,0.0,0.0,0.0,0.0,0.0,0.0,1.0,1.0,0.0
2023-12-21,19:57:00.000000000,48.185,371.91,,,,0,0.0,0.0,0.0,0.0,0.0,0.0,0.0,0.0,0.0,1.0,1.0,0.0
2023-12-21,19:58:00.000000000,48.21,371.945,,,,0,0.0,0.0,0.0,0.0,0.0,0.0,0.0,0.0,0.0,1.0,1.0,0.0
2023-12-21,19:59:00.000000000,48.22,372.08,-0.08036306502872496,78.12148923588798,2.3114609213307995,1,0.0,0.0,0.0,0.0,0.0,0.0,0.0,0.0,0.0,1.0,1.0,0.0
2023-12-21,20:00:00.000000000,48.225,371.99,,,,0,0.0,0.0,0.0,0.0,0.0,0.0,0.0,0.0,0.0,1.0,1.0,0.0
2023-12-21,20:01:00.000000000,48.22,371.99,,,,0,0.0,0.0,0.0,0.0,0.0,0.0,0.0,0.0,0.0,1.0,1.0,0.0
2023-12-21,20:02:00.000000000,48.2265,372.02,-0.08056643515318013,78.19882520568606,2.2350158936764957,0,0.0,0.0,0.0,0.0,0.0,0.0,0.0,0.0,0.0,1.0,1.0,0.0
2023-12-21,20:03:00.000000000,48.28,372.1575,,,,0,0.0,0.0,0.0,0.0,0.0,0.0,0.0,0.0,0.0,1.0,1.0,0.0
2023-12-21,20:04:00.000000000,48.275,372.015,,,,0,0.0,0.0,0.0,0.0,0.0,0.0,0.0,0.0,0.0,1.0,1.0,0.0
2023-12-21,20:05:00.000000000,48.272,371.94,-0.08066884641952778,78.27597073727915,2.164732176109284,0,0.0,0.0,0.0,0.0,0.0,0.0,0.0,0.0,0.0,1.0,1.0,0.0
2023-12-21,20:06:00.000000000,48.285,371.88,,,,0,0.0,0.0,0.0,0.0,0.0,0.0,0.0,0.0,0.0,1.0,1.0,0.0
2023-12-21,20:07:00.000000000,48.275,371.8699,,,,0,0.0,0.0,0.0,0.0,0.0,0.0,0.0,0.0,0.0,1.0,1.0,0.0
2023-12-21,20:08:00.000000000,48.285,371.86,-0.08092490555328623,78.37773537904502,2.1055607706161403,0,0.0,0.0,0.0,0.0,0.0,0.0,0.0,0.0,0.0,1.0,1.0,0.0
2023-12-21,20:09:00.000000000,48.27,371.94,,,,0,0.0,0.0,0.0,0.0,0.0,0.0,0.0,0.0,0.0,1.0,1.0,0.0
2023-12-21,20:10:00.000000000,48.28,372.02,,,,0,0.0,0.0,0.0,0.0,0.0,0.0,0.0,0.0,0.0,1.0,1.0,0.0
2023-12-21,20:11:00.000000000,48.29,372.1899,-0.08124746919252811,78.52948743402013,2.0617871733200057,0,0.0,0.0,0.0,0.0,0.0,0.0,0.0,0.0,0.0,1.0,1.0,0.0
2023-12-21,20:12:00.000000000,48.295,372.2584,,,,0,0.0,0.0,0.0,0.0,0.0,0.0,0.0,0.0,0.0,1.0,1.0,0.0
2023-12-21,20:13:00.000000000,48.275,372.152,,,,0,0.0,0.0,0.0,0.0,0.0,0.0,0.0,0.0,0.0,1.0,1.0,0.0
2023-12-21,20:14:00.000000000,48.285,372.19,-0.08157330376404912,78.64576792794144,2.012767943068627,0,0.0,0.0,0.0,0.0,0.0,0.0,0.0,0.0,0.0,1.0,1.0,0.0
2023-12-21,20:15:00.000000000,48.28,372.095,,,,0,0.0,0.0,0.0,0.0,0.0,0.0,0.0,0.0,0.0,1.0,1.0,0.0
2023-12-21,20:16:00.000000000,48.275,372.18,,,,0,0.0,0.0,0.0,0.0,0.0,0.0,0.0,0.0,0.0,1.0,1.0,0.0
2023-12-21,20:17:00.000000000,48.305,372.3,-0.08190101654244822,78.79674845875347,1.9741821965490092,0,0.0,0.0,0.0,0.0,0.0,0.0,0.0,0.0,0.0,1.0,1.0,0.0
2023-12-21,20:18:00.000000000,48.295,372.36,,,,0,0.0,0.0,0.0,0.0,0.0,0.0,0.0,0.0,0.0,1.0,1.0,0.0
2023-12-21,20:19:00.000000000,48.315,372.39,,,,0,0.0,0.0,0.0,0.0,0.0,0.0,0.0,0.0,0.0,1.0,1.0,0.0
2023-12-21,20:20:00.000000000,48.3,372.5039,-0.08231406365395406,78.96230973594614,1.9409089825388361,0,0.0,0.0,0.0,0.0,0.0,0.0,0.0,0.0,0.0,1.0,1.0,0.0
2023-12-21,20:21:00.000000000,48.295,372.53,,,,0,0.0,0.0,0.0,0.0,0.0,0.0,0.0,0.0,0.0,1.0,1.0,0.0
2023-12-21,20:22:00.000000000,48.305,372.54,,,,0,0.0,0.0,0.0,0.0,0.0,0.0,0.0,0.0,0.0,1.0,1.0,0.0
2023-12-21,20:23:00.000000000,48.3,372.51,-0.08269571422928435,79.1049805075507,1.9044604556065594,0,0.0,0.0,0.0,0.0,0.0,0.0,0.0,0.0,0.0,1.0,1.0,0.0
2023-12-21,20:24:00.000000000,48.325,372.51,,,,0,0.0,0.0,0.0,0.0,0.0,0.0,0.0,0.0,0.0,1.0,1.0,0.0
2023-12-21,20:25:00.000000000,48.33,372.52,,,,0,0.0,0.0,0.0,0.0,0.0,0.0,0.0,0.0,0.0,1.0,1.0,0.0
2023-12-21,20:26:00.000000000,48.34,372.56,-0.08308010336376026,79.29232330920253,1.8795414312828975,0,0.0,0.0,0.0,0.0,0.0,0.0,0.0,0.0,0.0,1.0,1.0,0.0
2023-12-21,20:27:00.000000000,48.365,372.6947,,,,0,0.0,0.0,0.0,0.0,0.0,0.0,0.0,0.0,0.0,1.0,1.0,0.0
2023-12-21,20:28:00.000000000,48.415,372.763,,,,0,0.0,0.0,0.0,0.0,0.0,0.0,0.0,0.0,0.0,1.0,1.0,0.0
2023-12-21,20:29:00.000000000,48.42,372.82,-0.083430056858945,79.52439379815188,1.8649197841357135,0,0.0,0.0,0.0,0.0,0.0,0.0,0.0,0.0,0.0,1.0,1.0,0.0
2023-12-21,20:30:00.000000000,48.405,372.82,,,,0,0.0,0.0,0.0,0.0,0.0,0.0,0.0,0.0,0.0,1.0,1.0,0.0
2023-12-21,20:31:00.000000000,48.405,372.88,,,,0,0.0,0.0,0.0,0.0,0.0,0.0,0.0,0.0,0.0,1.0,1.0,0.0
2023-12-21,20:32:00.000000000,48.425,372.82,-0.08381911801893281,79.67444357981853,1.8336925453994384,0,0.0,0.0,0.0,0.0,0.0,0.0,0.0,0.0,0.0,1.0,1.0,0.0
2023-12-21,20:33:00.000000000,48.42,372.885,,,,0,0.0,0.0,0.0,0.0,0.0,0.0,0.0,0.0,0.0,1.0,1.0,0.0
2023-12-21,20:34:00.000000000,48.42,372.91,,,,0,0.0,0.0,0.0,0.0,0.0,0.0,0.0,0.0,0.0,1.0,1.0,0.0
2023-12-21,20:35:00.000000000,48.44,372.95,-0.08444903158829742,79.93526633085551,1.8266955075826459,0,0.0,0.0,0.0,0.0,0.0,0.0,0.0,0.0,0.0,1.0,1.0,0.0
2023-12-21,20:36:00.000000000,48.44,373.045,,,,0,0.0,0.0,0.0,0.0,0.0,0.0,0.0,0.0,0.0,1.0,1.0,0.0
2023-12-21,20:37:00.000000000,48.48,373.19,,,,0,0.0,0.0,0.0,0.0,0.0,0.0,0.0,0.0,0.0,1.0,1.0,0.0
2023-12-21,20:38:00.000000000,48.46,373.11,-0.08540905431818382,80.32697225665757,1.8454540226392657,0,0.0,0.0,0.0,0.0,0.0,0.0,0.0,0.0,0.0,1.0,1.0,0.0
2023-12-21,20:39:00.000000000,48.455,373.08,,,,0,0.0,0.0,0.0,0.0,0.0,0.0,0.0,0.0,0.0,1.0,1.0,0.0
2023-12-21,20:40:00.000000000,48.455,373.17,,,,0,0.0,0.0,0.0,0.0,0.0,0.0,0.0,0.0,0.0,1.0,1.0,0.0
2023-12-21,20:41:00.000000000,48.46,373.1646,-0.08638325801362524,80.69517392335126,1.8571392818377952,0,0.0,0.0,0.0,0.0,0.0,0.0,0.0,0.0,0.0,1.0,1.0,0.0
2023-12-21,20:42:00.000000000,48.4633,373.06,,,,0,0.0,0.0,0.0,0.0,0.0,0.0,0.0,0.0,0.0,1.0,1.0,0.0
2023-12-21,20:43:00.000000000,48.435,373.05,,,,0,0.0,0.0,0.0,0.0,0.0,0.0,0.0,0.0,0.0,1.0,1.0,0.0
2023-12-21,20:44:00.000000000,48.42,372.97,-0.0868523948022251,80.8133376893859,1.8184173311451284,0,0.0,0.0,0.0,0.0,0.0,0.0,0.0,0.0,0.0,1.0,1.0,0.0
2023-12-21,20:45:00.000000000,48.475,373.1899,,,,0,0.0,0.0,0.0,0.0,0.0,0.0,0.0,0.0,0.0,1.0,1.0,0.0
2023-12-21,20:46:00.000000000,48.4849,373.29,,,,0,0.0,0.0,0.0,0.0,0.0,0.0,0.0,0.0,0.0,1.0,1.0,0.0
2023-12-21,20:47:00.000000000,48.475,373.32,-0.08704040910208888,80.96892552599182,1.789236097773617,0,0.0,0.0,0.0,0.0,0.0,0.0,0.0,0.0,0.0,1.0,1.0,0.0
2023-12-21,20:48:00.000000000,48.455,373.28,,,,0,0.0,0.0,0.0,0.0,0.0,0.0,0.0,0.0,0.0,1.0,1.0,0.0
2023-12-21,20:49:00.000000000,48.425,373.28,,,,0,0.0,0.0,0.0,0.0,0.0,0.0,0.0,0.0,0.0,1.0,1.0,0.0
2023-12-21,20:50:00.000000000,48.415,373.41,-0.08722527419516225,80.98578963721553,1.7354971563888104,0,0.0,0.0,0.0,0.0,0.0,0.0,0.0,0.0,0.0,1.0,1.0,0.0
2023-12-21,20:51:00.000000000,48.4113,373.49,,,,0,0.0,0.0,0.0,0.0,0.0,0.0,0.0,0.0,0.0,1.0,1.0,0.0
2023-12-21,20:52:00.000000000,48.4,373.61,,,,0,0.0,0.0,0.0,0.0,0.0,0.0,0.0,0.0,0.0,1.0,1.0,0.0
2023-12-21,20:53:00.000000000,48.395,373.73,-0.08733051916025253,81.03303492576119,1.690756456169444,0,0.0,0.0,0.0,0.0,0.0,0.0,0.0,0.0,0.0,1.0,1.0,0.0
2023-12-21,20:54:00.000000000,48.35,373.585,,,,0,0.0,0.0,0.0,0.0,0.0,0.0,0.0,0.0,0.0,1.0,1.0,0.0
2023-12-21,20:55:00.000000000,48.395,373.59,,,,0,0.0,0.0,0.0,0.0,0.0,0.0,0.0,0.0,0.0,1.0,1.0,0.0
2023-12-21,20:56:00.000000000,48.405,373.62,-0.0872740925700776,81.0123464660324,1.6359145410769123,0,0.0,0.0,0.0,0.0,0.0,0.0,0.0,0.0,0.0,1.0,1.0,0.0
2023-12-21,20:57:00.000000000,48.415,373.51,,,,0,0.0,0.0,0.0,0.0,0.0,0.0,0.0,0.0,0.0,1.0,1.0,0.0
2023-12-21,20:58:00.000000000,48.395,373.54,,,,0,0.0,0.0,0.0,0.0,0.0,0.0,0.0,0.0,0.0,1.0,1.0,0.0
2023-12-21,20:59:00.000000000,48.39,373.54,-0.08725749104570699,80.98416320521339,1.5828869169646442,1,0.0,0.0,0.0,0.0,0.0,0.0,0.0,0.0,0.0,1.0,1.0,0.0
2023-12-22,14:29:00.000000000,48.4,373.72,-0.08729573555219645,81.02416229056686,1.5453782304960113,0,0.0,0.0,0.0,0.0,0.0,0.0,0.0,0.0,0.0,1.0,1.0,0.0
2023-12-22,14:30:00.000000000,48.62,373.52,,,,0,0.0,0.0,0.0,0.0,0.0,0.0,0.0,0.0,0.0,1.0,1.0,0.0
2023-12-22,14:31:00.000000000,48.715,373.54,,,,0,0.0,0.0,0.0,0.0,0.0,0.0,0.0,0.0,0.0,1.0,1.0,0.0
2023-12-22,14:32:00.000000000,48.68,373.495,-0.08716982213433702,81.2374927180642,1.541739545463104,0,0.0,0.0,0.0,0.0,0.0,0.0,0.0,0.0,0.0,1.0,1.0,0.0
2023-12-22,14:33:00.000000000,48.69,373.5396,,,,0,0.0,0.0,0.0,0.0,0.0,0.0,0.0,0.0,0.0,1.0,1.0,0.0
2023-12-22,14:34:00.000000000,48.5845,373.141,,,,0,0.0,0.0,0.0,0.0,0.0,0.0,0.0,0.0,0.0,1.0,1.0,0.0
2023-12-22,14:35:00.000000000,48.505,373.27,-0.0872682639359771,81.07962487938218,1.4698437830597595,0,0.0,0.0,0.0,0.0,0.0,0.0,0.0,0.0,0.0,1.0,1.0,0.0
2023-12-22,14:36:00.000000000,48.49,372.965,,,,0,0.0,0.0,0.0,0.0,0.0,0.0,0.0,0.0,0.0,1.0,1.0,0.0
2023-12-22,14:37:00.000000000,48.49,372.955,,,,0,0.0,0.0,0.0,0.0,0.0,0.0,0.0,0.0,0.0,1.0,1.0,0.0
2023-12-22,14:38:00.000000000,48.43,372.75,-0.08728459709848023,80.9653335684585,1.409391935178353,0,0.0,0.0,0.0,0.0,0.0,0.0,0.0,0.0,0.0,1.0,1.0,0.0
2023-12-22,14:39:00.000000000,48.45,373.0,,,,0,0.0,0.0,0.0,0.0,0.0,0.0,0.0,0.0,0.0,1.0,1.0,0.0
2023-12-22,14:40:00.000000000,48.485,373.25,,,,0,0.0,0.0,0.0,0.0,0.0,0.0,0.0,0.0,0.0,1.0,1.0,0.0
2023-12-22,14:41:00.000000000,48.52,373.3328,-0.08724696837633845,81.0921549954499,1.3960903242645706,0,0.0,0.0,0.0,0.0,0.0,0.0,0.0,0.0,0.0,1.0,1.0,0.0
2023-12-22,14:42:00.000000000,48.5,373.4899,,,,0,0.0,0.0,0.0,0.0,0.0,0.0,0.0,0.0,0.0,1.0,1.0,0.0
2023-12-22,14:43:00.000000000,48.49,373.455,,,,0,0.0,0.0,0.0,0.0,0.0,0.0,0.0,0.0,0.0,1.0,1.0,0.0
2023-12-22,14:44:00.000000000,48.5124,373.78,-0.08718471948526067,81.10030444920073,1.3616350467745897,0,0.0,0.0,0.0,0.0,0.0,0.0,0.0,0.0,0.0,1.0,1.0,0.0
2023-12-22,14:45:00.000000000,48.4902,373.7144,,,,0,0.0,0.0,0.0,0.0,0.0,0.0,0.0,0.0,0.0,1.0,1.0,0.0
2023-12-22,14:46:00.000000000,48.4593,373.72,,,,0,0.0,0.0,0.0,0.0,0.0,0.0,0.0,0.0,0.0,1.0,1.0,0.0
2023-12-22,14:47:00.000000000,48.51,373.8,-0.08711295021894393,81.07282079184124,1.3220094804183495,0,0.0,0.0,0.0,0.0,0.0,0.0,0.0,0.0,0.0,1.0,1.0,0.0
2023-12-22,14:48:00.000000000,48.509,373.98,,,,0,0.0,0.0,0.0,0.0,0.0,0.0,0.0,0.0,0.0,1.0,1.0,0.0
2023-12-22,14:49:00.000000000,48.5,373.8818,,,,0,0.0,0.0,0.0,0.0,0.0,0.0,0.0,0.0,0.0,1.0,1.0,0.0
2023-12-22,14:50:00.000000000,48.52,373.94,-0.0870474882238133,81.07053774641275,1.288558798751705,0,0.0,0.0,0.0,0.0,0.0,0.0,0.0,0.0,0.0,1.0,1.0,0.0
2023-12-22,14:51:00.000000000,48.5601,373.9743,,,,0,0.0,0.0,0.0,0.0,0.0,0.0,0.0,0.0,0.0,1.0,1.0,0.0
2023-12-22,14:52:00.000000000,48.61,373.85,,,,0,0.0,0.0,0.0,0.0,0.0,0.0,0.0,0.0,0.0,1.0,1.0,0.0
2023-12-22,14:53:00.000000000,48.665,374.0,-0.08690156368525723,81.16618481828621,1.2743187657097115,0,0.0,0.0,0.0,0.0,0.0,0.0,0.0,0.0,0.0,1.0,1.0,0.0
2023-12-22,14:54:00.000000000,48.66,374.14,,,,0,0.0,0.0,0.0,0.0,0.0,0.0,0.0,0.0,0.0,1.0,1.0,0.0
2023-12-22,14:55:00.000000000,48.67,373.932,,,,0,0.0,0.0,0.0,0.0,0.0,0.0,0.0,0.0,0.0,1.0,1.0,0.0
2023-12-22,14:56:00.000000000,48.665,373.86,-0.08681137642425152,81.12030118997068,1.2346733212733443,0,0.0,0.0,0.0,0.0,0.0,0.0,0.0,0.0,0.0,1.0,1.0,0.0
2023-12-22,14:57:00.000000000,48.6675,374.11,,,,0,0.0,0.0,0.0,0.0,0.0,0.0,0.0,0.0,0.0,1.0,1.0,0.0
2023-12-22,14:58:00.000000000,48.67,373.92,,,,0,0.0,0.0,0.0,0.0,0.0,0.0,0.0,0.0,0.0,1.0,1.0,0.0
2023-12-22,14:59:00.000000000,48.65,374.07,-0.08671696780730039,81.08821614767686,1.1988109111566985,0,0.0,0.0,0.0,0.0,0.0,0.0,0.0,0.0,0.0,1.0,1.0,0.0
2023-12-22,15:00:00.000000000,48.65,373.975,,,,0,0.0,0.0,0.0,0.0,0.0,0.0,0.0,0.0,0.0,1.0,1.0,0.0
2023-12-22,15:01:00.000000000,48.6,373.9529,,,,0,0.0,0.0,0.0,0.0,0.0,0.0,0.0,0.0,0.0,1.0,1.0,0.0
2023-12-22,15:02:00.000000000,48.6102,374.0,-0.08666880840279999,81.0243343426472,1.1581589134210601,0,0.0,0.0,0.0,0.0,0.0,0.0,0.0,0.0,0.0,1.0,1.0,0.0
2023-12-22,15:03:00.000000000,48.67,374.18,,,,0,0.0,0.0,0.0,0.0,0.0,0.0,0.0,0.0,0.0,1.0,1.0,0.0
2023-12-22,15:04:00.000000000,48.68,374.2578,,,,0,0.0,0.0,0.0,0.0,0.0,0.0,0.0,0.0,0.0,1.0,1.0,0.0
2023-12-22,15:05:00.000000000,48.715,374.27,-0.08652618953925326,81.09915695885633,1.1449340386415883,0,0.0,0.0,0.0,0.0,0.0,0.0,0.0,0.0,0.0,1.0,1.0,0.0
2023-12-22,15:06:00.000000000,48.6415,374.07,,,,0,0.0,0.0,0.0,0.0,0.0,0.0,0.0,0.0,0.0,1.0,1.0,0.0
2023-12-22,15:07:00.000000000,48.65,374.22,,,,0,0.0,0.0,0.0,0.0,0.0,0.0,0.0,0.0,0.0,1.0,1.0,0.0
2023-12-22,15:08:00.000000000,48.68,374.58,-0.08643229207752644,81.05580796639985,1.1099208617848921,0,0.0,0.0,0.0,0.0,0.0,0.0,0.0,0.0,0.0,1.0,1.0,0.0
2023-12-22,15:09:00.000000000,48.685,374.47,,,,0,0.0,0.0,0.0,0.0,0.0,0.0,0.0,0.0,0.0,1.0,1.0,0.0
2023-12-22,15:10:00.000000000,48.67,374.3299,,,,0,0.0,0.0,0.0,0.0,0.0,0.0,0.0,0.0,0.0,1.0,1.0,0.0
2023-12-22,15:11:00.000000000,48.65,374.2316,-0.08639611780110744,80.98215739849692,1.0700595169213902,0,0.0,0.0,0.0,0.0,0.0,0.0,0.0,0.0,0.0,1.0,1.0,0.0
2023-12-22,15:12:00.000000000,48.69,374.49,,,,0,0.0,0.0,0.0,0.0,0.0,0.0,0.0,0.0,0.0,1.0,1.0,0.0
2023-12-22,15:13:00.000000000,48.71,374.415,,,,0,0.0,0.0,0.0,0.0,0.0,0.0,0.0,0.0,0.0,1.0,1.0,0.0
2023-12-22,15:14:00.000000000,48.74,374.6597,-0.08626404946783317,81.05966289440354,1.0604765737162398,0,0.0,0.0,0.0,0.0,0.0,0.0,0.0,0.0,0.0,1.0,1.0,0.0
2023-12-22,15:15:00.000000000,48.71,374.66,,,,0,0.0,0.0,0.0,0.0,0.0,0.0,0.0,0.0,0.0,1.0,1.0,0.0
2023-12-22,15:16:00.000000000,48.7,374.54,,,,0,0.0,0.0,0.0,0.0,0.0,0.0,0.0,0.0,0.0,1.0,1.0,0.0
2023-12-22,15:17:00.000000000,48.715,374.68,-0.08620928712868167,81.01589570137446,1.0279542864941842,0,0.0,0.0,0.0,0.0,0.0,0.0,0.0,0.0,0.0,1.0,1.0,0.0
2023-12-22,15:18:00.000000000,48.72,374.835,,,,0,0.0,0.0,0.0,0.0,0.0,0.0,0.0,0.0,0.0,1.0,1.0,0.0
2023-12-22,15:19:00.000000000,48.7499,374.74,,,,0,0.0,0.0,0.0,0.0,0.0,0.0,0.0,0.0,0.0,1.0,1.0,0.0
2023-12-22,15:20:00.000000000,48.735,374.68,-0.08608919066438095,80.99089795813026,0.9999517572624405,0,0.0,0.0,0.0,0.0,0.0,0.0,0.0,0.0,0.0,1.0,1.0,0.0
2023-12-22,15:21:00.000000000,48.75,374.7,,,,0,0.0,0.0,0.0,0.0,0.0,0.0,0.0,0.0,0.0,1.0,1.0,0.0
2023-12-22,15:22:00.000000000,48.75,374.69,,,,0,0.0,0.0,0.0,0.0,0.0,0.0,0.0,0.0,0.0,1.0,1.0,0.0
2023-12-22,15:23:00.000000000,48.76,374.73,-0.0858877552916297,80.9447185404324,0.9681774476964131,0,0.0,0.0,0.0,0.0,0.0,0.0,0.0,0.0,0.0,1.0,1.0,0.0
2023-12-22,15:24:00.000000000,48.735,374.59,,,,0,0.0,0.0,0.0,0.0,0.0,0.0,0.0,0.0,0.0,1.0,1.0,0.0
2023-12-22,15:25:00.000000000,48.715,374.46,,,,0,0.0,0.0,0.0,0.0,0.0,0.0,0.0,0.0,0.0,1.0,1.0,0.0
2023-12-22,15:26:00.000000000,48.71,374.4,-0.0857647784472762,80.82033305066021,0.9210052619143689,0,0.0,0.0,0.0,0.0,0.0,0.0,0.0,0.0,0.0,1.0,1.0,0.0
2023-12-22,15:27:00.000000000,48.74,374.57,,,,0,0.0,0.0,0.0,0.0,0.0,0.0,0.0,0.0,0.0,1.0,1.0,0.0
2023-12-22,15:28:00.000000000,48.76,374.75,,,,0,0.0,0.0,0.0,0.0,0.0,0.0,0.0,0.0,0.0,1.0,1.0,0.0
2023-12-22,15:29:00.000000000,48.77,374.615,-0.08553784629026377,80.81376028802717,0.8985920034309778,0,0.0,0.0,0.0,0.0,0.0,0.0,0.0,0.0,0.0,1.0,1.0,0.0
2023-12-22,15:30:00.000000000,48.785,374.7199,,,,0,0.0,0.0,0.0,0.0,0.0,0.0,0.0,0.0,0.0,1.0,1.0,0.0
2023-12-22,15:31:00.000000000,48.785,374.7069,,,,0,0.0,0.0,0.0,0.0,0.0,0.0,0.0,0.0,0.0,1.0,1.0,0.0
2023-12-22,15:32:00.000000000,48.775,374.89,-0.08522471445654818,80.72489320261535,0.8594391818128828,0,0.0,0.0,0.0,0.0,0.0,0.0,0.0,0.0,0.0,1.0,1.0,0.0
2023-12-22,15:33:00.000000000,48.8,374.87,,,,0,0.0,0.0,0.0,0.0,0.0,0.0,0.0,0.0,0.0,1.0,1.0,0.0
2023-12-22,15:34:00.000000000,48.785,374.92,,,,0,0.0,0.0,0.0,0.0,0.0,0.0,0.0,0.0,0.0,1.0,1.0,0.0
2023-12-22,15:35:00.000000000,48.795,374.87,-0.08489121465291502,80.61816963693826,0.8167788920539677,0,0.0,0.0,0.0,0.0,0.0,0.0,0.0,0.0,0.0,1.0,1.0,0.0
2023-12-22,15:36:00.000000000,48.805,375.11,,,,0,0.0,0.0,0.0,0.0,0.0,0.0,0.0,0.0,0.0,1.0,1.0,0.0
2023-12-22,15:37:00.000000000,48.76,374.86,,,,0,0.0,0.0,0.0,0.0,0.0,0.0,0.0,0.0,0.0,1.0,1.0,0.0
2023-12-22,15:38:00.000000000,48.705,374.8066,-0.08462238603759063,80.42202879463682,0.7548756982939249,0,0.0,0.0,0.0,0.0,0.0,0.0,0.0,0.0,0.0,1.0,1.0,0.0
2023-12-22,15:39:00.000000000,48.725,374.9636,,,,0,0.0,0.0,0.0,0.0,0.0,0.0,0.0,0.0,0.0,1.0,1.0,0.0
2023-12-22,15:40:00.000000000,48.74,375.03,,,,0,0.0,0.0,0.0,0.0,0.0,0.0,0.0,0.0,0.0,1.0,1.0,0.0
2023-12-22,15:41:00.000000000,48.735,374.95,-0.08430092054992848,80.34363016019569,0.7187979528298626,0,0.0,0.0,0.0,0.0,0.0,0.0,0.0,0.0,0.0,1.0,1.0,0.0
2023-12-22,15:42:00.000000000,48.73,374.89,,,,0,0.0,0.0,0.0,0.0,0.0,0.0,0.0,0.0,0.0,1.0,1.0,0.0
2023-12-22,15:43:00.000000000,48.73,375.03,,,,0,0.0,0.0,0.0,0.0,0.0,0.0,0.0,0.0,0.0,1.0,1.0,0.0
2023-12-22,15:44:00.000000000,48.76,374.97,-0.08396634424662587,80.2448601021573,0.6776708555558484,0,0.0,0.0,0.0,0.0,0.0,0.0,0.0,0.0,0.0,1.0,1.0,0.0
2023-12-22,15:45:00.000000000,48.78,374.99,,,,0,0.0,0.0,0.0,0.0,0.0,0.0,0.0,0.0,0.0,1.0,1.0,0.0
2023-12-22,15:46:00.000000000,48.77,375.02,,,,0,0.0,0.0,0.0,0.0,0.0,0.0,0.0,0.0,0.0,1.0,1.0,0.0
2023-12-22,15:47:00.000000000,48.785,374.99,-0.08363669546620923,80.1479244328738,0.6365387444919234,0,0.0,0.0,0.0,0.0,0.0,0.0,0.0,0.0,0.0,1.0,1.0,0.0
2023-12-22,15:48:00.000000000,48.78,374.96,,,,0,0.0,0.0,0.0,0.0,0.0,0.0,0.0,0.0,0.0,1.0,1.0,0.0
2023-12-22,15:49:00.000000000,48.76,374.94,,,,0,0.0,0.0,0.0,0.0,0.0,0.0,0.0,0.0,0.0,1.0,1.0,0.0
2023-12-22,15:50:00.000000000,48.745,374.88,-0.08326264307395916,79.9584996355658,0.572430529709261,0,0.0,0.0,0.0,0.0,0.0,0.0,0.0,0.0,0.0,1.0,1.0,0.0
2023-12-22,15:51:00.000000000,48.78,375.0,,,,0,0.0,0.0,0.0,0.0,0.0,0.0,0.0,0.0,0.0,1.0,1.0,0.0
2023-12-22,15:52:00.000000000,48.755,374.93,,,,0,0.0,0.0,0.0,0.0,0.0,0.0,0.0,0.0,0.0,1.0,1.0,0.0
2023-12-22,15:53:00.000000000,48.765,374.94,-0.08300879760382021,79.88831857357636,0.5360928972256199,0,0.0,0.0,0.0,0.0,0.0,0.0,0.0,0.0,0.0,1.0,1.0,0.0
2023-12-22,15:54:00.000000000,48.775,374.9899,,,,0,0.0,0.0,0.0,0.0,0.0,0.0,0.0,0.0,0.0,1.0,1.0,0.0
2023-12-22,15:55:00.000000000,48.78,374.9671,,,,0,0.0,0.0,0.0,0.0,0.0,0.0,0.0,0.0,0.0,1.0,1.0,0.0
2023-12-22,15:56:00.000000000,48.75,374.7,-0.08271094760719837,79.74179206841723,0.47932560988568257,0,0.0,0.0,0.0,0.0,0.0,0.0,0.0,0.0,0.0,1.0,1.0,0.0
2023-12-22,15:57:00.000000000,48.765,374.6855,,,,0,0.0,0.0,0.0,0.0,0.0,0.0,0.0,0.0,0.0,1.0,1.0,0.0
2023-12-22,15:58:00.000000000,48.77,374.59,,,,0,0.0,0.0,0.0,0.0,0.0,0.0,0.0,0.0,0.0,1.0,1.0,0.0
2023-12-22,15:59:00.000000000,48.775,374.64,-0.08245908735707348,79.667472487454,0.43959561331408015,0,0.0,0.0,0.0,0.0,0.0,0.0,0.0,0.0,0.0,1.0,1.0,0.0
2023-12-22,16:00:00.000000000,48.745,374.46,,,,0,0.0,0.0,0.0,0.0,0.0,0.0,0.0,0.0,0.0,1.0,1.0,0.0
2023-12-22,16:01:00.000000000,48.755,374.51,,,,0,0.0,0.0,0.0,0.0,0.0,0.0,0.0,0.0,0.0,1.0,1.0,0.0
2023-12-22,16:02:00.000000000,48.79,374.8749,-0.08219503816257195,79.60285671169035,0.40100266563375325,0,0.0,0.0,0.0,0.0,0.0,0.0,0.0,0.0,0.0,1.0,1.0,0.0
2023-12-22,16:03:00.000000000,48.78,374.54,,,,0,0.0,0.0,0.0,0.0,0.0,0.0,0.0,0.0,0.0,1.0,1.0,0.0
2023-12-22,16:04:00.000000000,48.77,374.48,,,,0,0.0,0.0,0.0,0.0,0.0,0.0,0.0,0.0,0.0,1.0,1.0,0.0
2023-12-22,16:05:00.000000000,48.745,374.29,-0.08201767871288551,79.44339696544591,0.33340782261178953,0,0.0,0.0,0.0,0.0,0.0,0.0,0.0,0.0,0.0,1.0,1.0,0.0
2023-12-22,16:06:00.000000000,48.75,374.2899,,,,0,0.0,0.0,0.0,0.0,0.0,0.0,0.0,0.0,0.0,1.0,1.0,0.0
2023-12-22,16:07:00.000000000,48.77,374.1975,,,,0,0.0,0.0,0.0,0.0,0.0,0.0,0.0,0.0,0.0,1.0,1.0,0.0
2023-12-22,16:08:00.000000000,48.79,374.38,-0.08174242788171673,79.39273015035711,0.2946106752909472,0,0.0,0.0,0.0,0.0,0.0,0.0,0.0,0.0,0.0,1.0,1.0,0.0
2023-12-22,16:09:00.000000000,48.795,374.5313,,,,0,0.0,0.0,0.0,0.0,0.0,0.0,0.0,0.0,0.0,1.0,1.0,0.0
2023-12-22,16:10:00.000000000,48.78,374.59,,,,0,0.0,0.0,0.0,0.0,0.0,0.0,0.0,0.0,0.0,1.0,1.0,0.0
2023-12-22,16:11:00.000000000,48.79,374.62,-0.08137536911733843,79.27484077873733,0.23256732426455187,0,0.0,0.0,0.0,0.0,0.0,0.0,0.0,0.0,0.0,1.0,1.0,0.0
2023-12-22,16:12:00.000000000,48.795,374.7601,,,,0,0.0,0.0,0.0,0.0,0.0,0.0,0.0,0.0,0.0,1.0,1.0,0.0
2023-12-22,16:13:00.000000000,48.8,374.68,,,,0,0.0,0.0,0.0,0.0,0.0,0.0,0.0,0.0,0.0,1.0,1.0,0.0
2023-12-22,16:14:00.000000000,48.795,374.62,-0.0810336079363201,79.15181020510424,0.16458238832020836,0,0.0,0.0,0.0,0.0,0.0,0.0,0.0,0.0,0.0,1.0,1.0,0.0
2023-12-22,16:15:00.000000000,48.8,374.59,,,,0,0.0,0.0,0.0,0.0,0.0,0.0,0.0,0.0,0.0,1.0,1.0,0.0
2023-12-22,16:16:00.000000000,48.815,374.72,,,,0,0.0,0.0,0.0,0.0,0.0,0.0,0.0,0.0,0.0,1.0,1.0,0.0
2023-12-22,16:17:00.000000000,48.81,374.65,-0.08070545498400236,79.04629870975648,0.09754253701506559,0,0.0,0.0,0.0,0.0,0.0,0.0,0.0,0.0,0.0,1.0,1.0,0.0
2023-12-22,16:18:00.000000000,48.825,374.7854,,,,0,0.0,0.0,0.0,0.0,0.0,0.0,0.0,0.0,0.0,1.0,1.0,0.0
2023-12-22,16:19:00.000000000,48.825,374.87,,,,0,0.0,0.0,0.0,0.0,0.0,0.0,0.0,0.0,0.0,1.0,1.0,0.0
2023-12-22,16:20:00.000000000,48.835,374.87,-0.08030281171511787,78.93811502764623,0.024113278768387394,0,0.0,0.0,0.0,0.0,0.0,0.0,0.0,0.0,0.0,1.0,1.0,0.0
2023-12-22,16:21:00.000000000,48.845,374.89,,,,0,0.0,0.0,0.0,0.0,0.0,0.0,0.0,0.0,0.0,1.0,1.0,0.0
2023-12-22,16:22:00.000000000,48.855,374.74,,,,0,0.0,0.0,0.0,0.0,0.0,0.0,0.0,0.0,0.0,1.0,1.0,0.0
2023-12-22,16:23:00.000000000,48.845,374.58,-0.0799177480318945,78.78059005778704,-0.0744716537355061,0,0.0,0.0,0.0,0.0,0.0,0.0,0.0,0.0,0.0,1.0,1.0,0.0
2023-12-22,16:24:00.000000000,48.8403,374.715,,,,0,0.0,0.0,0.0,0.0,0.0,0.0,0.0,0.0,0.0,1.0,1.0,0.0
2023-12-22,16:25:00.000000000,48.81,374.82,,,,0,0.0,0.0,0.0,0.0,0.0,0.0,0.0,0.0,0.0,1.0,1.0,0.0
2023-12-22,16:26:00.000000000,48.81,374.78,-0.07948540014148688,78.59953826502645,-0.191805036392743,0,0.0,0.0,0.0,0.0,0.0,0.0,0.0,0.0,0.0,1.0,1.0,0.0
2023-12-22,16:27:00.000000000,48.825,374.8315,,,,0,0.0,0.0,0.0,0.0,0.0,0.0,0.0,0.0,0.0,1.0,1.0,0.0
2023-12-22,16:28:00.000000000,48.845,374.86,,,,0,0.0,0.0,0.0,0.0,0.0,0.0,0.0,0.0,0.0,1.0,1.0,0.0
2023-12-22,16:29:00.000000000,48.83,374.745,-0.07903768978334783,78.44897905786068,-0.3077298390480797,0,0.0,0.0,0.0,0.0,0.0,0.0,0.0,0.0,0.0,1.0,1.0,0.0
2023-12-22,16:30:00.000000000,48.86,374.91,,,,0,0.0,0.0,0.0,0.0,0.0,0.0,0.0,0.0,0.0,1.0,1.0,0.0
2023-12-22,16:31:00.000000000,48.86,374.97,,,,0,0.0,0.0,0.0,0.0,0.0,0.0,0.0,0.0,0.0,1.0,1.0,0.0
2023-12-22,16:32:00.000000000,48.85,374.96,-0.07853810831951631,78.29864909548584,-0.4354184154380022,0,0.0,0.0,0.0,0.0,0.0,0.0,0.0,0.0,0.0,1.0,1.0,0.0
2023-12-22,16:33:00.000000000,48.84,374.86,,,,0,0.0,0.0,0.0,0.0,0.0,0.0,0.0,0.0,0.0,1.0,1.0,0.0
2023-12-22,16:34:00.000000000,48.81,374.88,,,,0,0.0,0.0,0.0,0.0,0.0,0.0,0.0,0.0,0.0,1.0,1.0,0.0
2023-12-22,16:35:00.000000000,48.79,374.62,-0.07811944393620711,78.05510608738192,-0.6210547776951042,0,0.0,0.0,0.0,0.0,0.0,0.0,0.0,0.0,0.0,1.0,1.0,0.0
2023-12-22,16:36:00.000000000,48.78,374.511,,,,0,0.0,0.0,0.0,0.0,0.0,0.0,0.0,0.0,0.0,1.0,1.0,0.0
2023-12-22,16:37:00.000000000,48.79,374.59,,,,0,0.0,0.0,0.0,0.0,0.0,0.0,0.0,0.0,0.0,1.0,1.0,0.0
2023-12-22,16:38:00.000000000,48.79,374.535,-0.07766608117418394,77.87866571257298,-0.7871447240394396,0,0.0,0.0,0.0,0.0,0.0,0.0,0.0,0.0,0.0,1.0,1.0,0.0
2023-12-22,16:39:00.000000000,48.795,374.615,,,,0,0.0,0.0,0.0,0.0,0.0,0.0,0.0,0.0,0.0,1.0,1.0,0.0
2023-12-22,16:40:00.000000000,48.76,374.45,,,,0,0.0,0.0,0.0,0.0,0.0,0.0,0.0,0.0,0.0,1.0,1.0,0.0
2023-12-22,16:41:00.000000000,48.765,374.32,-0.0771971481184494,77.66143648369798,-0.9842626988204666,0,0.0,0.0,0.0,0.0,0.0,0.0,0.0,0.0,0.0,1.0,1.0,0.0
2023-12-22,16:42:00.000000000,48.79,374.4954,,,,0,0.0,0.0,0.0,0.0,0.0,0.0,0.0,0.0,0.0,1.0,1.0,0.0
2023-12-22,16:43:00.000000000,48.77,374.54,,,,0,0.0,0.0,0.0,0.0,0.0,0.0,0.0,0.0,0.0,1.0,1.0,0.0
2023-12-22,16:44:00.000000000,48.7501,374.52,-0.07670956484665035,77.47936622636749,-1.1726651498996181,0,0.0,0.0,0.0,0.0,0.0,0.0,0.0,0.0,0.0,1.0,1.0,0.0
2023-12-22,16:45:00.000000000,48.7201,374.46,,,,0,0.0,0.0,0.0,0.0,0.0,0.0,0.0,0.0,0.0,1.0,1.0,0.0
2023-12-22,16:46:00.000000000,48.73,374.46,,,,0,0.0,0.0,0.0,0.0,0.0,0.0,0.0,0.0,0.0,1.0,1.0,0.0
2023-12-22,16:47:00.000000000,48.76,374.42,-0.07622171065416074,77.29893290313086,-1.3650012700828726,0,0.0,0.0,0.0,0.0,0.0,0.0,0.0,0.0,0.0,1.0,1.0,0.0
2023-12-22,16:48:00.000000000,48.745,374.28,,,,0,0.0,0.0,0.0,0.0,0.0,0.0,0.0,0.0,0.0,1.0,1.0,0.0
2023-12-22,16:49:00.000000000,48.74,374.42,,,,0,0.0,0.0,0.0,0.0,0.0,0.0,0.0,0.0,0.0,1.0,1.0,0.0
2023-12-22,16:50:00.000000000,48.75,374.3901,-0.07573379857903434,77.10398442338453,-1.5677083757565273,0,0.0,0.0,0.0,0.0,0.0,0.0,0.0,0.0,0.0,1.0,1.0,0.0
2023-12-22,16:51:00.000000000,48.77,374.485,,,,0,0.0,0.0,0.0,0.0,0.0,0.0,0.0,0.0,0.0,1.0,1.0,0.0
2023-12-22,16:52:00.000000000,48.765,374.275,,,,0,0.0,0.0,0.0,0.0,0.0,0.0,0.0,0.0,0.0,1.0,1.0,0.0
2023-12-22,16:53:00.000000000,48.767,374.45,-0.07524528042564542,76.94259525538293,-1.7394769219641553,0,0.0,0.0,0.0,0.0,0.0,0.0,0.0,0.0,0.0,1.0,1.0,0.0
2023-12-22,16:54:00.000000000,48.775,374.46,,,,0,0.0,0.0,0.0,0.0,0.0,0.0,0.0,0.0,0.0,1.0,1.0,0.0
2023-12-22,16:55:00.000000000,48.79,374.55,,,,0,0.0,0.0,0.0,0.0,0.0,0.0,0.0,0.0,0.0,1.0,1.0,0.0
2023-12-22,16:56:00.000000000,48.8,374.525,-0.07473624706056238,76.79059293035712,-1.8883752088795296,0,0.0,0.0,0.0,0.0,0.0,0.0,0.0,0.0,0.0,1.0,1.0,0.0
2023-12-22,16:57:00.000000000,48.79,374.505,,,,0,0.0,0.0,0.0,0.0,0.0,0.0,0.0,0.0,0.0,1.0,1.0,0.0
2023-12-22,16:58:00.000000000,48.77,374.46,,,,0,0.0,0.0,0.0,0.0,0.0,0.0,0.0,0.0,0.0,1.0,1.0,0.0
2023-12-22,16:59:00.000000000,48.761,374.4382,-0.07429584127949712,76.5802010761806,-2.0564403102491817,0,0.0,0.0,0.0,0.0,0.0,0.0,0.0,0.0,0.0,1.0,1.0,0.0
2023-12-22,17:00:00.000000000,48.7401,374.5431,,,,0,0.0,0.0,0.0,0.0,0.0,0.0,0.0,0.0,0.0,1.0,1.0,0.0
2023-12-22,17:01:00.000000000,48.745,374.5115,,,,0,0.0,0.0,0.0,0.0,0.0,0.0,0.0,0.0,0.0,1.0,1.0,0.0
2023-12-22,17:02:00.000000000,48.745,374.4737,-0.07389594371098647,76.41708745644483,-2.1659804327315113,0,0.0,0.0,0.0,0.0,0.0,0.0,0.0,0.0,0.0,1.0,1.0,0.0
2023-12-22,17:03:00.000000000,48.76,374.53,,,,0,0.0,0.0,0.0,0.0,0.0,0.0,0.0,0.0,0.0,1.0,1.0,0.0
2023-12-22,17:04:00.000000000,48.7301,374.3901,,,,0,0.0,0.0,0.0,0.0,0.0,0.0,0.0,0.0,0.0,1.0,1.0,0.0
2023-12-22,17:05:00.000000000,48.735,374.56,-0.07349409547851798,76.2629484024337,-2.240544874308393,0,0.0,0.0,0.0,0.0,0.0,0.0,0.0,0.0,0.0,1.0,1.0,0.0
2023-12-22,17:06:00.000000000,48.765,374.65,,,,0,0.0,0.0,0.0,0.0,0.0,0.0,0.0,0.0,0.0,1.0,1.0,0.0
2023-12-22,17:07:00.000000000,48.7208,374.25,,,,0,0.0,0.0,0.0,0.0,0.0,0.0,0.0,0.0,0.0,1.0,1.0,0.0
2023-12-22,17:08:00.000000000,48.735,374.5,-0.07308424339832019,76.10504915267092,-2.292194135712217,0,0.0,0.0,0.0,0.0,0.0,0.0,0.0,0.0,0.0,1.0,1.0,0.0
2023-12-22,17:09:00.000000000,48.74,374.25,,,,0,0.0,0.0,0.0,0.0,0.0,0.0,0.0,0.0,0.0,1.0,1.0,0.0
2023-12-22,17:10:00.000000000,48.72,374.14,,,,0,0.0,0.0,0.0,0.0,0.0,0.0,0.0,0.0,0.0,1.0,1.0,0.0
2023-12-22,17:11:00.000000000,48.715,374.04,-0.07274970479197955,75.92629958039204,-2.3383315650223495,0,0.0,0.0,0.0,0.0,0.0,0.0,0.0,0.0,0.0,1.0,1.0,0.0
2023-12-22,17:12:00.000000000,48.72,374.1904,,,,0,0.0,0.0,0.0,0.0,0.0,0.0,0.0,0.0,0.0,1.0,1.0,0.0
2023-12-22,17:13:00.000000000,48.7279,373.95,,,,0,0.0,0.0,0.0,0.0,0.0,0.0,0.0,0.0,0.0,1.0,1.0,0.0
2023-12-22,17:14:00.000000000,48.725,373.88,-0.07241277631983425,75.79868881045964,-2.338819767500139,0,0.0,0.0,0.0,0.0,0.0,0.0,0.0,0.0,0.0,1.0,1.0,0.0
2023-12-22,17:15:00.000000000,48.7134,374.04,,,,0,0.0,0.0,0.0,0.0,0.0,0.0,0.0,0.0,0.0,1.0,1.0,0.0
2023-12-22,17:16:00.000000000,48.715,373.9299,,,,0,0.0,0.0,0.0,0.0,0.0,0.0,0.0,0.0,0.0,1.0,1.0,0.0
2023-12-22,17:17:00.000000000,48.715,373.79,-0.07207595413449029,75.65627089593113,-2.3382664331720235,0,0.0,0.0,0.0,0.0,0.0,0.0,0.0,0.0,0.0,1.0,1.0,0.0
2023-12-22,17:18:00.000000000,48.71,373.67,,,,0,0.0,0.0,0.0,0.0,0.0,0.0,0.0,0.0,0.0,1.0,1.0,0.0
2023-12-22,17:19:00.000000000,48.709,373.83,,,,0,0.0,0.0,0.0,0.0,0.0,0.0,0.0,0.0,0.0,1.0,1.0,0.0
2023-12-22,17:20:00.000000000,48.705,373.67,-0.07180479640963594,75.53629827438866,-2.31609652972755,0,0.0,0.0,0.0,0.0,0.0,0.0,0.0,0.0,0.0,1.0,1.0,0.0
2023-12-22,17:21:00.000000000,48.725,373.71,,,,0,0.0,0.0,0.0,0.0,0.0,0.0,0.0,0.0,0.0,1.0,1.0,0.0
2023-12-22,17:22:00.000000000,48.75,373.6969,,,,0,0.0,0.0,0.0,0.0,0.0,0.0,0.0,0.0,0.0,1.0,1.0,0.0
2023-12-22,17:23:00.000000000,48.76,373.91,-0.07142348169830605,75.46595404181362,-2.2648080489389146,0,0.0,0.0,0.0,0.0,0.0,0.0,0.0,0.0,0.0,1.0,1.0,0.0
2023-12-22,17:24:00.000000000,48.75,373.81,,,,0,0.0,0.0,0.0,0.0,0.0,0.0,0.0,0.0,0.0,1.0,1.0,0.0
2023-12-22,17:25:00.000000000,48.76,373.93,,,,0,0.0,0.0,0.0,0.0,0.0,0.0,0.0,0.0,0.0,1.0,1.0,0.0
2023-12-22,17:26:00.000000000,48.76,373.9101,-0.07104837309927368,75.32570429038674,-2.2513227814828785,0,0.0,0.0,0.0,0.0,0.0,0.0,0.0,0.0,0.0,1.0,1.0,0.0
2023-12-22,17:27:00.000000000,48.76,373.95,,,,0,0.0,0.0,0.0,0.0,0.0,0.0,0.0,0.0,0.0,1.0,1.0,0.0
2023-12-22,17:28:00.000000000,48.78,374.05,,,,0,0.0,0.0,0.0,0.0,0.0,0.0,0.0,0.0,0.0,1.0,1.0,0.0
2023-12-22,17:29:00.000000000,48.765,374.05,-0.07065161370871875,75.19223610774625,-2.230872530453064,0,0.0,0.0,0.0,0.0,0.0,0.0,0.0,0.0,0.0,1.0,1.0,0.0
2023-12-22,17:30:00.000000000,48.76,374.09,,,,0,0.0,0.0,0.0,0.0,0.0,0.0,0.0,0.0,0.0,1.0,1.0,0.0
2023-12-22,17:31:00.000000000,48.731,373.99,,,,0,0.0,0.0,0.0,0.0,0.0,0.0,0.0,0.0,0.0,1.0,1.0,0.0
2023-12-22,17:32:00.000000000,48.73,373.95,-0.07031413695837828,75.02397151558556,-2.22437660655052,0,0.0,0.0,0.0,0.0,0.0,0.0,0.0,0.0,0.0,1.0,1.0,0.0
2023-12-22,17:33:00.000000000,48.74,374.02,,,,0,0.0,0.0,0.0,0.0,0.0,0.0,0.0,0.0,0.0,1.0,1.0,0.0
2023-12-22,17:34:00.000000000,48.74,374.04,,,,0,0.0,0.0,0.0,0.0,0.0,0.0,0.0,0.0,0.0,1.0,1.0,0.0
2023-12-22,17:35:00.000000000,48.735,374.04,-0.0700500902822985,74.93653576919093,-2.175770432341035,0,0.0,0.0,0.0,0.0,0.0,0.0,0.0,0.0,0.0,1.0,1.0,0.0
2023-12-22,17:36:00.000000000,48.755,374.06,,,,0,0.0,0.0,0.0,0.0,0.0,0.0,0.0,0.0,0.0,1.0,1.0,0.0
2023-12-22,17:37:00.000000000,48.75,374.06,,,,0,0.0,0.0,0.0,0.0,0.0,0.0,0.0,0.0,0.0,1.0,1.0,0.0
2023-12-22,17:38:00.000000000,48.73,374.11,-0.0698656072764804,74.86742233820408,-2.120316534731883,0,0.0,0.0,0.0,0.0,0.0,0.0,0.0,0.0,0.0,1.0,1.0,0.0
2023-12-22,17:39:00.000000000,48.74,374.18,,,,0,0.0,0.0,0.0,0.0,0.0,0.0,0.0,0.0,0.0,1.0,1.0,0.0
2023-12-22,17:40:00.000000000,48.74,374.29,,,,0,0.0,0.0,0.0,0.0,0.0,0.0,0.0,0.0,0.0,1.0,1.0,0.0
2023-12-22,17:41:00.000000000,48.74,374.32,-0.06978966061949632,74.86366576308987,-2.0382307613045683,0,0.0,0.0,0.0,0.0,0.0,0.0,0.0,0.0,0.0,1.0,1.0,0.0
2023-12-22,17:42:00.000000000,48.7488,374.3398,,,,0,0.0,0.0,0.0,0.0,0.0,0.0,0.0,0.0,0.0,1.0,1.0,0.0
2023-12-22,17:43:00.000000000,48.74,374.3436,,,,0,0.0,0.0,0.0,0.0,0.0,0.0,0.0,0.0,0.0,1.0,1.0,0.0
2023-12-22,17:44:00.000000000,48.77,374.47,-0.06961256737825523,74.83781810613524,-1.971900226669927,0,0.0,0.0,0.0,0.0,0.0,0.0,0.0,0.0,0.0,1.0,1.0,0.0
2023-12-22,17:45:00.000000000,48.765,374.4401,,,,0,0.0,0.0,0.0,0.0,0.0,0.0,0.0,0.0,0.0,1.0,1.0,0.0
2023-12-22,17:46:00.000000000,48.7622,374.45,,,,0,0.0,0.0,0.0,0.0,0.0,0.0,0.0,0.0,0.0,1.0,1.0,0.0
2023-12-22,17:47:00.000000000,48.75,374.3501,-0.06953256712757724,74.77952345746525,-1.9236674458764091,0,0.0,0.0,0.0,0.0,0.0,0.0,0.0,0.0,0.0,1.0,1.0,0.0
2023-12-22,17:48:00.000000000,48.76,374.408,,,,0,0.0,0.0,0.0,0.0,0.0,0.0,0.0,0.0,0.0,1.0,1.0,0.0
2023-12-22,17:49:00.000000000,48.74,374.29,,,,0,0.0,0.0,0.0,0.0,0.0,0.0,0.0,0.0,0.0,1.0,1.0,0.0
2023-12-22,17:50:00.000000000,48.745,374.22,-0.06947481126601954,74.74386387196984,-1.8682766035041838,0,0.0,0.0,0.0,0.0,0.0,0.0,0.0,0.0,0.0,1.0,1.0,0.0
2023-12-22,17:51:00.000000000,48.74,374.39,,,,0,0.0,0.0,0.0,0.0,0.0,0.0,0.0,0.0,0.0,1.0,1.0,0.0
2023-12-22,17:52:00.000000000,48.74,374.47,,,,0,0.0,0.0,0.0,0.0,0.0,0.0,0.0,0.0,0.0,1.0,1.0,0.0
2023-12-22,17:53:00.000000000,48.74,374.435,-0.06942192533748978,74.73399861374298,-1.8057297675983486,0,0.0,0.0,0.0,0.0,0.0,0.0,0.0,0.0,0.0,1.0,1.0,0.0
2023-12-22,17:54:00.000000000,48.74,374.55,,,,0,0.0,0.0,0.0,0.0,0.0,0.0,0.0,0.0,0.0,1.0,1.0,0.0
2023-12-22,17:55:00.000000000,48.74,374.4899,,,,0,0.0,0.0,0.0,0.0,0.0,0.0,0.0,0.0,0.0,1.0,1.0,0.0
2023-12-22,17:56:00.000000000,48.74,374.385,-0.06942050590791661,74.72999610433536,-1.7448466948198345,0,0.0,0.0,0.0,0.0,0.0,0.0,0.0,0.0,0.0,1.0,1.0,0.0
2023-12-22,17:57:00.000000000,48.73,374.53,,,,0,0.0,0.0,0.0,0.0,0.0,0.0,0.0,0.0,0.0,1.0,1.0,0.0
2023-12-22,17:58:00.000000000,48.73,374.625,,,,0,0.0,0.0,0.0,0.0,0.0,0.0,0.0,0.0,0.0,1.0,1.0,0.0
2023-12-22,17:59:00.000000000,48.745,374.67,-0.06950098458819531,74.78493389565914,-1.6644329428142421,0,0.0,0.0,0.0,0.0,0.0,0.0,0.0,0.0,0.0,1.0,1.0,0.0
2023-12-22,18:00:00.000000000,48.77,374.69,,,,0,0.0,0.0,0.0,0.0,0.0,0.0,0.0,0.0,0.0,1.0,1.0,0.0
2023-12-22,18:01:00.000000000,48.755,374.66,,,,0,0.0,0.0,0.0,0.0,0.0,0.0,0.0,0.0,0.0,1.0,1.0,0.0
2023-12-22,18:02:00.000000000,48.755,374.77,-0.06956755028792308,74.82683082140494,-1.5949859565146776,0,0.0,0.0,0.0,0.0,0.0,0.0,0.0,0.0,0.0,1.0,1.0,0.0
2023-12-22,18:03:00.000000000,48.76,374.7199,,,,0,0.0,0.0,0.0,0.0,0.0,0.0,0.0,0.0,0.0,1.0,1.0,0.0
2023-12-22,18:04:00.000000000,48.7609,374.8101,,,,0,0.0,0.0,0.0,0.0,0.0,0.0,0.0,0.0,0.0,1.0,1.0,0.0
2023-12-22,18:05:00.000000000,48.78,374.91,-0.06968781927593606,74.9066603247412,-1.5149683177900126,0,0.0,0.0,0.0,0.0,0.0,0.0,0.0,0.0,0.0,1.0,1.0,0.0
2023-12-22,18:06:00.000000000,48.7703,374.89,,,,0,0.0,0.0,0.0,0.0,0.0,0.0,0.0,0.0,0.0,1.0,1.0,0.0
2023-12-22,18:07:00.000000000,48.79,374.91,,,,0,0.0,0.0,0.0,0.0,0.0,0.0,0.0,0.0,0.0,1.0,1.0,0.0
2023-12-22,18:08:00.000000000,48.78,374.93,-0.06974533983067784,74.92962026271604,-1.4620687904109466,0,0.0,0.0,0.0,0.0,0.0,0.0,0.0,0.0,0.0,1.0,1.0,0.0
2023-12-22,18:09:00.000000000,48.78,374.91,,,,0,0.0,0.0,0.0,0.0,0.0,0.0,0.0,0.0,0.0,1.0,1.0,0.0
2023-12-22,18:10:00.000000000,48.7701,374.91,,,,0,0.0,0.0,0.0,0.0,0.0,0.0,0.0,0.0,0.0,1.0,1.0,0.0
2023-12-22,18:11:00.000000000,48.77,374.97,-0.06975644084567162,74.92657262390149,-1.4220603184494336,0,0.0,0.0,0.0,0.0,0.0,0.0,0.0,0.0,0.0,1.0,1.0,0.0
2023-12-22,18:12:00.000000000,48.755,374.925,,,,0,0.0,0.0,0.0,0.0,0.0,0.0,0.0,0.0,0.0,1.0,1.0,0.0
2023-12-22,18:13:00.000000000,48.755,374.99,,,,0,0.0,0.0,0.0,0.0,0.0,0.0,0.0,0.0,0.0,1.0,1.0,0.0
2023-12-22,18:14:00.000000000,48.76,374.94,-0.06979082880889703,74.92737335360785,-1.3825986959509935,0,0.0,0.0,0.0,0.0,0.0,0.0,0.0,0.0,0.0,1.0,1.0,0.0
2023-12-22,18:15:00.000000000,48.779,374.9423,,,,0,0.0,0.0,0.0,0.0,0.0,0.0,0.0,0.0,0.0,1.0,1.0,0.0
2023-12-22,18:16:00.000000000,48.775,374.94,,,,0,0.0,0.0,0.0,0.0,0.0,0.0,0.0,0.0,0.0,1.0,1.0,0.0
2023-12-22,18:17:00.000000000,48.77,374.825,-0.06978372247362803,74.92668377617763,-1.3454746070620587,0,0.0,0.0,0.0,0.0,0.0,0.0,0.0,0.0,0.0,1.0,1.0,0.0
2023-12-22,18:18:00.000000000,48.775,374.89,,,,0,0.0,0.0,0.0,0.0,0.0,0.0,0.0,0.0,0.0,1.0,1.0,0.0
2023-12-22,18:19:00.000000000,48.775,374.935,,,,0,0.0,0.0,0.0,0.0,0.0,0.0,0.0,0.0,0.0,1.0,1.0,0.0
2023-12-22,18:20:00.000000000,48.77,374.94,-0.06989712941040097,74.97722970113574,-1.2900534782506379,0,0.0,0.0,0.0,0.0,0.0,0.0,0.0,0.0,0.0,1.0,1.0,0.0
2023-12-22,18:21:00.000000000,48.785,374.9601,,,,0,0.0,0.0,0.0,0.0,0.0,0.0,0.0,0.0,0.0,1.0,1.0,0.0
2023-12-22,18:22:00.000000000,48.795,374.96,,,,0,0.0,0.0,0.0,0.0,0.0,0.0,0.0,0.0,0.0,1.0,1.0,0.0
2023-12-22,18:23:00.000000000,48.795,374.96,-0.06999145752190629,75.03899691241398,-1.232584746979788,0,0.0,0.0,0.0,0.0,0.0,0.0,0.0,0.0,0.0,1.0,1.0,0.0
2023-12-22,18:24:00.000000000,48.805,374.9356,,,,0,0.0,0.0,0.0,0.0,0.0,0.0,0.0,0.0,0.0,1.0,1.0,0.0
2023-12-22,18:25:00.000000000,48.81,374.91,,,,0,0.0,0.0,0.0,0.0,0.0,0.0,0.0,0.0,0.0,1.0,1.0,0.0
2023-12-22,18:26:00.000000000,48.81,374.87,-0.07009251665552824,75.08558171865788,-1.1836189492426317,0,0.0,0.0,0.0,0.0,0.0,0.0,0.0,0.0,0.0,1.0,1.0,0.0
2023-12-22,18:27:00.000000000,48.805,374.89,,,,0,0.0,0.0,0.0,0.0,0.0,0.0,0.0,0.0,0.0,1.0,1.0,0.0
2023-12-22,18:28:00.000000000,48.83,374.9999,,,,0,0.0,0.0,0.0,0.0,0.0,0.0,0.0,0.0,0.0,1.0,1.0,0.0
2023-12-22,18:29:00.000000000,48.825,374.93,-0.07037757869720108,75.2116655809416,-1.1048253882166859,0,0.0,0.0,0.0,0.0,0.0,0.0,0.0,0.0,0.0,1.0,1.0,0.0
2023-12-22,18:30:00.000000000,48.825,375.0,,,,0,0.0,0.0,0.0,0.0,0.0,0.0,0.0,0.0,0.0,1.0,1.0,0.0
2023-12-22,18:31:00.000000000,48.83,374.999,,,,0,0.0,0.0,0.0,0.0,0.0,0.0,0.0,0.0,0.0,1.0,1.0,0.0
2023-12-22,18:32:00.000000000,48.83,375.0,-0.07090297229803515,75.41861461176318,-0.996109371471813,0,0.0,0.0,0.0,0.0,0.0,0.0,0.0,0.0,0.0,1.0,1.0,0.0
2023-12-22,18:33:00.000000000,48.825,374.9997,,,,0,0.0,0.0,0.0,0.0,0.0,0.0,0.0,0.0,0.0,1.0,1.0,0.0
2023-12-22,18:34:00.000000000,48.825,374.965,,,,0,0.0,0.0,0.0,0.0,0.0,0.0,0.0,0.0,0.0,1.0,1.0,0.0
2023-12-22,18:35:00.000000000,48.835,374.995,-0.07118937346933252,75.53065910413235,-0.9271556640215011,0,0.0,0.0,0.0,0.0,0.0,0.0,0.0,0.0,0.0,1.0,1.0,0.0
2023-12-22,18:36:00.000000000,48.83,374.93,,,,0,0.0,0.0,0.0,0.0,0.0,0.0,0.0,0.0,0.0,1.0,1.0,0.0
2023-12-22,18:37:00.000000000,48.825,374.9315,,,,0,0.0,0.0,0.0,0.0,0.0,0.0,0.0,0.0,0.0,1.0,1.0,0.0
2023-12-22,18:38:00.000000000,48.821,374.89,-0.0713683477029471,75.57627987035784,-0.8857678695643482,0,0.0,0.0,0.0,0.0,0.0,0.0,0.0,0.0,0.0,1.0,1.0,0.0
2023-12-22,18:39:00.000000000,48.8101,374.9199,,,,0,0.0,0.0,0.0,0.0,0.0,0.0,0.0,0.0,0.0,1.0,1.0,0.0
2023-12-22,18:40:00.000000000,48.795,374.76,,,,0,0.0,0.0,0.0,0.0,0.0,0.0,0.0,0.0,0.0,1.0,1.0,0.0
2023-12-22,18:41:00.000000000,48.805,374.78,-0.07150801318641534,75.60477318200473,-0.8518683186353863,0,0.0,0.0,0.0,0.0,0.0,0.0,0.0,0.0,0.0,1.0,1.0,0.0
2023-12-22,18:42:00.000000000,48.78,374.78,,,,0,0.0,0.0,0.0,0.0,0.0,0.0,0.0,0.0,0.0,1.0,1.0,0.0
2023-12-22,18:43:00.000000000,48.785,374.865,,,,0,0.0,0.0,0.0,0.0,0.0,0.0,0.0,0.0,0.0,1.0,1.0,0.0
2023-12-22,18:44:00.000000000,48.79,374.9733,-0.07152505150487563,75.60998459545318,-0.8279078566913802,0,0.0,0.0,0.0,0.0,0.0,0.0,0.0,0.0,0.0,1.0,1.0,0.0
2023-12-22,18:45:00.000000000,48.785,374.99,,,,0,0.0,0.0,0.0,0.0,0.0,0.0,0.0,0.0,0.0,1.0,1.0,0.0
2023-12-22,18:46:00.000000000,48.79,374.96,,,,0,0.0,0.0,0.0,0.0,0.0,0.0,0.0,0.0,0.0,1.0,1.0,0.0
2023-12-22,18:47:00.000000000,48.8099,374.9373,-0.0714861763854878,75.61273396129856,-0.8054668118535779,0,0.0,0.0,0.0,0.0,0.0,0.0,0.0,0.0,0.0,1.0,1.0,0.0
2023-12-22,18:48:00.000000000,48.81,374.905,,,,0,0.0,0.0,0.0,0.0,0.0,0.0,0.0,0.0,0.0,1.0,1.0,0.0
2023-12-22,18:49:00.000000000,48.81,374.92,,,,0,0.0,0.0,0.0,0.0,0.0,0.0,0.0,0.0,0.0,1.0,1.0,0.0
2023-12-22,18:50:00.000000000,48.81,374.935,-0.07144208947733063,75.59613981818296,-0.7913582439211523,0,0.0,0.0,0.0,0.0,0.0,0.0,0.0,0.0,0.0,1.0,1.0,0.0
2023-12-22,18:51:00.000000000,48.785,374.9,,,,0,0.0,0.0,0.0,0.0,0.0,0.0,0.0,0.0,0.0,1.0,1.0,0.0
2023-12-22,18:52:00.000000000,48.79,374.91,,,,0,0.0,0.0,0.0,0.0,0.0,0.0,0.0,0.0,0.0,1.0,1.0,0.0
2023-12-22,18:53:00.000000000,48.78,374.93,-0.0714788011327382,75.57954690869754,-0.7775658814731562,0,0.0,0.0,0.0,0.0,0.0,0.0,0.0,0.0,0.0,1.0,1.0,0.0
2023-12-22,18:54:00.000000000,48.78,374.8708,,,,0,0.0,0.0,0.0,0.0,0.0,0.0,0.0,0.0,0.0,1.0,1.0,0.0
2023-12-22,18:55:00.000000000,48.78,374.95,,,,0,0.0,0.0,0.0,0.0,0.0,0.0,0.0,0.0,0.0,1.0,1.0,0.0
2023-12-22,18:56:00.000000000,48.81,374.985,-0.07143701525283583,75.59780916458465,-0.7492122306248908,0,0.0,0.0,0.0,0.0,0.0,0.0,0.0,0.0,0.0,1.0,1.0,0.0
2023-12-22,18:57:00.000000000,48.81,374.935,,,,0,0.0,0.0,0.0,0.0,0.0,0.0,0.0,0.0,0.0,1.0,1.0,0.0
2023-12-22,18:58:00.000000000,48.815,374.8533,,,,0,0.0,0.0,0.0,0.0,0.0,0.0,0.0,0.0,0.0,1.0,1.0,0.0
2023-12-22,18:59:00.000000000,48.815,374.8269,-0.07137758867116996,75.56924029108976,-0.7414185269962557,0,0.0,0.0,0.0,0.0,0.0,0.0,0.0,0.0,0.0,1.0,1.0,0.0
2023-12-22,19:00:00.000000000,48.8,374.74,,,,0,0.0,0.0,0.0,0.0,0.0,0.0,0.0,0.0,0.0,1.0,1.0,0.0
2023-12-22,19:01:00.000000000,48.79,374.93,,,,0,0.0,0.0,0.0,0.0,0.0,0.0,0.0,0.0,0.0,1.0,1.0,0.0
2023-12-22,19:02:00.000000000,48.77,374.76,-0.0713566875641558,75.51163223154303,-0.7467080115920324,0,0.0,0.0,0.0,0.0,0.0,0.0,0.0,0.0,0.0,1.0,1.0,0.0
2023-12-22,19:03:00.000000000,48.7507,374.75,,,,0,0.0,0.0,0.0,0.0,0.0,0.0,0.0,0.0,0.0,1.0,1.0,0.0
2023-12-22,19:04:00.000000000,48.75,374.56,,,,0,0.0,0.0,0.0,0.0,0.0,0.0,0.0,0.0,0.0,1.0,1.0,0.0
2023-12-22,19:05:00.000000000,48.625,374.18,-0.07150974343301168,75.38251579776431,-0.7842830231414274,0,0.0,0.0,0.0,0.0,0.0,0.0,0.0,0.0,0.0,1.0,1.0,0.0
2023-12-22,19:06:00.000000000,48.665,374.605,,,,0,0.0,0.0,0.0,0.0,0.0,0.0,0.0,0.0,0.0,1.0,1.0,0.0
2023-12-22,19:07:00.000000000,48.68,374.4502,,,,0,0.0,0.0,0.0,0.0,0.0,0.0,0.0,0.0,0.0,1.0,1.0,0.0
2023-12-22,19:08:00.000000000,48.69,374.52,-0.07161661728457586,75.51185550541935,-0.7060635368599597,0,0.0,0.0,0.0,0.0,0.0,0.0,0.0,0.0,0.0,1.0,1.0,0.0
2023-12-22,19:09:00.000000000,48.685,374.29,,,,0,0.0,0.0,0.0,0.0,0.0,0.0,0.0,0.0,0.0,1.0,1.0,0.0
2023-12-22,19:10:00.000000000,48.69,374.33,,,,0,0.0,0.0,0.0,0.0,0.0,0.0,0.0,0.0,0.0,1.0,1.0,0.0
2023-12-22,19:11:00.000000000,48.695,374.22,-0.07186959561404628,75.5900400706884,-0.650589408618939,0,0.0,0.0,0.0,0.0,0.0,0.0,0.0,0.0,0.0,1.0,1.0,0.0
2023-12-22,19:12:00.000000000,48.715,374.2955,,,,0,0.0,0.0,0.0,0.0,0.0,0.0,0.0,0.0,0.0,1.0,1.0,0.0
2023-12-22,19:13:00.000000000,48.695,374.16,,,,0,0.0,0.0,0.0,0.0,0.0,0.0,0.0,0.0,0.0,1.0,1.0,0.0
2023-12-22,19:14:00.000000000,48.725,374.195,-0.07207012644580076,75.6932809653864,-0.5825079786109807,0,0.0,0.0,0.0,0.0,0.0,0.0,0.0,0.0,0.0,1.0,1.0,0.0
2023-12-22,19:15:00.000000000,48.705,374.0533,,,,0,0.0,0.0,0.0,0.0,0.0,0.0,0.0,0.0,0.0,1.0,1.0,0.0
2023-12-22,19:16:00.000000000,48.68,373.9075,,,,0,0.0,0.0,0.0,0.0,0.0,0.0,0.0,0.0,0.0,1.0,1.0,0.0
2023-12-22,19:17:00.000000000,48.65,373.6,-0.07229927981389897,75.66101093847266,-0.5788316174820103,0,0.0,0.0,0.0,0.0,0.0,0.0,0.0,0.0,0.0,1.0,1.0,0.0
2023-12-22,19:18:00.000000000,48.635,373.7,,,,0,0.0,0.0,0.0,0.0,0.0,0.0,0.0,0.0,0.0,1.0,1.0,0.0
2023-12-22,19:19:00.000000000,48.625,373.855,,,,0,0.0,0.0,0.0,0.0,0.0,0.0,0.0,0.0,0.0,1.0,1.0,0.0
2023-12-22,19:20:00.000000000,48.65,373.96,-0.07257903347899786,75.79165535980604,-0.4944536459537733,0,0.0,0.0,0.0,0.0,0.0,0.0,0.0,0.0,0.0,1.0,1.0,0.0
2023-12-22,19:21:00.000000000,48.625,373.8,,,,0,0.0,0.0,0.0,0.0,0.0,0.0,0.0,0.0,0.0,1.0,1.0,0.0
2023-12-22,19:22:00.000000000,48.6,373.79,,,,0,0.0,0.0,0.0,0.0,0.0,0.0,0.0,0.0,0.0,1.0,1.0,0.0
2023-12-22,19:23:00.000000000,48.565,373.66,-0.07290099038965414,75.80518406899816,-0.46752322099109117,0,0.0,0.0,0.0,0.0,0.0,0.0,0.0,0.0,0.0,1.0,1.0,0.0
2023-12-22,19:24:00.000000000,48.5702,373.6,,,,0,0.0,0.0,0.0,0.0,0.0,0.0,0.0,0.0,0.0,1.0,1.0,0.0
2023-12-22,19:25:00.000000000,48.575,373.6,,,,0,0.0,0.0,0.0,0.0,0.0,0.0,0.0,0.0,0.0,1.0,1.0,0.0
2023-12-22,19:26:00.000000000,48.56,373.3238,-0.0731111440525036,75.85413012002805,-0.4214097295848564,0,0.0,0.0,0.0,0.0,0.0,0.0,0.0,0.0,0.0,1.0,1.0,0.0
2023-12-22,19:27:00.000000000,48.555,373.43,,,,0,0.0,0.0,0.0,0.0,0.0,0.0,0.0,0.0,0.0,1.0,1.0,0.0
2023-12-22,19:28:00.000000000,48.59,373.53,,,,0,0.0,0.0,0.0,0.0,0.0,0.0,0.0,0.0,0.0,1.0,1.0,0.0
2023-12-22,19:29:00.000000000,48.575,373.465,-0.07312729301862282,75.88548448719997,-0.3833962006618657,0,0.0,0.0,0.0,0.0,0.0,0.0,0.0,0.0,0.0,1.0,1.0,0.0
2023-12-22,19:30:00.000000000,48.545,373.4592,,,,0,0.0,0.0,0.0,0.0,0.0,0.0,0.0,0.0,0.0,1.0,1.0,0.0
2023-12-22,19:31:00.000000000,48.56,373.3,,,,0,0.0,0.0,0.0,0.0,0.0,0.0,0.0,0.0,0.0,1.0,1.0,0.0
2023-12-22,19:32:00.000000000,48.605,373.57,-0.0731764773671935,75.94153665006247,-0.33049210592028316,0,0.0,0.0,0.0,0.0,0.0,0.0,0.0,0.0,0.0,1.0,1.0,0.0
2023-12-22,19:33:00.000000000,48.615,373.48,,,,0,0.0,0.0,0.0,0.0,0.0,0.0,0.0,0.0,0.0,1.0,1.0,0.0
2023-12-22,19:34:00.000000000,48.605,373.4,,,,0,0.0,0.0,0.0,0.0,0.0,0.0,0.0,0.0,0.0,1.0,1.0,0.0
2023-12-22,19:35:00.000000000,48.615,373.48,-0.07322666298610264,75.96369409204962,-0.295138018600401,0,0.0,0.0,0.0,0.0,0.0,0.0,0.0,0.0,0.0,1.0,1.0,0.0
2023-12-22,19:36:00.000000000,48.605,373.34,,,,0,0.0,0.0,0.0,0.0,0.0,0.0,0.0,0.0,0.0,1.0,1.0,0.0
2023-12-22,19:37:00.000000000,48.63,373.5554,,,,0,0.0,0.0,0.0,0.0,0.0,0.0,0.0,0.0,0.0,1.0,1.0,0.0
2023-12-22,19:38:00.000000000,48.665,373.64,-0.0732703179653623,76.04172160457797,-0.2251385509229166,0,0.0,0.0,0.0,0.0,0.0,0.0,0.0,0.0,0.0,1.0,1.0,0.0
2023-12-22,19:39:00.000000000,48.645,373.52,,,,0,0.0,0.0,0.0,0.0,0.0,0.0,0.0,0.0,0.0,1.0,1.0,0.0
2023-12-22,19:40:00.000000000,48.66,373.6604,,,,0,0.0,0.0,0.0,0.0,0.0,0.0,0.0,0.0,0.0,1.0,1.0,0.0
2023-12-22,19:41:00.000000000,48.685,373.81,-0.07336348258362073,76.10900342458326,-0.15842342710368945,0,0.0,0.0,0.0,0.0,0.0,0.0,0.0,0.0,0.0,1.0,1.0,0.0
2023-12-22,19:42:00.000000000,48.71,374.02,,,,0,0.0,0.0,0.0,0.0,0.0,0.0,0.0,0.0,0.0,1.0,1.0,0.0
2023-12-22,19:43:00.000000000,48.69,373.9778,,,,0,0.0,0.0,0.0,0.0,0.0,0.0,0.0,0.0,0.0,1.0,1.0,0.0
2023-12-22,19:44:00.000000000,48.722,374.17,-0.07343478886615963,76.19909495005095,-0.07423318317621123,0,0.0,0.0,0.0,0.0,0.0,0.0,0.0,0.0,0.0,1.0,1.0,0.0
2023-12-22,19:45:00.000000000,48.74,374.27,,,,0,0.0,0.0,0.0,0.0,0.0,0.0,0.0,0.0,0.0,1.0,1.0,0.0
2023-12-22,19:46:00.000000000,48.755,374.39,,,,0,0.0,0.0,0.0,0.0,0.0,0.0,0.0,0.0,0.0,1.0,1.0,0.0
2023-12-22,19:47:00.000000000,48.7509,374.39,-0.07335974058857772,76.21605327895762,-0.03388606300763942,0,0.0,0.0,0.0,0.0,0.0,0.0,0.0,0.0,0.0,1.0,1.0,0.0
2023-12-22,19:48:00.000000000,48.745,374.36,,,,0,0.0,0.0,0.0,0.0,0.0,0.0,0.0,0.0,0.0,1.0,1.0,0.0
2023-12-22,19:49:00.000000000,48.73,374.42,,,,0,0.0,0.0,0.0,0.0,0.0,0.0,0.0,0.0,0.0,1.0,1.0,0.0
2023-12-22,19:50:00.000000000,48.74,374.3202,-0.07322635872717169,76.15010524402666,-0.049088452121879726,0,0.0,0.0,0.0,0.0,0.0,0.0,0.0,0.0,0.0,1.0,1.0,0.0
2023-12-22,19:51:00.000000000,48.735,374.31,,,,0,0.0,0.0,0.0,0.0,0.0,0.0,0.0,0.0,0.0,1.0,1.0,0.0
2023-12-22,19:52:00.000000000,48.715,374.49,,,,0,0.0,0.0,0.0,0.0,0.0,0.0,0.0,0.0,0.0,1.0,1.0,0.0
2023-12-22,19:53:00.000000000,48.695,374.58,-0.07310760593760898,76.07964703210958,-0.06886855074078202,0,0.0,0.0,0.0,0.0,0.0,0.0,0.0,0.0,0.0,1.0,1.0,0.0
2023-12-22,19:54:00.000000000,48.685,374.475,,,,0,0.0,0.0,0.0,0.0,0.0,0.0,0.0,0.0,0.0,1.0,1.0,0.0
2023-12-22,19:55:00.000000000,48.7,374.51,,,,0,0.0,0.0,0.0,0.0,0.0,0.0,0.0,0.0,0.0,1.0,1.0,0.0
2023-12-22,19:56:00.000000000,48.705,374.556,-0.0730254544423364,76.05712211410375,-0.05446201013232094,0,0.0,0.0,0.0,0.0,0.0,0.0,0.0,0.0,0.0,1.0,1.0,0.0
2023-12-22,19:57:00.000000000,48.7,374.54,,,,0,0.0,0.0,0.0,0.0,0.0,0.0,0.0,0.0,0.0,1.0,1.0,0.0
2023-12-22,19:58:00.000000000,48.715,374.52,,,,0,0.0,0.0,0.0,0.0,0.0,0.0,0.0,0.0,0.0,1.0,1.0,0.0
2023-12-22,19:59:00.000000000,48.73,374.6,-0.07290267642620384,76.03934258925595,-0.03637801426767164,1,0.0,0.0,0.0,0.0,0.0,0.0,0.0,0.0,0.0,1.0,1.0,0.0
2023-12-22,20:00:00.000000000,48.74,374.573,,,,0,0.0,0.0,0.0,0.0,0.0,0.0,0.0,0.0,0.0,1.0,1.0,0.0
2023-12-22,20:01:00.000000000,48.715,374.41,,,,0,0.0,0.0,0.0,0.0,0.0,0.0,0.0,0.0,0.0,1.0,1.0,0.0
2023-12-22,20:02:00.000000000,48.73,374.49,-0.0728082186487883,75.99594980178472,-0.03801430158609772,0,0.0,0.0,0.0,0.0,0.0,0.0,0.0,0.0,0.0,1.0,1.0,0.0
2023-12-22,20:03:00.000000000,48.695,374.24,,,,0,0.0,0.0,0.0,0.0,0.0,0.0,0.0,0.0,0.0,1.0,1.0,0.0
2023-12-22,20:04:00.000000000,48.73,374.41,,,,0,0.0,0.0,0.0,0.0,0.0,0.0,0.0,0.0,0.0,1.0,1.0,0.0
2023-12-22,20:05:00.000000000,48.7499,374.4045,-0.07261054170600062,75.9356135621643,-0.055273770409076405,0,0.0,0.0,0.0,0.0,0.0,0.0,0.0,0.0,0.0,1.0,1.0,0.0
2023-12-22,20:06:00.000000000,48.765,374.4,,,,0,0.0,0.0,0.0,0.0,0.0,0.0,0.0,0.0,0.0,1.0,1.0,0.0
2023-12-22,20:07:00.000000000,48.745,374.2625,,,,0,0.0,0.0,0.0,0.0,0.0,0.0,0.0,0.0,0.0,1.0,1.0,0.0
2023-12-22,20:08:00.000000000,48.745,374.33,-0.0724838065498727,75.87786330581385,-0.07278693503577141,0,0.0,0.0,0.0,0.0,0.0,0.0,0.0,0.0,0.0,1.0,1.0,0.0
2023-12-22,20:09:00.000000000,48.72,374.27,,,,0,0.0,0.0,0.0,0.0,0.0,0.0,0.0,0.0,0.0,1.0,1.0,0.0
2023-12-22,20:10:00.000000000,48.73,374.45,,,,0,0.0,0.0,0.0,0.0,0.0,0.0,0.0,0.0,0.0,1.0,1.0,0.0
2023-12-22,20:11:00.000000000,48.745,374.48,-0.07245033421992661,75.87620115867811,-0.03902325708789044,0,0.0,0.0,0.0,0.0,0.0,0.0,0.0,0.0,0.0,1.0,1.0,0.0
2023-12-22,20:12:00.000000000,48.745,374.4616,,,,0,0.0,0.0,0.0,0.0,0.0,0.0,0.0,0.0,0.0,1.0,1.0,0.0
2023-12-22,20:13:00.000000000,48.755,374.43,,,,0,0.0,0.0,0.0,0.0,0.0,0.0,0.0,0.0,0.0,1.0,1.0,0.0
2023-12-22,20:14:00.000000000,48.765,374.46,-0.07233867449374146,75.85294005092642,-0.02459405592591079,0,0.0,0.0,0.0,0.0,0.0,0.0,0.0,0.0,0.0,1.0,1.0,0.0
2023-12-22,20:15:00.000000000,48.755,374.52,,,,0,0.0,0.0,0.0,0.0,0.0,0.0,0.0,0.0,0.0,1.0,1.0,0.0
2023-12-22,20:16:00.000000000,48.745,374.38,,,,0,0.0,0.0,0.0,0.0,0.0,0.0,0.0,0.0,0.0,1.0,1.0,0.0
2023-12-22,20:17:00.000000000,48.745,374.39,-0.07219838692787046,75.77535408192543,-0.06926783618070981,0,0.0,0.0,0.0,0.0,0.0,0.0,0.0,0.0,0.0,1.0,1.0,0.0
2023-12-22,20:18:00.000000000,48.72,374.39,,,,0,0.0,0.0,0.0,0.0,0.0,0.0,0.0,0.0,0.0,1.0,1.0,0.0
2023-12-22,20:19:00.000000000,48.735,374.48,,,,0,0.0,0.0,0.0,0.0,0.0,0.0,0.0,0.0,0.0,1.0,1.0,0.0
2023-12-22,20:20:00.000000000,48.695,374.465,-0.0720691694122392,75.68238152395415,-0.13930317609043924,0,0.0,0.0,0.0,0.0,0.0,0.0,0.0,0.0,0.0,1.0,1.0,0.0
2023-12-22,20:21:00.000000000,48.725,374.44,,,,0,0.0,0.0,0.0,0.0,0.0,0.0,0.0,0.0,0.0,1.0,1.0,0.0
2023-12-22,20:22:00.000000000,48.735,374.5526,,,,0,0.0,0.0,0.0,0.0,0.0,0.0,0.0,0.0,0.0,1.0,1.0,0.0
2023-12-22,20:23:00.000000000,48.715,374.51,-0.07189522703120498,75.64048147545658,-0.1565545484826017,0,0.0,0.0,0.0,0.0,0.0,0.0,0.0,0.0,0.0,1.0,1.0,0.0
2023-12-22,20:24:00.000000000,48.765,374.59,,,,0,0.0,0.0,0.0,0.0,0.0,0.0,0.0,0.0,0.0,1.0,1.0,0.0
2023-12-22,20:25:00.000000000,48.76,374.63,,,,0,0.0,0.0,0.0,0.0,0.0,0.0,0.0,0.0,0.0,1.0,1.0,0.0
2023-12-22,20:26:00.000000000,48.78,374.76,-0.0716160130356607,75.61881704524421,-0.15103038241077693,0,0.0,0.0,0.0,0.0,0.0,0.0,0.0,0.0,0.0,1.0,1.0,0.0
2023-12-22,20:27:00.000000000,48.78,374.73,,,,0,0.0,0.0,0.0,0.0,0.0,0.0,0.0,0.0,0.0,1.0,1.0,0.0
2023-12-22,20:28:00.000000000,48.765,374.72,,,,0,0.0,0.0,0.0,0.0,0.0,0.0,0.0,0.0,0.0,1.0,1.0,0.0
2023-12-22,20:29:00.000000000,48.76,374.78,-0.07141888825996205,75.52637094206858,-0.24895271455084644,0,0.0,0.0,0.0,0.0,0.0,0.0,0.0,0.0,0.0,1.0,1.0,0.0
2023-12-22,20:30:00.000000000,48.78,374.6068,,,,0,0.0,0.0,0.0,0.0,0.0,0.0,0.0,0.0,0.0,1.0,1.0,0.0
2023-12-22,20:31:00.000000000,48.7775,374.63,,,,0,0.0,0.0,0.0,0.0,0.0,0.0,0.0,0.0,0.0,1.0,1.0,0.0
2023-12-22,20:32:00.000000000,48.799,374.73,-0.0713090400713559,75.5206365859392,-0.22894482985743977,0,0.0,0.0,0.0,0.0,0.0,0.0,0.0,0.0,0.0,1.0,1.0,0.0
2023-12-22,20:33:00.000000000,48.77,374.565,,,,0,0.0,0.0,0.0,0.0,0.0,0.0,0.0,0.0,0.0,1.0,1.0,0.0
2023-12-22,20:34:00.000000000,48.76,374.5,,,,0,0.0,0.0,0.0,0.0,0.0,0.0,0.0,0.0,0.0,1.0,1.0,0.0
2023-12-22,20:35:00.000000000,48.76,374.42,-0.07139103137466067,75.49022996730045,-0.24915930126122243,0,0.0,0.0,0.0,0.0,0.0,0.0,0.0,0.0,0.0,1.0,1.0,0.0
2023-12-22,20:36:00.000000000,48.78,374.515,,,,0,0.0,0.0,0.0,0.0,0.0,0.0,0.0,0.0,0.0,1.0,1.0,0.0
2023-12-22,20:37:00.000000000,48.78,374.42,,,,0,0.0,0.0,0.0,0.0,0.0,0.0,0.0,0.0,0.0,1.0,1.0,0.0
2023-12-22,20:38:00.000000000,48.76,374.44,-0.07130299055480104,75.4586917833397,-0.2759815259273117,0,0.0,0.0,0.0,0.0,0.0,0.0,0.0,0.0,0.0,1.0,1.0,0.0
2023-12-22,20:39:00.000000000,48.725,374.29,,,,0,0.0,0.0,0.0,0.0,0.0,0.0,0.0,0.0,0.0,1.0,1.0,0.0
2023-12-22,20:40:00.000000000,48.75,374.18,,,,0,0.0,0.0,0.0,0.0,0.0,0.0,0.0,0.0,0.0,1.0,1.0,0.0
2023-12-22,20:41:00.000000000,48.76,374.16,-0.07087892213131172,75.2800575046516,-0.5815327772326527,0,0.0,0.0,0.0,0.0,0.0,0.0,0.0,0.0,0.0,1.0,1.0,0.0
2023-12-22,20:42:00.000000000,48.76,374.12,,,,0,0.0,0.0,0.0,0.0,0.0,0.0,0.0,0.0,0.0,1.0,1.0,0.0
2023-12-22,20:43:00.000000000,48.765,374.165,,,,0,0.0,0.0,0.0,0.0,0.0,0.0,0.0,0.0,0.0,1.0,1.0,0.0
2023-12-22,20:44:00.000000000,48.795,374.25,-0.07060955270122363,75.22062509843295,-0.6840317385731618,0,0.0,0.0,0.0,0.0,0.0,0.0,0.0,0.0,0.0,1.0,1.0,0.0
2023-12-22,20:45:00.000000000,48.81,374.37,,,,0,0.0,0.0,0.0,0.0,0.0,0.0,0.0,0.0,0.0,1.0,1.0,0.0
2023-12-22,20:46:00.000000000,48.79,374.41,,,,0,0.0,0.0,0.0,0.0,0.0,0.0,0.0,0.0,0.0,1.0,1.0,0.0
2023-12-22,20:47:00.000000000,48.79,374.44,-0.07030200350383375,75.1138821919755,-0.8908810825080631,0,0.0,0.0,0.0,0.0,0.0,0.0,0.0,0.0,0.0,1.0,1.0,0.0
2023-12-22,20:48:00.000000000,48.79,374.3,,,,0,0.0,0.0,0.0,0.0,0.0,0.0,0.0,0.0,0.0,1.0,1.0,0.0
2023-12-22,20:49:00.000000000,48.769,374.27,,,,0,0.0,0.0,0.0,0.0,0.0,0.0,0.0,0.0,0.0,1.0,1.0,0.0
2023-12-22,20:50:00.000000000,48.83,374.54,-0.07002269873090033,75.05630158267141,-1.0043275613408575,0,0.0,0.0,0.0,0.0,0.0,0.0,0.0,0.0,0.0,1.0,1.0,0.0
2023-12-22,20:51:00.000000000,48.825,374.38,,,,0,0.0,0.0,0.0,0.0,0.0,0.0,0.0,0.0,0.0,1.0,1.0,0.0
2023-12-22,20:52:00.000000000,48.82,374.48,,,,0,0.0,0.0,0.0,0.0,0.0,0.0,0.0,0.0,0.0,1.0,1.0,0.0
2023-12-22,20:53:00.000000000,48.84,374.49,-0.06972654951777603,74.95189552891195,-1.2177433637359272,0,0.0,0.0,0.0,0.0,0.0,0.0,0.0,0.0,0.0,1.0,1.0,0.0
2023-12-22,20:54:00.000000000,48.815,374.5,,,,0,0.0,0.0,0.0,0.0,0.0,0.0,0.0,0.0,0.0,1.0,1.0,0.0
2023-12-22,20:55:00.000000000,48.785,374.35,,,,0,0.0,0.0,0.0,0.0,0.0,0.0,0.0,0.0,0.0,1.0,1.0,0.0
2023-12-22,20:56:00.000000000,48.8,374.36,-0.06944364389628509,74.79692252901329,-1.5367581356051407,0,0.0,0.0,0.0,0.0,0.0,0.0,0.0,0.0,0.0,1.0,1.0,0.0
2023-12-22,20:57:00.000000000,48.795,374.35,,,,0,0.0,0.0,0.0,0.0,0.0,0.0,0.0,0.0,0.0,1.0,1.0,0.0
2023-12-22,20:58:00.000000000,48.79,374.39,,,,0,0.0,0.0,0.0,0.0,0.0,0.0,0.0,0.0,0.0,1.0,1.0,0.0
2023-12-22,20:59:00.000000000,48.8,374.605,-0.06921329212022179,74.72764529469568,-1.6536869608492595,1,0.0,0.0,0.0,0.0,0.0,0.0,0.0,0.0,0.0,1.0,1.0,0.0
2023-12-23,14:29:00.000000000,48.55,375.0,-0.06919430128312377,74.49786298117141,-2.095570926405079,0,0.0,0.0,0.0,0.0,0.0,0.0,0.0,0.0,0.0,1.0,1.0,0.0
2023-12-23,14:30:00.000000000,48.55,375.0,,,,0,0.0,0.0,0.0,0.0,0.0,0.0,0.0,0.0,0.0,1.0,1.0,0.0
2023-12-23,14:31:00.000000000,48.55,375.0,,,,0,0.0,0.0,0.0,0.0,0.0,0.0,0.0,0.0,0.0,1.0,1.0,0.0
2023-12-23,14:32:00.000000000,48.55,375.0,-0.06914376672765586,74.47891252287094,-2.0536898086054225,0,0.0,0.0,0.0,0.0,0.0,0.0,0.0,0.0,0.0,1.0,1.0,0.0
2023-12-23,14:33:00.000000000,48.55,375.0,,,,0,0.0,0.0,0.0,0.0,0.0,0.0,0.0,0.0,0.0,1.0,1.0,0.0
2023-12-23,14:34:00.000000000,48.55,375.0,,,,0,0.0,0.0,0.0,0.0,0.0,0.0,0.0,0.0,0.0,1.0,1.0,0.0
2023-12-23,14:35:00.000000000,48.55,375.0,-0.06911978969557558,74.46992113584085,-1.9913836949147636,0,0.0,0.0,0.0,0.0,0.0,0.0,0.0,0.0,0.0,1.0,1.0,0.0
2023-12-23,14:36:00.000000000,48.55,375.0,,,,0,0.0,0.0,0.0,0.0,0.0,0.0,0.0,0.0,0.0,1.0,1.0,0.0
2023-12-23,14:37:00.000000000,48.55,375.0,,,,0,0.0,0.0,0.0,0.0,0.0,0.0,0.0,0.0,0.0,1.0,1.0,0.0
2023-12-23,14:38:00.000000000,48.55,375.0,-0.06925740511671695,74.52152691876886,-1.8129896235148166,0,0.0,0.0,0.0,0.0,0.0,0.0,0.0,0.0,0.0,1.0,1.0,0.0
2023-12-23,14:39:00.000000000,48.55,375.0,,,,0,0.0,0.0,0.0,0.0,0.0,0.0,0.0,0.0,0.0,1.0,1.0,0.0
2023-12-23,14:40:00.000000000,48.55,375.0,,,,0,0.0,0.0,0.0,0.0,0.0,0.0,0.0,0.0,0.0,1.0,1.0,0.0
2023-12-23,14:41:00.000000000,48.55,375.0,-0.06941415543442823,74.58030828791058,-1.635570148585271,0,0.0,0.0,0.0,0.0,0.0,0.0,0.0,0.0,0.0,1.0,1.0,0.0
2023-12-23,14:42:00.000000000,48.55,375.0,,,,0,0.0,0.0,0.0,0.0,0.0,0.0,0.0,0.0,0.0,1.0,1.0,0.0
2023-12-23,14:43:00.000000000,48.55,375.0,,,,0,0.0,0.0,0.0,0.0,0.0,0.0,0.0,0.0,0.0,1.0,1.0,0.0
2023-12-23,14:44:00.000000000,48.55,375.0,-0.06947975979524233,74.60490992321587,-1.537988696350447,0,0.0,0.0,0.0,0.0,0.0,0.0,0.0,0.0,0.0,1.0,1.0,0.0
2023-12-23,14:45:00.000000000,48.55,375.0,,,,0,0.0,0.0,0.0,0.0,0.0,0.0,0.0,0.0,0.0,1.0,1.0,0.0
2023-12-23,14:46:00.000000000,48.55,375.0,,,,0,0.0,0.0,0.0,0.0,0.0,0.0,0.0,0.0,0.0,1.0,1.0,0.0
2023-12-23,14:47:00.000000000,48.55,375.0,-0.06955482563113573,74.63305961167589,-1.4427436174660746,0,0.0,0.0,0.0,0.0,0.0,0.0,0.0,0.0,0.0,1.0,1.0,0.0
2023-12-23,14:48:00.000000000,48.55,375.0,,,,0,0.0,0.0,0.0,0.0,0.0,0.0,0.0,0.0,0.0,1.0,1.0,0.0
2023-12-23,14:49:00.000000000,48.55,375.0,,,,0,0.0,0.0,0.0,0.0,0.0,0.0,0.0,0.0,0.0,1.0,1.0,0.0
2023-12-23,14:50:00.000000000,48.55,375.0,-0.06968242770337682,74.6809103887663,-1.3194220207214475,0,0.0,0.0,0.0,0.0,0.0,0.0,0.0,0.0,0.0,1.0,1.0,0.0
2023-12-23,14:51:00.000000000,48.55,375.0,,,,0,0.0,0.0,0.0,0.0,0.0,0.0,0.0,0.0,0.0,1.0,1.0,0.0
2023-12-23,14:52:00.000000000,48.55,375.0,,,,0,0.0,0.0,0.0,0.0,0.0,0.0,0.0,0.0,0.0,1.0,1.0,0.0
2023-12-23,14:53:00.000000000,48.55,375.0,-0.06968425188942792,74.68159445853547,-1.2982877260656387,0,0.0,0.0,0.0,0.0,0.0,0.0,0.0,0.0,0.0,1.0,1.0,0.0
2023-12-23,14:54:00.000000000,48.55,375.0,,,,0,0.0,0.0,0.0,0.0,0.0,0.0,0.0,0.0,0.0,1.0,1.0,0.0
2023-12-23,14:55:00.000000000,48.55,375.0,,,,0,0.0,0.0,0.0,0.0,0.0,0.0,0.0,0.0,0.0,1.0,1.0,0.0
2023-12-23,14:56:00.000000000,48.55,375.0,-0.069588775610773,74.64579085403987,-1.3504785175356815,0,0.0,0.0,0.0,0.0,0.0,0.0,0.0,0.0,0.0,1.0,1.0,0.0
2023-12-23,14:57:00.000000000,48.55,375.0,,,,0,0.0,0.0,0.0,0.0,0.0,0.0,0.0,0.0,0.0,1.0,1.0,0.0
2023-12-23,14:58:00.000000000,48.55,375.0,,,,0,0.0,0.0,0.0,0.0,0.0,0.0,0.0,0.0,0.0,1.0,1.0,0.0
2023-12-23,14:59:00.000000000,48.55,375.0,-0.06941403048059763,74.58026143022411,-1.4583020431444598,0,0.0,0.0,0.0,0.0,0.0,0.0,0.0,0.0,0.0,1.0,1.0,0.0
2023-12-23,15:00:00.000000000,48.55,375.0,,,,0,0.0,0.0,0.0,0.0,0.0,0.0,0.0,0.0,0.0,1.0,1.0,0.0
2023-12-23,15:01:00.000000000,48.55,375.0,,,,0,0.0,0.0,0.0,0.0,0.0,0.0,0.0,0.0,0.0,1.0,1.0,0.0
2023-12-23,15:02:00.000000000,48.55,375.0,-0.06934107445436864,74.55290292038823,-1.4894790031375142,0,0.0,0.0,0.0,0.0,0.0,0.0,0.0,0.0,0.0,1.0,1.0,0.0
2023-12-23,15:03:00.000000000,48.55,375.0,,,,0,0.0,0.0,0.0,0.0,0.0,0.0,0.0,0.0,0.0,1.0,1.0,0.0
2023-12-23,15:04:00.000000000,48.55,375.0,,,,0,0.0,0.0,0.0,0.0,0.0,0.0,0.0,0.0,0.0,1.0,1.0,0.0
2023-12-23,15:05:00.000000000,48.55,375.0,-0.06928557586246224,74.53209094842333,-1.5077323589253695,0,0.0,0.0,0.0,0.0,0.0,0.0,0.0,0.0,0.0,1.0,1.0,0.0
2023-12-23,15:06:00.000000000,48.55,375.0,,,,0,0.0,0.0,0.0,0.0,0.0,0.0,0.0,0.0,0.0,1.0,1.0,0.0
2023-12-23,15:07:00.000000000,48.55,375.0,,,,0,0.0,0.0,0.0,0.0,0.0,0.0,0.0,0.0,0.0,1.0,1.0,0.0
2023-12-23,15:08:00.000000000,48.55,375.0,-0.06919028322927594,74.49635621097848,-1.5545061254581178,0,0.0,0.0,0.0,0.0,0.0,0.0,0.0,0.0,0.0,1.0,1.0,0.0
2023-12-23,15:09:00.000000000,48.55,375.0,,,,0,0.0,0.0,0.0,0.0,0.0,0.0,0.0,0.0,0.0,1.0,1.0,0.0
2023-12-23,15:10:00.000000000,48.55,375.0,,,,0,0.0,0.0,0.0,0.0,0.0,0.0,0.0,0.0,0.0,1.0,1.0,0.0
2023-12-23,15:11:00.000000000,48.55,375.0,-0.06910879428942435,74.46579785853413,-1.5907259771172946,0,0.0,0.0,0.0,0.0,0.0,0.0,0.0,0.0,0.0,1.0,1.0,0.0
2023-12-23,15:12:00.000000000,48.55,375.0,,,,0,0.0,0.0,0.0,0.0,0.0,0.0,0.0,0.0,0.0,1.0,1.0,0.0
2023-12-23,15:13:00.000000000,48.55,375.0,,,,0,0.0,0.0,0.0,0.0,0.0,0.0,0.0,0.0,0.0,1.0,1.0,0.0
2023-12-23,15:14:00.000000000,48.55,375.0,-0.06903671022329431,74.43876633373537,-1.6183253964039492,0,0.0,0.0,0.0,0.0,0.0,0.0,0.0,0.0,0.0,1.0,1.0,0.0
2023-12-23,15:15:00.000000000,48.55,375.0,,,,0,0.0,0.0,0.0,0.0,0.0,0.0,0.0,0.0,0.0,1.0,1.0,0.0
2023-12-23,15:16:00.000000000,48.55,375.0,,,,0,0.0,0.0,0.0,0.0,0.0,0.0,0.0,0.0,0.0,1.0,1.0,0.0
2023-12-23,15:17:00.000000000,48.55,375.0,-0.06895017745596285,74.40631654598607,-1.6529556542618569,0,0.0,0.0,0.0,0.0,0.0,0.0,0.0,0.0,0.0,1.0,1.0,0.0
2023-12-23,15:18:00.000000000,48.55,375.0,,,,0,0.0,0.0,0.0,0.0,0.0,0.0,0.0,0.0,0.0,1.0,1.0,0.0
2023-12-23,15:19:00.000000000,48.55,375.0,,,,0,0.0,0.0,0.0,0.0,0.0,0.0,0.0,0.0,0.0,1.0,1.0,0.0
2023-12-23,15:20:00.000000000,48.55,375.0,-0.0688147643632194,74.35553663620728,-1.7121937239620075,0,0.0,0.0,0.0,0.0,0.0,0.0,0.0,0.0,0.0,1.0,1.0,0.0
2023-12-23,15:21:00.000000000,48.55,375.0,,,,0,0.0,0.0,0.0,0.0,0.0,0.0,0.0,0.0,0.0,1.0,1.0,0.0
2023-12-23,15:22:00.000000000,48.55,375.0,,,,0,0.0,0.0,0.0,0.0,0.0,0.0,0.0,0.0,0.0,1.0,1.0,0.0
2023-12-23,15:23:00.000000000,48.55,375.0,-0.06868778884725843,74.30792081772191,-1.7578759396890198,0,0.0,0.0,0.0,0.0,0.0,0.0,0.0,0.0,0.0,1.0,1.0,0.0
2023-12-23,15:24:00.000000000,48.55,375.0,,,,0,0.0,0.0,0.0,0.0,0.0,0.0,0.0,0.0,0.0,1.0,1.0,0.0
2023-12-23,15:25:00.000000000,48.55,375.0,,,,0,0.0,0.0,0.0,0.0,0.0,0.0,0.0,0.0,0.0,1.0,1.0,0.0
2023-12-23,15:26:00.000000000,48.55,375.0,-0.06855941480295197,74.25978055110699,-1.7950258178343905,0,0.0,0.0,0.0,0.0,0.0,0.0,0.0,0.0,0.0,1.0,1.0,0.0
2023-12-23,15:27:00.000000000,48.55,375.0,,,,0,0.0,0.0,0.0,0.0,0.0,0.0,0.0,0.0,0.0,1.0,1.0,0.0
2023-12-23,15:28:00.000000000,48.55,375.0,,,,0,0.0,0.0,0.0,0.0,0.0,0.0,0.0,0.0,0.0,1.0,1.0,0.0
2023-12-23,15:29:00.000000000,48.55,375.0,-0.06847865384463345,74.22949519173754,-1.7974234643304912,0,0.0,0.0,0.0,0.0,0.0,0.0,0.0,0.0,0.0,1.0,1.0,0.0
2023-12-23,15:30:00.000000000,48.55,375.0,,,,0,0.0,0.0,0.0,0.0,0.0,0.0,0.0,0.0,0.0,1.0,1.0,0.0
2023-12-23,15:31:00.000000000,48.55,375.0,,,,0,0.0,0.0,0.0,0.0,0.0,0.0,0.0,0.0,0.0,1.0,1.0,0.0
2023-12-23,15:32:00.000000000,48.55,375.0,-0.06840512784407742,74.20192294152903,-1.7938558837257994,0,0.0,0.0,0.0,0.0,0.0,0.0,0.0,0.0,0.0,1.0,1.0,0.0
2023-12-23,15:33:00.000000000,48.55,375.0,,,,0,0.0,0.0,0.0,0.0,0.0,0.0,0.0,0.0,0.0,1.0,1.0,0.0
2023-12-23,15:34:00.000000000,48.55,375.0,,,,0,0.0,0.0,0.0,0.0,0.0,0.0,0.0,0.0,0.0,1.0,1.0,0.0
2023-12-23,15:35:00.000000000,48.55,375.0,-0.06830105199068867,74.16289449650824,-1.8067614176166147,0,0.0,0.0,0.0,0.0,0.0,0.0,0.0,0.0,0.0,1.0,1.0,0.0
2023-12-23,15:36:00.000000000,48.55,375.0,,,,0,0.0,0.0,0.0,0.0,0.0,0.0,0.0,0.0,0.0,1.0,1.0,0.0
2023-12-23,15:37:00.000000000,48.55,375.0,,,,0,0.0,0.0,0.0,0.0,0.0,0.0,0.0,0.0,0.0,1.0,1.0,0.0
2023-12-23,15:38:00.000000000,48.55,375.0,-0.06820458953525943,74.12672107572229,-1.812536474858874,0,0.0,0.0,0.0,0.0,0.0,0.0,0.0,0.0,0.0,1.0,1.0,0.0
2023-12-23,15:39:00.000000000,48.55,375.0,,,,0,0.0,0.0,0.0,0.0,0.0,0.0,0.0,0.0,0.0,1.0,1.0,0.0
2023-12-23,15:40:00.000000000,48.55,375.0,,,,0,0.0,0.0,0.0,0.0,0.0,0.0,0.0,0.0,0.0,1.0,1.0,0.0
2023-12-23,15:41:00.000000000,48.55,375.0,-0.06810048248346531,74.08768093129949,-1.8185015819303143,0,0.0,0.0,0.0,0.0,0.0,0.0,0.0,0.0,0.0,1.0,1.0,0.0
2023-12-23,15:42:00.000000000,48.55,375.0,,,,0,0.0,0.0,0.0,0.0,0.0,0.0,0.0,0.0,0.0,1.0,1.0,0.0
2023-12-23,15:43:00.000000000,48.55,375.0,,,,0,0.0,0.0,0.0,0.0,0.0,0.0,0.0,0.0,0.0,1.0,1.0,0.0
2023-12-23,15:44:00.000000000,48.55,375.0,-0.06799690055577556,74.04883770841583,-1.8199403488895656,0,0.0,0.0,0.0,0.0,0.0,0.0,0.0,0.0,0.0,1.0,1.0,0.0
2023-12-23,15:45:00.000000000,48.55,375.0,,,,0,0.0,0.0,0.0,0.0,0.0,0.0,0.0,0.0,0.0,1.0,1.0,0.0
2023-12-23,15:46:00.000000000,48.55,375.0,,,,0,0.0,0.0,0.0,0.0,0.0,0.0,0.0,0.0,0.0,1.0,1.0,0.0
2023-12-23,15:47:00.000000000,48.55,375.0,-0.06790164274418098,74.01311602906786,-1.8138286407537456,0,0.0,0.0,0.0,0.0,0.0,0.0,0.0,0.0,0.0,1.0,1.0,0.0
2023-12-23,15:48:00.000000000,48.55,375.0,,,,0,0.0,0.0,0.0,0.0,0.0,0.0,0.0,0.0,0.0,1.0,1.0,0.0
2023-12-23,15:49:00.000000000,48.55,375.0,,,,0,0.0,0.0,0.0,0.0,0.0,0.0,0.0,0.0,0.0,1.0,1.0,0.0
2023-12-23,15:50:00.000000000,48.55,375.0,-0.06778945972401963,73.97104739650736,-1.8127765131919293,0,0.0,0.0,0.0,0.0,0.0,0.0,0.0,0.0,0.0,1.0,1.0,0.0
2023-12-23,15:51:00.000000000,48.55,375.0,,,,0,0.0,0.0,0.0,0.0,0.0,0.0,0.0,0.0,0.0,1.0,1.0,0.0
2023-12-23,15:52:00.000000000,48.55,375.0,,,,0,0.0,0.0,0.0,0.0,0.0,0.0,0.0,0.0,0.0,1.0,1.0,0.0
2023-12-23,15:53:00.000000000,48.55,375.0,-0.06768423431367775,73.93158786762915,-1.8041991044527639,0,0.0,0.0,0.0,0.0,0.0,0.0,0.0,0.0,0.0,1.0,1.0,0.0
2023-12-23,15:54:00.000000000,48.55,375.0,,,,0,0.0,0.0,0.0,0.0,0.0,0.0,0.0,0.0,0.0,1.0,1.0,0.0
2023-12-23,15:55:00.000000000,48.55,375.0,,,,0,0.0,0.0,0.0,0.0,0.0,0.0,0.0,0.0,0.0,1.0,1.0,0.0
2023-12-23,15:56:00.000000000,48.55,375.0,-0.06760824551014835,73.90309206630563,-1.7799689951271758,0,0.0,0.0,0.0,0.0,0.0,0.0,0.0,0.0,0.0,1.0,1.0,0.0
2023-12-23,15:57:00.000000000,48.55,375.0,,,,0,0.0,0.0,0.0,0.0,0.0,0.0,0.0,0.0,0.0,1.0,1.0,0.0
2023-12-23,15:58:00.000000000,48.55,375.0,,,,0,0.0,0.0,0.0,0.0,0.0,0.0,0.0,0.0,0.0,1.0,1.0,0.0
2023-12-23,15:59:00.000000000,48.55,375.0,-0.06753783707923684,73.87668890471382,-1.753984256335515,0,0.0,0.0,0.0,0.0,0.0,0.0,0.0,0.0,0.0,1.0,1.0,0.0
2023-12-23,16:00:00.000000000,48.55,375.0,,,,0,0.0,0.0,0.0,0.0,0.0,0.0,0.0,0.0,0.0,1.0,1.0,0.0
2023-12-23,16:01:00.000000000,48.55,375.0,,,,0,0.0,0.0,0.0,0.0,0.0,0.0,0.0,0.0,0.0,1.0,1.0,0.0
2023-12-23,16:02:00.000000000,48.55,375.0,-0.06748194444889072,73.85572916833402,-1.7221970230136865,0,0.0,0.0,0.0,0.0,0.0,0.0,0.0,0.0,0.0,1.0,1.0,0.0
2023-12-23,16:03:00.000000000,48.55,375.0,,,,0,0.0,0.0,0.0,0.0,0.0,0.0,0.0,0.0,0.0,1.0,1.0,0.0
2023-12-23,16:04:00.000000000,48.55,375.0,,,,0,0.0,0.0,0.0,0.0,0.0,0.0,0.0,0.0,0.0,1.0,1.0,0.0
2023-12-23,16:05:00.000000000,48.55,375.0,-0.06744027066178936,73.84010149817101,-1.6853046756242165,0,0.0,0.0,0.0,0.0,0.0,0.0,0.0,0.0,0.0,1.0,1.0,0.0
2023-12-23,16:06:00.000000000,48.55,375.0,,,,0,0.0,0.0,0.0,0.0,0.0,0.0,0.0,0.0,0.0,1.0,1.0,0.0
2023-12-23,16:07:00.000000000,48.55,375.0,,,,0,0.0,0.0,0.0,0.0,0.0,0.0,0.0,0.0,0.0,1.0,1.0,0.0
2023-12-23,16:08:00.000000000,48.55,375.0,-0.06739637956487081,73.82364233682655,-1.6515466626666393,0,0.0,0.0,0.0,0.0,0.0,0.0,0.0,0.0,0.0,1.0,1.0,0.0
2023-12-23,16:09:00.000000000,48.55,375.0,,,,0,0.0,0.0,0.0,0.0,0.0,0.0,0.0,0.0,0.0,1.0,1.0,0.0
2023-12-23,16:10:00.000000000,48.55,375.0,,,,0,0.0,0.0,0.0,0.0,0.0,0.0,0.0,0.0,0.0,1.0,1.0,0.0
2023-12-23,16:11:00.000000000,48.55,375.0,-0.06735947404587557,73.80980276720334,-1.6162876563866782,0,0.0,0.0,0.0,0.0,0.0,0.0,0.0,0.0,0.0,1.0,1.0,0.0
2023-12-23,16:12:00.000000000,48.55,375.0,,,,0,0.0,0.0,0.0,0.0,0.0,0.0,0.0,0.0,0.0,1.0,1.0,0.0
2023-12-23,16:13:00.000000000,48.55,375.0,,,,0,0.0,0.0,0.0,0.0,0.0,0.0,0.0,0.0,0.0,1.0,1.0,0.0
2023-12-23,16:14:00.000000000,48.55,375.0,-0.06732931415439865,73.79849280789949,-1.5797582166549209,0,0.0,0.0,0.0,0.0,0.0,0.0,0.0,0.0,0.0,1.0,1.0,0.0
2023-12-23,16:15:00.000000000,48.55,375.0,,,,0,0.0,0.0,0.0,0.0,0.0,0.0,0.0,0.0,0.0,1.0,1.0,0.0
2023-12-23,16:16:00.000000000,48.55,375.0,,,,0,0.0,0.0,0.0,0.0,0.0,0.0,0.0,0.0,0.0,1.0,1.0,0.0
2023-12-23,16:17:00.000000000,48.55,375.0,-0.06729261210101302,73.78472953787988,-1.548193662787936,0,0.0,0.0,0.0,0.0,0.0,0.0,0.0,0.0,0.0,1.0,1.0,0.0
2023-12-23,16:18:00.000000000,48.55,375.0,,,,0,0.0,0.0,0.0,0.0,0.0,0.0,0.0,0.0,0.0,1.0,1.0,0.0
2023-12-23,16:19:00.000000000,48.55,375.0,,,,0,0.0,0.0,0.0,0.0,0.0,0.0,0.0,0.0,0.0,1.0,1.0,0.0
2023-12-23,16:20:00.000000000,48.55,375.0,-0.06727642822937784,73.77866058601668,-1.5088589769997682,0,0.0,0.0,0.0,0.0,0.0,0.0,0.0,0.0,0.0,1.0,1.0,0.0
2023-12-23,16:21:00.000000000,48.55,375.0,,,,0,0.0,0.0,0.0,0.0,0.0,0.0,0.0,0.0,0.0,1.0,1.0,0.0
2023-12-23,16:22:00.000000000,48.55,375.0,,,,0,0.0,0.0,0.0,0.0,0.0,0.0,0.0,0.0,0.0,1.0,1.0,0.0
2023-12-23,16:23:00.000000000,48.55,375.0,-0.06726061997724411,73.77273249146654,-1.4712908819155313,0,0.0,0.0,0.0,0.0,0.0,0.0,0.0,0.0,0.0,1.0,1.0,0.0
2023-12-23,16:24:00.000000000,48.55,375.0,,,,0,0.0,0.0,0.0,0.0,0.0,0.0,0.0,0.0,0.0,1.0,1.0,0.0
2023-12-23,16:25:00.000000000,48.55,375.0,,,,0,0.0,0.0,0.0,0.0,0.0,0.0,0.0,0.0,0.0,1.0,1.0,0.0
2023-12-23,16:26:00.000000000,48.55,375.0,-0.06724099031092644,73.7653713665974,-1.4374194199144223,0,0.0,0.0,0.0,0.0,0.0,0.0,0.0,0.0,0.0,1.0,1.0,0.0
2023-12-23,16:27:00.000000000,48.55,375.0,,,,0,0.0,0.0,0.0,0.0,0.0,0.0,0.0,0.0,0.0,1.0,1.0,0.0
2023-12-23,16:28:00.000000000,48.55,375.0,,,,0,0.0,0.0,0.0,0.0,0.0,0.0,0.0,0.0,0.0,1.0,1.0,0.0
2023-12-23,16:29:00.000000000,48.55,375.0,-0.06719881988080342,73.74955745530129,-1.414823173311311,0,0.0,0.0,0.0,0.0,0.0,0.0,0.0,0.0,0.0,1.0,1.0,0.0
2023-12-23,16:30:00.000000000,48.55,375.0,,,,0,0.0,0.0,0.0,0.0,0.0,0.0,0.0,0.0,0.0,1.0,1.0,0.0
2023-12-23,16:31:00.000000000,48.55,375.0,,,,0,0.0,0.0,0.0,0.0,0.0,0.0,0.0,0.0,0.0,1.0,1.0,0.0
2023-12-23,16:32:00.000000000,48.55,375.0,-0.06712238906870899,73.72089590076587,-1.4081843205266436,0,0.0,0.0,0.0,0.0,0.0,0.0,0.0,0.0,0.0,1.0,1.0,0.0
2023-12-23,16:33:00.000000000,48.55,375.0,,,,0,0.0,0.0,0.0,0.0,0.0,0.0,0.0,0.0,0.0,1.0,1.0,0.0
2023-12-23,16:34:00.000000000,48.55,375.0,,,,0,0.0,0.0,0.0,0.0,0.0,0.0,0.0,0.0,0.0,1.0,1.0,0.0
2023-12-23,16:35:00.000000000,48.55,375.0,-0.06705469061526677,73.69550898072504,-1.3983647796276106,0,0.0,0.0,0.0,0.0,0.0,0.0,0.0,0.0,0.0,1.0,1.0,0.0
2023-12-23,16:36:00.000000000,48.55,375.0,,,,0,0.0,0.0,0.0,0.0,0.0,0.0,0.0,0.0,0.0,1.0,1.0,0.0
2023-12-23,16:37:00.000000000,48.55,375.0,,,,0,0.0,0.0,0.0,0.0,0.0,0.0,0.0,0.0,0.0,1.0,1.0,0.0
2023-12-23,16:38:00.000000000,48.55,375.0,-0.06697626471685937,73.66609926882226,-1.3933146476087754,0,0.0,0.0,0.0,0.0,0.0,0.0,0.0,0.0,0.0,1.0,1.0,0.0
2023-12-23,16:39:00.000000000,48.55,375.0,,,,0,0.0,0.0,0.0,0.0,0.0,0.0,0.0,0.0,0.0,1.0,1.0,0.0
2023-12-23,16:40:00.000000000,48.55,375.0,,,,0,0.0,0.0,0.0,0.0,0.0,0.0,0.0,0.0,0.0,1.0,1.0,0.0
2023-12-23,16:41:00.000000000,48.55,375.0,-0.06690440454596355,73.63915170473632,-1.386609683433377,0,0.0,0.0,0.0,0.0,0.0,0.0,0.0,0.0,0.0,1.0,1.0,0.0
2023-12-23,16:42:00.000000000,48.55,375.0,,,,0,0.0,0.0,0.0,0.0,0.0,0.0,0.0,0.0,0.0,1.0,1.0,0.0
2023-12-23,16:43:00.000000000,48.55,375.0,,,,0,0.0,0.0,0.0,0.0,0.0,0.0,0.0,0.0,0.0,1.0,1.0,0.0
2023-12-23,16:44:00.000000000,48.55,375.0,-0.06682196597263758,73.60823723973908,-1.3849264450900123,0,0.0,0.0,0.0,0.0,0.0,0.0,0.0,0.0,0.0,1.0,1.0,0.0
2023-12-23,16:45:00.000000000,48.55,375.0,,,,0,0.0,0.0,0.0,0.0,0.0,0.0,0.0,0.0,0.0,1.0,1.0,0.0
2023-12-23,16:46:00.000000000,48.55,375.0,,,,0,0.0,0.0,0.0,0.0,0.0,0.0,0.0,0.0,0.0,1.0,1.0,0.0
2023-12-23,16:47:00.000000000,48.55,375.0,-0.06672483135012963,73.57181175629862,-1.3902691060276973,0,0.0,0.0,0.0,0.0,0.0,0.0,0.0,0.0,0.0,1.0,1.0,0.0
2023-12-23,16:48:00.000000000,48.55,375.0,,,,0,0.0,0.0,0.0,0.0,0.0,0.0,0.0,0.0,0.0,1.0,1.0,0.0
2023-12-23,16:49:00.000000000,48.55,375.0,,,,0,0.0,0.0,0.0,0.0,0.0,0.0,0.0,0.0,0.0,1.0,1.0,0.0
2023-12-23,16:50:00.000000000,48.55,375.0,-0.06661594803844947,73.53098051441854,-1.4010628133867165,0,0.0,0.0,0.0,0.0,0.0,0.0,0.0,0.0,0.0,1.0,1.0,0.0
2023-12-23,16:51:00.000000000,48.55,375.0,,,,0,0.0,0.0,0.0,0.0,0.0,0.0,0.0,0.0,0.0,1.0,1.0,0.0
2023-12-23,16:52:00.000000000,48.55,375.0,,,,0,0.0,0.0,0.0,0.0,0.0,0.0,0.0,0.0,0.0,1.0,1.0,0.0
2023-12-23,16:53:00.000000000,48.55,375.0,-0.0665246669020937,73.49675008828514,-1.4052205724714875,0,0.0,0.0,0.0,0.0,0.0,0.0,0.0,0.0,0.0,1.0,1.0,0.0
2023-12-23,16:54:00.000000000,48.55,375.0,,,,0,0.0,0.0,0.0,0.0,0.0,0.0,0.0,0.0,0.0,1.0,1.0,0.0
2023-12-23,16:55:00.000000000,48.55,375.0,,,,0,0.0,0.0,0.0,0.0,0.0,0.0,0.0,0.0,0.0,1.0,1.0,0.0
2023-12-23,16:56:00.000000000,48.55,375.0,-0.06643532894334618,73.4632483537548,-1.4093546309845337,0,0.0,0.0,0.0,0.0,0.0,0.0,0.0,0.0,0.0,1.0,1.0,0.0
2023-12-23,16:57:00.000000000,48.55,375.0,,,,0,0.0,0.0,0.0,0.0,0.0,0.0,0.0,0.0,0.0,1.0,1.0,0.0
2023-12-23,16:58:00.000000000,48.55,375.0,,,,0,0.0,0.0,0.0,0.0,0.0,0.0,0.0,0.0,0.0,1.0,1.0,0.0
2023-12-23,16:59:00.000000000,48.55,375.0,-0.0663922700735001,73.44710127756254,-1.3958600710573084,0,0.0,0.0,0.0,0.0,0.0,0.0,0.0,0.0,0.0,1.0,1.0,0.0
2023-12-23,17:00:00.000000000,48.55,375.0,,,,0,0.0,0.0,0.0,0.0,0.0,0.0,0.0,0.0,0.0,1.0,1.0,0.0
2023-12-23,17:01:00.000000000,48.55,375.0,,,,0,0.0,0.0,0.0,0.0,0.0,0.0,0.0,0.0,0.0,1.0,1.0,0.0
2023-12-23,17:02:00.000000000,48.55,375.0,-0.06630487690530679,73.41432883949004,-1.4043544503058192,0,0.0,0.0,0.0,0.0,0.0,0.0,0.0,0.0,0.0,1.0,1.0,0.0
2023-12-23,17:03:00.000000000,48.55,375.0,,,,0,0.0,0.0,0.0,0.0,0.0,0.0,0.0,0.0,0.0,1.0,1.0,0.0
2023-12-23,17:04:00.000000000,48.55,375.0,,,,0,0.0,0.0,0.0,0.0,0.0,0.0,0.0,0.0,0.0,1.0,1.0,0.0
2023-12-23,17:05:00.000000000,48.55,375.0,-0.066223141539158,73.38367807718424,-1.41401274700339,0,0.0,0.0,0.0,0.0,0.0,0.0,0.0,0.0,0.0,1.0,1.0,0.0
2023-12-23,17:06:00.000000000,48.55,375.0,,,,0,0.0,0.0,0.0,0.0,0.0,0.0,0.0,0.0,0.0,1.0,1.0,0.0
2023-12-23,17:07:00.000000000,48.55,375.0,,,,0,0.0,0.0,0.0,0.0,0.0,0.0,0.0,0.0,0.0,1.0,1.0,0.0
2023-12-23,17:08:00.000000000,48.55,375.0,-0.06612478435433483,73.34679413287556,-1.433298885048508,0,0.0,0.0,0.0,0.0,0.0,0.0,0.0,0.0,0.0,1.0,1.0,0.0
2023-12-23,17:09:00.000000000,48.55,375.0,,,,0,0.0,0.0,0.0,0.0,0.0,0.0,0.0,0.0,0.0,1.0,1.0,0.0
2023-12-23,17:10:00.000000000,48.55,375.0,,,,0,0.0,0.0,0.0,0.0,0.0,0.0,0.0,0.0,0.0,1.0,1.0,0.0
2023-12-23,17:11:00.000000000,48.55,375.0,-0.06599117222748593,73.29668958530722,-1.4681417001167258,0,0.0,0.0,0.0,0.0,0.0,0.0,0.0,0.0,0.0,1.0,1.0,0.0
2023-12-23,17:12:00.000000000,48.55,375.0,,,,0,0.0,0.0,0.0,0.0,0.0,0.0,0.0,0.0,0.0,1.0,1.0,0.0
2023-12-23,17:13:00.000000000,48.55,375.0,,,,0,0.0,0.0,0.0,0.0,0.0,0.0,0.0,0.0,0.0,1.0,1.0,0.0
2023-12-23,17:14:00.000000000,48.55,375.0,-0.06585297645747147,73.24486617155179,-1.5042993988873357,0,0.0,0.0,0.0,0.0,0.0,0.0,0.0,0.0,0.0,1.0,1.0,0.0
2023-12-23,17:15:00.000000000,48.55,375.0,,,,0,0.0,0.0,0.0,0.0,0.0,0.0,0.0,0.0,0.0,1.0,1.0,0.0
2023-12-23,17:16:00.000000000,48.55,375.0,,,,0,0.0,0.0,0.0,0.0,0.0,0.0,0.0,0.0,0.0,1.0,1.0,0.0
2023-12-23,17:17:00.000000000,48.55,375.0,-0.06570442558847359,73.1891595956776,-1.5458568069128567,0,0.0,0.0,0.0,0.0,0.0,0.0,0.0,0.0,0.0,1.0,1.0,0.0
2023-12-23,17:18:00.000000000,48.55,375.0,,,,0,0.0,0.0,0.0,0.0,0.0,0.0,0.0,0.0,0.0,1.0,1.0,0.0
2023-12-23,17:19:00.000000000,48.55,375.0,,,,0,0.0,0.0,0.0,0.0,0.0,0.0,0.0,0.0,0.0,1.0,1.0,0.0
2023-12-23,17:20:00.000000000,48.55,375.0,-0.06555159352397469,73.13184757149051,-1.5902378054697464,0,0.0,0.0,0.0,0.0,0.0,0.0,0.0,0.0,0.0,1.0,1.0,0.0
2023-12-23,17:21:00.000000000,48.55,375.0,,,,0,0.0,0.0,0.0,0.0,0.0,0.0,0.0,0.0,0.0,1.0,1.0,0.0
2023-12-23,17:22:00.000000000,48.55,375.0,,,,0,0.0,0.0,0.0,0.0,0.0,0.0,0.0,0.0,0.0,1.0,1.0,0.0
2023-12-23,17:23:00.000000000,48.55,375.0,-0.06543309954811408,73.08741233054278,-1.6185305595556068,0,0.0,0.0,0.0,0.0,0.0,0.0,0.0,0.0,0.0,1.0,1.0,0.0
2023-12-23,17:24:00.000000000,48.55,375.0,,,,0,0.0,0.0,0.0,0.0,0.0,0.0,0.0,0.0,0.0,1.0,1.0,0.0
2023-12-23,17:25:00.000000000,48.55,375.0,,,,0,0.0,0.0,0.0,0.0,0.0,0.0,0.0,0.0,0.0,1.0,1.0,0.0
2023-12-23,17:26:00.000000000,48.55,375.0,-0.06528822027789165,73.03308260420937,-1.658644420305638,0,0.0,0.0,0.0,0.0,0.0,0.0,0.0,0.0,0.0,1.0,1.0,0.0
2023-12-23,17:27:00.000000000,48.55,375.0,,,,0,0.0,0.0,0.0,0.0,0.0,0.0,0.0,0.0,0.0,1.0,1.0,0.0
2023-12-23,17:28:00.000000000,48.55,375.0,,,,0,0.0,0.0,0.0,0.0,0.0,0.0,0.0,0.0,0.0,1.0,1.0,0.0
2023-12-23,17:29:00.000000000,48.55,375.0,-0.06513296388141222,72.97486145552958,-1.7026620403130428,0,0.0,0.0,0.0,0.0,0.0,0.0,0.0,0.0,0.0,1.0,1.0,0.0
2023-12-23,17:30:00.000000000,48.55,375.0,,,,0,0.0,0.0,0.0,0.0,0.0,0.0,0.0,0.0,0.0,1.0,1.0,0.0
2023-12-23,17:31:00.000000000,48.55,375.0,,,,0,0.0,0.0,0.0,0.0,0.0,0.0,0.0,0.0,0.0,1.0,1.0,0.0
2023-12-23,17:32:00.000000000,48.55,375.0,-0.0649686489157101,72.91324334339129,-1.7523169758755133,0,0.0,0.0,0.0,0.0,0.0,0.0,0.0,0.0,0.0,1.0,1.0,0.0
2023-12-23,17:33:00.000000000,48.55,375.0,,,,0,0.0,0.0,0.0,0.0,0.0,0.0,0.0,0.0,0.0,1.0,1.0,0.0
2023-12-23,17:34:00.000000000,48.55,375.0,,,,0,0.0,0.0,0.0,0.0,0.0,0.0,0.0,0.0,0.0,1.0,1.0,0.0
2023-12-23,17:35:00.000000000,48.55,375.0,-0.06483851588406601,72.86444345652475,-1.7858805685355819,0,0.0,0.0,0.0,0.0,0.0,0.0,0.0,0.0,0.0,1.0,1.0,0.0
2023-12-23,17:36:00.000000000,48.55,375.0,,,,0,0.0,0.0,0.0,0.0,0.0,0.0,0.0,0.0,0.0,1.0,1.0,0.0
2023-12-23,17:37:00.000000000,48.55,375.0,,,,0,0.0,0.0,0.0,0.0,0.0,0.0,0.0,0.0,0.0,1.0,1.0,0.0
2023-12-23,17:38:00.000000000,48.55,375.0,-0.06472272555535705,72.8210220832589,-1.8105050829926426,0,0.0,0.0,0.0,0.0,0.0,0.0,0.0,0.0,0.0,1.0,1.0,0.0
2023-12-23,17:39:00.000000000,48.55,375.0,,,,0,0.0,0.0,0.0,0.0,0.0,0.0,0.0,0.0,0.0,1.0,1.0,0.0
2023-12-23,17:40:00.000000000,48.55,375.0,,,,0,0.0,0.0,0.0,0.0,0.0,0.0,0.0,0.0,0.0,1.0,1.0,0.0
2023-12-23,17:41:00.000000000,48.55,375.0,-0.06463589096043468,72.788459110163,-1.8182053733813017,0,0.0,0.0,0.0,0.0,0.0,0.0,0.0,0.0,0.0,1.0,1.0,0.0
2023-12-23,17:42:00.000000000,48.55,375.0,,,,0,0.0,0.0,0.0,0.0,0.0,0.0,0.0,0.0,0.0,1.0,1.0,0.0
2023-12-23,17:43:00.000000000,48.55,375.0,,,,0,0.0,0.0,0.0,0.0,0.0,0.0,0.0,0.0,0.0,1.0,1.0,0.0
2023-12-23,17:44:00.000000000,48.55,375.0,-0.06453940805461014,72.7522780204788,-1.8309702347241252,0,0.0,0.0,0.0,0.0,0.0,0.0,0.0,0.0,0.0,1.0,1.0,0.0
2023-12-23,17:45:00.000000000,48.55,375.0,,,,0,0.0,0.0,0.0,0.0,0.0,0.0,0.0,0.0,0.0,1.0,1.0,0.0
2023-12-23,17:46:00.000000000,48.55,375.0,,,,0,0.0,0.0,0.0,0.0,0.0,0.0,0.0,0.0,0.0,1.0,1.0,0.0
2023-12-23,17:47:00.000000000,48.55,375.0,-0.06446726446088756,72.72522417283284,-1.8329178189425175,0,0.0,0.0,0.0,0.0,0.0,0.0,0.0,0.0,0.0,1.0,1.0,0.0
2023-12-23,17:48:00.000000000,48.55,375.0,,,,0,0.0,0.0,0.0,0.0,0.0,0.0,0.0,0.0,0.0,1.0,1.0,0.0
2023-12-23,17:49:00.000000000,48.55,375.0,,,,0,0.0,0.0,0.0,0.0,0.0,0.0,0.0,0.0,0.0,1.0,1.0,0.0
2023-12-23,17:50:00.000000000,48.55,375.0,-0.06442133219014794,72.70799957130548,-1.8196771365447897,0,0.0,0.0,0.0,0.0,0.0,0.0,0.0,0.0,0.0,1.0,1.0,0.0
2023-12-23,17:51:00.000000000,48.55,375.0,,,,0,0.0,0.0,0.0,0.0,0.0,0.0,0.0,0.0,0.0,1.0,1.0,0.0
2023-12-23,17:52:00.000000000,48.55,375.0,,,,0,0.0,0.0,0.0,0.0,0.0,0.0,0.0,0.0,0.0,1.0,1.0,0.0
2023-12-23,17:53:00.000000000,48.55,375.0,-0.06436351593390341,72.68631847521377,-1.815500282577823,0,0.0,0.0,0.0,0.0,0.0,0.0,0.0,0.0,0.0,1.0,1.0,0.0
2023-12-23,17:54:00.000000000,48.55,375.0,,,,0,0.0,0.0,0.0,0.0,0.0,0.0,0.0,0.0,0.0,1.0,1.0,0.0
2023-12-23,17:55:00.000000000,48.55,375.0,,,,0,0.0,0.0,0.0,0.0,0.0,0.0,0.0,0.0,0.0,1.0,1.0,0.0
2023-12-23,17:56:00.000000000,48.55,375.0,-0.06429953907581364,72.66232715343011,-1.8160526898804736,0,0.0,0.0,0.0,0.0,0.0,0.0,0.0,0.0,0.0,1.0,1.0,0.0
2023-12-23,17:57:00.000000000,48.55,375.0,,,,0,0.0,0.0,0.0,0.0,0.0,0.0,0.0,0.0,0.0,1.0,1.0,0.0
2023-12-23,17:58:00.000000000,48.55,375.0,,,,0,0.0,0.0,0.0,0.0,0.0,0.0,0.0,0.0,0.0,1.0,1.0,0.0
2023-12-23,17:59:00.000000000,48.55,375.0,-0.06426158249660036,72.64809343622514,-1.8046826773812592,0,0.0,0.0,0.0,0.0,0.0,0.0,0.0,0.0,0.0,1.0,1.0,0.0
2023-12-23,18:00:00.000000000,48.55,375.0,,,,0,0.0,0.0,0.0,0.0,0.0,0.0,0.0,0.0,0.0,1.0,1.0,0.0
2023-12-23,18:01:00.000000000,48.55,375.0,,,,0,0.0,0.0,0.0,0.0,0.0,0.0,0.0,0.0,0.0,1.0,1.0,0.0
2023-12-23,18:02:00.000000000,48.55,375.0,-0.0642294160876668,72.63603103287505,-1.7840416098471097,0,0.0,0.0,0.0,0.0,0.0,0.0,0.0,0.0,0.0,1.0,1.0,0.0
2023-12-23,18:03:00.000000000,48.55,375.0,,,,0,0.0,0.0,0.0,0.0,0.0,0.0,0.0,0.0,0.0,1.0,1.0,0.0
2023-12-23,18:04:00.000000000,48.55,375.0,,,,0,0.0,0.0,0.0,0.0,0.0,0.0,0.0,0.0,0.0,1.0,1.0,0.0
2023-12-23,18:05:00.000000000,48.55,375.0,-0.06421768053867567,72.63163020200338,-1.7529462794775807,0,0.0,0.0,0.0,0.0,0.0,0.0,0.0,0.0,0.0,1.0,1.0,0.0
2023-12-23,18:06:00.000000000,48.55,375.0,,,,0,0.0,0.0,0.0,0.0,0.0,0.0,0.0,0.0,0.0,1.0,1.0,0.0
2023-12-23,18:07:00.000000000,48.55,375.0,,,,0,0.0,0.0,0.0,0.0,0.0,0.0,0.0,0.0,0.0,1.0,1.0,0.0
2023-12-23,18:08:00.000000000,48.55,375.0,-0.06419279782569066,72.62229918463399,-1.7271407700072798,0,0.0,0.0,0.0,0.0,0.0,0.0,0.0,0.0,0.0,1.0,1.0,0.0
2023-12-23,18:09:00.000000000,48.55,375.0,,,,0,0.0,0.0,0.0,0.0,0.0,0.0,0.0,0.0,0.0,1.0,1.0,0.0
2023-12-23,18:10:00.000000000,48.55,375.0,,,,0,0.0,0.0,0.0,0.0,0.0,0.0,0.0,0.0,0.0,1.0,1.0,0.0
2023-12-23,18:11:00.000000000,48.55,375.0,-0.06416739713330662,72.61277392498998,-1.701972808727291,0,0.0,0.0,0.0,0.0,0.0,0.0,0.0,0.0,0.0,1.0,1.0,0.0
2023-12-23,18:12:00.000000000,48.55,375.0,,,,0,0.0,0.0,0.0,0.0,0.0,0.0,0.0,0.0,0.0,1.0,1.0,0.0
2023-12-23,18:13:00.000000000,48.55,375.0,,,,0,0.0,0.0,0.0,0.0,0.0,0.0,0.0,0.0,0.0,1.0,1.0,0.0
2023-12-23,18:14:00.000000000,48.55,375.0,-0.06414809403587993,72.60553526345497,-1.6719499813816412,0,0.0,0.0,0.0,0.0,0.0,0.0,0.0,0.0,0.0,1.0,1.0,0.0
2023-12-23,18:15:00.000000000,48.55,375.0,,,,0,0.0,0.0,0.0,0.0,0.0,0.0,0.0,0.0,0.0,1.0,1.0,0.0
2023-12-23,18:16:00.000000000,48.55,375.0,,,,0,0.0,0.0,0.0,0.0,0.0,0.0,0.0,0.0,0.0,1.0,1.0,0.0
2023-12-23,18:17:00.000000000,48.55,375.0,-0.06418208397096424,72.61828148911158,-1.6106603242347268,0,0.0,0.0,0.0,0.0,0.0,0.0,0.0,0.0,0.0,1.0,1.0,0.0
2023-12-23,18:18:00.000000000,48.55,375.0,,,,0,0.0,0.0,0.0,0.0,0.0,0.0,0.0,0.0,0.0,1.0,1.0,0.0
2023-12-23,18:19:00.000000000,48.55,375.0,,,,0,0.0,0.0,0.0,0.0,0.0,0.0,0.0,0.0,0.0,1.0,1.0,0.0
2023-12-23,18:20:00.000000000,48.55,375.0,-0.06442495854682376,72.7093594550589,-1.439232784419291,0,0.0,0.0,0.0,0.0,0.0,0.0,0.0,0.0,0.0,1.0,1.0,0.0
2023-12-23,18:21:00.000000000,48.55,375.0,,,,0,0.0,0.0,0.0,0.0,0.0,0.0,0.0,0.0,0.0,1.0,1.0,0.0
2023-12-23,18:22:00.000000000,48.55,375.0,,,,0,0.0,0.0,0.0,0.0,0.0,0.0,0.0,0.0,0.0,1.0,1.0,0.0
2023-12-23,18:23:00.000000000,48.55,375.0,-0.06467164156470762,72.80186558676536,-1.2680955130300229,0,0.0,0.0,0.0,0.0,0.0,0.0,0.0,0.0,0.0,1.0,1.0,0.0
2023-12-23,18:24:00.000000000,48.55,375.0,,,,0,0.0,0.0,0.0,0.0,0.0,0.0,0.0,0.0,0.0,1.0,1.0,0.0
2023-12-23,18:25:00.000000000,48.55,375.0,,,,0,0.0,0.0,0.0,0.0,0.0,0.0,0.0,0.0,0.0,1.0,1.0,0.0
2023-12-23,18:26:00.000000000,48.55,375.0,-0.06482391006506774,72.8589662744004,-1.153538755480911,0,0.0,0.0,0.0,0.0,0.0,0.0,0.0,0.0,0.0,1.0,1.0,0.0
2023-12-23,18:27:00.000000000,48.55,375.0,,,,0,0.0,0.0,0.0,0.0,0.0,0.0,0.0,0.0,0.0,1.0,1.0,0.0
2023-12-23,18:28:00.000000000,48.55,375.0,,,,0,0.0,0.0,0.0,0.0,0.0,0.0,0.0,0.0,0.0,1.0,1.0,0.0
2023-12-23,18:29:00.000000000,48.55,375.0,-0.06493394697573203,72.9002301158995,-1.0650372660063108,0,0.0,0.0,0.0,0.0,0.0,0.0,0.0,0.0,0.0,1.0,1.0,0.0
2023-12-23,18:30:00.000000000,48.55,375.0,,,,0,0.0,0.0,0.0,0.0,0.0,0.0,0.0,0.0,0.0,1.0,1.0,0.0
2023-12-23,18:31:00.000000000,48.55,375.0,,,,0,0.0,0.0,0.0,0.0,0.0,0.0,0.0,0.0,0.0,1.0,1.0,0.0
2023-12-23,18:32:00.000000000,48.55,375.0,-0.06502974864573992,72.93615574215247,-0.9866966656782414,0,0.0,0.0,0.0,0.0,0.0,0.0,0.0,0.0,0.0,1.0,1.0,0.0
2023-12-23,18:33:00.000000000,48.55,375.0,,,,0,0.0,0.0,0.0,0.0,0.0,0.0,0.0,0.0,0.0,1.0,1.0,0.0
2023-12-23,18:34:00.000000000,48.55,375.0,,,,0,0.0,0.0,0.0,0.0,0.0,0.0,0.0,0.0,0.0,1.0,1.0,0.0
2023-12-23,18:35:00.000000000,48.55,375.0,-0.06524693646631503,73.01760117486813,-0.8425125005672128,0,0.0,0.0,0.0,0.0,0.0,0.0,0.0,0.0,0.0,1.0,1.0,0.0
2023-12-23,18:36:00.000000000,48.55,375.0,,,,0,0.0,0.0,0.0,0.0,0.0,0.0,0.0,0.0,0.0,1.0,1.0,0.0
2023-12-23,18:37:00.000000000,48.55,375.0,,,,0,0.0,0.0,0.0,0.0,0.0,0.0,0.0,0.0,0.0,1.0,1.0,0.0
2023-12-23,18:38:00.000000000,48.55,375.0,-0.06544578894489524,73.0921708543357,-0.7090361980160148,0,0.0,0.0,0.0,0.0,0.0,0.0,0.0,0.0,0.0,1.0,1.0,0.0
2023-12-23,18:39:00.000000000,48.55,375.0,,,,0,0.0,0.0,0.0,0.0,0.0,0.0,0.0,0.0,0.0,1.0,1.0,0.0
2023-12-23,18:40:00.000000000,48.55,375.0,,,,0,0.0,0.0,0.0,0.0,0.0,0.0,0.0,0.0,0.0,1.0,1.0,0.0
2023-12-23,18:41:00.000000000,48.55,375.0,-0.06560557015732656,73.15208880899746,-0.5971751227465527,0,0.0,0.0,0.0,0.0,0.0,0.0,0.0,0.0,0.0,1.0,1.0,0.0
2023-12-23,18:42:00.000000000,48.55,375.0,,,,0,0.0,0.0,0.0,0.0,0.0,0.0,0.0,0.0,0.0,1.0,1.0,0.0
2023-12-23,18:43:00.000000000,48.55,375.0,,,,0,0.0,0.0,0.0,0.0,0.0,0.0,0.0,0.0,0.0,1.0,1.0,0.0
2023-12-23,18:44:00.000000000,48.55,375.0,-0.06577460967750666,73.21547862906499,-0.47816720053320744,0,0.0,0.0,0.0,0.0,0.0,0.0,0.0,0.0,0.0,1.0,1.0,0.0
2023-12-23,18:45:00.000000000,48.55,375.0,,,,0,0.0,0.0,0.0,0.0,0.0,0.0,0.0,0.0,0.0,1.0,1.0,0.0
2023-12-23,18:46:00.000000000,48.55,375.0,,,,0,0.0,0.0,0.0,0.0,0.0,0.0,0.0,0.0,0.0,1.0,1.0,0.0
2023-12-23,18:47:00.000000000,48.55,375.0,-0.06587321514851396,73.25245568069273,-0.39870057406977755,0,0.0,0.0,0.0,0.0,0.0,0.0,0.0,0.0,0.0,1.0,1.0,0.0
2023-12-23,18:48:00.000000000,48.55,375.0,,,,0,0.0,0.0,0.0,0.0,0.0,0.0,0.0,0.0,0.0,1.0,1.0,0.0
2023-12-23,18:49:00.000000000,48.55,375.0,,,,0,0.0,0.0,0.0,0.0,0.0,0.0,0.0,0.0,0.0,1.0,1.0,0.0
2023-12-23,18:50:00.000000000,48.55,375.0,-0.06597183045893525,73.28943642210072,-0.3171917885268124,0,0.0,0.0,0.0,0.0,0.0,0.0,0.0,0.0,0.0,1.0,1.0,0.0
2023-12-23,18:51:00.000000000,48.55,375.0,,,,0,0.0,0.0,0.0,0.0,0.0,0.0,0.0,0.0,0.0,1.0,1.0,0.0
2023-12-23,18:52:00.000000000,48.55,375.0,,,,0,0.0,0.0,0.0,0.0,0.0,0.0,0.0,0.0,0.0,1.0,1.0,0.0
2023-12-23,18:53:00.000000000,48.55,375.0,-0.06606427571092437,73.32410339159664,-0.2376655788414938,0,0.0,0.0,0.0,0.0,0.0,0.0,0.0,0.0,0.0,1.0,1.0,0.0
2023-12-23,18:54:00.000000000,48.55,375.0,,,,0,0.0,0.0,0.0,0.0,0.0,0.0,0.0,0.0,0.0,1.0,1.0,0.0
2023-12-23,18:55:00.000000000,48.55,375.0,,,,0,0.0,0.0,0.0,0.0,0.0,0.0,0.0,0.0,0.0,1.0,1.0,0.0
2023-12-23,18:56:00.000000000,48.55,375.0,-0.06609087558862255,73.33407834573345,-0.19847012958719293,0,0.0,0.0,0.0,0.0,0.0,0.0,0.0,0.0,0.0,1.0,1.0,0.0
2023-12-23,18:57:00.000000000,48.55,375.0,,,,0,0.0,0.0,0.0,0.0,0.0,0.0,0.0,0.0,0.0,1.0,1.0,0.0
2023-12-23,18:58:00.000000000,48.55,375.0,,,,0,0.0,0.0,0.0,0.0,0.0,0.0,0.0,0.0,0.0,1.0,1.0,0.0
2023-12-23,18:59:00.000000000,48.55,375.0,-0.06612122316889403,73.34545868833526,-0.1556963369468851,0,0.0,0.0,0.0,0.0,0.0,0.0,0.0,0.0,0.0,1.0,1.0,0.0
2023-12-23,19:00:00.000000000,48.55,375.0,,,,0,0.0,0.0,0.0,0.0,0.0,0.0,0.0,0.0,0.0,1.0,1.0,0.0
2023-12-23,19:01:00.000000000,48.55,375.0,,,,0,0.0,0.0,0.0,0.0,0.0,0.0,0.0,0.0,0.0,1.0,1.0,0.0
2023-12-23,19:02:00.000000000,48.55,375.0,-0.06616456358292251,73.36171134359594,-0.1030466547080928,0,0.0,0.0,0.0,0.0,0.0,0.0,0.0,0.0,0.0,1.0,1.0,0.0
2023-12-23,19:03:00.000000000,48.55,375.0,,,,0,0.0,0.0,0.0,0.0,0.0,0.0,0.0,0.0,0.0,1.0,1.0,0.0
2023-12-23,19:04:00.000000000,48.55,375.0,,,,0,0.0,0.0,0.0,0.0,0.0,0.0,0.0,0.0,0.0,1.0,1.0,0.0
2023-12-23,19:05:00.000000000,48.55,375.0,-0.06618751009663684,73.37031628623882,-0.06305312085071997,0,0.0,0.0,0.0,0.0,0.0,0.0,0.0,0.0,0.0,1.0,1.0,0.0
2023-12-23,19:06:00.000000000,48.55,375.0,,,,0,0.0,0.0,0.0,0.0,0.0,0.0,0.0,0.0,0.0,1.0,1.0,0.0
2023-12-23,19:07:00.000000000,48.55,375.0,,,,0,0.0,0.0,0.0,0.0,0.0,0.0,0.0,0.0,0.0,1.0,1.0,0.0
2023-12-23,19:08:00.000000000,48.55,375.0,-0.0662618043731884,73.39817663994565,0.014794336425223995,0,0.0,0.0,0.0,0.0,0.0,0.0,0.0,0.0,0.0,1.0,1.0,0.0
2023-12-23,19:09:00.000000000,48.55,375.0,,,,0,0.0,0.0,0.0,0.0,0.0,0.0,0.0,0.0,0.0,1.0,1.0,0.0
2023-12-23,19:10:00.000000000,48.55,375.0,,,,0,0.0,0.0,0.0,0.0,0.0,0.0,0.0,0.0,0.0,1.0,1.0,0.0
2023-12-23,19:11:00.000000000,48.55,375.0,-0.06626488474389608,73.39933177896103,0.04302716841763216,0,0.0,0.0,0.0,0.0,0.0,0.0,0.0,0.0,0.0,1.0,1.0,0.0
2023-12-23,19:12:00.000000000,48.55,375.0,,,,0,0.0,0.0,0.0,0.0,0.0,0.0,0.0,0.0,0.0,1.0,1.0,0.0
2023-12-23,19:13:00.000000000,48.55,375.0,,,,0,0.0,0.0,0.0,0.0,0.0,0.0,0.0,0.0,0.0,1.0,1.0,0.0
2023-12-23,19:14:00.000000000,48.55,375.0,-0.06623426347018309,73.38784880131865,0.046002847874743916,0,0.0,0.0,0.0,0.0,0.0,0.0,0.0,0.0,0.0,1.0,1.0,0.0
2023-12-23,19:15:00.000000000,48.55,375.0,,,,0,0.0,0.0,0.0,0.0,0.0,0.0,0.0,0.0,0.0,1.0,1.0,0.0
2023-12-23,19:16:00.000000000,48.55,375.0,,,,0,0.0,0.0,0.0,0.0,0.0,0.0,0.0,0.0,0.0,1.0,1.0,0.0
2023-12-23,19:17:00.000000000,48.55,375.0,-0.06618786895942272,73.37045085978352,0.03595841077444926,0,0.0,0.0,0.0,0.0,0.0,0.0,0.0,0.0,0.0,1.0,1.0,0.0
2023-12-23,19:18:00.000000000,48.55,375.0,,,,0,0.0,0.0,0.0,0.0,0.0,0.0,0.0,0.0,0.0,1.0,1.0,0.0
2023-12-23,19:19:00.000000000,48.55,375.0,,,,0,0.0,0.0,0.0,0.0,0.0,0.0,0.0,0.0,0.0,1.0,1.0,0.0
2023-12-23,19:20:00.000000000,48.55,375.0,-0.0660982737914783,73.33685267180437,-0.009564866062759587,0,0.0,0.0,0.0,0.0,0.0,0.0,0.0,0.0,0.0,1.0,1.0,0.0
2023-12-23,19:21:00.000000000,48.55,375.0,,,,0,0.0,0.0,0.0,0.0,0.0,0.0,0.0,0.0,0.0,1.0,1.0,0.0
2023-12-23,19:22:00.000000000,48.55,375.0,,,,0,0.0,0.0,0.0,0.0,0.0,0.0,0.0,0.0,0.0,1.0,1.0,0.0
2023-12-23,19:23:00.000000000,48.55,375.0,-0.06602371055264111,73.3088914572404,-0.04508375675828645,0,0.0,0.0,0.0,0.0,0.0,0.0,0.0,0.0,0.0,1.0,1.0,0.0
2023-12-23,19:24:00.000000000,48.55,375.0,,,,0,0.0,0.0,0.0,0.0,0.0,0.0,0.0,0.0,0.0,1.0,1.0,0.0
2023-12-23,19:25:00.000000000,48.55,375.0,,,,0,0.0,0.0,0.0,0.0,0.0,0.0,0.0,0.0,0.0,1.0,1.0,0.0
2023-12-23,19:26:00.000000000,48.55,375.0,-0.06595284547809467,73.2823170542855,-0.07928105356641592,0,0.0,0.0,0.0,0.0,0.0,0.0,0.0,0.0,0.0,1.0,1.0,0.0
2023-12-23,19:27:00.000000000,48.55,375.0,,,,0,0.0,0.0,0.0,0.0,0.0,0.0,0.0,0.0,0.0,1.0,1.0,0.0
2023-12-23,19:28:00.000000000,48.55,375.0,,,,0,0.0,0.0,0.0,0.0,0.0,0.0,0.0,0.0,0.0,1.0,1.0,0.0
2023-12-23,19:29:00.000000000,48.55,375.0,-0.0658761659817388,73.25356224315205,-0.12039284689241204,0,0.0,0.0,0.0,0.0,0.0,0.0,0.0,0.0,0.0,1.0,1.0,0.0
2023-12-23,19:30:00.000000000,48.55,375.0,,,,0,0.0,0.0,0.0,0.0,0.0,0.0,0.0,0.0,0.0,1.0,1.0,0.0
2023-12-23,19:31:00.000000000,48.55,375.0,,,,0,0.0,0.0,0.0,0.0,0.0,0.0,0.0,0.0,0.0,1.0,1.0,0.0
2023-12-23,19:32:00.000000000,48.55,375.0,-0.06580781971870014,73.22793239451255,-0.15638412464891766,0,0.0,0.0,0.0,0.0,0.0,0.0,0.0,0.0,0.0,1.0,1.0,0.0
2023-12-23,19:33:00.000000000,48.55,375.0,,,,0,0.0,0.0,0.0,0.0,0.0,0.0,0.0,0.0,0.0,1.0,1.0,0.0
2023-12-23,19:34:00.000000000,48.55,375.0,,,,0,0.0,0.0,0.0,0.0,0.0,0.0,0.0,0.0,0.0,1.0,1.0,0.0
2023-12-23,19:35:00.000000000,48.55,375.0,-0.06576510377460952,73.21191391547856,-0.17155028692600924,0,0.0,0.0,0.0,0.0,0.0,0.0,0.0,0.0,0.0,1.0,1.0,0.0
2023-12-23,19:36:00.000000000,48.55,375.0,,,,0,0.0,0.0,0.0,0.0,0.0,0.0,0.0,0.0,0.0,1.0,1.0,0.0
2023-12-23,19:37:00.000000000,48.55,375.0,,,,0,0.0,0.0,0.0,0.0,0.0,0.0,0.0,0.0,0.0,1.0,1.0,0.0
2023-12-23,19:38:00.000000000,48.55,375.0,-0.0657196505485111,73.19486895569166,-0.19043161177184154,0,0.0,0.0,0.0,0.0,0.0,0.0,0.0,0.0,0.0,1.0,1.0,0.0
2023-12-23,19:39:00.000000000,48.55,375.0,,,,0,0.0,0.0,0.0,0.0,0.0,0.0,0.0,0.0,0.0,1.0,1.0,0.0
2023-12-23,19:40:00.000000000,48.55,375.0,,,,0,0.0,0.0,0.0,0.0,0.0,0.0,0.0,0.0,0.0,1.0,1.0,0.0
2023-12-23,19:41:00.000000000,48.55,375.0,-0.06567377206326346,73.17766452372379,-0.21096833257332784,0,0.0,0.0,0.0,0.0,0.0,0.0,0.0,0.0,0.0,1.0,1.0,0.0
2023-12-23,19:42:00.000000000,48.55,375.0,,,,0,0.0,0.0,0.0,0.0,0.0,0.0,0.0,0.0,0.0,1.0,1.0,0.0
2023-12-23,19:43:00.000000000,48.55,375.0,,,,0,0.0,0.0,0.0,0.0,0.0,0.0,0.0,0.0,0.0,1.0,1.0,0.0
2023-12-23,19:44:00.000000000,48.55,375.0,-0.06563493926663164,73.16310222498686,-0.22622229161517762,0,0.0,0.0,0.0,0.0,0.0,0.0,0.0,0.0,0.0,1.0,1.0,0.0
2023-12-23,19:45:00.000000000,48.55,375.0,,,,0,0.0,0.0,0.0,0.0,0.0,0.0,0.0,0.0,0.0,1.0,1.0,0.0
2023-12-23,19:46:00.000000000,48.55,375.0,,,,0,0.0,0.0,0.0,0.0,0.0,0.0,0.0,0.0,0.0,1.0,1.0,0.0
2023-12-23,19:47:00.000000000,48.55,375.0,-0.0656140953056023,73.15528573960086,-0.22522522421181687,0,0.0,0.0,0.0,0.0,0.0,0.0,0.0,0.0,0.0,1.0,1.0,0.0
2023-12-23,19:48:00.000000000,48.55,375.0,,,,0,0.0,0.0,0.0,0.0,0.0,0.0,0.0,0.0,0.0,1.0,1.0,0.0
2023-12-23,19:49:00.000000000,48.55,375.0,,,,0,0.0,0.0,0.0,0.0,0.0,0.0,0.0,0.0,0.0,1.0,1.0,0.0
2023-12-23,19:50:00.000000000,48.55,375.0,-0.06559111622669822,73.14666858501184,-0.22684028756268027,0,0.0,0.0,0.0,0.0,0.0,0.0,0.0,0.0,0.0,1.0,1.0,0.0
2023-12-23,19:51:00.000000000,48.55,375.0,,,,0,0.0,0.0,0.0,0.0,0.0,0.0,0.0,0.0,0.0,1.0,1.0,0.0
2023-12-23,19:52:00.000000000,48.55,375.0,,,,0,0.0,0.0,0.0,0.0,0.0,0.0,0.0,0.0,0.0,1.0,1.0,0.0
2023-12-23,19:53:00.000000000,48.55,375.0,-0.06557267650121008,73.13975368795377,-0.22442519764569585,0,0.0,0.0,0.0,0.0,0.0,0.0,0.0,0.0,0.0,1.0,1.0,0.0
2023-12-23,19:54:00.000000000,48.55,375.0,,,,0,0.0,0.0,0.0,0.0,0.0,0.0,0.0,0.0,0.0,1.0,1.0,0.0
2023-12-23,19:55:00.000000000,48.55,375.0,,,,0,0.0,0.0,0.0,0.0,0.0,0.0,0.0,0.0,0.0,1.0,1.0,0.0
2023-12-23,19:56:00.000000000,48.55,375.0,-0.06552842308614232,73.12315865730336,-0.24884106835918463,0,0.0,0.0,0.0,0.0,0.0,0.0,0.0,0.0,0.0,1.0,1.0,0.0
2023-12-23,19:57:00.000000000,48.55,375.0,,,,0,0.0,0.0,0.0,0.0,0.0,0.0,0.0,0.0,0.0,1.0,1.0,0.0
2023-12-23,19:58:00.000000000,48.55,375.0,,,,0,0.0,0.0,0.0,0.0,0.0,0.0,0.0,0.0,0.0,1.0,1.0,0.0
2023-12-23,19:59:00.000000000,48.55,375.0,-0.06547909202768823,73.10465951038309,-0.2794978598141856,1,0.0,0.0,0.0,0.0,0.0,0.0,0.0,0.0,0.0,1.0,1.0,0.0
2023-12-23,20:00:00.000000000,48.55,375.0,,,,0,0.0,0.0,0.0,0.0,0.0,0.0,0.0,0.0,0.0,1.0,1.0,0.0
2023-12-23,20:01:00.000000000,48.55,375.0,,,,0,0.0,0.0,0.0,0.0,0.0,0.0,0.0,0.0,0.0,1.0,1.0,0.0
2023-12-23,20:02:00.000000000,48.55,375.0,-0.0654159387429716,73.08097702861434,-0.3260370033315275,0,0.0,0.0,0.0,0.0,0.0,0.0,0.0,0.0,0.0,1.0,1.0,0.0
2023-12-23,20:03:00.000000000,48.55,375.0,,,,0,0.0,0.0,0.0,0.0,0.0,0.0,0.0,0.0,0.0,1.0,1.0,0.0
2023-12-23,20:04:00.000000000,48.55,375.0,,,,0,0.0,0.0,0.0,0.0,0.0,0.0,0.0,0.0,0.0,1.0,1.0,0.0
2023-12-23,20:05:00.000000000,48.55,375.0,-0.06536139071390806,73.06052151771553,-0.36472445644382917,0,0.0,0.0,0.0,0.0,0.0,0.0,0.0,0.0,0.0,1.0,1.0,0.0
2023-12-23,20:06:00.000000000,48.55,375.0,,,,0,0.0,0.0,0.0,0.0,0.0,0.0,0.0,0.0,0.0,1.0,1.0,0.0
2023-12-23,20:07:00.000000000,48.55,375.0,,,,0,0.0,0.0,0.0,0.0,0.0,0.0,0.0,0.0,0.0,1.0,1.0,0.0
2023-12-23,20:08:00.000000000,48.55,375.0,-0.06529509661101228,73.0356612291296,-0.41780413443528763,0,0.0,0.0,0.0,0.0,0.0,0.0,0.0,0.0,0.0,1.0,1.0,0.0
2023-12-23,20:09:00.000000000,48.55,375.0,,,,0,0.0,0.0,0.0,0.0,0.0,0.0,0.0,0.0,0.0,1.0,1.0,0.0
2023-12-23,20:10:00.000000000,48.55,375.0,,,,0,0.0,0.0,0.0,0.0,0.0,0.0,0.0,0.0,0.0,1.0,1.0,0.0
2023-12-23,20:11:00.000000000,48.55,375.0,-0.06524205646643103,73.01577117491163,-0.45764294063917366,0,0.0,0.0,0.0,0.0,0.0,0.0,0.0,0.0,0.0,1.0,1.0,0.0
2023-12-23,20:12:00.000000000,48.55,375.0,,,,0,0.0,0.0,0.0,0.0,0.0,0.0,0.0,0.0,0.0,1.0,1.0,0.0
2023-12-23,20:13:00.000000000,48.55,375.0,,,,0,0.0,0.0,0.0,0.0,0.0,0.0,0.0,0.0,0.0,1.0,1.0,0.0
2023-12-23,20:14:00.000000000,48.55,375.0,-0.0652212909018513,73.00798408819423,-0.46152181812744925,0,0.0,0.0,0.0,0.0,0.0,0.0,0.0,0.0,0.0,1.0,1.0,0.0
2023-12-23,20:15:00.000000000,48.55,375.0,,,,0,0.0,0.0,0.0,0.0,0.0,0.0,0.0,0.0,0.0,1.0,1.0,0.0
2023-12-23,20:16:00.000000000,48.55,375.0,,,,0,0.0,0.0,0.0,0.0,0.0,0.0,0.0,0.0,0.0,1.0,1.0,0.0
2023-12-23,20:17:00.000000000,48.55,375.0,-0.065170435804402,72.98891342665075,-0.5016988750755565,0,0.0,0.0,0.0,0.0,0.0,0.0,0.0,0.0,0.0,1.0,1.0,0.0
2023-12-23,20:18:00.000000000,48.55,375.0,,,,0,0.0,0.0,0.0,0.0,0.0,0.0,0.0,0.0,0.0,1.0,1.0,0.0
2023-12-23,20:19:00.000000000,48.55,375.0,,,,0,0.0,0.0,0.0,0.0,0.0,0.0,0.0,0.0,0.0,1.0,1.0,0.0
2023-12-23,20:20:00.000000000,48.55,375.0,-0.06513924990331679,72.9772187137438,-0.5197606678239726,0,0.0,0.0,0.0,0.0,0.0,0.0,0.0,0.0,0.0,1.0,1.0,0.0
2023-12-23,20:21:00.000000000,48.55,375.0,,,,0,0.0,0.0,0.0,0.0,0.0,0.0,0.0,0.0,0.0,1.0,1.0,0.0
2023-12-23,20:22:00.000000000,48.55,375.0,,,,0,0.0,0.0,0.0,0.0,0.0,0.0,0.0,0.0,0.0,1.0,1.0,0.0
2023-12-23,20:23:00.000000000,48.55,375.0,-0.06511288221946603,72.96733083229975,-0.532986703281016,0,0.0,0.0,0.0,0.0,0.0,0.0,0.0,0.0,0.0,1.0,1.0,0.0
2023-12-23,20:24:00.000000000,48.55,375.0,,,,0,0.0,0.0,0.0,0.0,0.0,0.0,0.0,0.0,0.0,1.0,1.0,0.0
2023-12-23,20:25:00.000000000,48.55,375.0,,,,0,0.0,0.0,0.0,0.0,0.0,0.0,0.0,0.0,0.0,1.0,1.0,0.0
2023-12-23,20:26:00.000000000,48.55,375.0,-0.06508942705892935,72.9585351470985,-0.5434475464843495,0,0.0,0.0,0.0,0.0,0.0,0.0,0.0,0.0,0.0,1.0,1.0,0.0
2023-12-23,20:27:00.000000000,48.55,375.0,,,,0,0.0,0.0,0.0,0.0,0.0,0.0,0.0,0.0,0.0,1.0,1.0,0.0
2023-12-23,20:28:00.000000000,48.55,375.0,,,,0,0.0,0.0,0.0,0.0,0.0,0.0,0.0,0.0,0.0,1.0,1.0,0.0
2023-12-23,20:29:00.000000000,48.55,375.0,-0.06504956299629389,72.9435861236102,-0.5763574892031671,0,0.0,0.0,0.0,0.0,0.0,0.0,0.0,0.0,0.0,1.0,1.0,0.0
2023-12-23,20:30:00.000000000,48.55,375.0,,,,0,0.0,0.0,0.0,0.0,0.0,0.0,0.0,0.0,0.0,1.0,1.0,0.0
2023-12-23,20:31:00.000000000,48.55,375.0,,,,0,0.0,0.0,0.0,0.0,0.0,0.0,0.0,0.0,0.0,1.0,1.0,0.0
2023-12-23,20:32:00.000000000,48.55,375.0,-0.0649729745461033,72.91486545478874,-0.6602251097515965,0,0.0,0.0,0.0,0.0,0.0,0.0,0.0,0.0,0.0,1.0,1.0,0.0
2023-12-23,20:33:00.000000000,48.55,375.0,,,,0,0.0,0.0,0.0,0.0,0.0,0.0,0.0,0.0,0.0,1.0,1.0,0.0
2023-12-23,20:34:00.000000000,48.55,375.0,,,,0,0.0,0.0,0.0,0.0,0.0,0.0,0.0,0.0,0.0,1.0,1.0,0.0
2023-12-23,20:35:00.000000000,48.55,375.0,-0.06493694870823223,72.90135576558708,-0.6910849074619427,0,0.0,0.0,0.0,0.0,0.0,0.0,0.0,0.0,0.0,1.0,1.0,0.0
2023-12-23,20:36:00.000000000,48.55,375.0,,,,0,0.0,0.0,0.0,0.0,0.0,0.0,0.0,0.0,0.0,1.0,1.0,0.0
2023-12-23,20:37:00.000000000,48.55,375.0,,,,0,0.0,0.0,0.0,0.0,0.0,0.0,0.0,0.0,0.0,1.0,1.0,0.0
2023-12-23,20:38:00.000000000,48.55,375.0,-0.06500773600798725,72.92790100299521,-0.572486756176669,0,0.0,0.0,0.0,0.0,0.0,0.0,0.0,0.0,0.0,1.0,1.0,0.0
2023-12-23,20:39:00.000000000,48.55,375.0,,,,0,0.0,0.0,0.0,0.0,0.0,0.0,0.0,0.0,0.0,1.0,1.0,0.0
2023-12-23,20:40:00.000000000,48.55,375.0,,,,0,0.0,0.0,0.0,0.0,0.0,0.0,0.0,0.0,0.0,1.0,1.0,0.0
2023-12-23,20:41:00.000000000,48.55,375.0,-0.06449337984860753,72.73501744322782,-1.2870960084856933,0,0.0,0.0,0.0,0.0,0.0,0.0,0.0,0.0,0.0,1.0,1.0,0.0
2023-12-23,20:42:00.000000000,48.55,375.0,,,,0,0.0,0.0,0.0,0.0,0.0,0.0,0.0,0.0,0.0,1.0,1.0,0.0
2023-12-23,20:43:00.000000000,48.55,375.0,,,,0,0.0,0.0,0.0,0.0,0.0,0.0,0.0,0.0,0.0,1.0,1.0,0.0
2023-12-23,20:44:00.000000000,48.55,375.0,-0.06397629833428406,72.54111187535652,-1.9811976854284845,0,0.0,0.0,0.0,0.0,0.0,0.0,0.0,0.0,0.0,1.0,1.0,0.0
2023-12-23,20:45:00.000000000,48.55,375.0,,,,0,0.0,0.0,0.0,0.0,0.0,0.0,0.0,0.0,0.0,1.0,1.0,0.0
2023-12-23,20:46:00.000000000,48.55,375.0,,,,0,0.0,0.0,0.0,0.0,0.0,0.0,0.0,0.0,0.0,1.0,1.0,0.0
2023-12-23,20:47:00.000000000,48.55,375.0,-0.06345645990617077,72.34617246481403,-2.6056237181723394,0,0.0,0.0,0.0,0.0,0.0,0.0,0.0,0.0,0.0,1.0,1.0,0.0
2023-12-23,20:48:00.000000000,48.55,375.0,,,,0,0.0,0.0,0.0,0.0,0.0,0.0,0.0,0.0,0.0,1.0,1.0,0.0
2023-12-23,20:49:00.000000000,48.55,375.0,,,,0,0.0,0.0,0.0,0.0,0.0,0.0,0.0,0.0,0.0,1.0,1.0,0.0
2023-12-23,20:50:00.000000000,48.55,375.0,-0.06293383263721758,72.15018723895659,-3.1152695964721366,0,1.0,0.0,0.0,72.15018723895659,0.0,0.0,0.0,0.0,0.649675,0.3500000000000001,0.9996750000000001,-0.0003249999999999087
2023-12-23,20:51:00.000000000,48.55,375.0,,,,0,0.0,1.0,-0.06293383263721758,72.15018723895659,0.0,0.0,0.0,0.0,0.649675,0.3500000000000001,0.9996750000000001,0.0
2023-12-23,20:52:00.000000000,48.55,375.0,,,,0,0.0,1.0,-0.06293383263721758,72.15018723895659,0.0,0.0,0.0,0.0,0.649675,0.3500000000000001,0.9996750000000001,0.0
2023-12-23,20:53:00.000000000,48.55,375.0,-0.062408384239080954,71.95314408965535,-3.4902699036359817,0,1.0,1.0,-0.06293383263721758,72.15018723895659,0.0,0.0,0.0,0.0,0.649675,0.3500000000000001,0.9996750000000001,0.0
2023-12-23,20:54:00.000000000,48.55,375.0,,,,0,0.0,1.0,-0.06293383263721758,72.15018723895659,0.0,0.0,0.0,0.0,0.649675,0.3500000000000001,0.9996750000000001,0.0
2023-12-23,20:55:00.000000000,48.55,375.0,,,,0,0.0,1.0,-0.06293383263721758,72.15018723895659,0.0,0.0,0.0,0.0,0.649675,0.3500000000000001,0.9996750000000001,0.0
2023-12-23,20:56:00.000000000,48.55,375.0,-0.061880082050196586,71.75503076882372,-3.7317543960201984,0,1.0,1.0,-0.06293383263721758,72.15018723895659,0.0,0.0,0.0,0.0,0.649675,0.3500000000000001,0.9996750000000001,0.0
2023-12-23,20:57:00.000000000,48.55,375.0,,,,0,0.0,1.0,-0.06293383263721758,72.15018723895659,0.0,0.0,0.0,0.0,0.649675,0.3500000000000001,0.9996750000000001,0.0
2023-12-23,20:58:00.000000000,48.55,375.0,,,,0,0.0,1.0,-0.06293383263721758,72.15018723895659,0.0,0.0,0.0,0.0,0.0,0.9993501625000001,0.9993501625000001,-0.0003249431065096237
2023-12-23,20:59:00.000000000,48.55,375.0,-0.06134889301957753,71.55583488234157,-3.8628790212547344,1,1.0,0.0,0.0,71.55583488234157,0.0,0.0,0.0,0.0,0.6492528168221875,0.3497725568750001,0.9990253736971876,-0.0003250000000000034
2023-12-26,14:29:00.000000000,49.0,375.01,-0.060490609570111625,71.68458349488756,-3.228731979560736,0,1.0,1.0,-0.06134889301957753,72.00644837127177,0.006297368896207281,0.0,0.0,0.0,0.6533414013166186,0.3497725568750001,1.0031139581916186,0.0040925732239412965
2023-12-26,14:30:00.000000000,49.055,375.4066,,,,0,0.0,1.0,-0.06134889301957753,72.08577934224334,0.0011017203704108683,0.0,0.0,0.0,0.6540612008472819,0.3497725568750001,1.003833757722282,0.0007175650630572412
2023-12-26,14:31:00.000000000,48.87,375.1,,,,0,0.0,1.0,-0.06134889301957753,71.88196977164353,-0.0028273200686668655,0.0,0.0,0.0,0.6522119604879901,0.3497725568750001,1.0019845173629902,-0.0018421778955588768
2023-12-26,14:32:00.000000000,48.81,374.98,-0.059770607557024444,71.22278242173303,-3.9105363808269886,0,1.0,1.0,-0.06134889301957753,71.81460790448119,-0.0009371177136120498,0.0,-0.0028273200686667055,0.0,0.6516007611067872,0.3497725568750001,1.0013733179817872,-0.000609988847743443
2023-12-26,14:33:00.000000000,48.79,375.1,,,,0,0.0,1.0,-0.06134889301957753,71.80196977164353,-0.00017598275902967961,0.0,-0.003761788250560394,0.0,0.6514860906070619,0.3497725568750001,1.001258647482062,-0.00011451323663821665
2023-12-26,14:34:00.000000000,48.81,375.227,,,,0,0.0,1.0,-0.06134889301957753,71.82976108105701,0.0003870549721946892,0.0,-0.003937108999714778,0.0,0.651738251537747,0.3497725568750001,1.001510808412747,0.0002518439479342014
2023-12-26,14:35:00.000000000,48.83,375.595,-0.058949268939110906,70.97105066718535,-3.959189509756054,0,1.0,1.0,-0.06134889301957753,71.87233747368822,0.0005927402791046267,0.0,-0.0035515779051344953,0.0,0.6521245630508666,0.3497725568750001,1.0018971199258666,0.000385728750877655
2023-12-26,14:36:00.000000000,48.805,375.89,,,,0,0.0,1.0,-0.06134889301957753,71.865435397129,-0.00009603244866971315,0.0,-0.002960942789308585,0.0,0.6520619379322392,0.3497725568750001,1.0018344948072393,-0.00006250653623193051
2023-12-26,14:37:00.000000000,48.79,375.97,,,,0,0.0,1.0,-0.06134889301957753,71.85534330857057,-0.0001404303543514107,0.0,-0.0030566908913918223,0.0,0.6519703686432363,0.3497725568750001,1.0017429255182364,-0.0000914016132180689
2023-12-26,14:38:00.000000000,48.73,375.5451,-0.05822259516562252,70.59521032373323,-4.124661916392311,0,1.0,1.0,-0.06134889301957753,71.76927616392655,-0.0011977835005869861,0.0,-0.0031966919935582094,0.0,0.6511894492928039,0.3497725568750001,1.000962006167804,-0.0007795606343099006
2023-12-26,14:39:00.000000000,48.74,375.7218,,,,0,0.0,1.0,-0.06134889301957753,71.79011651332311,0.00029037981864222514,0.0,-0.004390646549218835,0.0,0.6513785415669913,0.3497725568750001,1.0011510984419913,0.00018891054108171302
2023-12-26,14:40:00.000000000,48.73,376.27,,,,0,0.0,1.0,-0.06134889301957753,71.81374797647644,0.00032917432511669274,0.0,-0.004101541685725296,0.0,0.651592958658807,0.3497725568750001,1.001365515533807,0.00021417056041727174
2023-12-26,14:41:00.000000000,48.73,376.43,-0.05738021633630491,70.32963483547525,-4.035950214956928,0,1.0,1.0,-0.06134889301957753,71.82356379935956,0.00013668445332141644,0.0,-0.0037737174828250675,0.0,0.6516820212861494,0.3497725568750001,1.0014545781611495,0.00008894117678393532
2023-12-26,14:42:00.000000000,48.74,376.79,,,,0,0.0,1.0,-0.06134889301957753,71.85564940084662,0.0004467280623485354,0.0,-0.0036375488380147036,0.0,0.651973145932786,0.3497725568750001,1.001745702807786,0.00029070179814961376
2023-12-26,14:43:00.000000000,48.78,376.64,,,,0,0.0,1.0,-0.06134889301957753,71.88644706689368,0.0004286046581425996,0.0,-0.003192445770810126,0.0,0.6522525846601166,0.3497725568750001,1.0020251415351167,0.000278951760459135
2023-12-26,14:44:00.000000000,48.76,376.3,-0.056524148721845836,70.03003716403059,-3.974265762103713,0,1.0,1.0,-0.06134889301957753,71.84558844326702,-0.0005683772852014878,0.0,-0.0027652094097959656,0.0,0.6518818591067818,0.3497725568750001,1.0016544159817817,-0.000369976298964907
2023-12-26,14:45:00.000000000,48.795,376.57,,,,0,0.0,1.0,-0.06134889301957753,71.89715264438232,0.0007177086614860904,0.0,-0.003332015012780132,0.0,0.6523497203633283,0.3497725568750001,1.0021222772383283,0.00046708849787073633
2023-12-26,14:46:00.000000000,48.795,376.28,,,,0,0.0,1.0,-0.06134889301957753,71.87936146540663,-0.00024745317889963677,0.0,-0.0026166977673290903,0.0,0.6521882943512701,0.3497725568750001,1.0019608512262703,-0.000161084146839637
2023-12-26,14:47:00.000000000,48.7803,376.43,-0.05562664187227894,69.71983679998196,-3.904033122262691,0,1.0,1.0,-0.06134889301957753,71.87386379935957,-0.00007648462555846134,0.0,-0.0028635034360479095,0.0,0.6521384119737831,0.3497725568750001,1.001910968848783,-0.000049784756985480216
2023-12-26,14:48:00.000000000,48.82,376.2,,,,0,0.0,1.0,-0.06134889301957753,71.89945355396506,0.00035603699666023915,0.0,-0.002939769047618168,0.0,0.6523705973753889,0.3497725568750001,1.0021431542503891,0.00023174254881435578
2023-12-26,14:49:00.000000000,48.79,376.04,,,,0,0.0,1.0,-0.06134889301957753,71.85963773108193,-0.0005537708691102014,0.0,-0.0025847787175006243,0.0,0.6520093335426984,0.3497725568750001,1.0017818904176985,-0.0003604912443480865
2023-12-26,14:50:00.000000000,48.785,375.85,-0.05480977212993075,69.38525285503448,-3.84277107354643,0,1.0,1.0,-0.06134889301957753,71.84298144140821,-0.00023178922409894864,0.0,-0.0031371182114540153,0.0,0.6518582048051713,0.3497725568750001,1.0016307616801714,-0.00015085992167824212
2023-12-26,14:51:00.000000000,48.79,375.88,,,,0,0.0,1.0,-0.06134889301957753,71.8498219081988,0.00009521412743945105,0.0,-0.003368180285356792,0.0,0.6519202709153561,0.3497725568750001,1.001692827790356,0.00006196505993940775
2023-12-26,14:52:00.000000000,48.795,375.7499,,,,0,0.0,1.0,-0.06134889301957753,71.84684041721695,-0.000041496149923127526,0.0,-0.003273286856264268,0.0,0.6518932187340563,0.3497725568750001,1.0016657756090563,-0.000027006464006934674
2023-12-26,14:53:00.000000000,48.79,375.56,-0.05402538263518942,69.07977270247173,-3.742189350184187,0,1.0,1.0,-0.06134889301957753,71.83019026243254,-0.00023174512181366503,0.0,-0.003314647177385277,0.0,0.6517421456606712,0.3497725568750001,1.0015147025356712,-0.0001508218380460028
2023-12-26,14:54:00.000000000,48.82,375.6002,,,,0,0.0,1.0,-0.06134889301957753,71.86265648793193,0.00045198579289258825,0.0,-0.0035456241458849957,0.0,0.6520367238511392,0.3497725568750001,1.0018092807261394,0.0002941326669717008
2023-12-26,14:55:00.000000000,48.79,375.19,,,,0,0.0,1.0,-0.06134889301957753,71.80749117201529,-0.0007676492717174079,0.0,-0.0030952409247333446,0.0,0.6515361883349419,0.3497725568750001,1.001308745209942,-0.0004996315424773557
2023-12-26,14:56:00.000000000,48.79,375.5045,-0.0532463520903612,68.78424481851503,-3.635398739446718,0,1.0,1.0,-0.06134889301957753,71.82678539886996,0.0002686937886250518,0.0,-0.0038605141370090523,0.0,0.651711252061812,0.3497725568750001,1.001483808936812,0.00017483491251575384
2023-12-26,14:57:00.000000000,48.81,375.5473,,,,0,0.0,1.0,-0.06134889301957753,71.8494111314912,0.0003150041101740884,0.0,-0.0035928576445533045,0.0,0.6519165437848582,0.3497725568750001,1.0016891006598583,0.00020498756067171482
2023-12-26,14:58:00.000000000,48.81,375.595,,,,0,0.0,1.0,-0.06134889301957753,71.85233747368822,0.00004072882645722723,0.0,-0.003278985299304593,0.0,0.6519430955806346,0.3497725568750001,1.0017156524556348,0.000026507022746873408
2023-12-26,14:59:00.000000000,48.8,375.42,-0.052467527709409593,68.49735925266654,-3.5281793194936584,0,1.0,1.0,-0.06134889301957753,71.83160141740979,-0.0002885926471916201,0.0,-0.003238390022070603,0.0,0.6517549495968626,0.3497725568750001,1.0015275064718627,-0.0001878237435052654
2023-12-26,15:00:00.000000000,48.8,375.25,,,,0,0.0,1.0,-0.06134889301957753,71.82117210559646,-0.00014519113603943514,0.0,-0.003526048093713152,0.0,0.6516603205553114,0.3497725568750001,1.0014328774303114,-0.00009448471553685602
2023-12-26,15:01:00.000000000,48.805,375.33,,,,0,0.0,1.0,-0.06134889301957753,71.83108001703803,0.00013795251666187924,0.0,-0.003670727278824004,0.0,0.6517502187365407,0.3497725568750001,1.0015227756115408,0.00008976955246374308
2023-12-26,15:02:00.000000000,48.825,375.2899,-0.051682649148784086,68.22097623078227,-3.4216721889092705,0,1.0,1.0,-0.06134889301957753,71.84861992642794,0.0002441827324014875,0.0,-0.0035332811482282622,0.0,0.6519093648857951,0.3497725568750001,1.0016819217607953,0.00015890417385397968
2023-12-26,15:03:00.000000000,48.79,375.4,,,,0,0.0,1.0,-0.06134889301957753,71.8203744395494,-0.00039312497452935707,0.0,-0.00328996118207181,0.0,0.6516530830333289,0.3497725568750001,1.001425639908329,-0.00025585153021009596
2023-12-26,15:04:00.000000000,48.8,375.2481,,,,0,0.0,1.0,-0.06134889301957753,71.82105554269972,9.483425220803092e-6,0.0,-0.0036817927906952486,0.0,0.6516592629366118,0.3497725568750001,1.001431819811612,6.171105508596413e-6
2023-12-26,15:05:00.000000000,48.79,375.29,-0.05092288530946146,67.90084962778779,-3.3516632079512534,0,1.0,1.0,-0.06134889301957753,71.81362606131725,-0.00010344433573600883,0.0,-0.0036723442814809992,0.0,0.6515918524770311,0.3497725568750001,1.001364409352031,-0.00006731407795039806
2023-12-26,15:06:00.000000000,48.79,375.39,,,,0,0.0,1.0,-0.06134889301957753,71.81976095061921,0.00008542792835336096,0.0,-0.0037754087340021725,0.0,0.6516475166191201,0.3497725568750001,1.00142007349412,0.000055588296896868476
2023-12-26,15:07:00.000000000,48.81,375.34,,,,0,0.0,1.0,-0.06134889301957753,71.83669350596823,0.00023576457405166844,0.0,-0.0036903033309957367,0.0,0.6518011520183076,0.3497725568750001,1.0015737088933077,0.00015341753501255264
2023-12-26,15:08:00.000000000,48.78,375.19,-0.05017921391279168,67.60673926794031,-3.2663381115773804,0,1.0,1.0,-0.06134889301957753,71.7974911720153,-0.0005457146207553647,0.0,-0.0034554087997371585,0.0,0.651445454599826,0.3497725568750001,1.0012180114748261,-0.0003551385338124984
2023-12-26,15:09:00.000000000,48.78,375.12,,,,0,0.0,1.0,-0.06134889301957753,71.79319674950392,-0.000059812988466265785,0.0,-0.003999237753389839,0.0,0.6514064897003636,0.3497725568750001,1.0011790465753636,-0.00003891749750400328
2023-12-26,15:10:00.000000000,48.765,375.29,,,,0,0.0,1.0,-0.06134889301957753,71.78862606131725,-0.00006366464224490081,0.0,-0.004058811535494478,0.0,0.6513650181392409,0.3497725568750001,1.001137575014241,-0.0000414227218042669
2023-12-26,15:11:00.000000000,48.785,375.18,-0.04943023721066753,67.33023639669824,-3.1765165615252795,0,1.0,1.0,-0.06134889301957753,71.8018776830851,0.00018459221878033033,0.0,-0.004122217774955028,0.0,0.6514852550531751,0.3497725568750001,1.0012578119281752,0.00012010029084407906
2023-12-26,15:12:00.000000000,48.8209,375.3128,,,,0,0.0,1.0,-0.06134889301957753,71.8459248160781,0.0006134537760615844,0.0,-0.003938386485499934,0.0,0.6518849111429359,0.3497725568750001,1.001657468017936,0.0003991540290618472
2023-12-26,15:13:00.000000000,48.815,375.21,,,,0,0.0,1.0,-0.06134889301957753,71.83371814987568,-0.00016990060652243214,0.0,-0.003327348727499513,0.0,0.6517741555011499,0.3497725568750001,1.00154671237615,-0.00011057237161646503
2023-12-26,15:14:00.000000000,48.78,375.3565,-0.04866370827726055,67.04623921597354,-3.097859510476271,0,1.0,1.0,-0.06134889301957753,71.80770576270305,-0.0003621194592538699,0.0,-0.0034966840154549983,0.0,0.6515381353964041,0.3497725568750001,1.0013106922714043,-0.00023565561329196114
2023-12-26,15:15:00.000000000,48.775,375.36,,,,0,0.0,1.0,-0.06134889301957753,71.80292048382861,-0.00006664018608601679,0.0,-0.003857537257384136,0.0,0.6514947167738192,0.3497725568750001,1.0012672736488193,-0.00004336178862383283
2023-12-26,15:16:00.000000000,48.75,375.36,,,,0,0.0,1.0,-0.06134889301957753,71.77792048382862,-0.00034817525292194694,0.0,-0.003923920376469381,0.0,0.6512678824360292,0.3497725568750001,1.0010404393110293,-0.0002265472404420024
2023-12-26,15:17:00.000000000,48.72,375.2482,-0.047951940818376955,66.71387947860248,-3.0481338612434867,0,1.0,1.0,-0.06134889301957753,71.74106167758903,-0.0005135117594817631,0.0,-0.0042707294174217925,0.0,0.6509334487198255,0.3497725568750001,1.0007060055948256,-0.0003340861198712915
2023-12-26,15:18:00.000000000,48.72,375.28,,,,0,0.0,1.0,-0.06134889301957753,71.74301257238704,0.00002719355906359106,0.0,-0.0047820481071261245,0.0,0.6509511499170098,0.3497725568750001,1.0007237067920098,0.000017688708856831842
2023-12-26,15:19:00.000000000,48.74,375.32,,,,0,0.0,1.0,-0.06134889301957753,71.76546652810784,0.0003129775976181147,0.0,-0.004754984588970168,0.0,0.6511548830440775,0.3497725568750001,1.0009274399190775,0.00020358579064822462
2023-12-26,15:20:00.000000000,48.7281,375.37,-0.047220450299888896,66.4532404290693,-2.9642707591739996,0,0.0,1.0,-0.06134889301957753,71.75663397275882,-0.00012307528643399986,0.0,-0.00444349519500542,0.0,0.651074741970334,0.3497725568750001,1.000847298845334,-0.00008006681658154265
2023-12-26,15:21:00.000000000,48.735,375.245,,,,0,0.0,1.0,-0.06134889301957753,71.75586536113137,-0.000010711366808840144,0.0,-0.004566023596995539,0.0,0.6510677680699528,0.3497725568750001,1.000840324944953,-6.967996405870745e-6
2023-12-26,15:22:00.000000000,48.735,375.22,,,,0,0.0,1.0,-0.06134889301957753,71.75433163880588,-0.00002137417363404973,0.0,-0.004576686055450696,0.0,0.6510538520344306,0.3497725568750001,1.0008264089094308,-0.00001390435134886165
2023-12-26,15:23:00.000000000,48.69,375.115,-0.046535472154928016,66.14615363739583,-2.9082714753576457,0,0.0,1.0,-0.06134889301957753,71.70289000503882,-0.0007169132872144948,0.0,-0.0045979624062023605,0.0,0.6505871028772149,0.3497725568750001,1.000359659752215,-0.00046636375005759033
2023-12-26,15:24:00.000000000,48.68,375.17,,,,0,0.0,1.0,-0.06134889301957753,71.6962641941549,-0.00009240646902031805,0.0,-0.005311579353073692,0.0,0.6505269844202478,0.3497725568750001,1.0002995412952478,-0.000060096842551794144
2023-12-26,15:25:00.000000000,48.67,375.26,,,,0,0.0,1.0,-0.06134889301957753,71.69178559452666,-0.00006246628996058542,0.0,-0.005403494997801128,0.0,0.6504863484130119,0.3497725568750001,1.000258905288012,-0.000040623838718538164
2023-12-26,15:26:00.000000000,48.685,375.36,-0.04583351833338218,65.88906944161835,-2.8332339344452944,0,0.0,1.0,-0.06134889301957753,71.71292048382863,0.000294802104964943,0.0,-0.005465623751476301,0.0,0.650678113157775,0.3497725568750001,1.000450670032775,0.000191715108707687
2023-12-26,15:27:00.000000000,48.69,375.275,,,,0,0.0,1.0,-0.06134889301957753,71.71270582792195,-2.9932668370809277e-6,0.0,-0.00517243292389824,0.0,0.6506761655045573,0.3497725568750001,1.0004487223795575,-1.946775864050813e-6
2023-12-26,15:28:00.000000000,48.6103,375.065,,,,0,0.0,1.0,-0.06134889301957753,71.62012256038784,-0.0012910301802900562,0.0,-0.005175410708263328,0.0,0.6498361229372955,0.3497725568750001,0.9996086798122956,-0.0008396657904303744
2023-12-26,15:29:00.000000000,48.63,375.13,-0.04518445572156439,65.58004487483045,-2.785183636102435,0,0.0,1.0,-0.06134889301957753,71.64381023843413,0.0003307405404998261,0.0,-0.006459759277133603,0.0,0.650051050087832,0.3497725568750001,0.9998236069628321,0.00021501128879439316
2023-12-26,15:30:00.000000000,48.65,375.1,,,,0,0.0,1.0,-0.06134889301957753,71.66196977164353,0.0002534696737787018,0.0,-0.006131155240908792,0.0,0.6502158183154373,0.3497725568750001,0.9999883751904374,0.00016479729670093192
2023-12-26,15:31:00.000000000,48.675,375.21,,,,0,0.0,1.0,-0.06134889301957753,71.69371814987568,0.0004430296618041675,0.0,-0.005879239629048905,0.0,0.6505038832095252,0.3497725568750001,1.0002764400845252,0.00028806824282629997
2023-12-26,15:32:00.000000000,48.67,375.24,-0.044496307744943564,65.36679451821263,-2.7018909529254462,0,0.0,1.0,-0.06134889301957753,71.69055861666627,-0.00004406987517104015,0.0,-0.005438814644789347,0.0,0.6504752155845939,0.3497725568750001,1.000247772459594,-0.000028659702240745732
2023-12-26,15:33:00.000000000,48.65,375.12,,,,0,0.0,1.0,-0.06134889301957753,71.66319674950392,-0.00038166625690066894,0.0,-0.005482644832077943,0.0,0.6502269511438551,0.3497725568750001,0.9999995080188552,-0.00024820294288513975
2023-12-26,15:34:00.000000000,48.65,375.24,,,,0,0.0,1.0,-0.06134889301957753,71.67055861666627,0.00010272870170832777,0.0,-0.005862218548447595,0.0,0.6502937481143619,0.3497725568750001,1.000066304989362,0.00006679700336979886
2023-12-26,15:35:00.000000000,48.6501,375.14,-0.043825543633818534,65.09081443879069,-2.6498430277910896,0,0.0,1.0,-0.06134889301957753,71.66452372736431,-0.00008420318494007933,0.0,-0.005760092064839739,0.0,0.650238991309624,0.3497725568750001,1.0000115481846241,-0.00005475317432934616
2023-12-26,15:36:00.000000000,48.68,375.245,,,,0,0.0,1.0,-0.06134889301957753,71.70086536113138,0.0005071077274624937,0.0,-0.005843810231682456,0.0,0.6505687325268146,0.3497725568750001,1.0003412894018147,0.0003297374093220575
2023-12-26,15:37:00.000000000,48.7,375.3697,,,,0,0.0,1.0,-0.06134889301957753,71.72851556809091,0.00038563282075148084,0.0,-0.005339665945546246,0.0,0.6508196131822316,0.3497725568750001,1.0005921700572316,0.0002507950617203037
2023-12-26,15:38:00.000000000,48.705,375.2916,-0.043100746019739754,64.88034793494177,-2.577633930609563,0,0.0,1.0,-0.06134889301957753,71.72872421954608,2.9089052452190576e-6,0.0,-0.004956092275235302,0.0,0.650821506354818,0.3497725568750001,1.000594063229818,1.8920521698340042e-6
2023-12-26,15:39:00.000000000,48.67,375.45,,,,0,0.0,1.0,-0.06134889301957753,71.70344188420039,-0.0003524715603237204,0.0,-0.00495319778679304,0.0,0.6505921102829808,0.3497725568750001,1.000364667157981,-0.00022925987697415722
2023-12-26,15:40:00.000000000,48.7,375.495,,,,0,0.0,1.0,-0.06134889301957753,71.73620258438626,0.00045689159857602166,0.0,-0.005303923485764361,0.0,0.650889360352269,0.3497725568750001,1.000661917227269,0.00029714171146472004
2023-12-26,15:41:00.000000000,48.7,375.455,-0.04236445170695741,64.6059452156357,-2.5336851105167106,0,0.0,1.0,-0.06134889301957753,71.73374862866548,-0.0000342080516165457,0.0,-0.00484945520526836,0.0,0.6508670946954334,0.3497725568750001,1.0006396515704334,-0.000022250928562668853
2023-12-26,15:42:00.000000000,48.72,375.325,,,,0,0.0,1.0,-0.06134889301957753,71.74577327257293,0.00016762882377301133,0.0,-0.004883497366470979,0.0,0.6509761987809497,0.3497725568750001,1.0007487556559498,0.00010903434152855285
2023-12-26,15:43:00.000000000,48.71,375.325,,,,0,0.0,1.0,-0.06134889301957753,71.73577327257294,-0.0001393810331097751,0.0,-0.004716687157617416,0.0,0.6508854650458338,0.3497725568750001,1.0006580219208339,-0.00009066584854901952
2023-12-26,15:44:00.000000000,48.725,375.08,-0.041634532473768714,64.34128044026117,-2.488698843413908,0,0.0,1.0,-0.06134889301957753,71.73574279378315,-4.2487574059036336e-7,0.0,-0.004855410773998314,0.0,0.6508851885003898,0.3497725568750001,1.0006577453753898,-2.7636359079918524e-7
2023-12-26,15:45:00.000000000,48.72,375.07,,,,0,0.0,1.0,-0.06134889301957753,71.73012930485294,-0.00007825232877765803,0.0,-0.004855833586792646,0.0,0.6508342552186227,0.3497725568750001,1.000606812093623,-0.00005089980265705692
2023-12-26,15:46:00.000000000,48.7,375.19,,,,0,0.0,1.0,-0.06134889301957753,71.7174911720153,-0.00017619001889603145,0.0,-0.004933705935283972,0.0,0.6507195847188976,0.3497725568750001,1.0004921415938977,-0.00011460095847769952
2023-12-26,15:47:00.000000000,48.72,375.04,-0.040907418786010764,64.06191834150547,-2.4508032786107976,0,0.0,1.0,-0.06134889301957753,71.72828883806235,0.00015055833480225603,0.0,-0.005109026684438023,0.0,0.6508175559759961,0.3497725568750001,1.0005901128509962,0.00009792306508520878
2023-12-26,15:48:00.000000000,48.715,375.21,,,,0,0.0,1.0,-0.06134889301957753,71.73371814987568,0.00007569275527522593,0.0,-0.004959237556185769,0.0,0.6508668181499894,0.3497725568750001,1.0006393750249893,0.00004923312089581232
2023-12-26,15:49:00.000000000,48.725,375.15,,,,0,0.0,1.0,-0.06134889301957753,71.74003721629451,0.00008809060204606814,0.0,-0.004883920179265311,0.0,0.6509241533998521,0.3497725568750001,1.0006967102748523,0.0000572986145598393
2023-12-26,15:50:00.000000000,48.73,374.9401,-0.04017698951615544,63.793964466886266,-2.410971803645956,0,0.0,1.0,-0.06134889301957753,71.73216008364969,-0.00010980106716522266,0.0,-0.004796259804688008,0.0,0.6508526812331652,0.3497725568750001,1.0006252381081653,-0.00007142240596292535
2023-12-26,15:51:00.000000000,48.68,374.695,,,,0,0.0,1.0,-0.06134889301957753,71.6671234699706,-0.0009066590717920929,0.0,-0.004905534237408249,0.0,0.650262579745325,0.3497725568750001,1.000035136620325,-0.0005897327644422592
2023-12-26,15:52:00.000000000,48.695,374.67,,,,0,0.0,1.0,-0.06134889301957753,71.68058974764512,0.00018790035126989274,0.0,-0.005807745662081976,0.0,0.6503847643124768,0.3497725568750001,1.0001573211874768,0.00012218027414983562
2023-12-26,15:53:00.000000000,48.705,374.8188,-0.03946631064233347,63.49771519538666,-2.381400835998473,0,0.0,1.0,-0.06134889301957753,71.69971846292643,0.0002668604617882653,0.0,-0.0056209365882620155,0.0,0.6505583262910214,0.3497725568750001,1.0003308831660216,0.00017353467786319966
2023-12-26,15:54:00.000000000,48.7,374.7287,,,,0,0.0,1.0,-0.06134889301957753,71.68919092766536,-0.00014682812550380255,0.0,-0.005355576132207274,0.0,0.6504628060314411,0.3497725568750001,1.0002353629064413,-0.00009548866398880199
2023-12-26,15:55:00.000000000,48.72,374.8,,,,0,0.0,1.0,-0.06134889301957753,71.71356510373766,0.0003399979237719864,0.0,-0.005501617908506673,0.0,0.6506839620349827,0.3497725568750001,1.0004565189099828,0.00022110396386988294
2023-12-26,15:56:00.000000000,48.7386,374.8,-0.03873227358038974,63.255456137930075,-2.3372318475411746,0,0.0,1.0,-0.06134889301957753,71.73216510373766,0.00025936515599365675,0.0,-0.0051634905234010375,0.0,0.6508527267822984,0.3497725568750001,1.0006252836572984,0.0001686877381732834
2023-12-26,15:57:00.000000000,48.715,374.8626,,,,0,0.0,1.0,-0.06134889301957753,71.71240554444068,-0.0002754630265013755,0.0,-0.004905464596932418,0.0,0.6506734409203723,0.3497725568750001,1.0004459977953724,-0.00017917382745993326
2023-12-26,15:58:00.000000000,48.708,374.87,,,,0,0.0,1.0,-0.06134889301957753,71.70585952624903,-0.00009128153130492506,0.0,-0.005179576349309656,0.0,0.6506140464523056,0.3497725568750001,1.0003866033273057,-0.00005936799007399822
2023-12-26,15:59:00.000000000,48.71,374.8721,-0.038007125678020136,62.95781101788333,-2.3112645817261237,0,0.0,1.0,-0.06134889301957753,71.70798835892437,0.00002968840607175153,0.0,-0.005270385080953899,0.0,0.6506333621463126,0.3497725568750001,1.0004059190213126,0.000019308229381204076
2023-12-26,16:00:00.000000000,48.72,374.7,,,,0,0.0,1.0,-0.06134889301957753,71.7074302144357,-7.783574765348461e-6,0.0,-0.00524085314421463,0.0,0.6506282978928934,0.3497725568750001,1.0004008547678935,-5.06219857637077e-6
2023-12-26,16:01:00.000000000,48.7,374.6229,,,,0,0.0,1.0,-0.06134889301957753,71.68270021478389,-0.00034487360065557605,0.0,-0.005248595926407806,0.0,0.6504039133691107,0.3497725568750001,1.000176470244111,-0.00022429461421707303
2023-12-26,16:02:00.000000000,48.695,374.6138,-0.037300649611957296,62.66833809360385,-2.28363088925604,0,0.0,1.0,-0.06134889301957753,71.67714193985742,-0.00007753997700724445,0.0,-0.005591659424887818,0.0,0.6503534810646227,0.3497725568750001,1.0001260379396228,-0.000050423406257279426
2023-12-26,16:03:00.000000000,48.66,374.47,,,,0,0.0,1.0,-0.06134889301957753,71.6333199690412,-0.0006113799968893158,0.0,-0.0056687658247519535,0.0,0.6499558679553924,0.3497725568750001,0.9997284248303925,-0.0003975630012088232
2023-12-26,16:04:00.000000000,48.69,374.53,,,,0,0.0,1.0,-0.06134889301957753,71.66700090262236,0.0004701852935997229,0.0,-0.006276680051608974,0.0,0.6502614676459939,0.3497725568750001,1.000034024520994,0.00030568270643435615
2023-12-26,16:05:00.000000000,48.695,374.565,-0.036591987593859274,62.4010778330939,-2.2511325787314,0,0.0,1.0,-0.06134889301957753,71.67414811387806,0.0000997280640417789,0.0,-0.005809445960662019,0.0,0.6503263169632832,0.3497725568750001,1.0000988738382834,0.0000648471108975643
2023-12-26,16:06:00.000000000,48.71,374.69,,,,0,0.0,1.0,-0.06134889301957753,71.6968167255055,0.000316273192273194,0.0,-0.005710297261419028,0.0,0.6505319977435685,0.3497725568750001,1.0003045546185687,0.00020566044584760266
2023-12-26,16:07:00.000000000,48.71,374.55,,,,0,0.0,1.0,-0.06134889301957753,71.68822788048277,-0.00011979395201897876,0.0,-0.005395830083089526,0.0,0.650454067944644,0.3497725568750001,1.000226624819644,-0.00007790607227050074
2023-12-26,16:08:00.000000000,48.7035,374.49,-0.0358778532005082,62.13939724505832,-2.2188168699173696,0,0.0,1.0,-0.06134889301957753,71.67804694690159,-0.00014201681199534842,0.0,-0.005514977647298469,0.0,0.6503616925315651,0.3497725568750001,1.0001342494065653,-0.00009235448326071452
2023-12-26,16:09:00.000000000,48.73,374.5871,,,,0,0.0,1.0,-0.06134889301957753,71.71050392441379,0.0004528161535461624,0.0,-0.005656211239750131,0.0,0.650656186811591,0.3497725568750001,1.000428743686591,0.00029445474965041345
2023-12-26,16:10:00.000000000,48.72,374.56,,,,0,0.0,1.0,-0.06134889301957753,71.69884136941296,-0.00016263384528880195,0.0,-0.005205956310021187,0.0,0.6505503680939688,0.3497725568750001,1.000322924968969,-0.000105773367958442
2023-12-26,16:11:00.000000000,48.74,374.67,-0.03512964875719906,61.902025499859775,-2.182192650599439,0,0.0,1.0,-0.06134889301957753,71.72558974764512,0.0003730656970360365,0.0,-0.005367743490616972,0.0,0.6507930661204988,0.3497725568750001,1.000565622995499,0.0002426196785778101
2023-12-26,16:12:00.000000000,48.755,374.7801,,,,0,0.0,1.0,-0.06134889301957753,71.74734426076657,0.00030330197629591403,0.0,-0.004996680314547808,0.0,0.6509904529436128,0.3497725568750001,1.0007630098186129,0.0001972752397019695
2023-12-26,16:13:00.000000000,48.7525,374.73,,,,0,0.0,1.0,-0.06134889301957753,71.74177068122628,-0.00007768342644189366,0.0,-0.004694893841266312,0.0,0.6509398817746472,0.3497725568750001,1.0007124386496473,-0.00005053261208638095
2023-12-26,16:14:00.000000000,48.76,374.78,-0.034357984809106255,61.63668554675684,-2.1545563917150172,0,0.0,1.0,-0.06134889301957753,71.75233812587726,0.0001472983528372704,0.0,-0.004772212552267674,0.0,0.6510357641470287,0.3497725568750001,1.0008083210220287,0.00009581411070569124
2023-12-26,16:15:00.000000000,48.76,374.76,,,,0,0.0,1.0,-0.06134889301957753,71.75111114801688,-0.000017100179484481787,0.0,-0.004625617138478866,0.0,0.6510246313186109,0.3497725568750001,1.0007971881936109,-0.000011123836786683317
2023-12-26,16:16:00.000000000,48.755,374.66,,,,0,0.0,1.0,-0.06134889301957753,71.73997625871492,-0.00015518769150468377,0.0,-0.004642638219080175,0.0,0.6509236003089639,0.3497725568750001,1.000696157183964,-0.00010095053307365201
2023-12-26,16:17:00.000000000,48.74,374.55,-0.033607917888398606,61.3278456450997,-2.1382934620387233,0,0.0,1.0,-0.06134889301957753,71.71822788048277,-0.00030315563743310575,0.0,-0.004797105430277004,0.0,0.650726269149992,0.3497725568750001,1.000498826024992,-0.00019719388103510866
2023-12-26,16:18:00.000000000,48.725,374.483,,,,0,0.0,1.0,-0.06134889301957753,71.69911750465045,-0.00026646469659252704,0.0,-0.005098806798155553,0.0,0.6505528735721181,0.3497725568750001,1.000325430447118,-0.0001733091267711894
2023-12-26,16:19:00.000000000,48.72,374.395,,,,0,0.0,1.0,-0.06134889301957753,71.68871880206473,-0.0001450325045499129,0.0,-0.005363912842741736,0.0,0.6504585222595218,0.3497725568750001,1.000231079134522,-0.0000943206177953421
2023-12-26,16:20:00.000000000,48.715,374.22,-0.032881574808621146,61.01994292488221,-2.121736374516408,0,0.0,1.0,-0.06134889301957753,71.6729827457863,-0.00021950533558669832,0.0,-0.005508167405577802,0.0,0.6503157431433081,0.3497725568750001,1.0000883000183083,-0.00014274613056132514
2023-12-26,16:21:00.000000000,48.73,374.1503,,,,0,0.0,1.0,-0.06134889301957753,71.68370672794283,0.00014962377378057188,0.0,-0.0057264636690296244,0.0,0.6504130458389461,0.3497725568750001,1.0001856027139462,0.00009729410456668742
2023-12-26,16:22:00.000000000,48.72,374.28,,,,0,0.0,1.0,-0.06134889301957753,71.68166367936747,-0.00002850087793469129,0.0,-0.005577696710353575,0.0,0.6503945084961195,0.3497725568750001,1.0001670653711194,-0.000018533902884076823
2023-12-26,16:23:00.000000000,48.71,374.25,-0.03215086134612952,60.742459858788976,-2.098440866112361,0,0.0,1.0,-0.06134889301957753,71.66982321257689,-0.0001651812497481963,0.0,-0.005606038619035303,0.0,0.6502870755183767,0.3497725568750001,1.0000596323933768,-0.00010741503241037405
2023-12-26,16:24:00.000000000,48.7,374.07,,,,0,0.0,1.0,-0.06134889301957753,71.64878041183337,-0.00029360754359755183,0.0,-0.0057702938563182204,0.0,0.6500961463275006,0.3497725568750001,0.9998687032025007,-0.0001909178059904451
2023-12-26,16:25:00.000000000,48.72,374.23,,,,0,0.0,1.0,-0.06134889301957753,71.6785962347165,0.0004161385959641311,0.0,-0.006062207198110792,0.0,0.6503666764250751,0.3497725568750001,1.0001392333000751,0.0002705656219741737
2023-12-26,16:26:00.000000000,48.725,374.165,-0.031412474537113586,60.478448535179105,-2.0730777501312794,0,0.0,1.0,-0.06134889301957753,71.67960855667023,0.00001412307169664379,0.0,-0.00564859132053841,0.0,0.6503758616002753,0.3497725568750001,1.0001484184752754,9.183896495993652e-6
2023-12-26,16:27:00.000000000,48.72,374.3,,,,0,0.0,1.0,-0.06134889301957753,71.68289065722787,0.000045788483276189266,0.0,-0.005634548024301966,0.0,0.6504056413245375,0.3497725568750001,1.0001781981995377,0.000029775305056946926
2023-12-26,16:28:00.000000000,48.73,374.39,,,,0,0.0,1.0,-0.06134889301957753,71.69841205759963,0.00021652866157383625,0.0,-0.0055890175384336604,0.0,0.6505464727875335,0.3497725568750001,1.0003190296625335,0.00014080637155392193
2023-12-26,16:29:00.000000000,48.75,374.46,-0.030642439998538364,60.224368081852674,-2.0468175212091246,0,0.0,1.0,-0.06134889301957753,71.722706480111,0.0003388418489918219,0.0,-0.005373699059346926,0.0,0.6507669051572279,0.3497725568750001,1.0005394620322279,0.00022036206765829863
2023-12-26,16:30:00.000000000,48.745,374.46,,,,0,0.0,1.0,-0.06134889301957753,71.71770648011099,-0.00006971292977344885,0.0,-0.0050366780444804915,0.0,0.6507215382896698,0.3497725568750001,1.00049409516467,-0.00004534240705090726
2023-12-26,16:31:00.000000000,48.745,374.44,,,,0,0.0,1.0,-0.06134889301957753,71.7164795022506,-0.000017108436962132865,0.0,-0.005106039852670996,0.0,0.6507104054612521,0.3497725568750001,1.0004829623362523,-0.000011127330457406875
2023-12-26,16:32:00.000000000,48.7401,374.47,-0.02987156170358285,59.92610371114067,-2.031115623050487,0,0.0,1.0,-0.06134889301957753,71.7134199690412,-0.000042661508632941514,0.0,-0.005123060933272194,0.0,0.650682645173672,0.3497725568750001,1.000455202048672,-0.000027746886878914426
2023-12-26,16:33:00.000000000,48.7,374.515,,,,0,0.0,1.0,-0.06134889301957753,71.67608066922708,-0.0005206738129382304,0.0,-0.005165503884396849,0.0,0.6503438517597967,0.3497725568750001,1.000116408634797,-0.0003386392645882144
2023-12-26,16:34:00.000000000,48.715,374.6,,,,0,0.0,1.0,-0.06134889301957753,71.69629532513375,0.0002820279194667142,0.0,-0.005683488154731853,0.0,0.6505272668832465,0.3497725568750001,1.0002998237582466,0.0001833937748307012
2023-12-26,16:35:00.000000000,48.715,374.55,-0.029104053853528593,59.61592337083914,-2.0180662511004543,0,0.0,1.0,-0.06134889301957753,71.69322788048277,-0.00004278386542945008,0.0,-0.005403063137604747,0.0,0.650499434812202,0.3497725568750001,1.000271991687202,-0.00002782372882956291
2023-12-26,16:36:00.000000000,48.72,374.585,,,,0,0.0,1.0,-0.06134889301957753,71.70037509173845,0.00009969158129690576,0.0,-0.0054456158391079645,0.0,0.6505642841294912,0.3497725568750001,1.0003368410044913,0.0000648316836102191
2023-12-26,16:37:00.000000000,48.72,374.515,,,,0,0.0,1.0,-0.06134889301957753,71.69608066922707,-0.00005989400342583965,0.0,-0.005346467139865196,0.0,0.6505253192300288,0.3497725568750001,1.0002978761050287,-0.00003895177890620119
2023-12-26,16:38:00.000000000,48.715,374.55,-0.028331320782561616,59.326496199108455,-2.0008108975514842,0,0.0,1.0,-0.06134889301957753,71.69322788048277,-0.00003979002363417367,0.0,-0.005406040921969835,0.0,0.650499434812202,0.3497725568750001,1.000271991687202,-0.000025876709773175513
2023-12-26,16:39:00.000000000,48.7087,374.49,,,,0,0.0,1.0,-0.06134889301957753,71.68324694690159,-0.00013921724375159168,0.0,-0.0054456158391079645,0.0,0.6504088740738254,0.3497725568750001,1.0001814309488255,-0.00009053611330633297
2023-12-26,16:40:00.000000000,48.715,374.5,,,,0,0.0,1.0,-0.06134889301957753,71.69016043583179,0.00009644497458821891,0.0,-0.005584074959231966,0.0,0.6504716027411573,0.3497725568750001,1.0002441596161575,0.0000627172884748791
2023-12-26,16:41:00.000000000,48.72,374.54,-0.027551194062089453,59.03902422401498,-1.9835759616296886,0,0.0,1.0,-0.06134889301957753,71.69761439155256,0.00010397459951912063,0.0,-0.0054881685406114045,0.0,0.6505392352655509,0.3497725568750001,1.0003117921405509,0.00006761601529300617
2023-12-26,16:42:00.000000000,48.72,374.55,,,,0,0.0,1.0,-0.06134889301957753,71.69822788048276,8.556615661556101e-6,0.0,-0.005384764571218392,0.0,0.6505448016797598,0.3497725568750001,1.00031735855476,5.564679185889001e-6
2023-12-26,16:43:00.000000000,48.72,374.49,,,,0,0.0,1.0,-0.06134889301957753,71.6945469469016,-0.00005133925467866956,0.0,-0.005376254030917793,0.0,0.6505114031945065,0.3497725568750001,1.0002839600695066,-0.00003338788932110939
2023-12-26,16:44:00.000000000,48.7,374.43,-0.02678042265058122,58.72739365305713,-1.9714902319730876,0,0.0,1.0,-0.06134889301957753,71.67086601332042,-0.00033030313447289365,0.0,-0.005427317272721499,0.0,0.650296537239021,0.3497725568750001,1.0000690941140211,-0.00021480495945426004
2023-12-26,16:45:00.000000000,48.71,374.48,,,,0,0.0,1.0,-0.06134889301957753,71.68393345797139,0.00018232575351528307,0.0,-0.005755827747287334,0.0,0.6504151030451815,0.3497725568750001,1.0001876599201815,0.0001185576145270949
2023-12-26,16:46:00.000000000,48.715,374.5352,,,,0,0.0,1.0,-0.06134889301957753,71.69231991686607,0.00011699216951583336,0.0,-0.005574551429403329,0.0,0.6504911965191726,0.3497725568750001,1.0002637533941727,0.0000760791969751471
2023-12-26,16:47:00.000000000,48.7,374.495,-0.026001517327294183,58.43743823148504,-1.9552877882513509,0,0.0,1.0,-0.06134889301957753,71.67485369136669,-0.00024362756735491308,0.0,-0.0054582114387531355,0.0,0.6503327189313789,0.3497725568750001,1.000105275806379,-0.00015843579981367797
2023-12-26,16:48:00.000000000,48.71,374.28,,,,0,0.0,1.0,-0.06134889301957753,71.67166367936747,-0.0000445067110001958,0.0,-0.005700509235333162,0.0,0.6503037747610034,0.3497725568750001,1.0000763316360035,-0.000028941123575455803
2023-12-26,16:49:00.000000000,48.705,374.33,,,,0,0.0,1.0,-0.06134889301957753,71.66973112401845,-0.000026964008504956127,0.0,-0.005744762235416312,0.0,0.65028623996449,0.3497725568750001,1.00005879683949,-0.000017533458155906185
2023-12-26,16:50:00.000000000,48.6625,374.37,-0.025238994051022968,58.11122220288147,-1.9463174102925103,0,0.0,1.0,-0.06134889301957753,71.62968507973923,-0.0005587581207738313,0.0,-0.0057715713421034875,0.0,0.6499228872470822,0.3497725568750001,0.9996954441220823,-0.0003633313546723854
2023-12-26,16:51:00.000000000,48.68,374.41,,,,0,0.0,1.0,-0.06134889301957753,71.64963903546003,0.00027857103795139027,0.0,-0.006327104550520435,0.0,0.650103936940371,0.3497725568750001,0.9998764938153711,0.00018110484983534068
2023-12-26,16:52:00.000000000,48.68,374.4062,,,,0,0.0,1.0,-0.06134889301957753,71.64940590966654,-3.2536911088997915e-6,0.0,-0.006050296060650884,0.0,0.6501018217029716,0.3497725568750001,0.9998743785779717,-2.1154986766283186e-6
2023-12-26,16:53:00.000000000,48.685,374.29,-0.024462936169506948,57.841232378884754,-1.9268183491630406,0,0.0,1.0,-0.06134889301957753,71.64727716829768,-0.00002971052365106612,0.0,-0.006053530065965207,0.0,0.6500825068374223,0.3497725568750001,0.9998550637124224,-0.00001931729221500919
2023-12-26,16:54:00.000000000,48.685,374.37,,,,0,0.0,1.0,-0.06134889301957753,71.65218507973924,0.00006850101825969976,0.0,-0.006083060736068013,0.0,0.6501270381510935,0.3497725568750001,0.9998995950260936,0.00004453776881008276
2023-12-26,16:55:00.000000000,48.67,374.1802,,,,0,0.0,1.0,-0.06134889301957753,71.62554105984412,-0.0003718521614583656,0.0,-0.006014976413662887,0.0,0.6498852870067344,0.3497725568750001,0.9996578438817345,-0.00024177541981381013
2023-12-26,16:56:00.000000000,48.66,374.22,-0.02369322464650384,57.526478527214664,-1.9162937418959312,0,0.0,1.0,-0.06134889301957753,71.61798274578629,-0.00010552540261464299,0.0,-0.006384591893140779,0.0,0.6498167076001697,0.3497725568750001,0.9995892644751698,-0.0000686028794596216
2023-12-26,16:57:00.000000000,48.64,374.12,,,,0,0.0,1.0,-0.06134889301957753,71.59184785648435,-0.00036492076849903657,0.0,-0.006489443559125396,0.0,0.6495795759878488,0.3497725568750001,0.9993521328628489,-0.00023722905071962554
2023-12-26,16:58:00.000000000,48.66,374.2547,,,,0,0.0,1.0,-0.06134889301957753,71.62011155237408,0.00039478930543031455,0.0,-0.006851996194893628,0.0,0.6498360230574748,0.3497725568750001,0.9996085799324749,0.0002566133209636277
2023-12-26,16:59:00.000000000,48.655,374.18,-0.02292023641790627,57.23129406285217,-1.9023736053485552,0,0.0,1.0,-0.06134889301957753,71.61052879006553,-0.00013379987968248824,0.0,-0.006459911984281863,0.0,0.6497490750757763,0.3497725568750001,0.9995216319507764,-0.00008698202820985953
2023-12-26,17:00:00.000000000,48.65,374.05,,,,0,0.0,1.0,-0.06134889301957753,71.59755343397298,-0.00018119341264176905,0.0,-0.0065928475285181865,0.0,0.6496313448235025,0.3497725568750001,0.9994039016985026,-0.00011778659761872308
2023-12-26,17:01:00.000000000,48.64,374.14,,,,0,0.0,1.0,-0.06134889301957753,71.59307483434473,-0.00006255241154815392,0.0,-0.006772846360617257,0.0,0.6495907088162665,0.3497725568750001,0.9993632656912665,-0.00004066024473885519
2023-12-26,17:02:00.000000000,48.63,374.14,-0.022151262708016504,56.9176734295773,-1.892132716815682,0,0.0,1.0,-0.06134889301957753,71.58307483434474,-0.00013967831418233332,0.0,-0.006834975114292541,0.0,0.6494999750811504,0.3497725568750001,0.9992725319561505,-0.00009079154520780985
2023-12-26,17:03:00.000000000,48.6216,374.1799,,,,0,0.0,1.0,-0.06134889301957753,71.57712265517623,-0.00008315064953959345,0.0,-0.00697369873067355,30.0,0.0,0.9988398277737642,0.9988398277737642,-0.00043301919000938413
2023-12-26,17:04:00.000000000,48.63,374.14,,,,0,0.0,1.0,-0.06134889301957753,71.58307483434474,0.00008315756414506624,1.0,-0.007056269512633939,29.0,0.0,0.9988398277737642,0.9988398277737642,0.0
2023-12-26,17:05:00.000000000,48.625,374.1,-0.02137816509899334,56.622571563533405,-1.878861122320038,0,0.0,1.0,-0.06134889301957753,71.57562087862395,-0.0001041301416297223,0.0,0.0,28.0,0.0,0.9988398277737642,0.9988398277737642,0.0
2023-12-26,17:06:00.000000000,48.6,374.105,,,,0,0.0,1.0,-0.06134889301957753,71.55092762308905,-0.00034499533824195903,0.0,0.0,27.0,0.0,0.9988398277737642,0.9988398277737642,0.0
2023-12-26,17:07:00.000000000,48.5901,374.0553,,,,0,0.0,1.0,-0.06134889301957753,71.53797858310598,-0.00018097654933674806,0.0,0.0,26.0,0.0,0.9988398277737642,0.9988398277737642,0.0
2023-12-26,17:08:00.000000000,48.6036,374.15,-0.02060646850207448,56.31351019005117,-1.868472502981152,0,0.0,1.0,-0.06134889301957753,71.55728832327493,0.0002699229213824894,0.0,0.0,25.0,0.0,0.9988398277737642,0.9988398277737642,0.0
2023-12-26,17:09:00.000000000,48.61,374.09,,,,0,0.0,1.0,-0.06134889301957753,71.56000738969375,0.00003799845525917284,0.0,0.0,24.0,0.0,0.9988398277737642,0.9988398277737642,0.0
2023-12-26,17:10:00.000000000,48.64,374.13,,,,0,0.0,1.0,-0.06134889301957753,71.59246134541453,0.00045352085479880624,0.0,0.0,23.0,0.0,0.9988398277737642,0.9988398277737642,0.0
2023-12-26,17:11:00.000000000,48.6579,374.19,-0.019806914650039822,56.0694493928984,-1.8474488668233238,0,0.0,1.0,-0.06134889301957753,71.61404227899571,0.0003014414251949617,0.0,0.0,22.0,0.0,0.9988398277737642,0.9988398277737642,0.0
2023-12-26,17:12:00.000000000,48.66,374.1303,,,,0,0.0,1.0,-0.06134889301957753,71.61247975008244,-0.000021818750395086506,0.0,0.0,21.0,0.0,0.9988398277737642,0.9988398277737642,0.0
2023-12-26,17:13:00.000000000,48.675,374.15,,,,0,0.0,1.0,-0.06134889301957753,71.62868832327493,0.0002263372703899069,0.0,0.0,20.0,0.0,0.9988398277737642,0.9988398277737642,0.0
2023-12-26,17:14:00.000000000,48.68,374.2,-0.018991940590332282,55.78678416890234,-1.8340846183753228,0,0.0,1.0,-0.06134889301957753,71.6367557679259,0.0001126286804885503,0.0,0.0,19.0,0.0,0.9988398277737642,0.9988398277737642,0.0
2023-12-26,17:15:00.000000000,48.68,374.13,,,,0,0.0,1.0,-0.06134889301957753,71.63246134541454,-0.000059947194220751014,0.0,0.0,18.0,0.0,0.9988398277737642,0.9988398277737642,0.0
2023-12-26,17:16:00.000000000,48.68,374.195,,,,0,0.0,1.0,-0.06134889301957753,71.63644902346081,0.000055668588952196416,0.0,0.0,17.0,0.0,0.9988398277737642,0.9988398277737642,0.0
2023-12-26,17:17:00.000000000,48.685,374.19,-0.018168728796966207,55.48355662853679,-1.824736534786678,0,0.0,1.0,-0.06134889301957753,71.64114227899572,0.00006551491034076857,0.0,0.0,16.0,0.0,0.9988398277737642,0.9988398277737642,0.0
2023-12-26,17:18:00.000000000,48.676,374.1,,,,0,0.0,1.0,-0.06134889301957753,71.62662087862395,-0.0002026963824112577,0.0,0.0,15.0,0.0,0.9988398277737642,0.9988398277737642,0.0
2023-12-26,17:19:00.000000000,48.6827,374.2071,,,,0,0.0,1.0,-0.06134889301957753,71.63989134506635,0.00018527282565626384,0.0,0.0,14.0,0.0,0.9988398277737642,0.9988398277737642,0.0
2023-12-26,17:20:00.000000000,48.67,374.175,-0.01734510798543362,55.160105780449626,-1.8190330016640908,0,0.0,1.0,-0.06134889301957753,71.62522204560042,-0.0002047644013761073,0.0,0.0,13.0,0.0,0.9988398277737642,0.9988398277737642,0.0
2023-12-26,17:21:00.000000000,48.685,374.18,,,,0,0.0,1.0,-0.06134889301957753,71.64052879006553,0.0002137060664937565,0.0,0.0,12.0,0.0,0.9988398277737642,0.9988398277737642,0.0
2023-12-26,17:22:00.000000000,48.69,374.155,,,,0,0.0,1.0,-0.06134889301957753,71.64399506774002,0.0000483843116882688,0.0,0.0,11.0,0.0,0.9988398277737642,0.9988398277737642,0.0
2023-12-26,17:23:00.000000000,48.67,374.09,-0.016516505844521932,54.84865967137721,-1.8115093046088657,0,0.0,1.0,-0.06134889301957753,71.62000738969375,-0.00033481770556747207,0.0,0.0,10.0,0.0,0.9988398277737642,0.9988398277737642,0.0
2023-12-26,17:24:00.000000000,48.67,374.125,,,,0,0.0,1.0,-0.06134889301957753,71.62215460094944,0.000029980606452691777,0.0,0.0,9.0,0.0,0.9988398277737642,0.9988398277737642,0.0
2023-12-26,17:25:00.000000000,48.67,374.145,,,,0,0.0,1.0,-0.06134889301957753,71.62338157880984,0.000017131261510271187,0.0,0.0,8.0,0.0,0.9988398277737642,0.9988398277737642,0.0
2023-12-26,17:26:00.000000000,48.68,374.15,-0.01567606225376888,54.545198692247624,-1.8030238126848301,0,0.0,1.0,-0.06134889301957753,71.63368832327492,0.0001439019526569322,0.0,0.0,7.0,0.0,0.9988398277737642,0.9988398277737642,0.0
2023-12-26,17:27:00.000000000,48.6692,374.1344,,,,0,0.0,1.0,-0.06134889301957753,71.62193128054383,-0.00016412728433070023,0.0,0.0,6.0,0.0,0.9988398277737642,0.9988398277737642,0.0
2023-12-26,17:28:00.000000000,48.6691,374.09,,,,0,0.0,1.0,-0.06134889301957753,71.61910738969375,-0.000039427739514867976,0.0,0.0,5.0,0.0,0.9988398277737642,0.9988398277737642,0.0
2023-12-26,17:29:00.000000000,48.665,374.03,-0.014836499464599275,54.21429589474407,-1.7992739230201302,0,0.0,1.0,-0.06134889301957753,71.61132645611258,-0.0001086432638546582,0.0,0.0,4.0,0.0,0.9988398277737642,0.9988398277737642,0.0
2023-12-26,17:30:00.000000000,48.7,374.0465,,,,0,0.0,1.0,-0.06134889301957753,71.64733871284741,0.0005028849278040656,0.0,0.0,3.0,0.0,0.9988398277737642,0.9988398277737642,0.0
2023-12-26,17:31:00.000000000,48.69,374.034,,,,0,0.0,1.0,-0.06134889301957753,71.63657185168466,-0.00015027580027643955,0.0,0.0,2.0,0.0,0.9988398277737642,0.9988398277737642,0.0
2023-12-26,17:32:00.000000000,48.7,374.11,-0.013975772331994974,53.92847618712264,-1.7886305473668207,0,0.0,1.0,-0.06134889301957753,71.65123436755415,0.00020467919514414957,0.0,0.0,1.0,0.0,0.9988398277737642,0.9988398277737642,0.0
2023-12-26,17:33:00.000000000,48.705,374.05,,,,0,0.0,1.0,-0.06134889301957753,71.65255343397297,0.00001840954214479191,0.0,0.0,0.0,0.0,0.9988398277737642,0.9988398277737642,0.0
2023-12-26,17:34:00.000000000,48.72,374.0701,,,,0,0.0,1.0,-0.06134889301957753,71.66878654672267,0.00022655316484514765,0.0,0.0,0.0,0.0,0.9988398277737642,0.9988398277737642,0.0
2023-12-26,17:35:00.000000000,48.7139,373.98,-0.013107268741382995,53.61575636390241,-1.7828731578310164,0,0.0,1.0,-0.06134889301957753,71.6571590114616,-0.00016223987905096852,0.0,0.0,0.0,0.0,0.9988398277737642,0.9988398277737642,0.0
2023-12-26,17:36:00.000000000,48.715,374.09,,,,0,0.0,1.0,-0.06134889301957753,71.66500738969376,0.0001095267847682709,0.0,0.0,0.0,0.0,0.9988398277737642,0.9988398277737642,0.0
2023-12-26,17:37:00.000000000,48.73,374.0825,,,,0,0.0,1.0,-0.06134889301957753,71.6795472729961,0.00020288678996827663,0.0,0.0,0.0,0.0,0.9988398277737642,0.9988398277737642,0.0
2023-12-26,17:38:00.000000000,48.725,373.98,-0.012228010920971302,53.29803152422485,-1.7782892227464706,0,0.0,1.0,-0.06134889301957753,71.6682590114616,-0.0001574823218610861,0.0,0.0,0.0,0.0,0.9988398277737642,0.9988398277737642,0.0
2023-12-26,17:39:00.000000000,48.715,373.98,,,,0,0.0,1.0,-0.06134889301957753,71.65825901146161,-0.0001395317834969543,0.0,0.0,0.0,0.0,0.9988398277737642,0.9988398277737642,0.0
2023-12-26,17:40:00.000000000,48.72,373.99,,,,0,0.0,1.0,-0.06134889301957753,71.6638725003918,0.0000783369427004437,0.0,0.0,0.0,0.0,0.9988398277737642,0.9988398277737642,0.0
2023-12-26,17:41:00.000000000,48.73,374.02,-0.01133832922517521,52.97076189680003,-1.775566003189843,0,0.0,1.0,-0.06134889301957753,71.67571296718239,0.00016522225742856802,0.0,0.0,0.0,0.0,0.9988398277737642,0.9988398277737642,0.0
2023-12-26,17:42:00.000000000,48.73,374.0,,,,0,0.0,1.0,-0.06134889301957753,71.674485989322,-0.000017118460488278986,0.0,0.0,0.0,0.0,0.9988398277737642,0.9988398277737642,0.0
2023-12-26,17:43:00.000000000,48.725,374.0,,,,0,0.0,1.0,-0.06134889301957753,71.669485989322,-0.00006975983058658208,0.0,0.0,0.0,0.0,0.9988398277737642,0.9988398277737642,0.0
2023-12-26,17:44:00.000000000,48.735,373.971,-0.010441552896752256,52.63983797835134,-1.7737493842822725,0,0.0,1.0,-0.06134889301957753,71.67770687142442,0.00011470547038171624,0.0,0.0,0.0,0.0,0.9988398277737642,0.9988398277737642,0.0
2023-12-26,17:45:00.000000000,48.72,374.025,,,,0,0.0,1.0,-0.06134889301957753,71.66601971164748,-0.00016305153006505624,0.0,0.0,0.0,0.0,0.9988398277737642,0.9988398277737642,0.0
2023-12-26,17:46:00.000000000,48.695,374.03,,,,0,0.0,1.0,-0.06134889301957753,71.64132645611258,-0.00034456016441618894,0.0,0.0,0.0,0.0,0.9988398277737642,0.9988398277737642,0.0
2023-12-26,17:47:00.000000000,48.715,374.07,-0.009540292537871453,52.28373722964158,-1.7760767357468072,0,0.0,1.0,-0.06134889301957753,71.66378041183337,0.0003134218311067589,0.0,0.0,0.0,0.0,0.9988398277737642,0.9988398277737642,0.0
2023-12-26,17:48:00.000000000,48.715,374.09,,,,0,0.0,1.0,-0.06134889301957753,71.66500738969376,0.00001712131083976591,0.0,0.0,0.0,0.0,0.9988398277737642,0.9988398277737642,0.0
2023-12-26,17:49:00.000000000,48.725,374.14,,,,0,0.0,1.0,-0.06134889301957753,71.67807483434474,0.00018234065866942192,0.0,0.0,0.0,0.0,0.9988398277737642,0.9988398277737642,0.0
2023-12-26,17:50:00.000000000,48.73,374.0498,-0.008627025864860955,51.956937299346066,-1.7741875258274171,0,0.0,1.0,-0.06134889301957753,71.67754116419437,-7.445375055181837e-6,0.0,0.0,0.0,0.0,0.9988398277737642,0.9988398277737642,0.0
2023-12-26,17:51:00.000000000,48.72,374.08,,,,0,0.0,1.0,-0.06134889301957753,71.66939390076357,-0.00011366549826446658,0.0,0.0,0.0,0.0,0.9988398277737642,0.9988398277737642,0.0
2023-12-26,17:52:00.000000000,48.73,374.14,,,,0,0.0,1.0,-0.06134889301957753,71.68307483434474,0.00019088948345389524,0.0,0.0,0.0,0.0,0.9988398277737642,0.9988398277737642,0.0
2023-12-26,17:53:00.000000000,48.75,374.09,-0.007697516459670526,51.62956393239815,-1.7728404489076413,0,0.0,1.0,-0.06134889301957753,71.70000738969375,0.00023621413266863207,0.0,0.0,0.0,0.0,0.9988398277737642,0.9988398277737642,0.0
2023-12-26,17:54:00.000000000,48.7452,374.05,,,,0,0.0,1.0,-0.06134889301957753,71.69275343397297,-0.0001011709201277904,0.0,0.0,0.0,0.0,0.9988398277737642,0.9988398277737642,0.0
2023-12-26,17:55:00.000000000,48.745,374.025,,,,0,0.0,1.0,-0.06134889301957753,71.69101971164748,-0.000024182671782573603,0.0,0.0,0.0,0.0,0.9988398277737642,0.9988398277737642,0.0
2023-12-26,17:56:00.000000000,48.75,374.05,-0.006762048603886705,51.27934428028382,-1.7754189183286864,0,0.0,1.0,-0.06134889301957753,71.69755343397297,0.00009113724915289843,0.0,0.0,0.0,0.0,0.9988398277737642,0.9988398277737642,0.0
2023-12-26,17:57:00.000000000,48.77,374.025,,,,0,0.0,1.0,-0.06134889301957753,71.71601971164749,0.00025755798894205927,0.0,0.0,0.0,0.0,0.9988398277737642,0.9988398277737642,0.0
2023-12-26,17:58:00.000000000,48.765,373.92,,,,0,0.0,1.0,-0.06134889301957753,71.70457807788043,-0.0001595408363858913,0.0,0.0,0.0,0.0,0.9988398277737642,0.9988398277737642,0.0
2023-12-26,17:59:00.000000000,48.76,373.955,-0.005819844906698651,50.93636010208449,-1.777491127437678,0,0.0,1.0,-0.06134889301957753,71.7017252891361,-0.00003978530828564225,0.0,0.0,0.0,0.0,0.9988398277737642,0.9988398277737642,0.0
2023-12-26,18:00:00.000000000,48.76,374.04,,,,0,0.0,1.0,-0.06134889301957753,71.70693994504278,0.00007272706320024934,0.0,0.0,0.0,0.0,0.9988398277737642,0.9988398277737642,0.0
2023-12-26,18:01:00.000000000,48.77,373.98,,,,0,0.0,1.0,-0.06134889301957753,71.71325901146162,0.0000881234985579185,0.0,0.0,0.0,0.0,0.9988398277737642,0.9988398277737642,0.0
2023-12-26,18:02:00.000000000,48.78,373.94,-0.0048643808248251185,50.59898656563511,-1.778592237860723,0,0.0,1.0,-0.06134889301957753,71.72080505574083,0.00010522523147362734,0.0,0.0,0.0,0.0,0.9988398277737642,0.9988398277737642,0.0
2023-12-26,18:03:00.000000000,48.785,373.8814,,,,0,0.0,1.0,-0.06134889301957753,71.72221001060987,0.000019589223349531674,0.0,0.0,0.0,0.0,0.9988398277737642,0.9988398277737642,0.0
2023-12-26,18:04:00.000000000,48.785,373.81,,,,0,0.0,1.0,-0.06134889301957753,71.71782969964828,-0.00006107328484364406,0.0,0.0,0.0,0.0,0.9988398277737642,0.9988398277737642,0.0
2023-12-26,18:05:00.000000000,48.8,373.8317,-0.003901454577305049,50.25848739710673,-1.7800717138566826,0,0.0,1.0,-0.06134889301957753,71.7341609706268,0.00022771563287568404,0.0,0.0,0.0,0.0,0.9988398277737642,0.9988398277737642,0.0
2023-12-26,18:06:00.000000000,48.805,373.77,,,,0,0.0,1.0,-0.06134889301957753,71.73537574392749,0.000016934376651953002,0.0,0.0,0.0,0.0,0.9988398277737642,0.9988398277737642,0.0
2023-12-26,18:07:00.000000000,48.8,373.8,,,,0,0.0,1.0,-0.06134889301957753,71.73221621071808,-0.00004404428326536251,0.0,0.0,0.0,0.0,0.9988398277737642,0.9988398277737642,0.0
2023-12-26,18:08:00.000000000,48.795,373.85,-0.002930555228617665,49.89058807221872,-1.785438631809561,0,0.0,1.0,-0.06134889301957753,71.73028365536906,-0.000026941246919484708,0.0,0.0,0.0,0.0,0.9988398277737642,0.9988398277737642,0.0
2023-12-26,18:09:00.000000000,48.79,373.865,,,,0,0.0,1.0,-0.06134889301957753,71.72620388876436,-0.00005687648782075786,0.0,0.0,0.0,0.0,0.9988398277737642,0.9988398277737642,0.0
2023-12-26,18:10:00.000000000,48.79,373.8887,,,,0,0.0,1.0,-0.06134889301957753,71.72765785752891,0.00002027109599729854,0.0,0.0,0.0,0.0,0.9988398277737642,0.9988398277737642,0.0
2023-12-26,18:11:00.000000000,48.815,373.901,-0.0019426872170925501,49.54137269315812,-1.787790334901782,0,0.0,1.0,-0.06134889301957753,71.75341244891305,0.0003590608163352885,0.0,0.0,0.0,0.0,0.9988398277737642,0.9988398277737642,0.0
2023-12-26,18:12:00.000000000,48.845,374.045,,,,0,0.0,1.0,-0.06134889301957753,71.79224668950788,0.0005412180308842152,0.0,0.0,0.0,0.0,0.9988398277737642,0.9988398277737642,0.0
2023-12-26,18:13:00.000000000,48.84,373.92,,,,0,0.0,1.0,-0.06134889301957753,71.77957807788043,-0.00017646211410874397,0.0,0.0,0.0,0.0,0.9988398277737642,0.9988398277737642,0.0
2023-12-26,18:14:00.000000000,48.8376,373.965,-0.0009353155159887817,49.18737526693675,-1.7907126250238554,0,0.0,1.0,-0.06134889301957753,71.77993877806631,5.0251087501277725e-6,0.0,0.0,0.0,0.0,0.9988398277737642,0.9988398277737642,0.0
2023-12-26,18:15:00.000000000,48.825,373.83,,,,0,0.0,1.0,-0.06134889301957753,71.75905667750867,-0.00029091833892763664,0.0,0.0,0.0,0.0,0.9988398277737642,0.9988398277737642,0.0
2023-12-26,18:16:00.000000000,48.825,373.915,,,,0,0.0,1.0,-0.06134889301957753,71.76427133341534,0.00007266895842994464,0.0,0.0,0.0,0.0,0.9988398277737642,0.9988398277737642,0.0
2023-12-26,18:17:00.000000000,48.805,373.88,0.00006530821379187347,48.780582565027494,-1.8010613617880338,0,0.0,1.0,-0.06134889301957753,71.74212412215965,-0.00030861055012723274,0.0,0.0,0.0,0.0,0.9988398277737642,0.9988398277737642,0.0
2023-12-26,18:18:00.000000000,48.815,373.9192,,,,0,0.0,1.0,-0.06134889301957753,71.754528998766,0.0001729092462502403,0.0,0.0,0.0,0.0,0.9988398277737642,0.9988398277737642,0.0
2023-12-26,18:19:00.000000000,48.81,373.88,,,,0,0.0,1.0,-0.06134889301957753,71.74712412215965,-0.00010319734112512539,0.0,0.0,0.0,0.0,0.9988398277737642,0.9988398277737642,0.0
2023-12-26,18:20:00.000000000,48.825,373.86,0.001078661604137755,48.42173157267706,-1.803967268509346,0,0.0,1.0,-0.06134889301957753,71.76089714429926,0.00019196619109312758,0.0,0.0,0.0,0.0,0.9988398277737642,0.9988398277737642,0.0
2023-12-26,18:21:00.000000000,48.8381,373.92,,,,0,0.0,1.0,-0.06134889301957753,71.77767807788042,0.00023384509181115804,0.0,0.0,0.0,0.0,0.9988398277737642,0.9988398277737642,0.0
2023-12-26,18:22:00.000000000,48.85,374.01,,,,0,0.0,1.0,-0.06134889301957753,71.7950994782522,0.00024271334540622817,0.0,0.0,0.0,0.0,0.9988398277737642,0.9988398277737642,0.0
2023-12-26,18:23:00.000000000,48.85,373.94,0.002113654032481956,48.0596202110937,-1.808583872510568,0,0.0,1.0,-0.06134889301957753,71.79080505574082,-0.00005981498100269942,0.0,0.0,0.0,0.0,0.9988398277737642,0.9988398277737642,0.0
2023-12-26,18:24:00.000000000,48.86,374.0855,,,,0,0.0,1.0,-0.06134889301957753,71.80973131967517,0.00026363075215066645,0.0,0.0,0.0,0.0,0.9988398277737642,0.9988398277737642,0.0
2023-12-26,18:25:00.000000000,48.865,373.97,,,,0,0.0,1.0,-0.06134889301957753,71.80764552253142,-0.00002904616276120028,0.0,0.0,0.0,0.0,0.9988398277737642,0.9988398277737642,0.0
2023-12-26,18:26:00.000000000,48.85,374.0,0.003162144610127778,47.66735791581221,-1.8163040772065322,0,0.0,1.0,-0.06134889301957753,71.794485989322,-0.00018326089253669717,0.0,0.0,0.0,0.0,0.9988398277737642,0.9988398277737642,0.0
2023-12-26,18:27:00.000000000,48.8693,373.95,,,,0,0.0,1.0,-0.06134889301957753,71.81071854467102,0.0002260975216318819,0.0,0.0,0.0,0.0,0.9988398277737642,0.9988398277737642,0.0
2023-12-26,18:28:00.000000000,48.865,373.96,,,,0,0.0,1.0,-0.06134889301957753,71.80703203360122,-0.00005133650163253016,0.0,0.0,0.0,0.0,0.9988398277737642,0.9988398277737642,0.0
2023-12-26,18:29:00.000000000,48.885,373.965,0.004227430700252056,47.30408887818024,-1.8193513493860456,0,0.0,1.0,-0.06134889301957753,71.8273387780663,0.0002827960422537184,0.0,0.0,0.0,0.0,0.9988398277737642,0.9988398277737642,0.0
2023-12-26,18:30:00.000000000,48.895,374.045,,,,0,0.0,1.0,-0.06134889301957753,71.84224668950787,0.00020755205044741025,0.0,0.0,0.0,0.0,0.9988398277737642,0.9988398277737642,0.0
2023-12-26,18:31:00.000000000,48.89,374.02,,,,0,0.0,1.0,-0.06134889301957753,71.83571296718239,-0.00009094540645038011,0.0,0.0,0.0,0.0,0.9988398277737642,0.9988398277737642,0.0
2023-12-26,18:32:00.000000000,48.895,374.05,0.005312744332343174,46.90776798248704,-1.8262535362101744,0,0.0,1.0,-0.06134889301957753,71.84255343397298,0.00009522376138616979,0.0,0.0,0.0,0.0,0.9988398277737642,0.9988398277737642,0.0
2023-12-26,18:33:00.000000000,48.895,374.05,,,,0,0.0,1.0,-0.06134889301957753,71.84255343397298,0.0,0.0,0.0,0.0,0.0,0.9988398277737642,0.9988398277737642,0.0
2023-12-26,18:34:00.000000000,48.885,373.97,,,,0,0.0,1.0,-0.06134889301957753,71.82764552253141,-0.00020750809553657617,0.0,0.0,0.0,0.0,0.9988398277737642,0.9988398277737642,0.0
2023-12-26,18:35:00.000000000,48.88,373.959,0.00639417087552228,46.48884225356056,-1.835679841892154,0,0.0,1.0,-0.06134889301957753,71.82197068470819,-0.00007900631827673232,0.0,0.0,0.0,0.0,0.9988398277737642,0.9988398277737642,0.0
2023-12-26,18:36:00.000000000,48.875,373.931,,,,0,0.0,1.0,-0.06134889301957753,71.81525291570364,-0.00009353362126532213,0.0,0.0,0.0,0.0,0.9988398277737642,0.9988398277737642,0.0
2023-12-26,18:37:00.000000000,48.875,373.92,,,,0,0.0,1.0,-0.06134889301957753,71.81457807788043,-9.396859243869562e-6,0.0,0.0,0.0,0.0,0.9988398277737642,0.9988398277737642,0.0
2023-12-26,18:38:00.000000000,48.86,373.96,0.007479012583444523,46.06314845429509,-1.845077081861169,0,0.0,1.0,-0.06134889301957753,71.80203203360121,-0.00017470052202511242,0.0,0.0,0.0,0.0,0.9988398277737642,0.9988398277737642,0.0
2023-12-26,18:39:00.000000000,48.87,373.9,,,,0,0.0,1.0,-0.06134889301957753,71.80835110002003,0.0000880067908923299,0.0,0.0,0.0,0.0,0.9988398277737642,0.9988398277737642,0.0
2023-12-26,18:40:00.000000000,48.87,373.87,,,,0,0.0,1.0,-0.06134889301957753,71.80651063322945,-0.000025630261137999896,0.0,0.0,0.0,0.0,0.9988398277737642,0.9988398277737642,0.0
2023-12-26,18:41:00.000000000,48.855,373.86,0.00856387622249209,45.653309235459105,-1.851218307483717,0,0.0,1.0,-0.06134889301957753,71.79089714429925,-0.00021743834636318033,0.0,0.0,0.0,0.0,0.9988398277737642,0.9988398277737642,0.0
2023-12-26,18:42:00.000000000,48.85,373.81,,,,0,0.0,1.0,-0.06134889301957753,71.78282969964827,-0.00011237420023823595,0.0,0.0,0.0,0.0,0.9988398277737642,0.9988398277737642,0.0
2023-12-26,18:43:00.000000000,48.85,373.7967,,,,0,0.0,1.0,-0.06134889301957753,71.78201375937111,-0.000011366788974159316,0.0,0.0,0.0,0.0,0.9988398277737642,0.9988398277737642,0.0
2023-12-26,18:44:00.000000000,48.8401,373.7916,0.009649370491495574,45.23324636499108,-1.857796178089836,0,0.0,1.0,-0.06134889301957753,71.77180088001671,-0.00014227630042024295,0.0,0.0,0.0,0.0,0.9988398277737642,0.9988398277737642,0.0
2023-12-26,18:45:00.000000000,48.845,373.82,,,,0,0.0,1.0,-0.06134889301957753,71.77844318857848,0.00009254760895396643,0.0,0.0,0.0,0.0,0.9988398277737642,0.9988398277737642,0.0
2023-12-26,18:46:00.000000000,48.86,373.87,,,,0,0.0,1.0,-0.06134889301957753,71.79651063322945,0.0002517112916965844,0.0,0.0,0.0,0.0,0.9988398277737642,0.9988398277737642,0.0
2023-12-26,18:47:00.000000000,48.87,373.86,0.010757520204675837,44.84819349627989,-1.8586408865626367,0,0.0,1.0,-0.06134889301957753,71.80589714429925,0.00013073770559347776,0.0,0.0,0.0,0.0,0.9988398277737642,0.9988398277737642,0.0
2023-12-26,18:48:00.000000000,48.865,373.88,,,,0,0.0,1.0,-0.06134889301957753,71.80212412215965,-0.000052544739215713,0.0,0.0,0.0,0.0,0.9988398277737642,0.9988398277737642,0.0
2023-12-26,18:49:00.000000000,48.86,373.92,,,,0,0.0,1.0,-0.06134889301957753,71.79957807788043,-0.00003545917771034626,0.0,0.0,0.0,0.0,0.9988398277737642,0.9988398277737642,0.0
2023-12-26,18:50:00.000000000,48.8458,373.88,0.011870794293051188,44.40754742971402,-1.8665529539557673,0,0.0,1.0,-0.06134889301957753,71.78292412215964,-0.00023195060704562476,0.0,0.0,0.0,0.0,0.9988398277737642,0.9988398277737642,0.0
2023-12-26,18:51:00.000000000,48.85,373.7795,,,,0,0.0,1.0,-0.06134889301957753,71.78095855841119,-0.0000273820518249041,0.0,0.0,0.0,0.0,0.9988398277737642,0.9988398277737642,0.0
2023-12-26,18:52:00.000000000,48.83,373.79,,,,0,0.0,1.0,-0.06134889301957753,71.76160272178788,-0.00026965140912062647,0.0,0.0,0.0,0.0,0.9988398277737642,0.9988398277737642,0.0
2023-12-26,18:53:00.000000000,48.815,373.82,0.01298202236218706,43.96206040056723,-1.8741195990978003,0,0.0,1.0,-0.06134889301957753,71.74844318857848,-0.00018337847414614993,0.0,0.0,0.0,0.0,0.9988398277737642,0.9988398277737642,0.0
2023-12-26,18:54:00.000000000,48.825,373.7,,,,0,0.0,1.0,-0.06134889301957753,71.75108132141612,0.000036769199726216116,0.0,0.0,0.0,0.0,0.9988398277737642,0.9988398277737642,0.0
2023-12-26,18:55:00.000000000,48.845,373.7656,,,,0,0.0,1.0,-0.06134889301957753,71.7751058087982,0.0003348310149425962,0.0,0.0,0.0,0.0,0.9988398277737642,0.9988398277737642,0.0
2023-12-26,18:56:00.000000000,48.845,373.735,0.014104256435737893,43.5737457209895,-1.8730191584547222,0,0.0,1.0,-0.06134889301957753,71.77322853267181,-0.000026154975394868672,0.0,0.0,0.0,0.0,0.9988398277737642,0.9988398277737642,0.0
2023-12-26,18:57:00.000000000,48.85,373.6,,,,0,0.0,1.0,-0.06134889301957753,71.76994643211417,-0.00004572875743142649,0.0,0.0,0.0,0.0,0.9988398277737642,0.9988398277737642,0.0
2023-12-26,18:58:00.000000000,48.845,373.64,,,,0,0.0,1.0,-0.06134889301957753,71.76740038783495,-0.00003547507565192407,0.0,0.0,0.0,0.0,0.9988398277737642,0.9988398277737642,0.0
2023-12-26,18:59:00.000000000,48.84,373.59,0.015224691972920182,43.152207325836756,-1.8758328426586628,0,0.0,1.0,-0.06134889301957753,71.75933294318398,-0.00011241099172297135,0.0,0.0,0.0,0.0,0.9988398277737642,0.9988398277737642,0.0
2023-12-26,19:00:00.000000000,48.865,373.665,,,,0,0.0,1.0,-0.06134889301957753,71.78893411016044,0.00041250616139226634,0.0,0.0,0.0,0.0,0.9988398277737642,0.9988398277737642,0.0
2023-12-26,19:01:00.000000000,48.865,373.6999,,,,0,0.0,1.0,-0.06134889301957753,71.79107518652683,0.00002982460170114342,0.0,0.0,0.0,0.0,0.9988398277737642,0.9988398277737642,0.0
2023-12-26,19:02:00.000000000,48.88,373.73,0.01637464593615664,42.76030357428018,-1.8739757760258133,0,0.0,1.0,-0.06134889301957753,71.80792178820671,0.0002346615040395581,0.0,0.0,0.0,0.0,0.9988398277737642,0.9988398277737642,0.0
2023-12-26,19:03:00.000000000,48.8632,373.83,,,,0,0.0,1.0,-0.06134889301957753,71.79725667750867,-0.00014852275950135886,0.0,0.0,0.0,0.0,0.9988398277737642,0.9988398277737642,0.0
2023-12-26,19:04:00.000000000,48.865,373.7847,,,,0,0.0,1.0,-0.06134889301957753,71.79627757265489,-0.000013637078895386441,0.0,0.0,0.0,0.0,0.9988398277737642,0.9988398277737642,0.0
2023-12-26,19:05:00.000000000,48.865,373.82,0.017539716185970815,42.30830329536039,-1.8797149472777928,0,0.0,1.0,-0.06134889301957753,71.79844318857847,0.000030163345465869367,0.0,0.0,0.0,0.0,0.9988398277737642,0.9988398277737642,0.0
2023-12-26,19:06:00.000000000,48.87,373.79,,,,0,0.0,1.0,-0.06134889301957753,71.80160272178789,0.00004400559495578823,0.0,0.0,0.0,0.0,0.9988398277737642,0.9988398277737642,0.0
2023-12-26,19:07:00.000000000,48.87,373.72,,,,0,0.0,1.0,-0.06134889301957753,71.79730829927651,-0.00005980956341626963,0.0,0.0,0.0,0.0,0.9988398277737642,0.9988398277737642,0.0
2023-12-26,19:08:00.000000000,48.88,373.76,0.01871377512171518,41.88553941050774,-1.8806943709526944,0,0.0,1.0,-0.06134889301957753,71.8097622549973,0.00017345992511131892,0.0,0.0,0.0,0.0,0.9988398277737642,0.9988398277737642,0.0
2023-12-26,19:09:00.000000000,48.89,373.7926,,,,0,0.0,1.0,-0.06134889301957753,71.82176222890973,0.00016710783514121765,0.0,0.0,0.0,0.0,0.9988398277737642,0.9988398277737642,0.0
2023-12-26,19:10:00.000000000,48.893,373.89,,,,0,0.0,1.0,-0.06134889301957753,71.83073761108984,0.0001249674458210146,0.0,0.0,0.0,0.0,0.9988398277737642,0.9988398277737642,0.0
2023-12-26,19:11:00.000000000,48.885,373.9,0.019912694415864494,41.43964355790826,-1.8839107527486518,0,0.0,1.0,-0.06134889301957753,71.82335110002003,-0.0001028321762447058,0.0,0.0,0.0,0.0,0.9988398277737642,0.9988398277737642,0.0
2023-12-26,19:12:00.000000000,48.885,373.88,,,,0,0.0,1.0,-0.06134889301957753,71.82212412215964,-0.00001708327224511243,0.0,0.0,0.0,0.0,0.9988398277737642,0.9988398277737642,0.0
2023-12-26,19:13:00.000000000,48.885,373.83,,,,0,0.0,1.0,-0.06134889301957753,71.81905667750867,-0.00004270891022032594,0.0,0.0,0.0,0.0,0.9988398277737642,0.9988398277737642,0.0
2023-12-26,19:14:00.000000000,48.885,373.82,0.02111541372424,40.9916360416046,-1.8866971688473448,0,0.0,1.0,-0.06134889301957753,71.81844318857847,-8.54214686992809e-6,0.0,0.0,0.0,0.0,0.9988398277737642,0.9988398277737642,0.0
2023-12-26,19:15:00.000000000,48.8888,373.82,,,,0,0.0,1.0,-0.06134889301957753,71.82224318857848,0.000052911199843674516,0.0,0.0,0.0,0.0,0.9988398277737642,0.9988398277737642,0.0
2023-12-26,19:16:00.000000000,48.885,374.0374,,,,0,0.0,1.0,-0.06134889301957753,71.83178043792093,0.000132789633392572,0.0,0.0,0.0,0.0,0.9988398277737642,0.9988398277737642,0.0
2023-12-26,19:17:00.000000000,48.905,374.005,0.022352333762318426,40.5451154112241,-1.8884465792295422,0,0.0,1.0,-0.06134889301957753,71.8497927337871,0.0002507566394200405,0.0,0.0,0.0,0.0,0.9988398277737642,0.9988398277737642,0.0
2023-12-26,19:18:00.000000000,48.895,374.08,,,,0,0.0,1.0,-0.06134889301957753,71.84439390076356,-0.00007514055111526279,0.0,0.0,0.0,0.0,0.9988398277737642,0.9988398277737642,0.0
2023-12-26,19:19:00.000000000,48.88,374.17,,,,0,0.0,1.0,-0.06134889301957753,71.83491530113533,-0.00013193234869975751,0.0,0.0,0.0,0.0,0.9988398277737642,0.9988398277737642,0.0
2023-12-26,19:20:00.000000000,48.89,374.16,0.02360987758507189,40.0561282027695,-1.8949843468407277,0,0.0,1.0,-0.06134889301957753,71.84430181220513,0.00013066781008173328,0.0,0.0,0.0,0.0,0.9988398277737642,0.9988398277737642,0.0
2023-12-26,19:21:00.000000000,48.8925,374.22,,,,0,0.0,1.0,-0.06134889301957753,71.85048274578631,0.00008603234251386785,0.0,0.0,0.0,0.0,0.9988398277737642,0.9988398277737642,0.0
2023-12-26,19:22:00.000000000,48.917,374.29,,,,0,0.0,1.0,-0.06134889301957753,71.87927716829768,0.0004007547536353375,0.0,0.0,0.0,0.0,0.9988398277737642,0.9988398277737642,0.0
2023-12-26,19:23:00.000000000,48.93,374.255,0.02490340161694664,39.609777427849636,-1.8949809655148995,0,0.0,1.0,-0.06134889301957753,71.89012995704199,0.0001509863367004275,0.0,0.0,0.0,0.0,0.9988398277737642,0.9988398277737642,0.0
2023-12-26,19:24:00.000000000,48.925,374.24,,,,0,0.0,1.0,-0.06134889301957753,71.88420972364669,-0.00008235112940870536,0.0,0.0,0.0,0.0,0.9988398277737642,0.9988398277737642,0.0
2023-12-26,19:25:00.000000000,48.94,374.2701,,,,0,0.0,1.0,-0.06134889301957753,71.90105632532658,0.00023435747217160553,0.0,0.0,0.0,0.0,0.9988398277737642,0.9988398277737642,0.0
2023-12-26,19:26:00.000000000,48.955,374.27,0.02622033594917892,39.1415148643008,-1.8973597815943888,0,0.0,1.0,-0.06134889301957753,71.91605019043728,0.00020853469861213954,0.0,0.0,0.0,0.0,0.9988398277737642,0.9988398277737642,0.0
2023-12-26,19:27:00.000000000,48.945,374.15,,,,0,0.0,1.0,-0.06134889301957753,71.89868832327494,-0.00024141853058337896,0.0,0.0,0.0,0.0,0.9988398277737642,0.9988398277737642,0.0
2023-12-26,19:28:00.000000000,48.945,374.25,,,,0,0.0,1.0,-0.06134889301957753,71.90482321257689,0.00008532685984983508,0.0,0.0,0.0,0.0,0.9988398277737642,0.9988398277737642,0.0
2023-12-26,19:29:00.000000000,48.96,374.225,0.027546070112671593,38.65157191208547,-1.901681675421323,0,0.0,1.0,-0.06134889301957753,71.9182894902514,0.00018727919870825666,0.0,0.0,0.0,0.0,0.9988398277737642,0.9988398277737642,0.0
2023-12-26,19:30:00.000000000,48.9525,374.195,,,,0,0.0,1.0,-0.06134889301957753,71.90894902346082,-0.00012987609767668327,0.0,0.0,0.0,0.0,0.9988398277737642,0.9988398277737642,0.0
2023-12-26,19:31:00.000000000,48.9694,374.19,,,,0,0.0,1.0,-0.06134889301957753,71.92554227899572,0.00023075369283295376,0.0,0.0,0.0,0.0,0.9988398277737642,0.9988398277737642,0.0
2023-12-26,19:32:00.000000000,48.98,374.24,0.028893463906927798,38.166910067471335,-1.9046726909963683,0,0.0,1.0,-0.06134889301957753,71.93920972364668,0.00019002212868896663,0.0,0.0,0.0,0.0,0.9988398277737642,0.9988398277737642,0.0
2023-12-26,19:33:00.000000000,48.99,374.2706,,,,0,0.0,1.0,-0.06134889301957753,71.9510869997731,0.00016510156522484614,0.0,0.0,0.0,0.0,0.9988398277737642,0.9988398277737642,0.0
2023-12-26,19:34:00.000000000,48.99,374.26,,,,0,0.0,1.0,-0.06134889301957753,71.95043670150709,-9.038060342459267e-6,0.0,0.0,0.0,0.0,0.9988398277737642,0.9988398277737642,0.0
2023-12-26,19:35:00.000000000,48.9917,374.2548,0.03025953166124227,37.66692503002811,-1.9087383424011701,0,0.0,1.0,-0.06134889301957753,71.95181768726339,0.00001919357017981856,0.0,0.0,0.0,0.0,0.9988398277737642,0.9988398277737642,0.0
2023-12-26,19:36:00.000000000,48.99,374.23,,,,0,0.0,1.0,-0.06134889301957753,71.9485962347165,-0.000044772358092239174,0.0,0.0,0.0,0.0,0.9988398277737642,0.9988398277737642,0.0
2023-12-26,19:37:00.000000000,49.0,374.27,,,,0,0.0,1.0,-0.06134889301957753,71.96105019043728,0.00017309518701580045,0.0,0.0,0.0,0.0,0.9988398277737642,0.9988398277737642,0.0
2023-12-26,19:38:00.000000000,48.99,374.26,0.031637921530109685,37.149191488141156,-1.914092358578537,0,0.0,1.0,-0.06134889301957753,71.95043670150709,-0.00014748935572927858,0.0,0.0,0.0,0.0,0.9988398277737642,0.9988398277737642,0.0
2023-12-26,19:39:00.000000000,48.995,374.285,,,,0,0.0,1.0,-0.06134889301957753,71.95697042383257,0.00009080865419332351,0.0,0.0,0.0,0.0,0.9988398277737642,0.9988398277737642,0.0
2023-12-26,19:40:00.000000000,48.99,374.315,,,,0,0.0,1.0,-0.06134889301957753,71.95381089062316,-0.000043908646942788756,0.0,0.0,0.0,0.0,0.9988398277737642,0.9988398277737642,0.0
2023-12-26,19:41:00.000000000,48.9845,374.23,0.033023038096050866,36.626288453314885,-1.9190446523185467,0,0.0,1.0,-0.06134889301957753,71.94309623471649,-0.00014891019355396038,0.0,0.0,0.0,0.0,0.9988398277737642,0.9988398277737642,0.0
2023-12-26,19:42:00.000000000,48.9806,374.16,,,,0,0.0,1.0,-0.06134889301957753,71.93490181220514,-0.00011390144350497747,0.0,0.0,0.0,0.0,0.9988398277737642,0.9988398277737642,0.0
2023-12-26,19:43:00.000000000,48.985,374.18,,,,0,0.0,1.0,-0.06134889301957753,71.94052879006551,0.00007822319511971235,0.0,0.0,0.0,0.0,0.9988398277737642,0.9988398277737642,0.0
2023-12-26,19:44:00.000000000,48.99,374.21,0.03442064946663602,36.109448763090136,-1.9223067683086879,0,0.0,1.0,-0.06134889301957753,71.9473692568561,0.00009508502238778344,0.0,0.0,0.0,0.0,0.9988398277737642,0.9988398277737642,0.0
2023-12-26,19:45:00.000000000,49.015,374.252,,,,0,0.0,1.0,-0.06134889301957753,71.97494591036293,0.0003832892542377325,0.0,0.0,0.0,0.0,0.9988398277737642,0.9988398277737642,0.0
2023-12-26,19:46:00.000000000,49.025,374.31,,,,0,0.0,1.0,-0.06134889301957753,71.98850414615806,0.0001883743797739847,0.0,0.0,0.0,0.0,0.9988398277737642,0.9988398277737642,0.0
2023-12-26,19:47:00.000000000,49.03,374.32,0.03586176089834476,35.60622566053159,-1.9230252116067252,0,0.0,1.0,-0.06134889301957753,71.99411763508826,0.00007797757429154757,0.0,0.0,0.0,0.0,0.9988398277737642,0.9988398277737642,0.0
2023-12-26,19:48:00.000000000,49.05,374.27,,,,0,0.0,1.0,-0.06134889301957753,72.01105019043727,0.00023519359504953297,0.0,0.0,0.0,0.0,0.9988398277737642,0.9988398277737642,0.0
2023-12-26,19:49:00.000000000,49.02,374.25,,,,0,0.0,1.0,-0.06134889301957753,71.97982321257689,-0.00043364147277123944,0.0,0.0,0.0,0.0,0.9988398277737642,0.9988398277737642,0.0
2023-12-26,19:50:00.000000000,49.0291,374.265,0.03730814490833767,35.065967145881004,-1.9274791313476123,0,0.0,1.0,-0.06134889301957753,71.98984344597218,0.00013920891922313298,0.0,0.0,0.0,0.0,0.9988398277737642,0.9988398277737642,0.0
2023-12-26,19:51:00.000000000,49.03,374.26,,,,0,0.0,1.0,-0.06134889301957753,71.9904367015071,8.240822684304209e-6,0.0,0.0,0.0,0.0,0.9988398277737642,0.9988398277737642,0.0
2023-12-26,19:52:00.000000000,49.02,374.23,,,,0,0.0,1.0,-0.06134889301957753,71.9785962347165,-0.00016447277351131745,0.0,0.0,0.0,0.0,0.9988398277737642,0.9988398277737642,0.0
2023-12-26,19:53:00.000000000,49.02,374.26,0.038763569507422144,34.51234647615219,-1.9324189716701041,0,0.0,1.0,-0.06134889301957753,71.98043670150709,0.00002556963996048324,0.0,0.0,0.0,0.0,0.9988398277737642,0.9988398277737642,0.0
2023-12-26,19:54:00.000000000,49.02,374.26,,,,0,0.0,1.0,-0.06134889301957753,71.98043670150709,0.0,0.0,0.0,0.0,0.0,0.9988398277737642,0.9988398277737642,0.0
2023-12-26,19:55:00.000000000,49.02,374.2801,,,,0,0.0,1.0,-0.06134889301957753,71.98166981425678,0.00001713122073434197,0.0,0.0,0.0,0.0,0.9988398277737642,0.9988398277737642,0.0
2023-12-26,19:56:00.000000000,49.03,374.35,0.04024881746005337,33.96285518382902,-1.9357972788420523,0,0.0,1.0,-0.06134889301957753,71.99595810187886,0.00019849897423815542,0.0,0.0,0.0,0.0,0.9988398277737642,0.9988398277737642,0.0
2023-12-26,19:57:00.000000000,49.025,374.3278,,,,0,0.0,1.0,-0.06134889301957753,71.98959615645381,-0.00008836531373106904,0.0,0.0,0.0,0.0,0.9988398277737642,0.9988398277737642,0.0
2023-12-26,19:58:00.000000000,49.025,374.42,,,,0,0.0,1.0,-0.06134889301957753,71.99525252439022,0.0000785720192695267,0.0,0.0,0.0,0.0,0.9988398277737642,0.9988398277737642,0.0
2023-12-26,19:59:00.000000000,49.045,374.45,0.041768193801817316,33.40489983090951,-1.9392213459681278,1,0.0,0.0,0.0,0.0,0.0,0.0,0.0,0.0,0.0,0.9988398277737642,0.9988398277737642,0.0
2023-12-26,20:00:00.000000000,49.04,374.53,,,,0,0.0,0.0,0.0,0.0,0.0,0.0,0.0,0.0,0.0,0.9988398277737642,0.9988398277737642,0.0
2023-12-26,20:01:00.000000000,49.035,374.52,,,,0,0.0,0.0,0.0,0.0,0.0,0.0,0.0,0.0,0.0,0.9988398277737642,0.9988398277737642,0.0
2023-12-26,20:02:00.000000000,49.03,374.5462,0.0433065625882088,32.80969154752423,-1.9459063982406704,0,0.0,0.0,0.0,0.0,0.0,0.0,0.0,0.0,0.0,0.9988398277737642,0.9988398277737642,0.0
2023-12-26,20:03:00.000000000,49.025,374.48,,,,0,0.0,0.0,0.0,0.0,0.0,0.0,0.0,0.0,0.0,0.9988398277737642,0.9988398277737642,0.0
2023-12-26,20:04:00.000000000,49.035,374.5834,,,,0,0.0,0.0,0.0,0.0,0.0,0.0,0.0,0.0,0.0,0.9988398277737642,0.9988398277737642,0.0
2023-12-26,20:05:00.000000000,49.0394,374.65,0.044877002347388936,32.22623107055074,-1.9501782086751376,0,0.0,0.0,0.0,0.0,0.0,0.0,0.0,0.0,0.0,0.9988398277737642,0.9988398277737642,0.0
2023-12-26,20:06:00.000000000,49.035,374.61,,,,0,0.0,0.0,0.0,0.0,0.0,0.0,0.0,0.0,0.0,0.9988398277737642,0.9988398277737642,0.0
2023-12-26,20:07:00.000000000,49.035,374.53,,,,0,0.0,0.0,0.0,0.0,0.0,0.0,0.0,0.0,0.0,0.9988398277737642,0.9988398277737642,0.0
2023-12-26,20:08:00.000000000,49.01,374.56,0.04643481301277505,31.617376437934976,-1.9562232125034955,0,0.0,0.0,0.0,0.0,0.0,0.0,0.0,0.0,0.0,0.9988398277737642,0.9988398277737642,0.0
2023-12-26,20:09:00.000000000,49.01,374.43,,,,0,0.0,0.0,0.0,0.0,0.0,0.0,0.0,0.0,0.0,0.9988398277737642,0.9988398277737642,0.0
2023-12-26,20:10:00.000000000,49.011,374.4686,,,,0,0.0,0.0,0.0,0.0,0.0,0.0,0.0,0.0,0.0,0.9988398277737642,0.9988398277737642,0.0
2023-12-26,20:11:00.000000000,49.025,374.45,0.04800141882378251,31.050868721434636,-1.9563757733566118,0,0.0,0.0,0.0,0.0,0.0,0.0,0.0,0.0,0.0,0.9988398277737642,0.9988398277737642,0.0
2023-12-26,20:12:00.000000000,49.005,374.44,,,,0,0.0,0.0,0.0,0.0,0.0,0.0,0.0,0.0,0.0,0.9988398277737642,0.9988398277737642,0.0
2023-12-26,20:13:00.000000000,49.025,374.5601,,,,0,0.0,0.0,0.0,0.0,0.0,0.0,0.0,0.0,0.0,0.9988398277737642,0.9988398277737642,0.0
2023-12-26,20:14:00.000000000,49.025,374.56,0.049596389786323275,30.44817624163475,-1.9595835910089254,0,0.0,0.0,0.0,0.0,0.0,0.0,0.0,0.0,0.0,0.9988398277737642,0.9988398277737642,0.0
2023-12-26,20:15:00.000000000,49.02,374.505,,,,0,0.0,0.0,0.0,0.0,0.0,0.0,0.0,0.0,0.0,0.9988398277737642,0.9988398277737642,0.0
2023-12-26,20:16:00.000000000,49.015,374.55,,,,0,0.0,0.0,0.0,0.0,0.0,0.0,0.0,0.0,0.0,0.9988398277737642,0.9988398277737642,0.0
2023-12-26,20:17:00.000000000,49.02,374.5193,0.05119893606052777,29.845010305866385,-1.9618399631612293,0,0.0,0.0,0.0,0.0,0.0,0.0,0.0,0.0,0.0,0.9988398277737642,0.9988398277737642,0.0
2023-12-26,20:18:00.000000000,49.0199,374.4715,,,,0,0.0,0.0,0.0,0.0,0.0,0.0,0.0,0.0,0.0,0.9988398277737642,0.9988398277737642,0.0
2023-12-26,20:19:00.000000000,49.0099,374.5,,,,0,0.0,0.0,0.0,0.0,0.0,0.0,0.0,0.0,0.0,0.9988398277737642,0.9988398277737642,0.0
2023-12-26,20:20:00.000000000,49.01,374.55,0.05281523189626012,29.22805489325577,-1.9646529143041365,0,0.0,0.0,0.0,0.0,0.0,0.0,0.0,0.0,0.0,0.9988398277737642,0.9988398277737642,0.0
2023-12-26,20:21:00.000000000,49.01,374.55,,,,0,0.0,0.0,0.0,0.0,0.0,0.0,0.0,0.0,0.0,0.9988398277737642,0.9988398277737642,0.0
2023-12-26,20:22:00.000000000,49.025,374.5425,,,,0,0.0,0.0,0.0,0.0,0.0,0.0,0.0,0.0,0.0,0.9988398277737642,0.9988398277737642,0.0
2023-12-26,20:23:00.000000000,49.02,374.56,0.0544534279237096,28.623924036895335,-1.965225046075275,0,0.0,0.0,0.0,0.0,0.0,0.0,0.0,0.0,0.0,0.9988398277737642,0.9988398277737642,0.0
2023-12-26,20:24:00.000000000,49.025,374.575,,,,0,0.0,0.0,0.0,0.0,0.0,0.0,0.0,0.0,0.0,0.9988398277737642,0.9988398277737642,0.0
2023-12-26,20:25:00.000000000,49.06,374.62,,,,0,0.0,0.0,0.0,0.0,0.0,0.0,0.0,0.0,0.0,0.9988398277737642,0.9988398277737642,0.0
2023-12-26,20:26:00.000000000,49.06,374.78,0.056156148905005636,28.013798513381992,-1.9655671467401328,0,0.0,0.0,0.0,0.0,0.0,0.0,0.0,0.0,0.0,0.9988398277737642,0.9988398277737642,0.0
2023-12-26,20:27:00.000000000,49.065,374.7469,,,,0,0.0,0.0,0.0,0.0,0.0,0.0,0.0,0.0,0.0,0.9988398277737642,0.9988398277737642,0.0
2023-12-26,20:28:00.000000000,49.06,374.7466,,,,0,0.0,0.0,0.0,0.0,0.0,0.0,0.0,0.0,0.0,0.9988398277737642,0.9988398277737642,0.0
2023-12-26,20:29:00.000000000,49.05,374.63,0.05785045268269144,27.377484911483304,-1.9677035621015877,0,0.0,0.0,0.0,0.0,0.0,0.0,0.0,0.0,0.0,0.9988398277737642,0.9988398277737642,0.0
2023-12-26,20:30:00.000000000,49.0586,374.7399,,,,0,0.0,0.0,0.0,0.0,0.0,0.0,0.0,0.0,0.0,0.9988398277737642,0.9988398277737642,0.0
2023-12-26,20:31:00.000000000,49.07,374.85,,,,0,0.0,0.0,0.0,0.0,0.0,0.0,0.0,0.0,0.0,0.9988398277737642,0.9988398277737642,0.0
2023-12-26,20:32:00.000000000,49.055,374.84,0.05958874055733752,26.718756489487607,-1.9711223259052886,0,0.0,0.0,0.0,0.0,0.0,0.0,0.0,0.0,0.0,0.9988398277737642,0.9988398277737642,0.0
2023-12-26,20:33:00.000000000,49.055,374.92,,,,0,0.0,0.0,0.0,0.0,0.0,0.0,0.0,0.0,0.0,0.9988398277737642,0.9988398277737642,0.0
2023-12-26,20:34:00.000000000,49.055,374.89,,,,0,0.0,0.0,0.0,0.0,0.0,0.0,0.0,0.0,0.0,0.9988398277737642,0.9988398277737642,0.0
2023-12-26,20:35:00.000000000,49.065,374.83,0.061348323815911134,26.069807784082027,-1.9724943912207271,0,0.0,0.0,0.0,0.0,0.0,0.0,0.0,0.0,0.0,0.9988398277737642,0.9988398277737642,0.0
2023-12-26,20:36:00.000000000,49.055,374.75,,,,0,0.0,0.0,0.0,0.0,0.0,0.0,0.0,0.0,0.0,0.9988398277737642,0.9988398277737642,0.0
2023-12-26,20:37:00.000000000,49.045,374.74,,,,0,0.0,0.0,0.0,0.0,0.0,0.0,0.0,0.0,0.0,0.9988398277737642,0.9988398277737642,0.0
2023-12-26,20:38:00.000000000,49.04,374.73,0.06309760534790305,25.395434347980288,-1.9753832763897203,0,0.0,0.0,0.0,0.0,0.0,0.0,0.0,0.0,0.0,0.9988398277737642,0.9988398277737642,0.0
2023-12-26,20:39:00.000000000,49.04,374.78,,,,0,0.0,0.0,0.0,0.0,0.0,0.0,0.0,0.0,0.0,0.9988398277737642,0.9988398277737642,0.0
2023-12-26,20:40:00.000000000,49.035,374.79,,,,0,0.0,0.0,0.0,0.0,0.0,0.0,0.0,0.0,0.0,0.9988398277737642,0.9988398277737642,0.0
2023-12-26,20:41:00.000000000,49.02,374.73,0.06504222895251474,24.646725544624154,-1.9844053021106958,0,0.0,0.0,0.0,0.0,0.0,0.0,0.0,0.0,0.0,0.9988398277737642,0.9988398277737642,0.0
2023-12-26,20:42:00.000000000,49.015,374.73,,,,0,0.0,0.0,0.0,0.0,0.0,0.0,0.0,0.0,0.0,0.9988398277737642,0.9988398277737642,0.0
2023-12-26,20:43:00.000000000,49.02,374.69,,,,0,0.0,0.0,0.0,0.0,0.0,0.0,0.0,0.0,0.0,0.9988398277737642,0.9988398277737642,0.0
2023-12-26,20:44:00.000000000,49.025,374.765,0.06612570326532764,24.243400815769487,-1.9586981725601578,0,0.0,0.0,0.0,0.0,0.0,0.0,0.0,0.0,0.0,0.9988398277737642,0.9988398277737642,0.0
2023-12-26,20:45:00.000000000,49.04,374.745,,,,0,0.0,0.0,0.0,0.0,0.0,0.0,0.0,0.0,0.0,0.9988398277737642,0.9988398277737642,0.0
2023-12-26,20:46:00.000000000,49.06,374.85,,,,0,0.0,0.0,0.0,0.0,0.0,0.0,0.0,0.0,0.0,0.9988398277737642,0.9988398277737642,0.0
2023-12-26,20:47:00.000000000,49.075,374.89,0.0673399665928465,23.829919924007783,-1.935376534994141,0,0.0,0.0,0.0,0.0,0.0,0.0,0.0,0.0,0.0,0.9988398277737642,0.9988398277737642,0.0
2023-12-26,20:48:00.000000000,49.06,374.8185,,,,0,0.0,0.0,0.0,0.0,0.0,0.0,0.0,0.0,0.0,0.9988398277737642,0.9988398277737642,0.0
2023-12-26,20:49:00.000000000,49.03,374.7759,,,,0,0.0,0.0,0.0,0.0,0.0,0.0,0.0,0.0,0.0,0.9988398277737642,0.9988398277737642,0.0
2023-12-26,20:50:00.000000000,49.04,374.67,0.06853686317144185,23.36129347555588,-1.9183766954231256,0,0.0,0.0,0.0,0.0,0.0,0.0,0.0,0.0,0.0,0.9988398277737642,0.9988398277737642,0.0
2023-12-26,20:51:00.000000000,49.04,374.805,,,,0,0.0,0.0,0.0,0.0,0.0,0.0,0.0,0.0,0.0,0.9988398277737642,0.9988398277737642,0.0
2023-12-26,20:52:00.000000000,49.03,374.61,,,,0,0.0,0.0,0.0,0.0,0.0,0.0,0.0,0.0,0.0,0.9988398277737642,0.9988398277737642,0.0
2023-12-26,20:53:00.000000000,49.015,374.485,0.0695266834027726,22.978299965912704,-1.8941121449931397,0,0.0,0.0,0.0,0.0,0.0,0.0,0.0,0.0,0.0,0.9988398277737642,0.9988398277737642,0.0
2023-12-26,20:54:00.000000000,49.01,374.36,,,,0,0.0,0.0,0.0,0.0,0.0,0.0,0.0,0.0,0.0,0.9988398277737642,0.9988398277737642,0.0
2023-12-26,20:55:00.000000000,48.9891,374.63,,,,0,0.0,0.0,0.0,0.0,0.0,0.0,0.0,0.0,0.0,0.9988398277737642,0.9988398277737642,0.0
2023-12-26,20:56:00.000000000,48.98,374.48,0.07101294132784462,22.387073731548742,-1.8903198949416162,0,0.0,0.0,0.0,0.0,0.0,0.0,0.0,0.0,0.0,0.9988398277737642,0.9988398277737642,0.0
2023-12-26,20:57:00.000000000,49.005,374.7,,,,0,0.0,0.0,0.0,0.0,0.0,0.0,0.0,0.0,0.0,0.9988398277737642,0.9988398277737642,0.0
2023-12-26,20:58:00.000000000,48.995,374.62,,,,0,0.0,0.0,0.0,0.0,0.0,0.0,0.0,0.0,0.0,0.9988398277737642,0.9988398277737642,0.0
2023-12-26,20:59:00.000000000,49.0,374.7,0.07254093050699882,21.818913339027542,-1.8841563732221616,1,0.0,0.0,0.0,0.0,0.0,0.0,0.0,0.0,0.0,0.9988398277737642,0.9988398277737642,0.0
2023-12-27,14:29:00.000000000,48.97,373.64,0.07372430210062816,21.423651763121292,-1.8622333291820863,0,0.0,0.0,0.0,0.0,0.0,0.0,0.0,0.0,0.0,0.9988398277737642,0.9988398277737642,0.0
2023-12-27,14:30:00.000000000,48.93,374.89,,,,0,0.0,0.0,0.0,0.0,0.0,0.0,0.0,0.0,0.0,0.9988398277737642,0.9988398277737642,0.0
2023-12-27,14:31:00.000000000,48.99,374.68,,,,0,0.0,0.0,0.0,0.0,0.0,0.0,0.0,0.0,0.0,0.9988398277737642,0.9988398277737642,0.0
2023-12-27,14:32:00.000000000,48.99,374.7,0.07503042714897631,20.876098947278578,-1.8552720873898279,0,0.0,0.0,0.0,0.0,0.0,0.0,0.0,0.0,0.0,0.9988398277737642,0.9988398277737642,0.0
2023-12-27,14:33:00.000000000,48.94,374.76,,,,0,0.0,0.0,0.0,0.0,0.0,0.0,0.0,0.0,0.0,0.9988398277737642,0.9988398277737642,0.0
2023-12-27,14:34:00.000000000,48.85,374.73,,,,0,0.0,0.0,0.0,0.0,0.0,0.0,0.0,0.0,0.0,0.9988398277737642,0.9988398277737642,0.0
2023-12-27,14:35:00.000000000,48.96,374.75,0.07608771710774,20.446128013874436,-1.8379249898265066,0,0.0,0.0,0.0,0.0,0.0,0.0,0.0,0.0,0.0,0.9988398277737642,0.9988398277737642,0.0
2023-12-27,14:36:00.000000000,48.89,374.32,,,,0,0.0,0.0,0.0,0.0,0.0,0.0,0.0,0.0,0.0,0.9988398277737642,0.9988398277737642,0.0
2023-12-27,14:37:00.000000000,48.9,374.01,,,,0,0.0,0.0,0.0,0.0,0.0,0.0,0.0,0.0,0.0,0.9988398277737642,0.9988398277737642,0.0
2023-12-27,14:38:00.000000000,48.88,373.98,0.07714422009185654,20.029604570047493,-1.8202271684442688,0,0.0,0.0,0.0,0.0,0.0,0.0,0.0,0.0,0.0,0.9988398277737642,0.9988398277737642,0.0
2023-12-27,14:39:00.000000000,48.81,373.88,,,,0,0.0,0.0,0.0,0.0,0.0,0.0,0.0,0.0,0.0,0.9988398277737642,0.9988398277737642,0.0
2023-12-27,14:40:00.000000000,48.78,373.95,,,,0,0.0,0.0,0.0,0.0,0.0,0.0,0.0,0.0,0.0,0.9988398277737642,0.9988398277737642,0.0
2023-12-27,14:41:00.000000000,48.8,374.21,0.07796672930862963,19.624070225417704,-1.8024050399783724,0,0.0,0.0,0.0,0.0,0.0,0.0,0.0,0.0,0.0,0.9988398277737642,0.9988398277737642,0.0
2023-12-27,14:42:00.000000000,48.84,374.16,,,,0,0.0,0.0,0.0,0.0,0.0,0.0,0.0,0.0,0.0,0.9988398277737642,0.9988398277737642,0.0
2023-12-27,14:43:00.000000000,48.85,374.19,,,,0,0.0,0.0,0.0,0.0,0.0,0.0,0.0,0.0,0.0,0.9988398277737642,0.9988398277737642,0.0
2023-12-27,14:44:00.000000000,48.8485,374.105,0.07863725266015596,19.429910593572355,-1.7669555479892767,0,0.0,0.0,0.0,0.0,0.0,0.0,0.0,0.0,0.0,0.9988398277737642,0.9988398277737642,0.0
2023-12-27,14:45:00.000000000,48.855,374.32,,,,0,0.0,0.0,0.0,0.0,0.0,0.0,0.0,0.0,0.0,0.9988398277737642,0.9988398277737642,0.0
2023-12-27,14:46:00.000000000,48.85,374.1878,,,,0,0.0,0.0,0.0,0.0,0.0,0.0,0.0,0.0,0.0,0.9988398277737642,0.9988398277737642,0.0
2023-12-27,14:47:00.000000000,48.8128,374.23,0.07926797847069161,19.14834441691308,-1.741192119908574,0,0.0,0.0,0.0,0.0,0.0,0.0,0.0,0.0,0.0,0.9988398277737642,0.9988398277737642,0.0
2023-12-27,14:48:00.000000000,48.835,374.26,,,,0,0.0,0.0,0.0,0.0,0.0,0.0,0.0,0.0,0.0,0.9988398277737642,0.9988398277737642,0.0
2023-12-27,14:49:00.000000000,48.83,374.21,,,,0,0.0,0.0,0.0,0.0,0.0,0.0,0.0,0.0,0.0,0.9988398277737642,0.9988398277737642,0.0
2023-12-27,14:50:00.000000000,48.85,373.97,0.07976598300159372,19.019915336893995,-1.703490129174372,0,0.0,0.0,0.0,0.0,0.0,0.0,0.0,0.0,0.0,0.9988398277737642,0.9988398277737642,0.0
2023-12-27,14:51:00.000000000,48.86,373.84,,,,0,0.0,0.0,0.0,0.0,0.0,0.0,0.0,0.0,0.0,0.9988398277737642,0.9988398277737642,0.0
2023-12-27,14:52:00.000000000,48.88,373.9008,,,,0,0.0,0.0,0.0,0.0,0.0,0.0,0.0,0.0,0.0,0.9988398277737642,0.9988398277737642,0.0
2023-12-27,14:53:00.000000000,48.875,373.93,0.08020123113355171,18.88535364223101,-1.6684617671758437,0,0.0,0.0,0.0,0.0,0.0,0.0,0.0,0.0,0.0,0.9988398277737642,0.9988398277737642,0.0
2023-12-27,14:54:00.000000000,48.88,373.92,,,,0,0.0,0.0,0.0,0.0,0.0,0.0,0.0,0.0,0.0,0.9988398277737642,0.9988398277737642,0.0
2023-12-27,14:55:00.000000000,48.895,373.875,,,,0,0.0,0.0,0.0,0.0,0.0,0.0,0.0,0.0,0.0,0.9988398277737642,0.9988398277737642,0.0
2023-12-27,14:56:00.000000000,48.94,373.961,0.08060332499090139,18.797499983077522,-1.6312758313803946,0,0.0,0.0,0.0,0.0,0.0,0.0,0.0,0.0,0.0,0.9988398277737642,0.9988398277737642,0.0
2023-12-27,14:57:00.000000000,48.95,373.99,,,,0,0.0,0.0,0.0,0.0,0.0,0.0,0.0,0.0,0.0,0.9988398277737642,0.9988398277737642,0.0
2023-12-27,14:58:00.000000000,48.965,374.135,,,,0,0.0,0.0,0.0,0.0,0.0,0.0,0.0,0.0,0.0,0.9988398277737642,0.9988398277737642,0.0
2023-12-27,14:59:00.000000000,48.955,373.78,0.0810165672254429,18.672627502473954,-1.5992434697268834,0,0.0,0.0,0.0,0.0,0.0,0.0,0.0,0.0,0.0,0.9988398277737642,0.9988398277737642,0.0
2023-12-27,15:00:00.000000000,48.98,374.265,,,,0,0.0,0.0,0.0,0.0,0.0,0.0,0.0,0.0,0.0,0.9988398277737642,0.9988398277737642,0.0
2023-12-27,15:01:00.000000000,49.01,373.68,,,,0,0.0,0.0,0.0,0.0,0.0,0.0,0.0,0.0,0.0,0.9988398277737642,0.9988398277737642,0.0
2023-12-27,15:02:00.000000000,48.98,373.78,0.08127890690643019,18.599570176514522,-1.5643426868271126,0,0.0,0.0,0.0,0.0,0.0,0.0,0.0,0.0,0.0,0.9988398277737642,0.9988398277737642,0.0
2023-12-27,15:03:00.000000000,49.01,373.77,,,,0,0.0,0.0,0.0,0.0,0.0,0.0,0.0,0.0,0.0,0.9988398277737642,0.9988398277737642,0.0
2023-12-27,15:04:00.000000000,49.01,373.75,,,,0,0.0,0.0,0.0,0.0,0.0,0.0,0.0,0.0,0.0,0.9988398277737642,0.9988398277737642,0.0
2023-12-27,15:05:00.000000000,48.98,373.82,0.08151630269718951,18.507575725736615,-1.532790197119039,0,0.0,0.0,0.0,0.0,0.0,0.0,0.0,0.0,0.0,0.9988398277737642,0.9988398277737642,0.0
2023-12-27,15:06:00.000000000,48.975,373.91,,,,0,0.0,0.0,0.0,0.0,0.0,0.0,0.0,0.0,0.0,0.9988398277737642,0.9988398277737642,0.0
2023-12-27,15:07:00.000000000,48.97,373.722,,,,0,0.0,0.0,0.0,0.0,0.0,0.0,0.0,0.0,0.0,0.9988398277737642,0.9988398277737642,0.0
2023-12-27,15:08:00.000000000,48.97,373.865,0.08165726225636677,18.441207646523434,-1.500477245411915,0,0.0,0.0,0.0,0.0,0.0,0.0,0.0,0.0,0.0,0.9988398277737642,0.9988398277737642,0.0
2023-12-27,15:09:00.000000000,48.94,373.746,,,,0,0.0,0.0,0.0,0.0,0.0,0.0,0.0,0.0,0.0,0.9988398277737642,0.9988398277737642,0.0
2023-12-27,15:10:00.000000000,48.9403,373.78,,,,0,0.0,0.0,0.0,0.0,0.0,0.0,0.0,0.0,0.0,0.9988398277737642,0.9988398277737642,0.0
2023-12-27,15:11:00.000000000,48.9087,373.76,0.08180864528912084,18.3319007367382,-1.4734133854382132,0,0.0,0.0,0.0,0.0,0.0,0.0,0.0,0.0,0.0,0.9988398277737642,0.9988398277737642,0.0
2023-12-27,15:12:00.000000000,48.89,373.595,,,,0,0.0,0.0,0.0,0.0,0.0,0.0,0.0,0.0,0.0,0.9988398277737642,0.9988398277737642,0.0
2023-12-27,15:13:00.000000000,48.86,373.23,,,,0,0.0,0.0,0.0,0.0,0.0,0.0,0.0,0.0,0.0,0.9988398277737642,0.9988398277737642,0.0
2023-12-27,15:14:00.000000000,48.81,373.0,0.0819310970039798,18.24970081751554,-1.4452425455036424,0,0.0,0.0,0.0,0.0,0.0,0.0,0.0,0.0,0.0,0.9988398277737642,0.9988398277737642,0.0
2023-12-27,15:15:00.000000000,48.84,373.3548,,,,0,0.0,0.0,0.0,0.0,0.0,0.0,0.0,0.0,0.0,0.9988398277737642,0.9988398277737642,0.0
2023-12-27,15:16:00.000000000,48.8447,373.3259,,,,0,0.0,0.0,0.0,0.0,0.0,0.0,0.0,0.0,0.0,0.9988398277737642,0.9988398277737642,0.0
2023-12-27,15:17:00.000000000,48.805,373.37,0.08210241195336278,18.15042244897294,-1.4198113729803745,0,0.0,0.0,0.0,0.0,0.0,0.0,0.0,0.0,0.0,0.9988398277737642,0.9988398277737642,0.0
2023-12-27,15:18:00.000000000,48.805,373.29,,,,0,0.0,0.0,0.0,0.0,0.0,0.0,0.0,0.0,0.0,0.9988398277737642,0.9988398277737642,0.0
2023-12-27,15:19:00.000000000,48.85,373.34,,,,0,0.0,0.0,0.0,0.0,0.0,0.0,0.0,0.0,0.0,0.9988398277737642,0.9988398277737642,0.0
2023-12-27,15:20:00.000000000,48.83,373.01,0.08224738531701208,18.150902802901324,-1.3866937167329891,0,0.0,0.0,0.0,0.0,0.0,0.0,0.0,0.0,0.0,0.9988398277737642,0.9988398277737642,0.0
2023-12-27,15:21:00.000000000,48.855,373.19,,,,0,0.0,0.0,0.0,0.0,0.0,0.0,0.0,0.0,0.0,0.9988398277737642,0.9988398277737642,0.0
2023-12-27,15:22:00.000000000,48.84,373.075,,,,0,0.0,0.0,0.0,0.0,0.0,0.0,0.0,0.0,0.0,0.9988398277737642,0.9988398277737642,0.0
2023-12-27,15:23:00.000000000,48.855,373.3102,0.08249224006856927,18.05980536155439,-1.36303670505877,0,0.0,0.0,0.0,0.0,0.0,0.0,0.0,0.0,0.0,0.9988398277737642,0.9988398277737642,0.0
2023-12-27,15:24:00.000000000,48.8606,373.14,,,,0,0.0,0.0,0.0,0.0,0.0,0.0,0.0,0.0,0.0,0.9988398277737642,0.9988398277737642,0.0
2023-12-27,15:25:00.000000000,48.865,373.07,,,,0,0.0,0.0,0.0,0.0,0.0,0.0,0.0,0.0,0.0,0.9988398277737642,0.9988398277737642,0.0
2023-12-27,15:26:00.000000000,48.88,373.23,0.08272604562801815,18.004157990254786,-1.3372314348010022,0,0.0,0.0,0.0,0.0,0.0,0.0,0.0,0.0,0.0,0.9988398277737642,0.9988398277737642,0.0
2023-12-27,15:27:00.000000000,48.9,373.18,,,,0,0.0,0.0,0.0,0.0,0.0,0.0,0.0,0.0,0.0,0.9988398277737642,0.9988398277737642,0.0
2023-12-27,15:28:00.000000000,48.88,373.15,,,,0,0.0,0.0,0.0,0.0,0.0,0.0,0.0,0.0,0.0,0.9988398277737642,0.9988398277737642,0.0
2023-12-27,15:29:00.000000000,48.86,373.24,0.08292982557454563,17.907271902556587,-1.3161485111261446,0,0.0,0.0,0.0,0.0,0.0,0.0,0.0,0.0,0.0,0.9988398277737642,0.9988398277737642,0.0
2023-12-27,15:30:00.000000000,48.8302,373.21,,,,0,0.0,0.0,0.0,0.0,0.0,0.0,0.0,0.0,0.0,0.9988398277737642,0.9988398277737642,0.0
2023-12-27,15:31:00.000000000,48.855,373.23,,,,0,0.0,0.0,0.0,0.0,0.0,0.0,0.0,0.0,0.0,0.9988398277737642,0.9988398277737642,0.0
2023-12-27,15:32:00.000000000,48.86,373.352,0.0830554992714444,17.851063236007693,-1.2922786050547734,0,0.0,0.0,0.0,0.0,0.0,0.0,0.0,0.0,0.0,0.9988398277737642,0.9988398277737642,0.0
2023-12-27,15:33:00.000000000,48.86,373.24,,,,0,0.0,0.0,0.0,0.0,0.0,0.0,0.0,0.0,0.0,0.9988398277737642,0.9988398277737642,0.0
2023-12-27,15:34:00.000000000,48.87,373.08,,,,0,0.0,0.0,0.0,0.0,0.0,0.0,0.0,0.0,0.0,0.9988398277737642,0.9988398277737642,0.0
2023-12-27,15:35:00.000000000,48.885,373.118,0.0831617112598184,17.855868618159075,-1.2637565255517635,0,0.0,0.0,0.0,0.0,0.0,0.0,0.0,0.0,0.0,0.9988398277737642,0.9988398277737642,0.0
2023-12-27,15:36:00.000000000,48.885,372.96,,,,0,0.0,0.0,0.0,0.0,0.0,0.0,0.0,0.0,0.0,0.9988398277737642,0.9988398277737642,0.0
2023-12-27,15:37:00.000000000,48.88,373.04,,,,0,0.0,0.0,0.0,0.0,0.0,0.0,0.0,0.0,0.0,0.9988398277737642,0.9988398277737642,0.0
2023-12-27,15:38:00.000000000,48.88,373.22,0.08329676144799356,17.791982692379847,-1.2424841831881983,0,0.0,0.0,0.0,0.0,0.0,0.0,0.0,0.0,0.0,0.9988398277737642,0.9988398277737642,0.0
2023-12-27,15:39:00.000000000,48.875,373.16,,,,0,0.0,0.0,0.0,0.0,0.0,0.0,0.0,0.0,0.0,0.9988398277737642,0.9988398277737642,0.0
2023-12-27,15:40:00.000000000,48.85,373.16,,,,0,0.0,0.0,0.0,0.0,0.0,0.0,0.0,0.0,0.0,0.9988398277737642,0.9988398277737642,0.0
2023-12-27,15:41:00.000000000,48.84,373.18,0.08345582872648753,17.695953835849384,-1.2250351256408902,0,0.0,0.0,0.0,0.0,0.0,0.0,0.0,0.0,0.0,0.9988398277737642,0.9988398277737642,0.0
2023-12-27,15:42:00.000000000,48.82,373.09,,,,0,0.0,0.0,0.0,0.0,0.0,0.0,0.0,0.0,0.0,0.9988398277737642,0.9988398277737642,0.0
2023-12-27,15:43:00.000000000,48.79,373.04,,,,0,0.0,0.0,0.0,0.0,0.0,0.0,0.0,0.0,0.0,0.9988398277737642,0.9988398277737642,0.0
2023-12-27,15:44:00.000000000,48.79,373.08,0.08358943161458875,17.60445485322923,-1.2079138689438957,0,0.0,0.0,0.0,0.0,0.0,0.0,0.0,0.0,0.0,0.9988398277737642,0.9988398277737642,0.0
2023-12-27,15:45:00.000000000,48.78,373.11,,,,0,0.0,0.0,0.0,0.0,0.0,0.0,0.0,0.0,0.0,0.9988398277737642,0.9988398277737642,0.0
2023-12-27,15:46:00.000000000,48.73,373.171,,,,0,0.0,0.0,0.0,0.0,0.0,0.0,0.0,0.0,0.0,0.9988398277737642,0.9988398277737642,0.0
2023-12-27,15:47:00.000000000,48.74,373.16,0.08371991990417565,17.499074688557812,-1.1928154735057221,0,0.0,0.0,0.0,0.0,0.0,0.0,0.0,0.0,0.0,0.9988398277737642,0.9988398277737642,0.0
2023-12-27,15:48:00.000000000,48.71,373.05,,,,0,0.0,0.0,0.0,0.0,0.0,0.0,0.0,0.0,0.0,0.9988398277737642,0.9988398277737642,0.0
2023-12-27,15:49:00.000000000,48.741,373.07,,,,0,0.0,0.0,0.0,0.0,0.0,0.0,0.0,0.0,0.0,0.9988398277737642,0.9988398277737642,0.0
2023-12-27,15:50:00.000000000,48.7,372.92,0.08389143541987801,17.415205903219096,-1.176359544344158,0,0.0,0.0,0.0,0.0,0.0,0.0,0.0,0.0,0.0,0.9988398277737642,0.9988398277737642,0.0
2023-12-27,15:51:00.000000000,48.72,373.06,,,,0,0.0,0.0,0.0,0.0,0.0,0.0,0.0,0.0,0.0,0.9988398277737642,0.9988398277737642,0.0
2023-12-27,15:52:00.000000000,48.74,373.191,,,,0,0.0,0.0,0.0,0.0,0.0,0.0,0.0,0.0,0.0,0.9988398277737642,0.9988398277737642,0.0
2023-12-27,15:53:00.000000000,48.735,373.19,0.08416050305103188,17.32714186638541,-1.1609892098943189,0,0.0,0.0,0.0,0.0,0.0,0.0,0.0,0.0,0.0,0.9988398277737642,0.9988398277737642,0.0
2023-12-27,15:54:00.000000000,48.755,373.18,,,,0,0.0,0.0,0.0,0.0,0.0,0.0,0.0,0.0,0.0,0.9988398277737642,0.9988398277737642,0.0
2023-12-27,15:55:00.000000000,48.75,373.32,,,,0,0.0,0.0,0.0,0.0,0.0,0.0,0.0,0.0,0.0,0.9988398277737642,0.9988398277737642,0.0
2023-12-27,15:56:00.000000000,48.745,373.31,0.0843301449169505,17.263713601053208,-1.1438140188618364,0,0.0,0.0,0.0,0.0,0.0,0.0,0.0,0.0,0.0,0.9988398277737642,0.9988398277737642,0.0
2023-12-27,15:57:00.000000000,48.745,373.42,,,,0,0.0,0.0,0.0,0.0,0.0,0.0,0.0,0.0,0.0,0.9988398277737642,0.9988398277737642,0.0
2023-12-27,15:58:00.000000000,48.7401,373.5,,,,0,0.0,0.0,0.0,0.0,0.0,0.0,0.0,0.0,0.0,0.9988398277737642,0.9988398277737642,0.0
2023-12-27,15:59:00.000000000,48.74,373.57,0.08452922821358301,17.1624162162518,-1.1310520435893623,0,0.0,0.0,0.0,0.0,0.0,0.0,0.0,0.0,0.0,0.9988398277737642,0.9988398277737642,0.0
2023-12-27,16:00:00.000000000,48.745,373.5303,,,,0,0.0,0.0,0.0,0.0,0.0,0.0,0.0,0.0,0.0,0.9988398277737642,0.9988398277737642,0.0
2023-12-27,16:01:00.000000000,48.725,373.44,,,,0,0.0,0.0,0.0,0.0,0.0,0.0,0.0,0.0,0.0,0.9988398277737642,0.9988398277737642,0.0
2023-12-27,16:02:00.000000000,48.69,373.58,0.08466584938636948,17.06053198624009,-1.1189733352238023,0,0.0,0.0,0.0,0.0,0.0,0.0,0.0,0.0,0.0,0.9988398277737642,0.9988398277737642,0.0
2023-12-27,16:03:00.000000000,48.71,373.7,,,,0,0.0,0.0,0.0,0.0,0.0,0.0,0.0,0.0,0.0,0.9988398277737642,0.9988398277737642,0.0
2023-12-27,16:04:00.000000000,48.69,373.69,,,,0,0.0,0.0,0.0,0.0,0.0,0.0,0.0,0.0,0.0,0.9988398277737642,0.9988398277737642,0.0
2023-12-27,16:05:00.000000000,48.725,373.58,0.08482483806852605,17.036136994360042,-1.099513596683641,0,0.0,0.0,0.0,0.0,0.0,0.0,0.0,0.0,0.0,0.9988398277737642,0.9988398277737642,0.0
2023-12-27,16:06:00.000000000,48.73,373.675,,,,0,0.0,0.0,0.0,0.0,0.0,0.0,0.0,0.0,0.0,0.9988398277737642,0.9988398277737642,0.0
2023-12-27,16:07:00.000000000,48.725,373.51,,,,0,0.0,0.0,0.0,0.0,0.0,0.0,0.0,0.0,0.0,0.9988398277737642,0.9988398277737642,0.0
2023-12-27,16:08:00.000000000,48.748,373.3875,0.08492340214688966,17.038663180878235,-1.0778827748584012,0,0.0,0.0,0.0,0.0,0.0,0.0,0.0,0.0,0.0,0.9988398277737642,0.9988398277737642,0.0
2023-12-27,16:09:00.000000000,48.7365,373.44,,,,0,0.0,0.0,0.0,0.0,0.0,0.0,0.0,0.0,0.0,0.9988398277737642,0.9988398277737642,0.0
2023-12-27,16:10:00.000000000,48.765,373.5043,,,,0,0.0,0.0,0.0,0.0,0.0,0.0,0.0,0.0,0.0,0.9988398277737642,0.9988398277737642,0.0
2023-12-27,16:11:00.000000000,48.76,373.48,0.08499045449325274,17.017765055859964,-1.0592858869675206,0,0.0,0.0,0.0,0.0,0.0,0.0,0.0,0.0,0.0,0.9988398277737642,0.9988398277737642,0.0
2023-12-27,16:12:00.000000000,48.75,373.425,,,,0,0.0,0.0,0.0,0.0,0.0,0.0,0.0,0.0,0.0,0.9988398277737642,0.9988398277737642,0.0
2023-12-27,16:13:00.000000000,48.76,373.42,,,,0,0.0,0.0,0.0,0.0,0.0,0.0,0.0,0.0,0.0,0.9988398277737642,0.9988398277737642,0.0
2023-12-27,16:14:00.000000000,48.76,373.3909,0.08505081892246612,17.002798176803346,-1.0405687083769866,0,0.0,0.0,0.0,0.0,0.0,0.0,0.0,0.0,0.0,0.9988398277737642,0.9988398277737642,0.0
2023-12-27,16:15:00.000000000,48.76,373.3,,,,0,0.0,0.0,0.0,0.0,0.0,0.0,0.0,0.0,0.0,0.9988398277737642,0.9988398277737642,0.0
2023-12-27,16:16:00.000000000,48.75,373.4,,,,0,0.0,0.0,0.0,0.0,0.0,0.0,0.0,0.0,0.0,0.9988398277737642,0.9988398277737642,0.0
2023-12-27,16:17:00.000000000,48.77,373.36,0.0851159981786613,16.991090920015015,-1.0220822306804604,0,0.0,0.0,0.0,0.0,0.0,0.0,0.0,0.0,0.0,0.9988398277737642,0.9988398277737642,0.0
2023-12-27,16:18:00.000000000,48.755,373.37,,,,0,0.0,0.0,0.0,0.0,0.0,0.0,0.0,0.0,0.0,0.9988398277737642,0.9988398277737642,0.0
2023-12-27,16:19:00.000000000,48.755,373.33,,,,0,0.0,0.0,0.0,0.0,0.0,0.0,0.0,0.0,0.0,0.9988398277737642,0.9988398277737642,0.0
2023-12-27,16:20:00.000000000,48.76,373.3132,0.08520530264015065,16.951735814436912,-1.0072373306705662,0,0.0,0.0,0.0,0.0,0.0,0.0,0.0,0.0,0.0,0.9988398277737642,0.9988398277737642,0.0
2023-12-27,16:21:00.000000000,48.76,373.32,,,,0,0.0,0.0,0.0,0.0,0.0,0.0,0.0,0.0,0.0,0.9988398277737642,0.9988398277737642,0.0
2023-12-27,16:22:00.000000000,48.76,373.41,,,,0,0.0,0.0,0.0,0.0,0.0,0.0,0.0,0.0,0.0,0.9988398277737642,0.9988398277737642,0.0
2023-12-27,16:23:00.000000000,48.755,373.45,0.08533668967083245,16.886013242427623,-0.9960332363127388,0,0.0,0.0,0.0,0.0,0.0,0.0,0.0,0.0,0.0,0.9988398277737642,0.9988398277737642,0.0
2023-12-27,16:24:00.000000000,48.75,373.38,,,,0,0.0,0.0,0.0,0.0,0.0,0.0,0.0,0.0,0.0,0.9988398277737642,0.9988398277737642,0.0
2023-12-27,16:25:00.000000000,48.735,373.265,,,,0,0.0,0.0,0.0,0.0,0.0,0.0,0.0,0.0,0.0,0.9988398277737642,0.9988398277737642,0.0
2023-12-27,16:26:00.000000000,48.685,373.23,0.08548595475765948,16.779077105798752,-0.9902374757437068,0,0.0,0.0,0.0,0.0,0.0,0.0,0.0,0.0,0.0,0.9988398277737642,0.9988398277737642,0.0
2023-12-27,16:27:00.000000000,48.685,373.37,,,,0,0.0,0.0,0.0,0.0,0.0,0.0,0.0,0.0,0.0,0.9988398277737642,0.9988398277737642,0.0
2023-12-27,16:28:00.000000000,48.695,373.4,,,,0,0.0,0.0,0.0,0.0,0.0,0.0,0.0,0.0,0.0,0.9988398277737642,0.9988398277737642,0.0
2023-12-27,16:29:00.000000000,48.73,373.5299,0.08564174950917754,16.74024587001186,-0.976999249452288,0,0.0,0.0,0.0,0.0,0.0,0.0,0.0,0.0,0.0,0.9988398277737642,0.9988398277737642,0.0
2023-12-27,16:30:00.000000000,48.73,373.53,,,,0,0.0,0.0,0.0,0.0,0.0,0.0,0.0,0.0,0.0,0.9988398277737642,0.9988398277737642,0.0
2023-12-27,16:31:00.000000000,48.71,373.53,,,,0,0.0,0.0,0.0,0.0,0.0,0.0,0.0,0.0,0.0,0.9988398277737642,0.9988398277737642,0.0
2023-12-27,16:32:00.000000000,48.73,373.5084,0.08578821406027827,16.687381427487956,-0.9660484146666051,0,0.0,0.0,0.0,0.0,0.0,0.0,0.0,0.0,0.0,0.9988398277737642,0.9988398277737642,0.0
2023-12-27,16:33:00.000000000,48.74,373.5941,,,,0,0.0,0.0,0.0,0.0,0.0,0.0,0.0,0.0,0.0,0.9988398277737642,0.9988398277737642,0.0
2023-12-27,16:34:00.000000000,48.7606,373.75,,,,0,0.0,0.0,0.0,0.0,0.0,0.0,0.0,0.0,0.0,0.9988398277737642,0.9988398277737642,0.0
2023-12-27,16:35:00.000000000,48.78,373.7644,0.08595501285140061,16.653076194603962,-0.9533816140507063,0,0.0,0.0,0.0,0.0,0.0,0.0,0.0,0.0,0.0,0.9988398277737642,0.9988398277737642,0.0
2023-12-27,16:36:00.000000000,48.7898,373.85,,,,0,0.0,0.0,0.0,0.0,0.0,0.0,0.0,0.0,0.0,0.9988398277737642,0.9988398277737642,0.0
2023-12-27,16:37:00.000000000,48.785,373.77,,,,0,0.0,0.0,0.0,0.0,0.0,0.0,0.0,0.0,0.0,0.9988398277737642,0.9988398277737642,0.0
2023-12-27,16:38:00.000000000,48.805,373.78,0.08612014866083649,16.61501083355254,-0.9417883499412179,0,0.0,0.0,0.0,0.0,0.0,0.0,0.0,0.0,0.0,0.9988398277737642,0.9988398277737642,0.0
2023-12-27,16:39:00.000000000,48.785,373.8,,,,0,0.0,0.0,0.0,0.0,0.0,0.0,0.0,0.0,0.0,0.9988398277737642,0.9988398277737642,0.0
2023-12-27,16:40:00.000000000,48.79,373.85,,,,0,0.0,0.0,0.0,0.0,0.0,0.0,0.0,0.0,0.0,0.9988398277737642,0.9988398277737642,0.0
2023-12-27,16:41:00.000000000,48.79,373.9088,0.08621225391614275,16.554479592919762,-0.9337111665158009,0,0.0,0.0,0.0,0.0,0.0,0.0,0.0,0.0,0.0,0.9988398277737642,0.9988398277737642,0.0
2023-12-27,16:42:00.000000000,48.815,373.94,,,,0,0.0,0.0,0.0,0.0,0.0,0.0,0.0,0.0,0.0,0.9988398277737642,0.9988398277737642,0.0
2023-12-27,16:43:00.000000000,48.82,374.07,,,,0,0.0,0.0,0.0,0.0,0.0,0.0,0.0,0.0,0.0,0.9988398277737642,0.9988398277737642,0.0
2023-12-27,16:44:00.000000000,48.805,374.02,0.0862868754126794,16.531982858149654,-0.9212055658095568,0,0.0,0.0,0.0,0.0,0.0,0.0,0.0,0.0,0.0,0.9988398277737642,0.9988398277737642,0.0
2023-12-27,16:45:00.000000000,48.825,373.97,,,,0,0.0,0.0,0.0,0.0,0.0,0.0,0.0,0.0,0.0,0.9988398277737642,0.9988398277737642,0.0
2023-12-27,16:46:00.000000000,48.82,374.01,,,,0,0.0,0.0,0.0,0.0,0.0,0.0,0.0,0.0,0.0,0.9988398277737642,0.9988398277737642,0.0
2023-12-27,16:47:00.000000000,48.82,374.01,0.08641051326829743,16.501603932524077,-0.9103827135769279,0,0.0,0.0,0.0,0.0,0.0,0.0,0.0,0.0,0.0,0.9988398277737642,0.9988398277737642,0.0
2023-12-27,16:48:00.000000000,48.795,374.1125,,,,0,0.0,0.0,0.0,0.0,0.0,0.0,0.0,0.0,0.0,0.9988398277737642,0.9988398277737642,0.0
2023-12-27,16:49:00.000000000,48.79,374.03,,,,0,0.0,0.0,0.0,0.0,0.0,0.0,0.0,0.0,0.0,0.9988398277737642,0.9988398277737642,0.0
2023-12-27,16:50:00.000000000,48.79,374.1122,0.08657178835144745,16.40243780190562,-0.9100727983054488,0,0.0,0.0,0.0,0.0,0.0,0.0,0.0,0.0,0.0,0.9988398277737642,0.9988398277737642,0.0
2023-12-27,16:51:00.000000000,48.79,374.01,,,,0,0.0,0.0,0.0,0.0,0.0,0.0,0.0,0.0,0.0,0.9988398277737642,0.9988398277737642,0.0
2023-12-27,16:52:00.000000000,48.775,374.03,,,,0,0.0,0.0,0.0,0.0,0.0,0.0,0.0,0.0,0.0,0.9988398277737642,0.9988398277737642,0.0
2023-12-27,16:53:00.000000000,48.785,374.0263,0.08674892980636058,16.338618755567232,-0.9055437787905574,0,0.0,0.0,0.0,0.0,0.0,0.0,0.0,0.0,0.0,0.9988398277737642,0.9988398277737642,0.0
2023-12-27,16:54:00.000000000,48.76,373.9739,,,,0,0.0,0.0,0.0,0.0,0.0,0.0,0.0,0.0,0.0,0.9988398277737642,0.9988398277737642,0.0
2023-12-27,16:55:00.000000000,48.8,374.03,,,,0,0.0,0.0,0.0,0.0,0.0,0.0,0.0,0.0,0.0,0.9988398277737642,0.9988398277737642,0.0
2023-12-27,16:56:00.000000000,48.795,373.99,0.08690055020359772,16.295063229356494,-0.8987879020372279,0,0.0,0.0,0.0,0.0,0.0,0.0,0.0,0.0,0.0,0.9988398277737642,0.9988398277737642,0.0
2023-12-27,16:57:00.000000000,48.79,373.975,,,,0,0.0,0.0,0.0,0.0,0.0,0.0,0.0,0.0,0.0,0.9988398277737642,0.9988398277737642,0.0
2023-12-27,16:58:00.000000000,48.785,373.87,,,,0,0.0,0.0,0.0,0.0,0.0,0.0,0.0,0.0,0.0,0.9988398277737642,0.9988398277737642,0.0
2023-12-27,16:59:00.000000000,48.785,373.91,0.08708752151996069,16.222104828471494,-0.897474524352063,0,0.0,0.0,0.0,0.0,0.0,0.0,0.0,0.0,0.0,0.9988398277737642,0.9988398277737642,0.0
2023-12-27,17:00:00.000000000,48.775,373.91,,,,0,0.0,0.0,0.0,0.0,0.0,0.0,0.0,0.0,0.0,0.9988398277737642,0.9988398277737642,0.0
2023-12-27,17:01:00.000000000,48.78,373.94,,,,0,0.0,0.0,0.0,0.0,0.0,0.0,0.0,0.0,0.0,0.9988398277737642,0.9988398277737642,0.0
2023-12-27,17:02:00.000000000,48.77,373.855,0.0872807420490274,16.139658181260863,-0.8987657034270096,0,0.0,0.0,0.0,0.0,0.0,0.0,0.0,0.0,0.0,0.9988398277737642,0.9988398277737642,0.0
2023-12-27,17:03:00.000000000,48.76,373.8806,,,,0,0.0,0.0,0.0,0.0,0.0,0.0,0.0,0.0,0.0,0.9988398277737642,0.9988398277737642,0.0
2023-12-27,17:04:00.000000000,48.77,373.916,,,,0,0.0,0.0,0.0,0.0,0.0,0.0,0.0,0.0,0.0,0.9988398277737642,0.9988398277737642,0.0
2023-12-27,17:05:00.000000000,48.78,373.92,0.0875063714935176,16.059617571143896,-0.9008920104521494,0,0.0,0.0,0.0,0.0,0.0,0.0,0.0,0.0,0.0,0.9988398277737642,0.9988398277737642,0.0
2023-12-27,17:06:00.000000000,48.7942,373.87,,,,0,0.0,0.0,0.0,0.0,0.0,0.0,0.0,0.0,0.0,0.9988398277737642,0.9988398277737642,0.0
2023-12-27,17:07:00.000000000,48.79,373.83,,,,0,0.0,0.0,0.0,0.0,0.0,0.0,0.0,0.0,0.0,0.9988398277737642,0.9988398277737642,0.0
2023-12-27,17:08:00.000000000,48.785,373.815,0.08777201522599457,15.97450412829484,-0.905319362690718,0,0.0,0.0,0.0,0.0,0.0,0.0,0.0,0.0,0.0,0.9988398277737642,0.9988398277737642,0.0
2023-12-27,17:09:00.000000000,48.79,373.81,,,,0,0.0,0.0,0.0,0.0,0.0,0.0,0.0,0.0,0.0,0.9988398277737642,0.9988398277737642,0.0
2023-12-27,17:10:00.000000000,48.79,373.895,,,,0,0.0,0.0,0.0,0.0,0.0,0.0,0.0,0.0,0.0,0.9988398277737642,0.9988398277737642,0.0
2023-12-27,17:11:00.000000000,48.805,373.93,0.08816154237785917,15.838754458647117,-0.9205416758324045,0,0.0,0.0,0.0,0.0,0.0,0.0,0.0,0.0,0.0,0.9988398277737642,0.9988398277737642,0.0
2023-12-27,17:12:00.000000000,48.82,373.8902,,,,0,0.0,0.0,0.0,0.0,0.0,0.0,0.0,0.0,0.0,0.9988398277737642,0.9988398277737642,0.0
2023-12-27,17:13:00.000000000,48.81,373.89,,,,0,0.0,0.0,0.0,0.0,0.0,0.0,0.0,0.0,0.0,0.9988398277737642,0.9988398277737642,0.0
2023-12-27,17:14:00.000000000,48.82,373.8725,0.08847642036831435,15.741099525847396,-0.9306228162031541,0,0.0,0.0,0.0,0.0,0.0,0.0,0.0,0.0,0.0,0.9988398277737642,0.9988398277737642,0.0
2023-12-27,17:15:00.000000000,48.83,373.84,,,,0,0.0,0.0,0.0,0.0,0.0,0.0,0.0,0.0,0.0,0.9988398277737642,0.9988398277737642,0.0
2023-12-27,17:16:00.000000000,48.815,373.84,,,,0,0.0,0.0,0.0,0.0,0.0,0.0,0.0,0.0,0.0,0.9988398277737642,0.9988398277737642,0.0
2023-12-27,17:17:00.000000000,48.825,373.95,0.08886520556764926,15.59385637797756,-0.9525524490915367,0,0.0,0.0,0.0,0.0,0.0,0.0,0.0,0.0,0.0,0.9988398277737642,0.9988398277737642,0.0
2023-12-27,17:18:00.000000000,48.82,373.8,,,,0,0.0,0.0,0.0,0.0,0.0,0.0,0.0,0.0,0.0,0.9988398277737642,0.9988398277737642,0.0
2023-12-27,17:19:00.000000000,48.825,373.81,,,,0,0.0,0.0,0.0,0.0,0.0,0.0,0.0,0.0,0.0,0.9988398277737642,0.9988398277737642,0.0
2023-12-27,17:20:00.000000000,48.83,373.8202,0.08926898971302646,15.459448411678501,-0.9745811306454182,0,0.0,0.0,0.0,0.0,0.0,0.0,0.0,0.0,0.0,0.9988398277737642,0.9988398277737642,0.0
2023-12-27,17:21:00.000000000,48.815,373.815,,,,0,0.0,0.0,0.0,0.0,0.0,0.0,0.0,0.0,0.0,0.9988398277737642,0.9988398277737642,0.0
2023-12-27,17:22:00.000000000,48.815,373.87,,,,0,0.0,0.0,0.0,0.0,0.0,0.0,0.0,0.0,0.0,0.9988398277737642,0.9988398277737642,0.0
2023-12-27,17:23:00.000000000,48.824,373.9125,0.08966487049940179,15.297184109392425,-1.0053755609590667,0,0.0,0.0,0.0,0.0,0.0,0.0,0.0,0.0,0.0,0.9988398277737642,0.9988398277737642,0.0
2023-12-27,17:24:00.000000000,48.8212,373.84,,,,0,0.0,0.0,0.0,0.0,0.0,0.0,0.0,0.0,0.0,0.9988398277737642,0.9988398277737642,0.0
2023-12-27,17:25:00.000000000,48.835,373.7574,,,,0,0.0,0.0,0.0,0.0,0.0,0.0,0.0,0.0,0.0,0.9988398277737642,0.9988398277737642,0.0
2023-12-27,17:26:00.000000000,48.84,373.8599,0.0900803594310514,15.16256583114307,-1.0333093531830475,0,0.0,0.0,0.0,0.0,0.0,0.0,0.0,0.0,0.0,0.9988398277737642,0.9988398277737642,0.0
2023-12-27,17:27:00.000000000,48.84,373.7439,,,,0,0.0,0.0,0.0,0.0,0.0,0.0,0.0,0.0,0.0,0.9988398277737642,0.9988398277737642,0.0
2023-12-27,17:28:00.000000000,48.835,373.78,,,,0,0.0,0.0,0.0,0.0,0.0,0.0,0.0,0.0,0.0,0.9988398277737642,0.9988398277737642,0.0
2023-12-27,17:29:00.000000000,48.8389,373.8101,0.09045419046728921,15.026210016003574,-1.0648219609221252,0,0.0,0.0,0.0,0.0,0.0,0.0,0.0,0.0,0.0,0.9988398277737642,0.9988398277737642,0.0
2023-12-27,17:30:00.000000000,48.84,373.9,,,,0,0.0,0.0,0.0,0.0,0.0,0.0,0.0,0.0,0.0,0.9988398277737642,0.9988398277737642,0.0
2023-12-27,17:31:00.000000000,48.855,373.93,,,,0,0.0,0.0,0.0,0.0,0.0,0.0,0.0,0.0,0.0,0.9988398277737642,0.9988398277737642,0.0
2023-12-27,17:32:00.000000000,48.86,373.93,0.09078175801717821,14.913977224636554,-1.0940759034602456,0,0.0,0.0,0.0,0.0,0.0,0.0,0.0,0.0,0.0,0.9988398277737642,0.9988398277737642,0.0
2023-12-27,17:33:00.000000000,48.86,373.91,,,,0,0.0,0.0,0.0,0.0,0.0,0.0,0.0,0.0,0.0,0.9988398277737642,0.9988398277737642,0.0
2023-12-27,17:34:00.000000000,48.85,373.93,,,,0,0.0,0.0,0.0,0.0,0.0,0.0,0.0,0.0,0.0,0.9988398277737642,0.9988398277737642,0.0
2023-12-27,17:35:00.000000000,48.855,373.88,0.09115272909780432,14.774817644912915,-1.1338361335621348,0,0.0,0.0,0.0,0.0,0.0,0.0,0.0,0.0,0.0,0.9988398277737642,0.9988398277737642,0.0
2023-12-27,17:36:00.000000000,48.8399,373.9,,,,0,0.0,0.0,0.0,0.0,0.0,0.0,0.0,0.0,0.0,0.9988398277737642,0.9988398277737642,0.0
2023-12-27,17:37:00.000000000,48.8525,374.0,,,,0,0.0,0.0,0.0,0.0,0.0,0.0,0.0,0.0,0.0,0.9988398277737642,0.9988398277737642,0.0
2023-12-27,17:38:00.000000000,48.845,373.94,0.09158452681957954,14.597882041086422,-1.188212817904289,0,0.0,0.0,0.0,0.0,0.0,0.0,0.0,0.0,0.0,0.9988398277737642,0.9988398277737642,0.0
2023-12-27,17:39:00.000000000,48.83,373.78,,,,0,0.0,0.0,0.0,0.0,0.0,0.0,0.0,0.0,0.0,0.9988398277737642,0.9988398277737642,0.0
2023-12-27,17:40:00.000000000,48.82,373.67,,,,0,0.0,0.0,0.0,0.0,0.0,0.0,0.0,0.0,0.0,0.9988398277737642,0.9988398277737642,0.0
2023-12-27,17:41:00.000000000,48.82,373.62,0.09188522882935758,14.489840804775419,-1.227567629287884,0,0.0,0.0,0.0,0.0,0.0,0.0,0.0,0.0,0.0,0.9988398277737642,0.9988398277737642,0.0
2023-12-27,17:42:00.000000000,48.8,373.61,,,,0,0.0,0.0,0.0,0.0,0.0,0.0,0.0,0.0,0.0,0.9988398277737642,0.9988398277737642,0.0
2023-12-27,17:43:00.000000000,48.79,373.59,,,,0,0.0,0.0,0.0,0.0,0.0,0.0,0.0,0.0,0.0,0.9988398277737642,0.9988398277737642,0.0
2023-12-27,17:44:00.000000000,48.7928,373.64,0.09214261840748991,14.364632058225467,-1.276064115077073,0,0.0,0.0,0.0,0.0,0.0,0.0,0.0,0.0,0.0,0.9988398277737642,0.9988398277737642,0.0
2023-12-27,17:45:00.000000000,48.81,373.7396,,,,0,0.0,0.0,0.0,0.0,0.0,0.0,0.0,0.0,0.0,0.9988398277737642,0.9988398277737642,0.0
2023-12-27,17:46:00.000000000,48.805,373.7381,,,,0,0.0,0.0,0.0,0.0,0.0,0.0,0.0,0.0,0.0,0.9988398277737642,0.9988398277737642,0.0
2023-12-27,17:47:00.000000000,48.82,373.7606,0.0924000780632503,14.28449138303273,-1.314265092191583,0,0.0,0.0,0.0,0.0,0.0,0.0,0.0,0.0,0.0,0.9988398277737642,0.9988398277737642,0.0
2023-12-27,17:48:00.000000000,48.81,373.6884,,,,0,0.0,0.0,0.0,0.0,0.0,0.0,0.0,0.0,0.0,0.9988398277737642,0.9988398277737642,0.0
2023-12-27,17:49:00.000000000,48.83,373.61,,,,0,0.0,0.0,0.0,0.0,0.0,0.0,0.0,0.0,0.0,0.9988398277737642,0.9988398277737642,0.0
2023-12-27,17:50:00.000000000,48.83,373.58,0.09262865275718447,14.225787902971021,-1.3479021051716849,0,0.0,0.0,0.0,0.0,0.0,0.0,0.0,0.0,0.0,0.9988398277737642,0.9988398277737642,0.0
2023-12-27,17:51:00.000000000,48.83,373.56,,,,0,0.0,0.0,0.0,0.0,0.0,0.0,0.0,0.0,0.0,0.9988398277737642,0.9988398277737642,0.0
2023-12-27,17:52:00.000000000,48.8311,373.56,,,,0,0.0,0.0,0.0,0.0,0.0,0.0,0.0,0.0,0.0,0.9988398277737642,0.9988398277737642,0.0
2023-12-27,17:53:00.000000000,48.825,373.52,0.0928240763475955,14.153351002646133,-1.3878647290281714,0,0.0,0.0,0.0,0.0,0.0,0.0,0.0,0.0,0.0,0.9988398277737642,0.9988398277737642,0.0
2023-12-27,17:54:00.000000000,48.82,373.4587,,,,0,0.0,0.0,0.0,0.0,0.0,0.0,0.0,0.0,0.0,0.9988398277737642,0.9988398277737642,0.0
2023-12-27,17:55:00.000000000,48.82,373.49,,,,0,0.0,0.0,0.0,0.0,0.0,0.0,0.0,0.0,0.0,0.9988398277737642,0.9988398277737642,0.0
2023-12-27,17:56:00.000000000,48.825,373.47,0.09296142295133313,14.106697370365616,-1.4192515159238315,0,0.0,0.0,0.0,0.0,0.0,0.0,0.0,0.0,0.0,0.9988398277737642,0.9988398277737642,0.0
2023-12-27,17:57:00.000000000,48.82,373.44,,,,0,0.0,0.0,0.0,0.0,0.0,0.0,0.0,0.0,0.0,0.9988398277737642,0.9988398277737642,0.0
2023-12-27,17:58:00.000000000,48.815,373.42,,,,0,0.0,0.0,0.0,0.0,0.0,0.0,0.0,0.0,0.0,0.9988398277737642,0.9988398277737642,0.0
2023-12-27,17:59:00.000000000,48.8399,373.43,0.09305895996832733,14.088892579027522,-1.438318454661484,0,0.0,0.0,0.0,0.0,0.0,0.0,0.0,0.0,0.0,0.9988398277737642,0.9988398277737642,0.0
2023-12-27,18:00:00.000000000,48.835,373.42,,,,0,0.0,0.0,0.0,0.0,0.0,0.0,0.0,0.0,0.0,0.9988398277737642,0.9988398277737642,0.0
2023-12-27,18:01:00.000000000,48.845,373.42,,,,0,0.0,0.0,0.0,0.0,0.0,0.0,0.0,0.0,0.0,0.9988398277737642,0.9988398277737642,0.0
2023-12-27,18:02:00.000000000,48.895,373.6467,0.09317230121887589,14.081477118161047,-1.4488425814225268,0,0.0,0.0,0.0,0.0,0.0,0.0,0.0,0.0,0.0,0.9988398277737642,0.9988398277737642,0.0
2023-12-27,18:03:00.000000000,48.88,373.74,,,,0,0.0,0.0,0.0,0.0,0.0,0.0,0.0,0.0,0.0,0.9988398277737642,0.9988398277737642,0.0
2023-12-27,18:04:00.000000000,48.895,373.67,,,,0,0.0,0.0,0.0,0.0,0.0,0.0,0.0,0.0,0.0,0.9988398277737642,0.9988398277737642,0.0
2023-12-27,18:05:00.000000000,48.915,373.76,0.09325972578515102,14.058244890541957,-1.467170426437662,0,0.0,0.0,0.0,0.0,0.0,0.0,0.0,0.0,0.0,0.9988398277737642,0.9988398277737642,0.0
2023-12-27,18:06:00.000000000,48.97,373.9,,,,0,0.0,0.0,0.0,0.0,0.0,0.0,0.0,0.0,0.0,0.9988398277737642,0.9988398277737642,0.0
2023-12-27,18:07:00.000000000,48.95,374.0201,,,,0,0.0,0.0,0.0,0.0,0.0,0.0,0.0,0.0,0.0,0.9988398277737642,0.9988398277737642,0.0
2023-12-27,18:08:00.000000000,48.975,374.22,0.09341777286325849,14.016201039111408,-1.494811164569837,0,0.0,0.0,0.0,0.0,0.0,0.0,0.0,0.0,0.0,0.9988398277737642,0.9988398277737642,0.0
2023-12-27,18:09:00.000000000,48.95,374.225,,,,0,0.0,0.0,0.0,0.0,0.0,0.0,0.0,0.0,0.0,0.9988398277737642,0.9988398277737642,0.0
2023-12-27,18:10:00.000000000,48.965,374.27,,,,0,0.0,0.0,0.0,0.0,0.0,0.0,0.0,0.0,0.0,0.9988398277737642,0.9988398277737642,0.0
2023-12-27,18:11:00.000000000,48.96,374.37,0.09358806677760471,13.923435440468126,-1.5457289211374672,0,0.0,0.0,0.0,0.0,0.0,0.0,0.0,0.0,0.0,0.9988398277737642,0.9988398277737642,0.0
2023-12-27,18:12:00.000000000,48.97,374.181,,,,0,0.0,0.0,0.0,0.0,0.0,0.0,0.0,0.0,0.0,0.9988398277737642,0.9988398277737642,0.0
2023-12-27,18:13:00.000000000,48.95,374.1869,,,,0,0.0,0.0,0.0,0.0,0.0,0.0,0.0,0.0,0.0,0.9988398277737642,0.9988398277737642,0.0
2023-12-27,18:14:00.000000000,48.915,374.015,0.09370848275987728,13.866621820564497,-1.5806351137358883,0,0.0,0.0,0.0,0.0,0.0,0.0,0.0,0.0,0.0,0.9988398277737642,0.9988398277737642,0.0
2023-12-27,18:15:00.000000000,48.92,374.16,,,,0,0.0,0.0,0.0,0.0,0.0,0.0,0.0,0.0,0.0,0.9988398277737642,0.9988398277737642,0.0
2023-12-27,18:16:00.000000000,48.92,374.17,,,,0,0.0,0.0,0.0,0.0,0.0,0.0,0.0,0.0,0.0,0.9988398277737642,0.9988398277737642,0.0
2023-12-27,18:17:00.000000000,48.935,374.11,0.09387448700782278,13.815615665503422,-1.60734890232632,0,0.0,0.0,0.0,0.0,0.0,0.0,0.0,0.0,0.0,0.9988398277737642,0.9988398277737642,0.0
2023-12-27,18:18:00.000000000,48.93,374.18,,,,0,0.0,0.0,0.0,0.0,0.0,0.0,0.0,0.0,0.0,0.9988398277737642,0.9988398277737642,0.0
2023-12-27,18:19:00.000000000,48.925,374.14,,,,0,0.0,0.0,0.0,0.0,0.0,0.0,0.0,0.0,0.0,0.9988398277737642,0.9988398277737642,0.0
2023-12-27,18:20:00.000000000,48.91,374.11,0.09400669808323961,13.741154180079228,-1.6399346697219046,0,0.0,0.0,0.0,0.0,0.0,0.0,0.0,0.0,0.0,0.9988398277737642,0.9988398277737642,0.0
2023-12-27,18:21:00.000000000,48.91,374.07,,,,0,0.0,0.0,0.0,0.0,0.0,0.0,0.0,0.0,0.0,0.9988398277737642,0.9988398277737642,0.0
2023-12-27,18:22:00.000000000,48.91,374.12,,,,0,0.0,0.0,0.0,0.0,0.0,0.0,0.0,0.0,0.0,0.9988398277737642,0.9988398277737642,0.0
2023-12-27,18:23:00.000000000,48.9,374.0495,0.09412098478455833,13.694092701828346,-1.6546446730885616,0,0.0,0.0,0.0,0.0,0.0,0.0,0.0,0.0,0.0,0.9988398277737642,0.9988398277737642,0.0
2023-12-27,18:24:00.000000000,48.895,374.03,,,,0,0.0,0.0,0.0,0.0,0.0,0.0,0.0,0.0,0.0,0.9988398277737642,0.9988398277737642,0.0
2023-12-27,18:25:00.000000000,48.89,373.97,,,,0,0.0,0.0,0.0,0.0,0.0,0.0,0.0,0.0,0.0,0.9988398277737642,0.9988398277737642,0.0
2023-12-27,18:26:00.000000000,48.9,373.9,0.09421231378359832,13.674015876312588,-1.6470008323030705,0,0.0,0.0,0.0,0.0,0.0,0.0,0.0,0.0,0.0,0.9988398277737642,0.9988398277737642,0.0
2023-12-27,18:27:00.000000000,48.882,374.0,,,,0,0.0,0.0,0.0,0.0,0.0,0.0,0.0,0.0,0.0,0.9988398277737642,0.9988398277737642,0.0
2023-12-27,18:28:00.000000000,48.875,373.99,,,,0,0.0,0.0,0.0,0.0,0.0,0.0,0.0,0.0,0.0,0.9988398277737642,0.9988398277737642,0.0
2023-12-27,18:29:00.000000000,48.87,374.01,0.09431799914967565,13.59412513802981,-1.667235224888548,0,0.0,0.0,0.0,0.0,0.0,0.0,0.0,0.0,0.0,0.9988398277737642,0.9988398277737642,0.0
2023-12-27,18:30:00.000000000,48.87,374.1601,,,,0,0.0,0.0,0.0,0.0,0.0,0.0,0.0,0.0,0.0,0.9988398277737642,0.9988398277737642,0.0
2023-12-27,18:31:00.000000000,48.87,374.1704,,,,0,0.0,0.0,0.0,0.0,0.0,0.0,0.0,0.0,0.0,0.9988398277737642,0.9988398277737642,0.0
2023-12-27,18:32:00.000000000,48.8473,374.1406,0.0944089295896458,13.525086437972163,-1.6756900033928692,0,0.0,0.0,0.0,0.0,0.0,0.0,0.0,0.0,0.0,0.9988398277737642,0.9988398277737642,0.0
2023-12-27,18:33:00.000000000,48.85,374.1601,,,,0,0.0,0.0,0.0,0.0,0.0,0.0,0.0,0.0,0.0,0.9988398277737642,0.9988398277737642,0.0
2023-12-27,18:34:00.000000000,48.855,374.19,,,,0,0.0,0.0,0.0,0.0,0.0,0.0,0.0,0.0,0.0,0.9988398277737642,0.9988398277737642,0.0
2023-12-27,18:35:00.000000000,48.875,374.23,0.09449624113342535,13.51167168063823,-1.6476324640103066,0,0.0,0.0,0.0,0.0,0.0,0.0,0.0,0.0,0.0,0.9988398277737642,0.9988398277737642,0.0
2023-12-27,18:36:00.000000000,48.88,374.175,,,,0,0.0,0.0,0.0,0.0,0.0,0.0,0.0,0.0,0.0,0.9988398277737642,0.9988398277737642,0.0
2023-12-27,18:37:00.000000000,48.875,374.13,,,,0,0.0,0.0,0.0,0.0,0.0,0.0,0.0,0.0,0.0,0.9988398277737642,0.9988398277737642,0.0
2023-12-27,18:38:00.000000000,48.88,374.097,0.09458472234156785,13.496139126186492,-1.6203993064862041,0,0.0,0.0,0.0,0.0,0.0,0.0,0.0,0.0,0.0,0.9988398277737642,0.9988398277737642,0.0
2023-12-27,18:39:00.000000000,48.88,374.13,,,,0,0.0,0.0,0.0,0.0,0.0,0.0,0.0,0.0,0.0,0.9988398277737642,0.9988398277737642,0.0
2023-12-27,18:40:00.000000000,48.88,374.13,,,,0,0.0,0.0,0.0,0.0,0.0,0.0,0.0,0.0,0.0,0.9988398277737642,0.9988398277737642,0.0
2023-12-27,18:41:00.000000000,48.88,374.16,0.09471160645010267,13.442705330629586,-1.6129801350767061,0,0.0,0.0,0.0,0.0,0.0,0.0,0.0,0.0,0.0,0.9988398277737642,0.9988398277737642,0.0
2023-12-27,18:42:00.000000000,48.9,374.25,,,,0,0.0,0.0,0.0,0.0,0.0,0.0,0.0,0.0,0.0,0.9988398277737642,0.9988398277737642,0.0
2023-12-27,18:43:00.000000000,48.89,374.2,,,,0,0.0,0.0,0.0,0.0,0.0,0.0,0.0,0.0,0.0,0.9988398277737642,0.9988398277737642,0.0
2023-12-27,18:44:00.000000000,48.905,374.1861,0.09481931851429357,13.424929000478699,-1.5850266970587747,0,0.0,0.0,0.0,0.0,0.0,0.0,0.0,0.0,0.0,0.9988398277737642,0.9988398277737642,0.0
2023-12-27,18:45:00.000000000,48.895,374.08,,,,0,0.0,0.0,0.0,0.0,0.0,0.0,0.0,0.0,0.0,0.9988398277737642,0.9988398277737642,0.0
2023-12-27,18:46:00.000000000,48.89,374.13,,,,0,0.0,0.0,0.0,0.0,0.0,0.0,0.0,0.0,0.0,0.9988398277737642,0.9988398277737642,0.0
2023-12-27,18:47:00.000000000,48.89,374.07,0.09494618923803427,13.373478991728518,-1.5767471474736696,0,0.0,0.0,0.0,0.0,0.0,0.0,0.0,0.0,0.0,0.9988398277737642,0.9988398277737642,0.0
2023-12-27,18:48:00.000000000,48.895,374.1,,,,0,0.0,0.0,0.0,0.0,0.0,0.0,0.0,0.0,0.0,0.9988398277737642,0.9988398277737642,0.0
2023-12-27,18:49:00.000000000,48.92,374.08,,,,0,0.0,0.0,0.0,0.0,0.0,0.0,0.0,0.0,0.0,0.9988398277737642,0.9988398277737642,0.0
2023-12-27,18:50:00.000000000,48.91,374.095,0.09508636124619703,13.338667689603916,-1.5592210815253578,0,0.0,0.0,0.0,0.0,0.0,0.0,0.0,0.0,0.0,0.9988398277737642,0.9988398277737642,0.0
2023-12-27,18:51:00.000000000,48.9,374.08,,,,0,0.0,0.0,0.0,0.0,0.0,0.0,0.0,0.0,0.0,0.9988398277737642,0.9988398277737642,0.0
2023-12-27,18:52:00.000000000,48.885,374.0527,,,,0,0.0,0.0,0.0,0.0,0.0,0.0,0.0,0.0,0.0,0.9988398277737642,0.9988398277737642,0.0
2023-12-27,18:53:00.000000000,48.9,374.1,0.09523645368708623,13.272042675661034,-1.5600812449041703,0,0.0,0.0,0.0,0.0,0.0,0.0,0.0,0.0,0.0,0.9988398277737642,0.9988398277737642,0.0
2023-12-27,18:54:00.000000000,48.895,374.02,,,,0,0.0,0.0,0.0,0.0,0.0,0.0,0.0,0.0,0.0,0.9988398277737642,0.9988398277737642,0.0
2023-12-27,18:55:00.000000000,48.895,374.0,,,,0,0.0,0.0,0.0,0.0,0.0,0.0,0.0,0.0,0.0,0.9988398277737642,0.9988398277737642,0.0
2023-12-27,18:56:00.000000000,48.905,373.965,0.0953535050578391,13.246126481045202,-1.5376097903421955,0,0.0,0.0,0.0,0.0,0.0,0.0,0.0,0.0,0.0,0.9988398277737642,0.9988398277737642,0.0
2023-12-27,18:57:00.000000000,48.925,374.085,,,,0,0.0,0.0,0.0,0.0,0.0,0.0,0.0,0.0,0.0,0.9988398277737642,0.9988398277737642,0.0
2023-12-27,18:58:00.000000000,48.91,374.0515,,,,0,0.0,0.0,0.0,0.0,0.0,0.0,0.0,0.0,0.0,0.9988398277737642,0.9988398277737642,0.0
2023-12-27,18:59:00.000000000,48.9,373.97,0.09545585777317747,13.202372868564815,-1.5261449666513458,0,0.0,0.0,0.0,0.0,0.0,0.0,0.0,0.0,0.0,0.9988398277737642,0.9988398277737642,0.0
2023-12-27,19:00:00.000000000,48.845,373.5257,,,,0,0.0,0.0,0.0,0.0,0.0,0.0,0.0,0.0,0.0,0.9988398277737642,0.9988398277737642,0.0
2023-12-27,19:01:00.000000000,48.875,373.58,,,,0,0.0,0.0,0.0,0.0,0.0,0.0,0.0,0.0,0.0,0.9988398277737642,0.9988398277737642,0.0
2023-12-27,19:02:00.000000000,48.8498,373.42,0.09546133543176126,13.202628123071712,-1.4898592868852916,0,0.0,0.0,0.0,0.0,0.0,0.0,0.0,0.0,0.0,0.9988398277737642,0.9988398277737642,0.0
2023-12-27,19:03:00.000000000,48.81,373.41,,,,0,0.0,0.0,0.0,0.0,0.0,0.0,0.0,0.0,0.0,0.9988398277737642,0.9988398277737642,0.0
2023-12-27,19:04:00.000000000,48.7932,373.33,,,,0,0.0,0.0,0.0,0.0,0.0,0.0,0.0,0.0,0.0,0.9988398277737642,0.9988398277737642,0.0
2023-12-27,19:05:00.000000000,48.8,373.355,0.09545555574441437,13.161190985044165,-1.478759745483017,0,0.0,0.0,0.0,0.0,0.0,0.0,0.0,0.0,0.0,0.9988398277737642,0.9988398277737642,0.0
2023-12-27,19:06:00.000000000,48.85,373.5,,,,0,0.0,0.0,0.0,0.0,0.0,0.0,0.0,0.0,0.0,0.9988398277737642,0.9988398277737642,0.0
2023-12-27,19:07:00.000000000,48.84,373.4214,,,,0,0.0,0.0,0.0,0.0,0.0,0.0,0.0,0.0,0.0,0.9988398277737642,0.9988398277737642,0.0
2023-12-27,19:08:00.000000000,48.84,373.57,0.09547917910977274,13.1718430599622,-1.4377159070804815,0,0.0,0.0,0.0,0.0,0.0,0.0,0.0,0.0,0.0,0.9988398277737642,0.9988398277737642,0.0
2023-12-27,19:09:00.000000000,48.83,373.485,,,,0,0.0,0.0,0.0,0.0,0.0,0.0,0.0,0.0,0.0,0.9988398277737642,0.9988398277737642,0.0
2023-12-27,19:10:00.000000000,48.835,373.395,,,,0,0.0,0.0,0.0,0.0,0.0,0.0,0.0,0.0,0.0,0.9988398277737642,0.9988398277737642,0.0
2023-12-27,19:11:00.000000000,48.805,373.345,0.0954740465743795,13.160242081688281,-1.410875518679431,0,0.0,0.0,0.0,0.0,0.0,0.0,0.0,0.0,0.0,0.9988398277737642,0.9988398277737642,0.0
2023-12-27,19:12:00.000000000,48.8,373.21,,,,0,0.0,0.0,0.0,0.0,0.0,0.0,0.0,0.0,0.0,0.9988398277737642,0.9988398277737642,0.0
2023-12-27,19:13:00.000000000,48.82,373.2489,,,,0,0.0,0.0,0.0,0.0,0.0,0.0,0.0,0.0,0.0,0.9988398277737642,0.9988398277737642,0.0
2023-12-27,19:14:00.000000000,48.81,373.1716,0.09545011114906371,13.190729302326055,-1.3609421674805986,0,0.0,0.0,0.0,0.0,0.0,0.0,0.0,0.0,0.0,0.9988398277737642,0.9988398277737642,0.0
2023-12-27,19:15:00.000000000,48.82,373.13,,,,0,0.0,0.0,0.0,0.0,0.0,0.0,0.0,0.0,0.0,0.9988398277737642,0.9988398277737642,0.0
2023-12-27,19:16:00.000000000,48.81,373.21,,,,0,0.0,0.0,0.0,0.0,0.0,0.0,0.0,0.0,0.0,0.9988398277737642,0.9988398277737642,0.0
2023-12-27,19:17:00.000000000,48.82,373.2299,0.0954385861250036,13.199466044423524,-1.3252259982612513,0,0.0,0.0,0.0,0.0,0.0,0.0,0.0,0.0,0.0,0.9988398277737642,0.9988398277737642,0.0
2023-12-27,19:18:00.000000000,48.84,373.31,,,,0,0.0,0.0,0.0,0.0,0.0,0.0,0.0,0.0,0.0,0.9988398277737642,0.9988398277737642,0.0
2023-12-27,19:19:00.000000000,48.84,373.42,,,,0,0.0,0.0,0.0,0.0,0.0,0.0,0.0,0.0,0.0,0.9988398277737642,0.9988398277737642,0.0
2023-12-27,19:20:00.000000000,48.865,373.518,0.09546224090457422,13.20813470180525,-1.290767373597359,0,0.0,0.0,0.0,0.0,0.0,0.0,0.0,0.0,0.0,0.9988398277737642,0.9988398277737642,0.0
2023-12-27,19:21:00.000000000,48.84,373.45,,,,0,0.0,0.0,0.0,0.0,0.0,0.0,0.0,0.0,0.0,0.9988398277737642,0.9988398277737642,0.0
2023-12-27,19:22:00.000000000,48.86,373.595,,,,0,0.0,0.0,0.0,0.0,0.0,0.0,0.0,0.0,0.0,0.9988398277737642,0.9988398277737642,0.0
2023-12-27,19:23:00.000000000,48.8613,373.645,0.09548602068739875,13.183425800256892,-1.2771899503027486,0,0.0,0.0,0.0,0.0,0.0,0.0,0.0,0.0,0.0,0.9988398277737642,0.9988398277737642,0.0
2023-12-27,19:24:00.000000000,48.86,373.52,,,,0,0.0,0.0,0.0,0.0,0.0,0.0,0.0,0.0,0.0,0.9988398277737642,0.9988398277737642,0.0
2023-12-27,19:25:00.000000000,48.846,373.4,,,,0,0.0,0.0,0.0,0.0,0.0,0.0,0.0,0.0,0.0,0.9988398277737642,0.9988398277737642,0.0
2023-12-27,19:26:00.000000000,48.88,373.51,0.09552113809876278,13.20189970873112,-1.2380182132475213,0,0.0,0.0,0.0,0.0,0.0,0.0,0.0,0.0,0.0,0.9988398277737642,0.9988398277737642,0.0
2023-12-27,19:27:00.000000000,48.8512,373.455,,,,0,0.0,0.0,0.0,0.0,0.0,0.0,0.0,0.0,0.0,0.9988398277737642,0.9988398277737642,0.0
2023-12-27,19:28:00.000000000,48.875,373.42,,,,0,0.0,0.0,0.0,0.0,0.0,0.0,0.0,0.0,0.0,0.9988398277737642,0.9988398277737642,0.0
2023-12-27,19:29:00.000000000,48.8672,373.4145,0.09555196256872428,13.186711673381105,-1.221161815761813,0,0.0,0.0,0.0,0.0,0.0,0.0,0.0,0.0,0.0,0.9988398277737642,0.9988398277737642,0.0
2023-12-27,19:30:00.000000000,48.874,373.42,,,,0,0.0,0.0,0.0,0.0,0.0,0.0,0.0,0.0,0.0,0.9988398277737642,0.9988398277737642,0.0
2023-12-27,19:31:00.000000000,48.85,373.38,,,,0,0.0,0.0,0.0,0.0,0.0,0.0,0.0,0.0,0.0,0.9988398277737642,0.9988398277737642,0.0
2023-12-27,19:32:00.000000000,48.85,373.365,0.09559196156926117,13.159307268692807,-1.2125571489918547,0,0.0,0.0,0.0,0.0,0.0,0.0,0.0,0.0,0.0,0.9988398277737642,0.9988398277737642,0.0
2023-12-27,19:33:00.000000000,48.855,373.45,,,,0,0.0,0.0,0.0,0.0,0.0,0.0,0.0,0.0,0.0,0.9988398277737642,0.9988398277737642,0.0
2023-12-27,19:34:00.000000000,48.835,373.38,,,,0,0.0,0.0,0.0,0.0,0.0,0.0,0.0,0.0,0.0,0.9988398277737642,0.9988398277737642,0.0
2023-12-27,19:35:00.000000000,48.835,373.3419,0.09563778062940857,13.129409268033406,-1.2057723021967606,0,0.0,0.0,0.0,0.0,0.0,0.0,0.0,0.0,0.0,0.9988398277737642,0.9988398277737642,0.0
2023-12-27,19:36:00.000000000,48.8303,373.28,,,,0,0.0,0.0,0.0,0.0,0.0,0.0,0.0,0.0,0.0,0.9988398277737642,0.9988398277737642,0.0
2023-12-27,19:37:00.000000000,48.83,373.2716,,,,0,0.0,0.0,0.0,0.0,0.0,0.0,0.0,0.0,0.0,0.9988398277737642,0.9988398277737642,0.0
2023-12-27,19:38:00.000000000,48.83,373.2628,0.09565994197739375,13.123702209680467,-1.1839235870745288,0,0.0,0.0,0.0,0.0,0.0,0.0,0.0,0.0,0.0,0.9988398277737642,0.9988398277737642,0.0
2023-12-27,19:39:00.000000000,48.83,373.17,,,,0,0.0,0.0,0.0,0.0,0.0,0.0,0.0,0.0,0.0,0.9988398277737642,0.9988398277737642,0.0
2023-12-27,19:40:00.000000000,48.82,373.02,,,,0,0.0,0.0,0.0,0.0,0.0,0.0,0.0,0.0,0.0,0.9988398277737642,0.9988398277737642,0.0
2023-12-27,19:41:00.000000000,48.824,373.135,0.09566485348644126,13.12809489433674,-1.1559005841255405,0,0.0,0.0,0.0,0.0,0.0,0.0,0.0,0.0,0.0,0.9988398277737642,0.9988398277737642,0.0
2023-12-27,19:42:00.000000000,48.8,373.03,,,,0,0.0,0.0,0.0,0.0,0.0,0.0,0.0,0.0,0.0,0.9988398277737642,0.9988398277737642,0.0
2023-12-27,19:43:00.000000000,48.8009,373.035,,,,0,0.0,0.0,0.0,0.0,0.0,0.0,0.0,0.0,0.0,0.9988398277737642,0.9988398277737642,0.0
2023-12-27,19:44:00.000000000,48.805,373.06,0.09567115615532715,13.113918484693656,-1.1404127183923678,0,0.0,0.0,0.0,0.0,0.0,0.0,0.0,0.0,0.0,0.9988398277737642,0.9988398277737642,0.0
2023-12-27,19:45:00.000000000,48.795,373.12,,,,0,0.0,0.0,0.0,0.0,0.0,0.0,0.0,0.0,0.0,0.9988398277737642,0.9988398277737642,0.0
2023-12-27,19:46:00.000000000,48.7999,373.1773,,,,0,0.0,0.0,0.0,0.0,0.0,0.0,0.0,0.0,0.0,0.9988398277737642,0.9988398277737642,0.0
2023-12-27,19:47:00.000000000,48.785,373.2456,0.09572216051564937,13.057124765040136,-1.1531381893121297,0,0.0,0.0,0.0,0.0,0.0,0.0,0.0,0.0,0.0,0.9988398277737642,0.9988398277737642,0.0
2023-12-27,19:48:00.000000000,48.78,373.14,,,,0,0.0,0.0,0.0,0.0,0.0,0.0,0.0,0.0,0.0,0.9988398277737642,0.9988398277737642,0.0
2023-12-27,19:49:00.000000000,48.7831,373.22,,,,0,0.0,0.0,0.0,0.0,0.0,0.0,0.0,0.0,0.0,0.9988398277737642,0.9988398277737642,0.0
2023-12-27,19:50:00.000000000,48.79,373.215,0.09578403577642844,13.041961087700258,-1.1386210572887976,0,0.0,0.0,0.0,0.0,0.0,0.0,0.0,0.0,0.0,0.9988398277737642,0.9988398277737642,0.0
2023-12-27,19:51:00.000000000,48.774,373.22,,,,0,0.0,0.0,0.0,0.0,0.0,0.0,0.0,0.0,0.0,0.9988398277737642,0.9988398277737642,0.0
2023-12-27,19:52:00.000000000,48.774,373.06,,,,0,0.0,0.0,0.0,0.0,0.0,0.0,0.0,0.0,0.0,0.9988398277737642,0.9988398277737642,0.0
2023-12-27,19:53:00.000000000,48.7815,373.09,0.09582461783127258,13.030293333330519,-1.1219690665232072,0,0.0,0.0,0.0,0.0,0.0,0.0,0.0,0.0,0.0,0.9988398277737642,0.9988398277737642,0.0
2023-12-27,19:54:00.000000000,48.79,373.07,,,,0,0.0,0.0,0.0,0.0,0.0,0.0,0.0,0.0,0.0,0.9988398277737642,0.9988398277737642,0.0
2023-12-27,19:55:00.000000000,48.79,373.11,,,,0,0.0,0.0,0.0,0.0,0.0,0.0,0.0,0.0,0.0,0.9988398277737642,0.9988398277737642,0.0
2023-12-27,19:56:00.000000000,48.7814,373.21,0.09584772512238392,13.010070507075099,-1.11129043452139,0,0.0,0.0,0.0,0.0,0.0,0.0,0.0,0.0,0.0,0.9988398277737642,0.9988398277737642,0.0
2023-12-27,19:57:00.000000000,48.798,373.28,,,,0,0.0,0.0,0.0,0.0,0.0,0.0,0.0,0.0,0.0,0.9988398277737642,0.9988398277737642,0.0
2023-12-27,19:58:00.000000000,48.8,373.33,,,,0,0.0,0.0,0.0,0.0,0.0,0.0,0.0,0.0,0.0,0.9988398277737642,0.9988398277737642,0.0
2023-12-27,19:59:00.000000000,48.81,373.32,0.09587683305683427,13.01726068322263,-1.082657124772096,1,0.0,0.0,0.0,0.0,0.0,0.0,0.0,0.0,0.0,0.9988398277737642,0.9988398277737642,0.0
2023-12-27,20:00:00.000000000,48.815,373.25,,,,0,0.0,0.0,0.0,0.0,0.0,0.0,0.0,0.0,0.0,0.9988398277737642,0.9988398277737642,0.0
2023-12-27,20:01:00.000000000,48.83,373.32,,,,0,0.0,0.0,0.0,0.0,0.0,0.0,0.0,0.0,0.0,0.9988398277737642,0.9988398277737642,0.0
2023-12-27,20:02:00.000000000,48.845,373.4142,0.0959143204615259,13.029230756315677,-1.0517897495990884,0,0.0,0.0,0.0,0.0,0.0,0.0,0.0,0.0,0.0,0.9988398277737642,0.9988398277737642,0.0
2023-12-27,20:03:00.000000000,48.855,373.4365,,,,0,0.0,0.0,0.0,0.0,0.0,0.0,0.0,0.0,0.0,0.9988398277737642,0.9988398277737642,0.0
2023-12-27,20:04:00.000000000,48.86,373.375,,,,0,0.0,0.0,0.0,0.0,0.0,0.0,0.0,0.0,0.0,0.9988398277737642,0.9988398277737642,0.0
2023-12-27,20:05:00.000000000,48.84,373.27,0.09594780981411635,13.025561030684791,-1.0327575248313368,0,0.0,0.0,0.0,0.0,0.0,0.0,0.0,0.0,0.0,0.9988398277737642,0.9988398277737642,0.0
2023-12-27,20:06:00.000000000,48.855,373.37,,,,0,0.0,0.0,0.0,0.0,0.0,0.0,0.0,0.0,0.0,0.9988398277737642,0.9988398277737642,0.0
2023-12-27,20:07:00.000000000,48.88,373.415,,,,0,0.0,0.0,0.0,0.0,0.0,0.0,0.0,0.0,0.0,0.9988398277737642,0.9988398277737642,0.0
2023-12-27,20:08:00.000000000,48.885,373.42,0.0959942986376796,13.038809002717684,-1.0025278631377277,0,0.0,0.0,0.0,0.0,0.0,0.0,0.0,0.0,0.0,0.9988398277737642,0.9988398277737642,0.0
2023-12-27,20:09:00.000000000,48.89,373.36,,,,0,0.0,0.0,0.0,0.0,0.0,0.0,0.0,0.0,0.0,0.9988398277737642,0.9988398277737642,0.0
2023-12-27,20:10:00.000000000,48.875,373.32,,,,0,0.0,0.0,0.0,0.0,0.0,0.0,0.0,0.0,0.0,0.9988398277737642,0.9988398277737642,0.0
2023-12-27,20:11:00.000000000,48.88,373.5,0.09605925196082346,13.001869392632443,-1.0096845986270864,0,0.0,0.0,0.0,0.0,0.0,0.0,0.0,0.0,0.0,0.9988398277737642,0.9988398277737642,0.0
2023-12-27,20:12:00.000000000,48.895,373.57,,,,0,0.0,0.0,0.0,0.0,0.0,0.0,0.0,0.0,0.0,0.9988398277737642,0.9988398277737642,0.0
2023-12-27,20:13:00.000000000,48.89,373.54,,,,0,0.0,0.0,0.0,0.0,0.0,0.0,0.0,0.0,0.0,0.9988398277737642,0.9988398277737642,0.0
2023-12-27,20:14:00.000000000,48.875,373.4,0.09612923227668861,12.980344667884474,-1.0064086056010795,0,0.0,0.0,0.0,0.0,0.0,0.0,0.0,0.0,0.0,0.9988398277737642,0.9988398277737642,0.0
2023-12-27,20:15:00.000000000,48.9,373.61,,,,0,0.0,0.0,0.0,0.0,0.0,0.0,0.0,0.0,0.0,0.9988398277737642,0.9988398277737642,0.0
2023-12-27,20:16:00.000000000,48.865,373.45,,,,0,0.0,0.0,0.0,0.0,0.0,0.0,0.0,0.0,0.0,0.9988398277737642,0.9988398277737642,0.0
2023-12-27,20:17:00.000000000,48.87,373.47,0.09622232353243639,12.933848830340978,-1.0226940187239932,0,0.0,0.0,0.0,0.0,0.0,0.0,0.0,0.0,0.0,0.9988398277737642,0.9988398277737642,0.0
2023-12-27,20:18:00.000000000,48.87,373.504,,,,0,0.0,0.0,0.0,0.0,0.0,0.0,0.0,0.0,0.0,0.9988398277737642,0.9988398277737642,0.0
2023-12-27,20:19:00.000000000,48.8551,373.58,,,,0,0.0,0.0,0.0,0.0,0.0,0.0,0.0,0.0,0.0,0.9988398277737642,0.9988398277737642,0.0
2023-12-27,20:20:00.000000000,48.86,373.57,0.09633971625097235,12.870372200124258,-1.0525184609631741,0,0.0,0.0,0.0,0.0,0.0,0.0,0.0,0.0,0.0,0.9988398277737642,0.9988398277737642,0.0
2023-12-27,20:21:00.000000000,48.88,373.59,,,,0,0.0,0.0,0.0,0.0,0.0,0.0,0.0,0.0,0.0,0.9988398277737642,0.9988398277737642,0.0
2023-12-27,20:22:00.000000000,48.875,373.53,,,,0,0.0,0.0,0.0,0.0,0.0,0.0,0.0,0.0,0.0,0.9988398277737642,0.9988398277737642,0.0
2023-12-27,20:23:00.000000000,48.87,373.44,0.09646857159476152,12.844776623652258,-1.0540246209327135,0,0.0,0.0,0.0,0.0,0.0,0.0,0.0,0.0,0.0,0.9988398277737642,0.9988398277737642,0.0
2023-12-27,20:24:00.000000000,48.85,373.39,,,,0,0.0,0.0,0.0,0.0,0.0,0.0,0.0,0.0,0.0,0.9988398277737642,0.9988398277737642,0.0
2023-12-27,20:25:00.000000000,48.8494,373.44,,,,0,0.0,0.0,0.0,0.0,0.0,0.0,0.0,0.0,0.0,0.9988398277737642,0.9988398277737642,0.0
2023-12-27,20:26:00.000000000,48.845,373.3,0.09658855728171944,12.78849156673413,-1.0811276016155373,0,0.0,0.0,0.0,0.0,0.0,0.0,0.0,0.0,0.0,0.9988398277737642,0.9988398277737642,0.0
2023-12-27,20:27:00.000000000,48.85,373.251,,,,0,0.0,0.0,0.0,0.0,0.0,0.0,0.0,0.0,0.0,0.9988398277737642,0.9988398277737642,0.0
2023-12-27,20:28:00.000000000,48.85,373.245,,,,0,0.0,0.0,0.0,0.0,0.0,0.0,0.0,0.0,0.0,0.9988398277737642,0.9988398277737642,0.0
2023-12-27,20:29:00.000000000,48.86,373.46,0.09672314020819758,12.737776057846531,-1.1054224431383377,0,0.0,0.0,0.0,0.0,0.0,0.0,0.0,0.0,0.0,0.9988398277737642,0.9988398277737642,0.0
2023-12-27,20:30:00.000000000,48.85,373.42,,,,0,0.0,0.0,0.0,0.0,0.0,0.0,0.0,0.0,0.0,0.9988398277737642,0.9988398277737642,0.0
2023-12-27,20:31:00.000000000,48.859,373.3,,,,0,0.0,0.0,0.0,0.0,0.0,0.0,0.0,0.0,0.0,0.9988398277737642,0.9988398277737642,0.0
2023-12-27,20:32:00.000000000,48.865,373.35,0.09677951355452867,12.732368614416721,-1.0936754274689615,0,0.0,0.0,0.0,0.0,0.0,0.0,0.0,0.0,0.0,0.9988398277737642,0.9988398277737642,0.0
2023-12-27,20:33:00.000000000,48.875,373.54,,,,0,0.0,0.0,0.0,0.0,0.0,0.0,0.0,0.0,0.0,0.9988398277737642,0.9988398277737642,0.0
2023-12-27,20:34:00.000000000,48.885,373.47,,,,0,0.0,0.0,0.0,0.0,0.0,0.0,0.0,0.0,0.0,0.9988398277737642,0.9988398277737642,0.0
2023-12-27,20:35:00.000000000,48.895,373.57,0.09690801669143126,12.69307220458203,-1.1120225009410918,0,0.0,0.0,0.0,0.0,0.0,0.0,0.0,0.0,0.0,0.9988398277737642,0.9988398277737642,0.0
2023-12-27,20:36:00.000000000,48.905,373.6606,,,,0,0.0,0.0,0.0,0.0,0.0,0.0,0.0,0.0,0.0,0.9988398277737642,0.9988398277737642,0.0
2023-12-27,20:37:00.000000000,48.87,373.57,,,,0,0.0,0.0,0.0,0.0,0.0,0.0,0.0,0.0,0.0,0.9988398277737642,0.9988398277737642,0.0
2023-12-27,20:38:00.000000000,48.865,373.61,0.09701423479514318,12.61951173818656,-1.1630307314353032,0,0.0,0.0,0.0,0.0,0.0,0.0,0.0,0.0,0.0,0.9988398277737642,0.9988398277737642,0.0
2023-12-27,20:39:00.000000000,48.875,373.57,,,,0,0.0,0.0,0.0,0.0,0.0,0.0,0.0,0.0,0.0,0.9988398277737642,0.9988398277737642,0.0
2023-12-27,20:40:00.000000000,48.89,373.55,,,,0,0.0,0.0,0.0,0.0,0.0,0.0,0.0,0.0,0.0,0.9988398277737642,0.9988398277737642,0.0
2023-12-27,20:41:00.000000000,48.875,373.33,0.09740763482792708,12.509807689689985,-1.250169923566813,0,0.0,0.0,0.0,0.0,0.0,0.0,0.0,0.0,0.0,0.9988398277737642,0.9988398277737642,0.0
2023-12-27,20:42:00.000000000,48.855,373.25,,,,0,0.0,0.0,0.0,0.0,0.0,0.0,0.0,0.0,0.0,0.9988398277737642,0.9988398277737642,0.0
2023-12-27,20:43:00.000000000,48.835,373.31,,,,0,0.0,0.0,0.0,0.0,0.0,0.0,0.0,0.0,0.0,0.9988398277737642,0.9988398277737642,0.0
2023-12-27,20:44:00.000000000,48.835,373.37,0.0977317274183622,12.344904933806106,-1.390897884707508,0,0.0,0.0,0.0,0.0,0.0,0.0,0.0,0.0,0.0,0.9988398277737642,0.9988398277737642,0.0
2023-12-27,20:45:00.000000000,48.83,373.34,,,,0,0.0,0.0,0.0,0.0,0.0,0.0,0.0,0.0,0.0,0.9988398277737642,0.9988398277737642,0.0
2023-12-27,20:46:00.000000000,48.84,373.31,,,,0,0.0,0.0,0.0,0.0,0.0,0.0,0.0,0.0,0.0,0.9988398277737642,0.9988398277737642,0.0
2023-12-27,20:47:00.000000000,48.835,373.28,0.09805480685594095,12.233101696814366,-1.48525480090946,0,0.0,0.0,0.0,0.0,0.0,0.0,0.0,0.0,0.0,0.9988398277737642,0.9988398277737642,0.0
2023-12-27,20:48:00.000000000,48.86,373.27,,,,0,0.0,0.0,0.0,0.0,0.0,0.0,0.0,0.0,0.0,0.9988398277737642,0.9988398277737642,0.0
2023-12-27,20:49:00.000000000,48.845,373.2729,,,,0,0.0,0.0,0.0,0.0,0.0,0.0,0.0,0.0,0.0,0.9988398277737642,0.9988398277737642,0.0
2023-12-27,20:50:00.000000000,48.81,373.27,0.09836656589939713,12.092711946732038,-1.610984293057789,0,0.0,0.0,0.0,0.0,0.0,0.0,0.0,0.0,0.0,0.9988398277737642,0.9988398277737642,0.0
2023-12-27,20:51:00.000000000,48.845,373.47,,,,0,0.0,0.0,0.0,0.0,0.0,0.0,0.0,0.0,0.0,0.9988398277737642,0.9988398277737642,0.0
2023-12-27,20:52:00.000000000,48.86,373.37,,,,0,0.0,0.0,0.0,0.0,0.0,0.0,0.0,0.0,0.0,0.9988398277737642,0.9988398277737642,0.0
2023-12-27,20:53:00.000000000,48.855,373.4,0.09870467060346734,11.998675996665291,-1.6937091883989221,0,0.0,0.0,0.0,0.0,0.0,0.0,0.0,0.0,0.0,0.9988398277737642,0.9988398277737642,0.0
2023-12-27,20:54:00.000000000,48.83,373.245,,,,0,0.0,0.0,0.0,0.0,0.0,0.0,0.0,0.0,0.0,0.9988398277737642,0.9988398277737642,0.0
2023-12-27,20:55:00.000000000,48.86,373.54,,,,0,0.0,0.0,0.0,0.0,0.0,0.0,0.0,0.0,0.0,0.9988398277737642,0.9988398277737642,0.0
2023-12-27,20:56:00.000000000,48.86,373.53,0.09898762128682817,11.885153820731077,-1.797802498636682,0,0.0,0.0,0.0,0.0,0.0,0.0,0.0,0.0,0.0,0.9988398277737642,0.9988398277737642,0.0
2023-12-27,20:57:00.000000000,48.84,373.46,,,,0,0.0,0.0,0.0,0.0,0.0,0.0,0.0,0.0,0.0,0.9988398277737642,0.9988398277737642,0.0
2023-12-27,20:58:00.000000000,48.845,373.53,,,,0,0.0,0.0,0.0,0.0,0.0,0.0,0.0,0.0,0.0,0.9988398277737642,0.9988398277737642,0.0
2023-12-27,20:59:00.000000000,48.89,374.07,0.09936741657681955,11.719630481109114,-1.9558897695845057,1,0.0,0.0,0.0,0.0,0.0,0.0,0.0,0.0,0.0,0.9988398277737642,0.9988398277737642,0.0
2023-12-28,14:29:00.000000000,48.97,375.27,0.10002748257537827,11.432686613937797,-2.2352065720810166,0,0.0,0.0,0.0,0.0,0.0,0.0,0.0,0.0,0.0,0.9988398277737642,0.9988398277737642,0.0
2023-12-28,14:30:00.000000000,49.1684,375.8901,,,,0,0.0,0.0,0.0,0.0,0.0,0.0,0.0,0.0,0.0,0.9988398277737642,0.9988398277737642,0.0
2023-12-28,14:31:00.000000000,48.96,376.02,,,,0,0.0,0.0,0.0,0.0,0.0,0.0,0.0,0.0,0.0,0.9988398277737642,0.9988398277737642,0.0
2023-12-28,14:32:00.000000000,48.88,375.62,0.10055865506017447,11.108157986297265,-2.531274584137227,0,0.0,0.0,0.0,0.0,0.0,0.0,0.0,0.0,0.0,0.9988398277737642,0.9988398277737642,0.0
2023-12-28,14:33:00.000000000,48.865,375.99,,,,0,0.0,0.0,0.0,0.0,0.0,0.0,0.0,0.0,0.0,0.9988398277737642,0.9988398277737642,0.0
2023-12-28,14:34:00.000000000,48.8122,375.74,,,,0,0.0,0.0,0.0,0.0,0.0,0.0,0.0,0.0,0.0,0.9988398277737642,0.9988398277737642,0.0
2023-12-28,14:35:00.000000000,48.915,375.42,0.10110466700812967,10.958285911807955,-2.6231282883146596,0,0.0,0.0,0.0,0.0,0.0,0.0,0.0,0.0,0.0,0.9988398277737642,0.9988398277737642,0.0
2023-12-28,14:36:00.000000000,48.92,375.2,,,,0,0.0,0.0,0.0,0.0,0.0,0.0,0.0,0.0,0.0,0.9988398277737642,0.9988398277737642,0.0
2023-12-28,14:37:00.000000000,48.94,375.45,,,,0,0.0,0.0,0.0,0.0,0.0,0.0,0.0,0.0,0.0,0.9988398277737642,0.9988398277737642,0.0
2023-12-28,14:38:00.000000000,48.92,375.4792,0.10181253569316226,10.691510547959993,-2.8099105891226057,0,0.0,0.0,0.0,0.0,0.0,0.0,0.0,0.0,0.0,0.9988398277737642,0.9988398277737642,0.0
2023-12-28,14:39:00.000000000,48.89,375.54,,,,0,0.0,0.0,0.0,0.0,0.0,0.0,0.0,0.0,0.0,0.9988398277737642,0.9988398277737642,0.0
2023-12-28,14:40:00.000000000,48.89,375.4493,,,,0,0.0,0.0,0.0,0.0,0.0,0.0,0.0,0.0,0.0,0.9988398277737642,0.9988398277737642,0.0
2023-12-28,14:41:00.000000000,48.9,375.68,0.10291870795189727,10.235499796631231,-3.13235324130685,0,1.0,0.0,0.0,87.56450020336877,0.0,0.0,0.0,0.0,0.6489212651089202,0.34959393972081754,0.9985152048297378,-0.00032499999999999137
2023-12-28,14:42:00.000000000,48.9,375.74,,,,0,0.0,1.0,0.10291870795189727,87.57067532584588,-0.00007052084420933499,0.0,0.0,0.0,0.6488755026334794,0.34959393972081754,0.9984694423542969,-0.00004583052438211124
2023-12-28,14:43:00.000000000,48.82,375.75,,,,0,0.0,1.0,0.10291870795189727,87.4917045129254,-0.0009253004704830379,0.0,-0.00007052084420933191,0.0,0.6482750978256078,0.34959393972081754,0.9978690375464253,-0.0006013251707091844
2023-12-28,14:44:00.000000000,48.83,375.82,0.10381143913710048,9.815584943494898,-3.339266831608011,0,1.0,1.0,0.10291870795189727,87.50890882248203,0.00003195377732020053,0.0,-0.0009957560617218641,0.0,0.6482958126637258,0.34959393972081754,0.9978897523845434,0.000020759074927293196
2023-12-28,14:45:00.000000000,48.8,375.256,,,,0,0.0,1.0,0.10291870795189727,87.42086267119716,0.00032049481203979424,0.0,-0.0009638341025692831,0.0,0.6485035881083517,0.34959393972081754,0.9980975278291693,0.00020821482947331157
2023-12-28,14:46:00.000000000,48.81,375.37,,,,0,0.0,1.0,0.10291870795189727,87.44259540390368,-0.000019820585768316014,0.0,-0.0006436481943589145,0.0,0.6484907343873626,0.34959393972081754,0.9980846741081801,-0.000012878221447049426
2023-12-28,14:47:00.000000000,48.8,375.2899,0.10450060455251577,9.581978567546813,-3.3272042079795803,0,1.0,1.0,0.10291870795189727,87.42435161539672,-0.000020084164759070214,0.0,-0.0006634560226430608,0.0,0.6484777099926085,0.34959393972081754,0.998071649713426,-0.000013049388585977548
2023-12-28,14:48:00.000000000,48.84,375.4,,,,0,0.0,1.0,0.10291870795189727,87.47568296514223,0.0003279252259213028,0.0,-0.0006835268624419966,0.0,0.6486903621921628,0.34959393972081754,0.9982843019129803,0.00021306305976671235
2023-12-28,14:49:00.000000000,48.84,375.4,,,,0,0.0,1.0,0.10291870795189727,87.47568296514223,0.0,0.0,-0.00035582578222126404,0.0,0.6486903621921628,0.34959393972081754,0.9982843019129803,0.0
2023-12-28,14:50:00.000000000,48.84,375.135,0.10518684600356863,9.380732524451282,-3.272778934873876,0,1.0,1.0,0.10291870795189727,87.44840950753499,0.0003117833057458829,0.0,-0.00035582578222126404,0.0,0.6488926130176925,0.34959393972081754,0.9984865527385101,0.0002025984232569302
2023-12-28,14:51:00.000000000,48.81,374.94,,,,0,0.0,1.0,0.10291870795189727,87.39834035948437,-0.00011356240788494727,0.0,-0.000044153417014136664,0.0,0.6488189232100995,0.34959393972081754,0.998412862930917,-0.00007380150227454716
2023-12-28,14:52:00.000000000,48.837,375.08,,,,0,0.0,1.0,0.10291870795189727,87.43974897859763,0.00014406887859596637,0.0,-0.0001577108107307934,0.0,0.6489123978247782,0.34959393972081754,0.9985063375455957,0.00009362320754189531
2023-12-28,14:53:00.000000000,48.83,375.015,0.10579446471462815,9.155488815043725,-3.23078668185302,0,1.0,1.0,0.10291870795189727,87.42605926258075,-3.548546133278207e-6,0.0,-0.000013664653354505951,0.0,0.6489100951291981,0.34959393972081754,0.9985040348500156,-2.306140175097234e-6
2023-12-28,14:54:00.000000000,48.86,374.85,,,,0,0.0,1.0,0.10291870795189727,87.43907767576869,0.0005373865322117717,0.0,-0.000017213150998007798,0.0,0.6492588106749367,0.34959393972081754,0.9988527503957543,0.00034923799360616123
2023-12-28,14:55:00.000000000,48.86,374.9591,,,,0,0.0,1.0,0.10291870795189727,87.45030610680624,-0.00012841433528359354,0.0,0.0,0.0,0.6491754365363369,0.34959393972081754,0.9987693762571545,-0.0000834698994088865
2023-12-28,14:56:00.000000000,48.86,374.82,0.10639637814850857,8.98050954237602,-3.145631542680398,0,1.0,1.0,0.10291870795189727,87.43599011453014,0.00016370431292279613,0.0,-0.0001284143352835443,0.0,0.6492817093551414,0.34959393972081754,0.9988756490759589,0.00010640376180008629
2023-12-28,14:57:00.000000000,48.87,374.805,,,,0,0.0,1.0,0.10291870795189727,87.44444633391086,0.0001320255035044082,0.0,0.0,0.0,0.6493674310997353,0.34959393972081754,0.9989613708205528,0.00008581823440502246
2023-12-28,14:58:00.000000000,48.87,374.955,,,,0,0.0,1.0,0.10291870795189727,87.45988414010364,-0.00017654415849153722,0.0,0.0,0.0,0.6492527890730599,0.34959393972081754,0.9988467287938775,-0.00011476122102815558
2023-12-28,14:59:00.000000000,48.8529,374.895,0.10703152748160577,8.727315504783405,-3.1142979516720724,0,1.0,1.0,0.10291870795189727,87.43660901762652,-0.00012491301160870975,0.0,-0.00017654415849155392,0.0,0.6491716889518815,0.34959393972081754,0.998765628672699,-0.00008119375960352435
2023-12-28,15:00:00.000000000,48.865,374.8,,,,0,0.0,1.0,0.10291870795189727,87.43893174037109,0.0002502072930461456,0.0,-0.00030143511743774276,0.0,0.6493341164428963,0.34959393972081754,0.9989280561637138,0.00016262823464465985
2023-12-28,15:01:00.000000000,48.84,374.82,,,,0,0.0,1.0,0.10291870795189727,87.41599011453013,-0.0003094545372464447,0.0,-0.000051303245656386665,0.0,0.6491331770543741,0.34959393972081754,0.9987271167751917,-0.0002011550154010672
2023-12-28,15:02:00.000000000,48.8329,374.49,0.10771152338930712,8.496011605938378,-3.0620187990527143,0,1.0,1.0,0.10291870795189727,87.37492694090601,0.00030730274391371087,0.0,-0.00036074190688073493,0.0,0.6493326574608485,0.34959393972081754,0.998926597181666,0.00019973464535381221
2023-12-28,15:03:00.000000000,48.8501,374.575,,,,0,0.0,1.0,0.10291870795189727,87.40087503108191,0.00009673152379055023,0.0,-0.000053550019944670346,0.0,0.6493954683982516,0.34959393972081754,0.9989894081190691,0.0000628784312884813
2023-12-28,15:04:00.000000000,48.835,374.4799,,,,0,0.0,1.0,0.10291870795189727,87.3759874619557,-0.00006078235340187348,0.0,0.0,0.0,0.6493559966133938,0.34959393972081754,0.9989499363342114,-0.00003951171507620516
2023-12-28,15:05:00.000000000,48.78,374.3,0.10844170578693149,8.190269523951542,-3.0522268474995413,0,1.0,1.0,0.10291870795189727,87.30247238639515,-0.000417562370386282,0.0,-0.0000607823534019003,0.0,0.6490848499842234,0.34959393972081754,0.998678789705041,-0.00027143164968346
2023-12-28,15:06:00.000000000,48.785,374.2,,,,0,0.0,1.0,0.10291870795189727,87.29718051559996,0.00017515965329718846,0.0,-0.0004783193433645083,0.0,0.6491985434615072,0.34959393972081754,0.9987924831823247,0.00011384388900190584
2023-12-28,15:07:00.000000000,48.78,374.18,,,,0,0.0,1.0,0.10291870795189727,87.29012214144092,-0.00003369668783779752,0.0,-0.00030324347231758253,0.0,0.6491766676208434,0.34959393972081754,0.9987706073416609,-0.00002190228804498075
2023-12-28,15:08:00.000000000,48.775,374.226,0.10899743520594594,7.985325812619671,-2.975069448775158,0,0.0,1.0,0.10291870795189727,87.2898564020067,-0.00011151617533562275,0.0,-0.0003369299418548577,0.0,0.6491042739217532,0.34959393972081754,0.9986982136425707,-0.0000724828089233247
2023-12-28,15:09:00.000000000,48.76,374.4665,,,,0,0.0,1.0,0.10291870795189727,87.29960835126914,-0.00045540170302671434,0.0,-0.00044840854405192587,0.0,0.6488086707299673,0.34959393972081754,0.9984026104507848,-0.0002959885055844238
2023-12-28,15:10:00.000000000,48.76,374.67,,,,0,0.0,1.0,0.10291870795189727,87.32055230833734,-0.00023990894648621516,0.0,-0.0009036060410640978,0.0,0.6486530157253013,0.34959393972081754,0.9982469554461189,-0.00015590404415678302
2023-12-28,15:11:00.000000000,48.79,374.68,0.10936521887283707,7.813039792725405,-2.8858339479480564,0,0.0,1.0,0.10291870795189727,87.35158149541687,0.00033177542004298404,0.0,-0.0011432982043769746,0.0,0.6488682228520557,0.34959393972081754,0.9984621625728732,0.00021558505696438939
2023-12-28,15:12:00.000000000,48.805,374.7255,,,,0,0.0,1.0,0.10291870795189727,87.37126429662868,0.00011811118484131632,0.0,-0.0008119021025759787,0.0,0.6489448614466626,0.34959393972081754,0.9985388011674802,0.00007675663383122292
2023-12-28,15:13:00.000000000,48.815,374.52,,,,0,0.0,1.0,0.10291870795189727,87.36011450214457,0.0003565221899314668,0.0,-0.0006938868124539699,0.0,0.6491762246898104,0.34959393972081754,0.9987701644106279,0.00023170180555553461
2023-12-28,15:14:00.000000000,48.815,374.5804,0.1097840979924227,7.692028660359107,-2.778122786347748,0,0.0,1.0,0.10291870795189727,87.36633079210486,-0.00007115707203130831,0.0,-0.0003376120085684109,0.0,0.6491300312104291,0.34959393972081754,0.9987239709312467,-0.00004625035971968913
2023-12-28,15:15:00.000000000,48.83,374.635,,,,0,0.0,1.0,0.10291870795189727,87.38695015355903,0.000107371323263534,0.0,-0.0004087450571177431,0.0,0.6491997291608503,0.34959393972081754,0.9987936688816679,0.0000697870006626881
2023-12-28,15:16:00.000000000,48.84,374.59,,,,0,0.0,1.0,0.10291870795189727,87.3923188117012,0.00016743165692503556,0.0,-0.00030141762135182937,0.0,0.6493084257471791,0.34959393972081754,0.9989023654679966,0.0001088278687733701
2023-12-28,15:17:00.000000000,48.87,374.66,0.11020088200360631,7.582137548528856,-2.6772606318599896,0,0.0,1.0,0.10291870795189727,87.42952312125783,0.0002608431811092709,0.0,-0.00013403643127851694,0.0,0.649477793422472,0.34959393972081754,0.9990717331432896,0.00016955378338063444
2023-12-28,15:18:00.000000000,48.88,374.6025,,,,0,0.0,1.0,0.10291870795189727,87.43360529555059,0.00018206465206454853,0.0,0.0,0.0,0.6495960403709551,0.34959393972081754,0.9991899800917726,0.0001183568151918668
2023-12-28,15:19:00.000000000,48.89,374.5066,,,,0,0.0,1.0,0.10291870795189727,87.43373539145801,0.00022725706009058436,0.0,0.0,0.0,0.6497436656573362,0.34959393972081754,0.9993376053781537,0.00014774496274228715
2023-12-28,15:20:00.000000000,48.87,374.7,0.11081865969797254,7.346248211169687,-2.6496897011387013,0,0.0,1.0,0.10291870795189727,87.4336398695759,-0.0004563968122743942,0.0,0.0,0.0,0.6494471247195347,0.34959393972081754,0.9990410644403522,-0.0002967374951223841
2023-12-28,15:21:00.000000000,48.8881,374.73,,,,0,0.0,1.0,0.10291870795189727,87.45482743081448,0.00017170094695633585,0.0,-0.00045639681227438444,0.0,0.6495586354058471,0.34959393972081754,0.9991525751266647,0.0001116177205137201
2023-12-28,15:22:00.000000000,48.88,374.785,,,,0,0.0,1.0,0.10291870795189727,87.45238795975183,-0.00015734441815964782,0.0,-0.00028477422908290695,0.0,0.6494564309802986,0.34959393972081754,0.9990503707011161,-0.00010229110957911389
2023-12-28,15:23:00.000000000,48.88,374.8,0.11132194463108784,7.156535152268276,-2.5995600590022634,0,0.0,1.0,0.10291870795189727,87.4539317403711,-0.000017652812636547754,0.0,-0.0004420738396072599,0.0,0.649444966247607,0.34959393972081754,0.9990389059684245,-0.000011475630286389276
2023-12-28,15:24:00.000000000,48.88,374.78,,,,0,0.0,1.0,0.10291870795189727,87.45187336621206,0.000023536668027141646,0.0,-0.00045971884839701715,0.0,0.6494602520181795,0.34959393972081754,0.999054191738997,0.000015300475768467564
2023-12-28,15:25:00.000000000,48.91,374.85,,,,0,0.0,1.0,0.10291870795189727,87.4890776757687,0.0002606655474136471,0.0,-0.0004361930006197001,0.0,0.6496295439302952,0.34959393972081754,0.9992234836511127,0.000169452181388679
2023-12-28,15:26:00.000000000,48.89,374.795,0.1118700481759024,6.9616652939126595,-2.554865566515022,0,0.0,1.0,0.10291870795189727,87.46341714683135,-0.00016390012837696777,0.0,-0.0001756411536933955,0.0,0.6495230695646474,0.34959393972081754,0.999117009285465,-0.0001065571089849188
2023-12-28,15:27:00.000000000,48.925,374.71,,,,0,0.0,1.0,0.10291870795189727,87.48966905665543,0.0005001872966210206,0.0,-0.0003395124944628458,0.0,0.649847952752906,0.34959393972081754,0.9994418924737235,0.0003251703106234409
2023-12-28,15:28:00.000000000,48.925,374.84,,,,0,0.0,1.0,0.10291870795189727,87.50304848868916,-0.0001529258503090266,0.0,0.0,0.0,0.6497485742021597,0.34959393972081754,0.9993425139229772,-0.00009943404563550252
2023-12-28,15:29:00.000000000,48.92,374.82,0.11237284726823085,6.800409386921714,-2.497567108961587,0,0.0,1.0,0.10291870795189727,87.49599011453014,-0.00003361740981334357,0.0,-0.00015292585030890482,0.0,0.6497267313380651,0.34959393972081754,0.9993206710588827,-0.000021857234922211385
2023-12-28,15:30:00.000000000,48.9,374.85,,,,0,0.0,1.0,0.10291870795189727,87.47907767576869,-0.0002638699351632074,0.0,-0.00018653811915125829,0.0,0.6495552879875931,0.34959393972081754,0.9991492277084106,-0.00017155989607457216
2023-12-28,15:31:00.000000000,48.915,374.83,,,,0,0.0,1.0,0.10291870795189727,87.49201930160964,0.00019499947430020838,0.0,-0.0004503588325132091,0.0,0.6496819509272797,0.34959393972081754,0.9992758906480972,0.0001267707927644172
2023-12-28,15:32:00.000000000,48.9079,374.8,0.11299317301320395,6.558058754651157,-2.4787558446248537,0,0.0,1.0,0.10291870795189727,87.48183174037109,-0.000045860625843034106,0.0,-0.0002554471779484535,0.0,0.6496521561064112,0.34959393972081754,0.9992460958272288,-0.000029816411210598457
2023-12-28,15:33:00.000000000,48.895,374.87,,,,0,0.0,1.0,0.10291870795189727,87.47613604992773,-0.00022981125516775602,0.0,-0.00030129608882401016,0.0,0.649502858728994,0.34959393972081754,0.9990967984498116,-0.00014941001825341635
2023-12-28,15:34:00.000000000,48.915,374.87,,,,0,0.0,1.0,0.10291870795189727,87.49613604992773,0.0002286337840594703,0.0,-0.0005310381027593403,0.0,0.6496513570253428,0.34959393972081754,0.9992452967461604,0.00014863254149065857
2023-12-28,15:35:00.000000000,48.9291,374.8821,0.11363973424818118,6.32759778159992,-2.453442037386012,0,0.0,1.0,0.10291870795189727,87.51148136629394,0.00014691715787824096,0.0,-0.00030252573195055366,0.0,0.6497468019563287,0.34959393972081754,0.9993407416771463,0.00009551701799017382
2023-12-28,15:36:00.000000000,48.93,374.9399,,,,0,0.0,1.0,0.10291870795189727,87.51833006761356,-0.00005769187357817681,0.0,-0.00015565302029307837,0.0,0.6497093168459724,0.34959393972081754,0.99930325656679,-0.00003750983902985277
2023-12-28,15:37:00.000000000,48.9138,374.905,,,,0,0.0,1.0,0.10291870795189727,87.49853820470605,-0.00014406281612926438,0.0,-0.00021333591395689133,0.0,0.6496157178921222,0.34959393972081754,0.9992096576129398,-0.00009366421377606882
2023-12-28,15:38:00.000000000,48.93,374.84,0.11435813765011305,6.0639956832316315,-2.440896995594445,0,0.0,1.0,0.10291870795189727,87.50804848868917,0.0002616011248475788,0.0,-0.0003573679963134735,0.0,0.6497856580946415,0.34959393972081754,0.999379597815459,0.00017007461970017086
2023-12-28,15:39:00.000000000,48.92,374.83,,,,0,0.0,1.0,0.10291870795189727,87.49701930160965,-0.00010251414670320723,0.0,-0.000095860359335731,0.0,0.649719045872362,0.34959393972081754,0.9993129855931795,-0.00006665357430265438
2023-12-28,15:40:00.000000000,48.885,374.81,,,,0,0.0,1.0,0.10291870795189727,87.45996092745062,-0.00037648854902607365,0.0,-0.00019836467899592147,0.0,0.6494744340915068,0.34959393972081754,0.9990683738123244,-0.0002447799482060268
2023-12-28,15:41:00.000000000,48.8902,374.9,0.11497743671389288,5.785158975961565,-2.4317715011458434,0,0.0,1.0,0.10291870795189727,87.47442361116629,-0.00004645192694551385,0.0,-0.0005747785459918608,0.0,0.6494442647525415,0.34959393972081754,0.999038204473359,-0.000030197471720836826
2023-12-28,15:42:00.000000000,48.895,374.9,,,,0,0.0,1.0,0.10291870795189727,87.47922361116628,0.00005487318237545145,0.0,-0.0006212037733663855,0.0,0.6494799018261239,0.34959393972081754,0.9990738415469415,0.000035671382158239615
2023-12-28,15:43:00.000000000,48.88,374.93,,,,0,0.0,1.0,0.10291870795189727,87.46731117240485,-0.00020676408056572495,0.0,-0.0005663646784188625,0.0,0.6493456127113769,0.34959393972081754,0.9989395524321945,-0.00013441360304166243
2023-12-28,15:44:00.000000000,48.89,374.94,0.11553277153719735,5.5721426398432286,-2.3954359830759517,0,0.0,1.0,0.10291870795189727,87.47834035948436,0.0001025618919826938,0.0,-0.0007730116551125654,0.0,0.6494122108259673,0.34959393972081754,0.9990061505467849,0.00006666881337140973
2023-12-28,15:45:00.000000000,48.9,374.97,,,,0,0.0,1.0,0.10291870795189727,87.49142792072291,0.00007901886036055768,0.0,-0.0006705290446676893,0.0,0.649463526638771,0.34959393972081754,0.9990574663595886,0.00005136686373314401
2023-12-28,15:46:00.000000000,48.9,375.0369,,,,0,0.0,1.0,0.10291870795189727,87.4983131822849,-0.00007869641318707165,0.0,-0.0005915631687479772,0.0,0.6494124161887288,0.34959393972081754,0.9990063559095463,-0.00005115866880859734
2023-12-28,15:47:00.000000000,48.895,375.01,0.1161068754985432,5.3537606192913145,-2.3626790384623946,0,0.0,1.0,0.10291870795189727,87.49054466904099,-0.000025503197432379374,0.0,-0.0006702130280354934,0.0,0.6493958540956637,0.34959393972081754,0.9989897938164812,-0.000016578566259500867
2023-12-28,15:48:00.000000000,48.9,375.139,,,,0,0.0,1.0,0.10291870795189727,87.50882118236679,-0.00009459894617312037,0.0,-0.0006956991328926909,0.0,0.649334421932217,0.34959393972081754,0.9989283616530346,-0.00006149428535398868
2023-12-28,15:49:00.000000000,48.895,375.2166,,,,0,0.0,1.0,0.10291870795189727,87.51180767410386,-0.00014840208748787933,0.0,-0.0007902322666609729,0.0,0.6492380593485245,0.34959393972081754,0.9988319990693421,-0.00009646596031474986
2023-12-28,15:50:00.000000000,48.8701,375.22,0.11671284109978151,5.077107762539981,-2.3512502462059377,0,0.0,1.0,0.10291870795189727,87.4872575977109,-0.00028853161965373026,0.0,-0.0009385170820309652,0.0,0.6490507336397199,0.34959393972081754,0.9986446733605374,-0.00018754476126033414
2023-12-28,15:51:00.000000000,48.895,375.35,,,,0,0.0,1.0,0.10291870795189727,87.52553702974464,0.0001316828105325401,0.0,-0.001226777909830834,0.0,0.6491362024645037,0.34959393972081754,0.9987301421853212,0.00008558482017048494
2023-12-28,15:52:00.000000000,48.89,375.31,,,,0,0.0,1.0,0.10291870795189727,87.51642028142656,-0.000010091359755034155,0.0,-0.001095256644861542,0.0,0.6491296517975546,0.34959393972081754,0.9987235915183721,-6.5589959413536886e-6
2023-12-28,15:53:00.000000000,48.875,375.19,0.117287182212408,4.87002210572664,-2.314194726775242,0,0.0,1.0,0.10291870795189727,87.48907003647233,-0.000030277232972424414,0.0,-0.0011053369519877787,0.0,0.6491099979478577,0.34959393972081754,0.9987039376686753,-0.00001967896809861202
2023-12-28,15:54:00.000000000,48.875,375.23,,,,0,0.0,1.0,0.10291870795189727,87.49318678479041,-0.00004705442995747413,0.0,-0.0011355807184159072,0.0,0.6490794544469246,0.34959393972081754,0.9986733941677421,-0.00003058313858701862
2023-12-28,15:55:00.000000000,48.84,375.235,,,,0,0.0,1.0,0.10291870795189727,87.45870137833018,-0.0004059126755448401,0.0,-0.0011825817142699924,0.0,0.6488159848689289,0.34959393972081754,0.9984099245897464,-0.0002638195625660869
2023-12-28,15:56:00.000000000,48.81,375.195,0.1177548326600603,4.628975560108678,-2.290353431248631,0,0.0,1.0,0.10291870795189727,87.4245846300121,-0.00029594827357382357,0.0,-0.0015880143649070755,0.0,0.6486239688983398,0.34959393972081754,0.9982179086191574,-0.00019232177671705747
2023-12-28,15:57:00.000000000,48.81,375.15,,,,0,0.0,1.0,0.10291870795189727,87.41995328815426,0.000052975280093558116,0.0,-0.0018834926683711783,0.0,0.6486583299347676,0.34959393972081754,0.9982522696555851,0.0000344223802548928
2023-12-28,15:58:00.000000000,48.825,375.29,,,,0,0.0,1.0,0.10291870795189727,87.44936190726753,6.764827301870392e-6,0.0,-0.001830617166829418,0.0,0.6486627179963476,0.34959393972081754,0.9982566577171651,4.395744155431902e-6
2023-12-28,15:59:00.000000000,48.82,375.24,0.11815862879920365,4.482156129386823,-2.236476303884713,0,0.0,1.0,0.10291870795189727,87.43921597186994,1.668798884377079e-6,0.0,-0.0018238647233363992,0.0,0.6486638004839678,0.34959393972081754,0.9982577402047853,1.0843780623342186e-6
2023-12-28,16:00:00.000000000,48.82,375.15,,,,0,0.0,1.0,0.10291870795189727,87.42995328815425,0.00010593283131284745,0.0,-0.0018221989681153072,0.0,0.6487325152769232,0.34959393972081754,0.9983264549977408,0.00006883472092222641
2023-12-28,16:01:00.000000000,48.825,375.03,,,,0,0.0,1.0,0.10291870795189727,87.42260304320004,0.0001984473776057767,0.0,-0.0017164591674982965,0.0,0.6488612545433475,0.34959393972081754,0.9984551942641651,0.00012895507855154175
2023-12-28,16:02:00.000000000,48.815,374.92,0.11862094126828211,4.34163669969567,-2.1847122641923447,0,0.0,1.0,0.10291870795189727,87.40128198532533,0.000015111170666526885,0.0,-0.0015183524167130535,0.0,0.6488710595965038,0.34959393972081754,0.9984649993173214,9.820223493867053e-6
2023-12-28,16:03:00.000000000,48.8255,374.96,,,,0,0.0,1.0,0.10291870795189727,87.41589873364339,0.00007303384500702765,0.0,-0.0015032641901291388,0.0,0.6489184491448999,0.34959393972081754,0.9985123888657175,0.00004746240321745545
2023-12-28,16:04:00.000000000,48.83,375.05,,,,0,0.0,1.0,0.10291870795189727,87.42966141735907,-0.00005448303780742999,0.0,-0.0014303401342858901,0.0,0.6488830940965012,0.34959393972081754,0.9984770338173188,-0.0000354077213191626
2023-12-28,16:05:00.000000000,48.87,375.11,0.11900607599557994,4.229630833298003,-2.12816040185583,0,0.0,1.0,0.10291870795189727,87.47583653983618,0.00038688103069987645,0.0,-0.00148474524281772,0.0,0.6491341346567491,0.34959393972081754,0.9987280743775666,0.00025142346968969807
2023-12-28,16:06:00.000000000,48.8999,375.145,,,,0,0.0,1.0,0.10291870795189727,87.5093386946145,0.0003006298226106746,0.0,-0.0010984386318876327,0.0,0.6493292837365015,0.34959393972081754,0.998923223457319,0.0001953976109803451
2023-12-28,16:07:00.000000000,48.87,375.15,,,,0,0.0,1.0,0.10291870795189727,87.47995328815426,-0.0003475582605635532,0.0,-0.0007981390326881055,0.0,0.649103603980113,0.34959393972081754,0.9986975437009306,-0.00022592302500220443
2023-12-28,16:08:00.000000000,48.87,374.93,0.11944353585842166,4.087035100601966,-2.085202321684114,0,0.0,1.0,0.10291870795189727,87.45731117240484,0.0002588263356157848,0.0,-0.001145419893437749,0.0,0.6492716090873663,0.34959393972081754,0.9988655488081838,0.0001682242119377272
2023-12-28,16:09:00.000000000,48.88,374.99,,,,0,0.0,1.0,0.10291870795189727,87.47348629488195,0.0000437342226924296,0.0,-0.0008868900226556287,0.0,0.6493000044765059,0.34959393972081754,0.9988939441973235,0.000028427638908519607
2023-12-28,16:10:00.000000000,48.885,375.1,,,,0,0.0,1.0,0.10291870795189727,87.48980735275666,-0.00007226255797563245,0.0,-0.0008431945874088909,0.0,0.6492530843972889,0.34959393972081754,0.9988470241181064,-0.00004697203290658752
2023-12-28,16:11:00.000000000,48.905,375.07,0.11982198376715794,3.963368548452074,-2.039558900416937,0,0.0,1.0,0.10291870795189727,87.50671979151811,0.0002638885824205013,0.0,-0.00091539621398673,0.0,0.6494244148733626,0.34959393972081754,0.9990183545941801,0.00017152824400204795
2023-12-28,16:12:00.000000000,48.9,375.02,,,,0,0.0,1.0,0.10291870795189727,87.4965738561205,1.6677050395446404e-6,0.0,-0.0006517491941756548,0.0,0.6494254979217321,0.34959393972081754,0.9990194376425496,1.0841125836805884e-6
2023-12-28,16:13:00.000000000,48.9,374.98,,,,0,0.0,1.0,0.10291870795189727,87.49245710780244,0.0000470503945085361,0.0,-0.0006500825760614726,0.0,0.6494560536476132,0.34959393972081754,0.9990499933684307,0.00003058571708391326
2023-12-28,16:14:00.000000000,48.905,375.11,0.12017816600019508,3.8249681516668232,-2.001256032740659,0,0.0,1.0,0.10291870795189727,87.51083653983619,-0.00009577319360704688,0.0,-0.0006030627681946621,0.0,0.6493938531672478,0.34959393972081754,0.9989877928880654,-0.0000622596274242474
2023-12-28,16:15:00.000000000,48.905,375.09,,,,0,0.0,1.0,0.10291870795189727,87.50877816567714,0.000023521363072611232,0.0,-0.000698778204554551,0.0,0.6494091277958453,0.34959393972081754,0.9990030675166628,0.00001529010535078421
2023-12-28,16:16:00.000000000,48.915,375.09,,,,0,0.0,1.0,0.10291870795189727,87.51877816567713,0.00011427425007655094,0.0,-0.0006752732776978965,0.0,0.649483338536917,0.34959393972081754,0.9990772782577345,0.00007428479799986719
2023-12-28,16:17:00.000000000,48.9366,375.045,0.12048947664846807,3.747624230375287,-1.9480321343851255,0,0.0,1.0,0.10291870795189727,87.53574682381931,0.0002997224413733588,0.0,-0.0005610761939687237,0.0,0.6496780032687747,0.34959393972081754,0.9992719429895922,0.00019484451913186085
2023-12-28,16:18:00.000000000,48.935,375.0029,,,,0,0.0,1.0,0.10291870795189727,87.52981394621455,0.00003122013239092509,0.0,-0.00026152191972195205,0.0,0.6496982863020482,0.34959393972081754,0.9992922260228657,0.00002029781123727212
2023-12-28,16:19:00.000000000,48.92,374.96,,,,0,0.0,1.0,0.10291870795189727,87.5103987336434,-0.00012092779536085307,0.0,-0.00023030995207995453,0.0,0.6496197197206359,0.34959393972081754,0.9992136594414535,-0.00007862222817938349
2023-12-28,16:20:00.000000000,48.925,375.03,0.12079591167107234,3.6229092459977394,-1.9118879177234573,0,0.0,1.0,0.10291870795189727,87.52260304320004,-0.000025189115676962562,0.0,-0.0003512098965661181,0.0,0.6496033563743698,0.34959393972081754,0.9991972960951874,-0.00001637622355486761
2023-12-28,16:21:00.000000000,48.93,374.93,,,,0,0.0,1.0,0.10291870795189727,87.51731117240485,0.00017471910413405407,0.0,-0.00037639016557633465,0.0,0.649716854490838,0.34959393972081754,0.9993107942116556,0.00011358929503888624
2023-12-28,16:22:00.000000000,48.93,374.92,,,,0,0.0,1.0,0.10291870795189727,87.51628198532532,0.000011759811467353118,0.0,-0.00020173682399482473,0.0,0.649724495038554,0.34959393972081754,0.9993184347593715,7.645817257469595e-6
2023-12-28,16:23:00.000000000,48.93,374.74,0.12109248647807072,3.5518016172077793,-1.863286977263909,0,0.0,1.0,0.10291870795189727,87.49775661789398,0.00021167909571901932,0.0,-0.00018997938491449595,0.0,0.6498620281321302,0.34959393972081754,0.9994559678529478,0.00013762689528422668
2023-12-28,16:24:00.000000000,48.915,374.735,,,,0,0.0,1.0,0.10291870795189727,87.48224202435422,-0.00016555174692645843,0.0,0.0,0.0,0.6497544423381117,0.34959393972081754,0.9993483820589293,-0.00010764435600860064
2023-12-28,16:25:00.000000000,48.92,374.73,,,,0,0.0,1.0,0.10291870795189727,87.48672743081447,0.00006303671936325516,0.0,-0.00016555174692656216,0.0,0.6497954007265484,0.34959393972081754,0.9993893404473659,0.00004098509505990908
2023-12-28,16:26:00.000000000,48.89,374.58,0.12140126534525401,3.415514026974755,-1.8356589931879728,0,0.0,1.0,0.10291870795189727,87.44128962462167,-0.0001664503203497262,0.0,-0.00010252546340239199,0.0,0.6496872420739357,0.34959393972081754,0.9992811817947532,-0.00010822474108468567
2023-12-28,16:27:00.000000000,48.91,374.79,,,,0,0.0,1.0,0.10291870795189727,87.48290255329158,-0.000018445847228821676,0.0,-0.0002689587183558606,0.0,0.6496752580423218,0.34959393972081754,0.9992691977631394,-0.000011992652150538092
2023-12-28,16:28:00.000000000,48.91,374.7565,,,,0,0.0,1.0,0.10291870795189727,87.47945477657518,0.00003941086333166298,0.0,-0.0002873996044132632,0.0,0.6497008623051266,0.34959393972081754,0.9992948020259441,0.000025622988141783892
2023-12-28,16:29:00.000000000,48.905,374.93,0.12176491834787664,3.251679163830609,-1.8169904233940697,0,0.0,1.0,0.10291870795189727,87.49231117240484,-0.00026127730091625375,0.0,-0.0002480000677480554,0.0,0.6495311102174205,0.34959393972081754,0.999125049938238,-0.00016987188101242665
2023-12-28,16:30:00.000000000,48.915,374.89,,,,0,0.0,1.0,0.10291870795189727,87.49819442408676,0.0001613484445537574,0.0,-0.0005092125718760832,0.0,0.6496359110517433,0.34959393972081754,0.9992298507725609,0.00010489261011855064
2023-12-28,16:31:00.000000000,48.925,374.93,,,,0,0.0,1.0,0.10291870795189727,87.51231117240485,0.00006723854955680789,0.0,-0.00034794628797873983,0.0,0.6496795916281425,0.34959393972081754,0.99927353134896,0.000043714242889530485
2023-12-28,16:32:00.000000000,48.93,375.07,0.12208982927930148,3.137767732212396,-1.7859491839732804,0,0.0,1.0,0.10291870795189727,87.5317197915181,-0.00010751194874425592,0.0,-0.0002807311338256513,0.0,0.6496097433091872,0.34959393972081754,0.9992036830300047,-0.00006989909845905656
2023-12-28,16:33:00.000000000,48.935,375.0754,,,,0,0.0,1.0,0.10291870795189727,87.53727555254105,0.00005077289681550031,0.0,-0.0003882129006185231,0.0,0.6496427258776546,0.34959393972081754,0.9992366655984721,0.00003300885397798176
2023-12-28,16:34:00.000000000,48.9287,375.0592,,,,0,0.0,1.0,0.10291870795189727,87.52930826947222,-0.00005292279091318073,0.0,-0.00033745971449661294,0.0,0.6496083449715047,0.34959393972081754,0.9992022846923222,-0.00003440717032670299
2023-12-28,16:35:00.000000000,48.925,375.065,0.12244882389424983,2.998731866103185,-1.7634052477337252,0,0.0,1.0,0.10291870795189727,87.52620519797834,-0.00004909131113995668,0.0,-0.0003903646460998722,0.0,0.6495764548461226,0.34959393972081754,0.9991703945669401,-0.0000319155849327268
2023-12-28,16:36:00.000000000,48.93,375.19,,,,0,0.0,1.0,0.10291870795189727,87.54407003647233,-0.00008985695742431709,0.0,-0.0004394367937274879,0.0,0.6495180858822757,0.34959393972081754,0.9991120256030932,-0.000058417427261963934
2023-12-28,16:37:00.000000000,48.94,375.2,,,,0,0.0,1.0,0.10291870795189727,87.55509922355185,0.00010247196545401032,0.0,-0.0005292542646985199,0.0,0.649584643277134,0.34959393972081754,0.9991785829979516,0.00006661654864800057
2023-12-28,16:38:00.000000000,48.945,375.26,0.12282959737791224,2.851965287964653,-1.7440888421402465,0,0.0,1.0,0.10291870795189727,87.56627434602896,-0.000013421519563517288,0.0,-0.0004268365329690438,0.0,0.6495759248641362,0.34959393972081754,0.9991698645849537,-8.725580337919095e-6
2023-12-28,16:39:00.000000000,48.945,375.1675,,,,0,0.0,1.0,0.10291870795189727,87.55675436554341,0.00010871743210097434,0.0,-0.00044025232373767764,0.0,0.6496465450906421,0.34959393972081754,0.9992404848114597,0.00007067889956357057
2023-12-28,16:40:00.000000000,48.947,375.16,,,,0,0.0,1.0,0.10291870795189727,87.55798247523379,0.000031658212204464376,0.0,-0.0003315827547386574,0.0,0.6496671117388245,0.34959393972081754,0.9992610514596421,0.000020582280737231012
2023-12-28,16:41:00.000000000,48.965,375.24,0.12335347486993495,2.6778420898056154,-1.732748062780387,0,0.0,1.0,0.10291870795189727,87.58421597186994,0.00011154326639049404,0.0,-0.0002999350398513734,0.0,0.6497395777305344,0.34959393972081754,0.9993335174513519,0.00007251957994759655
2023-12-28,16:42:00.000000000,48.975,375.29,,,,0,0.0,1.0,0.10291870795189727,87.59936190726754,0.00005542168241780154,0.0,-0.00018842522919493288,0.0,0.6497755873910657,0.34959393972081754,0.9993695271118832,0.00003603367634774924
2023-12-28,16:43:00.000000000,48.98,375.25,,,,0,0.0,1.0,0.10291870795189727,87.60024515894945,0.00010407322747079088,0.0,-0.00013301398962028976,0.0,0.6498432116335773,0.34959393972081754,0.9994371513543948,0.00006766690466042143
2023-12-28,16:44:00.000000000,48.975,375.14,0.12394025713054986,2.480051940045527,-1.7277051291882535,0,0.0,1.0,0.10291870795189727,87.58392410107474,0.00007215799297416491,0.0,-0.0000289546053444667,0.0,0.6498901030154766,0.34959393972081754,0.9994840427362941,0.000046917789513565823
2023-12-28,16:45:00.000000000,48.97,375.29,,,,0,0.0,1.0,0.10291870795189727,87.59436190726753,-0.00023335111326140673,0.0,0.0,0.0,0.6497384504364403,0.34959393972081754,0.9993323901572578,-0.00015173086567854072
2023-12-28,16:46:00.000000000,48.97,375.18,,,,0,0.0,1.0,0.10291870795189727,87.58304084939282,0.0001292441388715769,0.0,-0.00023335111326150404,0.0,0.6498224253229588,0.34959393972081754,0.9994163650437763,0.00008403098643209381
2023-12-28,16:47:00.000000000,48.97,375.1506,0.1245288794176081,2.25291616915667,-1.7300000638533306,0,0.0,1.0,0.10291870795189727,87.58001503937902,0.000034547898593652456,0.0,-0.00010413713365353683,0.0,0.6498448753222127,0.34959393972081754,0.9994388150430302,0.000022463109509872756
2023-12-28,16:48:00.000000000,48.96,375.28,,,,0,0.0,1.0,0.10291870795189727,87.583332720188,-0.000266244311541713,0.0,-0.00006959283277896411,0.0,0.6496718578207736,0.34959393972081754,0.9992657975415912,-0.00017311465077690156
2023-12-28,16:49:00.000000000,48.97,375.31,,,,0,0.0,1.0,0.10291870795189727,87.59642028142656,0.00007892413484108161,0.0,-0.00033581861562481663,0.0,0.6497231326100827,0.34959393972081754,0.9993170723309003,0.000051312463045623227
2023-12-28,16:50:00.000000000,48.975,375.36,0.12518843415767958,1.9842693545733923,-1.7419144088798721,0,0.0,1.0,0.10291870795189727,87.60656621682416,-1.6659972762423968e-6,0.0,-0.00025692098497742677,0.0,0.6497220501731135,0.34959393972081754,0.999315989893931,-1.0831767006190534e-6
2023-12-28,16:51:00.000000000,48.975,375.39,,,,0,0.0,1.0,0.10291870795189727,87.60965377806272,-0.000035243491120401096,0.0,-0.00025858655422406063,0.0,0.6496991516998075,0.34959393972081754,0.9992930914206251,-0.000022914146813936094
2023-12-28,16:52:00.000000000,48.975,375.31,,,,0,0.0,1.0,0.10291870795189727,87.60142028142656,0.00009397933082818691,0.0,-0.00029382093185148506,0.0,0.6497602099913239,0.34959393972081754,0.9993541497121414,0.00006110148468010223
2023-12-28,16:53:00.000000000,48.97,375.265,0.12575607310465464,1.7781472263817761,-1.7373718152164133,0,0.0,1.0,0.10291870795189727,87.59178893956872,-4.208358049222797e-6,0.0,-0.00019986921411785374,0.0,0.6497574755677141,0.34959393972081754,0.9993514152885317,-2.736190779365104e-6
2023-12-28,16:54:00.000000000,48.975,375.26,,,,0,0.0,1.0,0.10291870795189727,87.59627434602896,0.00006295788231431384,0.0,-0.00020407673104583246,0.0,0.6497983829223938,0.34959393972081754,0.9993923226432113,0.00004093390378382836
2023-12-28,16:55:00.000000000,48.975,375.275,,,,0,0.0,1.0,0.10291870795189727,87.59781812664825,-0.00001762381597624733,0.0,-0.00014113169697027583,0.0,0.6497869309952715,0.34959393972081754,0.999380870716089,-0.00001145889043051205
2023-12-28,16:56:00.000000000,48.9899,375.312,0.12633361734795692,1.5753774059035877,-1.7319631730042384,0,0.0,1.0,0.10291870795189727,87.61652611884247,0.00012662424753253617,0.0,-0.00015875302566747962,0.0,0.6498692097764653,0.34959393972081754,0.9994631494972829,0.00008232975395543403
2023-12-28,16:57:00.000000000,48.985,375.22,,,,0,0.0,1.0,0.10291870795189727,87.60215759771089,0.000052142230854685245,0.0,-0.000032148880117266465,0.0,0.6499030954068268,0.34959393972081754,0.9994970351276443,0.0000339038316505066
2023-12-28,16:58:00.000000000,48.945,375.125,,,,0,0.0,1.0,0.10291870795189727,87.55238032045546,-0.0003449997531266071,0.0,0.0,0.0,0.6496788789993552,0.34959393972081754,0.9992728187201727,-0.00022432923719776414
2023-12-28,16:59:00.000000000,48.935,375.09,0.1268523446200088,1.3539540564809016,-1.7311003306205508,0,0.0,1.0,0.10291870795189727,87.53877816567714,-0.00007307448636188055,0.0,-0.0003449997531266291,0.0,0.6496314040489721,0.34959393972081754,0.9992253437697897,-0.00004750949840089295
2023-12-28,17:00:00.000000000,48.94,375.22,,,,0,0.0,1.0,0.10291870795189727,87.5571575977109,-0.00009572251531654902,0.0,-0.0004180490288088201,0.0,0.6495692196969479,0.34959393972081754,0.9991631594177655,-0.00006223256086520441
2023-12-28,17:01:00.000000000,48.935,375.27,,,,0,0.0,1.0,0.10291870795189727,87.5573035331085,-0.00011587785254752951,0.0,-0.0005137315274208465,0.0,0.6494939490106885,0.34959393972081754,0.999087888731506,-0.00007533372858074172
2023-12-28,17:02:00.000000000,48.96,375.37,0.12731735067178332,1.1688860783326973,-1.721572901731633,0,0.0,1.0,0.10291870795189727,87.59259540390369,0.0001679828936171387,0.0,-0.0006295498498621876,0.0,0.6496030528836302,0.34959393972081754,0.9991969926044477,0.00010920347866516744
2023-12-28,17:03:00.000000000,48.95,375.4,,,,0,0.0,1.0,0.10291870795189727,87.58568296514224,-0.00014941401357272967,0.0,-0.0004616727098503137,0.0,0.6495059930842697,0.34959393972081754,0.9990999328050872,-0.00009713780173365696
2023-12-28,17:04:00.000000000,48.95,375.32,,,,0,0.0,1.0,0.10291870795189727,87.57744946850607,0.00009400505148116818,0.0,-0.0006110177430506125,0.0,0.6495670499285869,0.34959393972081754,0.9991609896494045,0.00006111184908781542
2023-12-28,17:05:00.000000000,48.955,375.5,0.12775565691291071,0.9827508292020255,-1.7127646381440709,0,0.0,1.0,0.10291870795189727,87.60097483593742,-0.0001544389282107696,0.0,-0.0005170701303237601,0.0,0.6494667314895949,0.34959393972081754,0.9990606712104124,-0.00010040267787802023
2023-12-28,17:06:00.000000000,48.94,375.49,,,,0,0.0,1.0,0.10291870795189727,87.58494564885791,-0.00015948239099677263,0.0,-0.0006714292027778512,0.0,0.6493631529823841,0.34959393972081754,0.9989570927032017,-0.00010367589296181167
2023-12-28,17:07:00.000000000,48.925,375.48,,,,0,0.0,1.0,0.10291870795189727,87.56891646177839,-0.00015951157835382624,0.0,-0.0008308045126399488,0.0,0.6492595720409271,0.34959393972081754,0.9988535117617446,-0.00010368907955468134
2023-12-28,17:08:00.000000000,48.925,375.4603,0.12823795852739772,0.7767376199156857,-1.7088464138022057,0,0.0,1.0,0.10291870795189727,87.56688896323173,0.000023153176133426322,0.0,-0.0009901835680545812,0.0,0.6492746044621549,0.34959393972081754,0.9988685441829724,0.000015049675503755411
2023-12-28,17:09:00.000000000,48.92,375.4308,,,,0,0.0,1.0,0.10291870795189727,87.55885286134716,-0.000022427405365944934,0.0,-0.0009670533178157692,0.0,0.6492600429174068,0.34959393972081754,0.9988539826382243,-0.000014578039155307133
2023-12-28,17:10:00.000000000,48.93,375.4887,,,,0,0.0,1.0,0.10291870795189727,87.57481185453756,0.00004615189301287129,0.0,-0.0009894590346849474,0.0,0.649290007497445,0.34959393972081754,0.9988839472182626,0.000029998959366502316
2023-12-28,17:11:00.000000000,48.935,375.4008,0.1287324354851169,0.6087407329387275,-1.6963857008926442,0,0.0,1.0,0.10291870795189727,87.5707653001086,0.00016039491414841916,0.0,-0.0009433528070795782,0.0,0.6493941503124551,0.34959393972081754,0.9989880900332726,0.00010425917375091956
2023-12-28,17:12:00.000000000,48.94,375.35,,,,0,0.0,1.0,0.10291870795189727,87.57053702974464,0.00011680005683281769,0.0,-0.000783109201923593,0.0,0.6494699995861184,0.34959393972081754,0.9990639393069359,0.0000759261040447486
2023-12-28,17:13:00.000000000,48.915,375.3,,,,0,0.0,1.0,0.10291870795189727,87.54039109434704,-0.00022672082729896758,0.0,-0.0006664006122901744,0.0,0.6493227512105063,0.34959393972081754,0.9989166909313238,-0.00014738633816994124
2023-12-28,17:14:00.000000000,48.9092,375.31,0.12917039544108558,0.4302588870061683,-1.687091687948402,0,0.0,1.0,0.10291870795189727,87.53562028142656,-0.00007801184109581673,0.0,-0.0008929703526910915,0.0,0.6492720963472189,0.34959393972081754,0.9988660360680365,-0.000050709797671057135
2023-12-28,17:15:00.000000000,48.92,375.43,,,,0,0.0,1.0,0.10291870795189727,87.55877052638078,-0.00001770987569677266,0.0,-0.0009709125315257028,0.0,0.6492605978190992,0.34959393972081754,0.9988545375399167,-0.000011511581838373375
2023-12-28,17:16:00.000000000,48.92,375.32,,,,0,0.0,1.0,0.10291870795189727,87.54744946850607,0.0001292966747551475,0.0,-0.0009886052124823408,0.0,0.6493445450554468,0.34959393972081754,0.9989384847762643,0.0000840435050276598
2023-12-28,17:17:00.000000000,48.93,375.43,0.1296051873322646,0.2723245198479063,-1.6737539219471045,0,0.0,1.0,0.10291870795189727,87.56877052638079,-0.000015089621487914057,0.0,-0.0008594363610936462,0.0,0.6493347466920467,0.34959393972081754,0.9989286864128643,-9.808775564681218e-6
2023-12-28,17:18:00.000000000,48.94,375.4528,,,,0,0.0,1.0,0.10291870795189727,87.5811170729221,0.00008739934810871063,0.0,-0.0008745130140122015,0.0,0.6493914981256119,0.34959393972081754,0.9989854378464295,0.00005681229735127411
2023-12-28,17:19:00.000000000,48.935,375.4385,,,,0,0.0,1.0,0.10291870795189727,87.57464533539837,-0.00004028565282325869,0.0,-0.0007871900977708401,0.0,0.6493653369651721,0.34959393972081754,0.9989592766859896,-0.000026187729519110646
2023-12-28,17:20:00.000000000,48.93,375.5041,0.12995286275751766,0.13216722781481138,-1.6574263341139082,0,0.0,1.0,0.10291870795189727,87.57639680264003,-0.0001341880083744038,0.0,-0.0008274440381270676,0.0,0.6492781999238973,0.34959393972081754,0.9988721396447149,-0.00008722782130198008
2023-12-28,17:21:00.000000000,48.93,375.4087,,,,0,0.0,1.0,0.10291870795189727,87.56657835790142,0.00011211291052245222,0.0,-0.0009615210134339414,0.0,0.6493509923926295,0.34959393972081754,0.998944932113447,0.0000728746611733947
2023-12-28,17:22:00.000000000,48.93,375.3988,,,,0,0.0,1.0,0.10291870795189727,87.56555946269269,0.000011635663147176035,0.0,-0.0008495159018310217,0.0,0.6493585480220413,0.34959393972081754,0.9989524877428588,7.563609533317916e-6
2023-12-28,17:23:00.000000000,48.93,375.4,0.13031189892208778,0.010913144648249329,-1.6381244295287343,0,0.0,1.0,0.10291870795189727,87.56568296514223,-1.4103998226915641e-6,0.0,-0.0008378901233646596,0.0,0.6493576321668603,0.34959393972081754,0.9989515718876778,-9.168155565603599e-7
2023-12-28,17:24:00.000000000,48.93,375.455,,,,0,0.0,1.0,0.10291870795189727,87.57134349407958,-0.00006464323403505393,0.0,-0.0008392993414273464,0.0,0.6493156555894716,0.34959393972081754,0.9989095953102891,-0.00004202063300162802
2023-12-28,17:25:00.000000000,48.935,375.41,,,,0,0.0,1.0,0.10291870795189727,87.57171215222175,0.00010998280343254599,0.0,-0.0009038883204387504,0.0,0.649387069145586,0.34959393972081754,0.9989810088664035,0.00007149151079304017
2023-12-28,17:26:00.000000000,48.95,375.46,0.13069573299188134,-0.12101990913176053,-1.6226012132479222,0,0.0,1.0,0.10291870795189727,87.59185808761936,0.00011252565880268302,0.0,-0.000794004929177583,0.0,0.6494601418533594,0.34959393972081754,0.999054081574177,0.0000731472441667112
2023-12-28,17:27:00.000000000,48.945,375.43,,,,0,0.0,1.0,0.10291870795189727,87.58377052638079,-0.00002183352200989892,0.0,-0.0006815686163028634,0.0,0.6494459618510577,0.34959393972081754,0.9990399015718753,-0.000014193428126879954
2023-12-28,17:28:00.000000000,48.94,375.47,,,,0,0.0,1.0,0.10291870795189727,87.58288727469886,-0.00010409175425188365,0.0,-0.0007033872572692612,0.0,0.6493783598815969,0.34959393972081754,0.9989722996024144,-0.00006766693638012773
2023-12-28,17:29:00.000000000,48.95,375.39,0.1310418523729492,-0.24180096228140258,-1.6059096891578064,0,0.0,1.0,0.10291870795189727,87.58465377806272,0.00020818560798270265,0.0,-0.0008074057947076163,0.0,0.6495135511102597,0.34959393972081754,0.9991074908310772,0.0001353303076737916
2023-12-28,17:30:00.000000000,48.965,375.47,,,,0,0.0,1.0,0.10291870795189727,87.60788727469887,0.00007725672331808423,0.0,-0.0005993882769911307,0.0,0.6495637303989691,0.34959393972081754,0.9991576701197866,0.00005022411419184603
2023-12-28,17:31:00.000000000,48.955,375.41,,,,0,0.0,1.0,0.10291870795189727,87.59171215222176,-0.00004365905447411221,0.0,-0.0005221778604473926,0.0,0.6495353710606792,0.34959393972081754,0.9991293107814967,-0.000028383246346424477
2023-12-28,17:32:00.000000000,48.955,375.4207,0.13132550631474837,-0.34731350853726184,-1.5870412237383655,0,0.0,1.0,0.10291870795189727,87.59281338239684,-0.000012572310188141317,0.0,-0.0005658141171299702,0.0,0.649527204900516,0.34959393972081754,0.9991211446213335,-8.173276546961445e-6
2023-12-28,17:33:00.000000000,48.95,375.435,,,,0,0.0,1.0,0.10291870795189727,87.58928511992056,-0.00007388434363274348,0.0,-0.0005783793137275062,0.0,0.6494792150093103,0.34959393972081754,0.9990731547301278,-0.00004803210447906095
2023-12-28,17:34:00.000000000,48.95,375.46,,,,0,0.0,1.0,0.10291870795189727,87.59185808761936,-0.00002937537046082447,0.0,-0.0006522209241843768,0.0,0.6494601363167628,0.34959393972081754,0.9990540760375803,-0.000019096391948018168
2023-12-28,17:35:00.000000000,48.955,375.516,0.13158839113473358,-0.4585462853506215,-1.5708548925953036,0,0.0,1.0,0.10291870795189727,87.60262153526466,-8.715965866922374e-6,0.0,-0.0006815771354138356,0.0,0.6494544756443827,0.34959393972081754,0.9990484153652003,-5.666032015514274e-6
2023-12-28,17:36:00.000000000,48.955,375.52,,,,0,0.0,1.0,0.10291870795189727,87.60303321009646,-4.699343747799591e-6,0.0,-0.0006902871606777605,0.0,0.6494514236345531,0.34959393972081754,0.9990453633553706,-3.054916841567516e-6
2023-12-28,17:37:00.000000000,48.952,375.54,,,,0,0.0,1.0,0.10291870795189727,87.6020915842555,-0.00005774199789304264,0.0,-0.0006949832605289696,0.0,0.649413923011818,0.34959393972081754,0.9990078627326355,-0.000037536456411909685
2023-12-28,17:38:00.000000000,48.945,375.61,0.1318628872905262,-0.5840190951945488,-1.5590438490998557,0,0.0,1.0,0.10291870795189727,87.60229589381214,-0.00016214578099394507,0.0,-0.0007526851286999703,0.0,0.6493086232840829,0.34959393972081754,0.9989025630049004,-0.00010540430327251479
2023-12-28,17:39:00.000000000,48.96,375.68,,,,0,0.0,1.0,0.10291870795189727,87.62450020336877,0.0000889895677256663,0.0,-0.0009147088649759105,0.0,0.6493664049777895,0.34959393972081754,0.9989603446986071,0.00005784517514181531
2023-12-28,17:40:00.000000000,48.95,375.7,,,,0,0.0,1.0,0.10291870795189727,87.6165585775278,-0.0001376141847433754,0.0,-0.0008258006967966081,0.0,0.6492770429493688,0.34959393972081754,0.9988709826701864,-0.00008945503081771787
2023-12-28,17:41:00.000000000,48.955,375.65,0.13213142331638103,-0.6801691687985354,-1.5417131923348997,0,0.0,1.0,0.10291870795189727,87.6164126421302,0.00011579929139319803,0.0,-0.0009633012396502716,0.0,0.6493522287708602,0.34959393972081754,0.9989461684916777,0.00007527080353297028
2023-12-28,17:42:00.000000000,48.9511,375.68,,,,0,0.0,1.0,0.10291870795189727,87.61560020336876,-0.00007975173860519587,0.0,-0.0008476134978581129,0.0,0.6493004418016486,0.34959393972081754,0.9988943815224661,-0.00005184160152472662
2023-12-28,17:43:00.000000000,48.955,375.75,,,,0,0.0,1.0,0.10291870795189727,87.6267045129254,-0.00003771371250054733,0.0,-0.0009272976378131847,0.0,0.64927595427146,0.34959393972081754,0.9988698939922775,-0.0000245146340209207
2023-12-28,17:44:00.000000000,48.95,375.745,0.13242373191189907,-0.8075551472365134,-1.5327571999902985,0,0.0,1.0,0.10291870795189727,87.62118991938564,-0.00005118766573689531,0.0,-0.0009649763784771448,0.0,0.6492427193509418,0.34959393972081754,0.9988366590717593,-0.00003327252199520917
2023-12-28,17:45:00.000000000,48.965,375.7,,,,0,0.0,1.0,0.10291870795189727,87.63155857752781,0.00022404788015204896,0.0,-0.0010161146493257167,0.0,0.6493881808059165,0.34959393972081754,0.9989821205267341,0.0001456308733300983
2023-12-28,17:46:00.000000000,48.969,375.5999,,,,0,0.0,1.0,0.10291870795189727,87.62525641486181,0.0001632079001919308,0.0,-0.0007922944275068344,0.0,0.6494941660873153,0.34959393972081754,0.9990881058081328,0.00010609327156208745
2023-12-28,17:47:00.000000000,48.96,375.68,0.13273360028156114,-0.90535895377689,-1.5182149045878413,0,0.0,1.0,0.10291870795189727,87.62450020336877,-0.00019679016316154348,0.0,-0.0006292158360248212,0.0,0.6493663520243984,0.34959393972081754,0.998960291745216,-0.00012793072219937726
2023-12-28,17:48:00.000000000,48.95,375.65,,,,0,0.0,1.0,0.10291870795189727,87.6114126421302,-0.00007888705493778874,0.0,-0.000825882175699455,0.0,0.6493151254253116,0.34959393972081754,0.9989090651461291,-0.000051279915238028616
2023-12-28,17:49:00.000000000,48.945,375.572,,,,0,0.0,1.0,0.10291870795189727,87.59838498290996,0.000034557817628295304,0.0,-0.0009047040792246053,0.0,0.6493375643389994,0.34959393972081754,0.9989315040598169,0.00002246341981541937
2023-12-28,17:50:00.000000000,48.945,375.71,0.13304448044882566,-1.0411417494282844,-1.513472017945305,0,0.0,1.0,0.10291870795189727,87.61258776460733,-0.00016213520032506954,0.0,-0.000870177526194782,0.0,0.6492322838629266,0.34959393972081754,0.9988262235837442,-0.00010539308815954401
2023-12-28,17:51:00.000000000,48.97,375.7942,,,,0,0.0,1.0,0.10291870795189727,87.64625351981687,0.00018643719135811522,0.0,-0.0010321716401123782,0.0,0.649353324906469,0.34959393972081754,0.9989472646272866,0.00012118328562509144
2023-12-28,17:52:00.000000000,48.97,375.8378,,,,0,0.0,1.0,0.10291870795189727,87.65074077548357,-0.00005119734713698383,0.0,-0.0008459268839358103,0.0,0.6493200797388792,0.34959393972081754,0.9989140194596967,-0.00003328020283658312
2023-12-28,17:53:00.000000000,48.9701,375.86,0.13331761835781755,-1.138660035969302,-1.5013698741500112,0,0.0,1.0,0.10291870795189727,87.65312557080011,-0.000024926147767842902,0.0,-0.0008970809218605824,0.0,0.649303894690623,0.34959393972081754,0.9988978344114405,-0.00001620264401227752
2023-12-28,17:54:00.000000000,48.985,375.895,,,,0,0.0,1.0,0.10291870795189727,87.67162772557842,0.00012889266809504852,0.0,-0.0009219847088567379,0.0,0.6493875852020142,0.34959393972081754,0.9989815249228318,0.0000837828539697891
2023-12-28,17:55:00.000000000,49.005,376.01,,,,0,0.0,1.0,0.10291870795189727,87.70346337699289,0.00009312418164615616,0.0,-0.0007932108778306857,0.0,0.6494480588894573,0.34959393972081754,0.9990419986102749,0.000060535341179386855
2023-12-28,17:56:00.000000000,49.0,375.9228,0.133635890100864,-1.2367779872090736,-1.4908240765600398,0,0.0,1.0,0.10291870795189727,87.68948886565948,0.000045317609822534877,0.0,-0.0007001605632984687,0.0,0.6494774903231901,0.34959393972081754,0.9990714300440077,0.000029459656124304014
2023-12-28,17:57:00.000000000,49.005,375.9176,,,,0,0.0,1.0,0.10291870795189727,87.69395368837814,0.00006312247172328988,0.0,-0.0006548746830790098,0.0,0.649518486947708,0.34959393972081754,0.9991124266685255,0.000041034728133538815
2023-12-28,17:58:00.000000000,48.995,375.91,,,,0,0.0,1.0,0.10291870795189727,87.68317150619771,-0.00010511349336957556,0.0,-0.0005917935486644543,0.0,0.6494502137905368,0.34959393972081754,0.9990441535113543,-0.00006833380843717948
2023-12-28,17:59:00.000000000,48.995,375.95,0.13399428708905778,-1.3801522311312695,-1.4918590729949586,0,0.0,1.0,0.10291870795189727,87.68728825451578,-0.000046950267050703636,0.0,-0.0006968448365467506,0.0,0.6494197219295632,0.34959393972081754,0.9990136616503807,-0.000030521034397149925
2023-12-28,18:00:00.000000000,49.0,375.95,,,,0,0.0,1.0,0.10291870795189727,87.69228825451577,0.000057020807685258355,0.0,-0.0007437623865462761,0.0,0.6494567523666344,0.34959393972081754,0.9990506920874519,0.000037066997672460095
2023-12-28,18:01:00.000000000,48.96,375.7801,,,,0,0.0,1.0,0.10291870795189727,87.63480236603476,-0.0002567399251076174,0.0,-0.0006867839887929605,0.0,0.6492900108886711,0.34959393972081754,0.9988839506094886,-0.00016689991737541844
2023-12-28,18:02:00.000000000,48.9091,375.62,0.13428083196255164,-1.529466101773643,-1.4950800916147762,0,0.0,1.0,0.10291870795189727,87.56742508089165,-0.00039279731256900964,0.0,-0.0009433475890308074,0.0,0.6490349715173162,0.34959393972081754,0.9986289112381337,-0.00025532432591327746
2023-12-28,18:03:00.000000000,48.9,375.49,,,,0,0.0,1.0,0.10291870795189727,87.5449456488579,0.00004887013669509545,0.0,-0.001335774357202002,0.0,0.6490666899450942,0.34959393972081754,0.9986606296659117,0.00003176197626676314
2023-12-28,18:04:00.000000000,48.93,375.69,,,,0,0.0,1.0,0.10291870795189727,87.59552939044829,0.00010755913250995663,0.0,-0.0012869694999821935,0.0,0.6491365029952058,0.34959393972081754,0.9987304427160233,0.00006990668104630368
2023-12-28,18:05:00.000000000,48.89,375.48,0.13451913148715647,-1.6192434907975155,-1.4850675792906929,0,0.0,1.0,0.10291870795189727,87.53391646177839,-0.00020990878710424574,0.0,-0.0011795487927952486,0.0,0.6490002435391969,0.34959393972081754,0.9985941832600145,-0.00013643266509255432
2023-12-28,18:06:00.000000000,48.89,375.5,,,,0,0.0,1.0,0.10291870795189727,87.53597483593742,-0.000023515161233909857,0.0,-0.0013892099822431225,0.0,0.6489849821938293,0.34959393972081754,0.9985789219146468,-0.000015282830226233943
2023-12-28,18:07:00.000000000,48.905,375.58,,,,0,0.0,1.0,0.10291870795189727,87.55920833257358,0.00007729968594661889,0.0,-0.001412692475980304,0.0,0.6490351485291369,0.34959393972081754,0.9986290882499544,0.000050237727040588486
2023-12-28,18:08:00.000000000,48.92,375.6,0.134766245281449,-1.6982017277122523,-1.4737487936022005,0,0.0,1.0,0.10291870795189727,87.57626670673261,0.00014780428109632227,0.0,-0.001335501990718413,0.0,0.6491310787026715,0.34959393972081754,0.998725018423489,0.00009606186587525712
2023-12-28,18:09:00.000000000,48.93,375.835,,,,0,0.0,1.0,0.10291870795189727,87.61045260310131,-0.00016198334208740258,0.0,-0.0011878951025336981,0.0,0.6490259302810905,0.34959393972081754,0.998619870001908,-0.00010528265502653219
2023-12-28,18:10:00.000000000,48.94,375.8202,,,,0,0.0,1.0,0.10291870795189727,87.61892940622363,0.00013152764921653474,0.0,-0.001349686025402308,0.0,0.649111295135981,0.34959393972081754,0.9987052348567985,0.0000854828323117192
2023-12-28,18:11:00.000000000,48.93,375.7566,0.13505992037991446,-1.8196564782273654,-1.4735743093520202,0,0.0,1.0,0.10291870795189727,87.60238377639789,-0.00003942493017962137,0.0,-0.001218335897215761,0.0,0.6490857039684914,0.34959393972081754,0.998679643689309,-0.0000256243449982904
2023-12-28,18:12:00.000000000,48.91,375.81,,,,0,0.0,1.0,0.10291870795189727,87.58787963540252,-0.00029104069895761065,0.0,-0.0012577127945877509,0.0,0.6488967936115251,0.34959393972081754,0.9984907333323426,-0.0001891601157188524
2023-12-28,18:13:00.000000000,48.9112,375.79,,,,0,0.0,1.0,0.10291870795189727,87.58702126124348,0.00003720119921388767,0.0,-0.0015483874479345072,0.0,0.6489209333504135,0.34959393972081754,0.998514873071231,0.000024176227262330252
2023-12-28,18:14:00.000000000,48.905,375.7,0.13534035907320113,-1.9423729038016617,-1.4749299400200153,0,0.0,1.0,0.10291870795189727,87.57155857752781,0.00003496732360084479,0.0,-0.001511243850590538,0.0,0.6489436243786812,0.34959393972081754,0.9985375640994988,0.000022724777446732546
2023-12-28,18:15:00.000000000,48.914,375.7,,,,0,0.0,1.0,0.10291870795189727,87.5805585775278,0.00010277309375546364,0.0,-0.001476329371142504,0.0,0.6490103183226316,0.34959393972081754,0.9986042580434491,0.00006679162241678839
2023-12-28,18:16:00.000000000,48.92,375.76,,,,0,0.0,1.0,0.10291870795189727,87.59273370000491,-1.9995588057583315e-6,0.0,-0.0013737080043239036,0.0,0.6490090205883345,0.34959393972081754,0.9986029603091521,-1.299548130874108e-6
2023-12-28,18:17:00.000000000,48.9,375.73,0.13562945710260077,-2.0600559171601915,-1.4762661518702125,0,0.0,1.0,0.10291870795189727,87.56964613876636,-0.00019308038517632884,0.0,-0.0013757048163196561,0.0,0.6488837096766564,0.34959393972081754,0.998477649397474,-0.0001254862209093764
2023-12-28,18:18:00.000000000,48.895,375.85,,,,0,0.0,1.0,0.10291870795189727,87.5769963837206,-0.00019813081038067424,0.0,-0.0015685195798802454,0.0,0.6487551458214154,0.34959393972081754,0.9983490855422329,-0.00012875987291117812
2023-12-28,18:19:00.000000000,48.89,375.86,,,,0,0.0,1.0,0.10291870795189727,87.57302557080011,-0.00006884441495469656,0.0,-0.0017663396182053814,0.0,0.6487104826529524,0.34959393972081754,0.9983044223737699,-0.00004473702546510398
2023-12-28,18:20:00.000000000,48.885,375.81,0.13583711585993158,-2.163946511320887,-1.4751993148375113,0,0.0,1.0,0.10291870795189727,87.56287963540251,1.6664423393646094e-6,0.0,-0.0018350624305425445,0.0,0.6487115636915667,0.34959393972081754,0.9983055034123842,1.082874712426719e-6
2023-12-28,18:21:00.000000000,48.89,375.8699,,,,0,0.0,1.0,0.10291870795189727,87.57404446600883,-0.000013302790076843468,0.0,-0.001833399046228923,0.0,0.6487029340178145,0.34959393972081754,0.9982968737386321,-8.644321525474575e-6
2023-12-28,18:22:00.000000000,48.895,375.83,,,,0,0.0,1.0,0.10291870795189727,87.57493800956155,0.0001039857928546291,0.0,-0.0018466774469830805,0.0,0.6487703899067355,0.34959393972081754,0.9983643296275531,0.00006757097081588908
2023-12-28,18:23:00.000000000,48.9,375.8672,0.13600393483865192,-2.2194181767865544,-1.4624348130992935,0,0.0,1.0,0.10291870795189727,87.58376658549736,0.000013376247711956633,0.0,-0.001742883682346874,0.0,0.648779068020179,0.34959393972081754,0.9983730077409966,8.692331232180518e-6
2023-12-28,18:24:00.000000000,48.905,375.88,,,,0,0.0,1.0,0.10291870795189727,87.59008394495915,0.00004204706741663088,0.0,-0.001729530747878849,0.0,0.6488063472773906,0.34959393972081754,0.9984002869982082,0.000027323712680595097
2023-12-28,18:25:00.000000000,48.895,375.88,,,,0,0.0,1.0,0.10291870795189727,87.58008394495914,-0.00011416817463357981,0.0,-0.001687556402158119,0.0,0.6487322742410313,0.34959393972081754,0.9983262139618488,-0.0000741917218213352
2023-12-28,18:26:00.000000000,48.88,375.81,0.13613083718159905,-2.2793299212167355,-1.450937998630813,0,0.0,1.0,0.10291870795189727,87.55787963540251,-0.00008901213714599268,0.0,-0.00180153191155763,0.0,0.6486745291948656,0.34959393972081754,0.9982684689156831,-0.00005784186106520746
2023-12-28,18:27:00.000000000,48.875,375.8201,,,,0,0.0,1.0,0.10291870795189727,87.55391911435282,-0.00006897698956929382,0.0,-0.0018903836904979876,0.0,0.6486297855786314,0.34959393972081754,0.9982237252994489,-0.00004482122557951666
2023-12-28,18:28:00.000000000,48.89,375.85,,,,0,0.0,1.0,0.10291870795189727,87.57199638372059,0.00013617586457404405,0.0,-0.001959230287091218,0.0,0.6487181133004711,0.34959393972081754,0.9983120530212887,0.00008848489532069284
2023-12-28,18:29:00.000000000,48.89,375.8069,0.136293001842095,-2.329850513972012,-1.4383235360678142,0,0.0,1.0,0.10291870795189727,87.56756058740785,0.00005065313680060672,0.0,-0.0018233212223952577,0.0,0.6487509729078091,0.34959393972081754,0.9983449126286267,0.0000329151663936774
2023-12-28,18:30:00.000000000,48.91,375.85,,,,0,0.0,1.0,0.10291870795189727,87.59199638372058,0.00017773937726326596,0.0,-0.0017727604425340493,0.0,0.6488662815017328,0.34959393972081754,0.9984602212225503,0.00011549975611134973
2023-12-28,18:31:00.000000000,48.9,375.82,,,,0,0.0,1.0,0.10291870795189727,87.57890882248202,-0.00007891632850971466,0.0,-0.0015953361546078293,0.0,0.6488150753571028,0.34959393972081754,0.9984090150779203,-0.00005128511235755228
2023-12-28,18:32:00.000000000,48.91,375.91,0.13654085935367943,-2.4170744396416453,-1.4356387286471066,0,0.0,1.0,0.10291870795189727,87.5981715061977,8.418879548005996e-6,0.0,-0.00167412658504551,0.0,0.6488205376530711,0.34959393972081754,0.9984144773738887,5.471000247219063e-6
2023-12-28,18:33:00.000000000,48.92,375.87,,,,0,0.0,1.0,0.10291870795189727,87.60405475787962,0.00016115345874636287,0.0,-0.0016657217997676499,0.0,0.6489250973268197,0.34959393972081754,0.9985190370476372,0.00010472571874516725
2023-12-28,18:34:00.000000000,48.915,375.88,,,,0,0.0,1.0,0.10291870795189727,87.60008394495915,-0.00006882315089390786,0.0,-0.0015048367778505156,0.0,0.6488804362569275,0.34959393972081754,0.998474375977745,-0.000044727309380355706
2023-12-28,18:35:00.000000000,48.92,375.86,0.1368661455949708,-2.5225094833257202,-1.4367566556456655,0,0.0,1.0,0.10291870795189727,87.60302557080011,0.00008057497026454664,0.0,-0.001573556361135875,0.0,0.6489327197787842,0.34959393972081754,0.9985266594996017,0.00005236340873095792
2023-12-28,18:36:00.000000000,48.94,375.9,,,,0,0.0,1.0,0.10291870795189727,87.62714231911818,0.0001813093963186313,0.0,-0.0014931081801282664,0.0,0.6490503773784586,0.34959393972081754,0.9986443170992761,0.00011783120516118919
2023-12-28,18:37:00.000000000,48.95,375.82,,,,0,0.0,1.0,0.10291870795189727,87.62890882248203,0.00020808046632120363,0.0,-0.0013120694983524972,0.0,0.6491854320836494,0.34959393972081754,0.998779371804467,0.00013523804509608204
2023-12-28,18:38:00.000000000,48.96,375.98,0.13718688100480164,-2.619523520185325,-1.4348196164945028,0,0.0,1.0,0.10291870795189727,87.65537581575434,-0.00007379976949630656,0.0,-0.0011042620480644638,0.0,0.6491375223484013,0.34959393972081754,0.9987314620692188,-0.000047968286691379694
2023-12-28,18:39:00.000000000,48.96,375.899,,,,0,0.0,1.0,0.10291870795189727,87.64703940041022,0.00009510443902075764,0.0,-0.0011779803232762065,0.0,0.6491992582083115,0.34959393972081754,0.998793197929129,0.00006181427366100849
2023-12-28,18:40:00.000000000,48.93,375.8215,,,,0,0.0,1.0,0.10291870795189727,87.60906320054396,-0.0002512783122441401,0.0,-0.0010829879154132804,0.0,0.6490361285143987,0.34959393972081754,0.9986300682352163,-0.00016332679702962875
2023-12-28,18:41:00.000000000,48.92,375.72,0.13747198540512834,-2.7309743564148192,-1.4370206174562072,0,0.0,1.0,0.10291870795189727,87.58861695168684,5.093638041704858e-6,0.0,-0.0013339940962818764,0.0,0.6490394344695134,0.34959393972081754,0.9986333741903309,3.3104902604277954e-6
2023-12-28,18:42:00.000000000,48.935,375.83,,,,0,0.0,1.0,0.10291870795189727,87.61493800956154,0.00004200251417746324,0.0,-0.0013289072531232904,0.0,0.6490666957575614,0.34959393972081754,0.9986606354783789,0.000027298595012486776
2023-12-28,18:43:00.000000000,48.925,375.7699,,,,0,0.0,1.0,0.10291870795189727,87.59875259521364,-0.000043538073971871694,0.0,-0.0012869605563916586,0.0,0.6490384366437488,0.34959393972081754,0.9986323763645664,-0.00002829701382893572
2023-12-28,18:44:00.000000000,48.91,375.7398,0.1377879994726652,-2.8624353642593334,-1.4450053966083476,0,0.0,1.0,0.10291870795189727,87.58065474210429,-0.00013587119151852508,0.0,-0.0013304425985795065,0.0,0.6489502510180207,0.34959393972081754,0.9985441907388383,-0.00008830639564193872
2023-12-28,18:45:00.000000000,48.905,375.6662,,,,0,0.0,1.0,0.10291870795189727,87.56807992519903,0.00002939937949594176,0.0,-0.0014661330212769608,0.0,0.6489693297527244,0.34959393972081754,0.9985632694735419,0.000019106550196361683
2023-12-28,18:46:00.000000000,48.915,375.59,,,,0,0.0,1.0,0.10291870795189727,87.57023751965309,0.0002037546736342235,0.0,-0.0014367767451821667,0.0,0.6491015602867067,0.34959393972081754,0.9986955000075243,0.00013242078696934574
2023-12-28,18:47:00.000000000,48.92,375.59,0.13808860000034018,-2.944697274127762,-1.4398477166294457,0,0.0,1.0,0.10291870795189727,87.57523751965309,0.00005709702453279774,0.0,-0.001233314821524778,0.0,0.6491386220544187,0.34959393972081754,0.9987325617752363,0.00003711017793885198
2023-12-28,18:48:00.000000000,48.91,375.5582,,,,0,0.0,1.0,0.10291870795189727,87.56196470474022,-0.00007681606442262588,0.0,-0.0011762882155984533,0.0,0.6490887577802078,0.34959393972081754,0.9986826975010253,-0.00004992755430173329
2023-12-28,18:49:00.000000000,48.91,375.6,,,,0,0.0,1.0,0.10291870795189727,87.56626670673262,-0.000049130944090842835,0.0,-0.001253013922189794,0.0,0.6490568674367393,0.34959393972081754,0.9986508071575568,-0.00003193240810951121
2023-12-28,18:50:00.000000000,48.92,375.688,0.1383559563849594,-3.0586725423526246,-1.4441001358701944,0,0.0,1.0,0.10291870795189727,87.58532355303238,0.00001077074238416543,0.0,-0.001302083304523638,0.0,0.6490638582610512,0.34959393972081754,0.9986577979818687,7.0002690247443895e-6
2023-12-28,18:51:00.000000000,48.915,375.73,,,,0,0.0,1.0,0.10291870795189727,87.58464613876636,-0.00010644004447090246,0.0,-0.0012913265865432955,0.0,0.6489947718751135,0.34959393972081754,0.998588711595931,-0.00006917923845118417
2023-12-28,18:52:00.000000000,48.92,375.82,,,,0,0.0,1.0,0.10291870795189727,87.59890882248203,-0.0000486693033949399,0.0,-0.0013976291821548026,0.0,0.6489631857516593,0.34959393972081754,0.9985571254724769,-0.00003163076358396606
2023-12-28,18:53:00.000000000,48.915,375.89,0.13858927115047417,-3.1793211327517383,-1.450233066181111,0,0.0,1.0,0.10291870795189727,87.60111313203866,-0.00013932033766960198,0.0,-0.0014462304639110135,0.0,0.6488727719814853,0.34959393972081754,0.9984667117023028,-0.00009054441440319894
2023-12-28,18:54:00.000000000,48.92,375.73,,,,0,0.0,1.0,0.10291870795189727,87.58964613876637,0.0002450538869289128,0.0,-0.0015853493122640616,0.0,0.6490317807763817,0.34959393972081754,0.9986257204971992,0.000159252975620279
2023-12-28,18:55:00.000000000,48.9098,375.63,,,,0,0.0,1.0,0.10291870795189727,87.56915426797116,1.0488773415375327e-6,0.0,-0.0013406839213462307,0.0,0.6490324615311105,0.34959393972081754,0.998626401251928,6.816915635531523e-7
2023-12-28,18:56:00.000000000,48.895,375.555,0.13875148622212632,-3.213814408150647,-1.43243299099021,0,0.0,1.0,0.10291870795189727,87.54663536487479,-0.00008086291300628142,0.0,-0.0013396364502177294,0.0,0.6489799788756355,0.34959393972081754,0.9985739185964531,-0.0000525548447439178
2023-12-28,18:57:00.000000000,48.895,375.68,,,,0,0.0,1.0,0.10291870795189727,87.55950020336877,-0.00014694840573108915,0.0,-0.0014203910363180805,0.0,0.6488846123023884,0.34959393972081754,0.9984785520232059,-0.00009550276796854478
2023-12-28,18:58:00.000000000,48.895,375.66,,,,0,0.0,1.0,0.10291870795189727,87.55744182920974,0.000023508290411131438,0.0,-0.001567130717850862,0.0,0.6488998664702977,0.34959393972081754,0.9984938061911153,0.000015277411696489447
2023-12-28,18:59:00.000000000,48.91,375.66,0.1389362404101963,-3.2827880724943554,-1.4244082996245184,0,0.0,1.0,0.10291870795189727,87.57244182920974,0.00017131610616551117,0.0,-0.0015436592680037053,0.0,0.6490110334687128,0.34959393972081754,0.9986049731895303,0.00011133469003591491
2023-12-28,19:00:00.000000000,48.93,375.73,,,,0,0.0,1.0,0.10291870795189727,87.59964613876636,0.00014611549222677862,0.0,-0.0013726076155331501,0.0,0.6491058640353288,0.34959393972081754,0.9986998037561463,0.00009496304260640627
2023-12-28,19:01:00.000000000,48.925,375.7799,,,,0,0.0,1.0,0.10291870795189727,87.59978178229315,-0.00011570416061665118,0.0,-0.0012266926825436064,0.0,0.6490307597861792,0.34959393972081754,0.9986246995069967,-0.00007520202654202248
2023-12-28,19:02:00.000000000,48.93,375.72,0.13911870182530042,-3.3396786498018756,-1.4134315571616054,0,0.0,1.0,0.10291870795189727,87.59861695168684,0.00012745272167533612,0.0,-0.0013422549097131808,0.0,0.6491134805229649,0.34959393972081754,0.9987074202437825,0.00008283465933354329
2023-12-28,19:03:00.000000000,48.94,375.77,,,,0,0.0,1.0,0.10291870795189727,87.61376288708443,0.0000554125712405057,0.0,-0.0012149732620793108,0.0,0.6491494495699475,0.34959393972081754,0.998743389290765,0.00003601560001804489
2023-12-28,19:04:00.000000000,48.945,375.74,,,,0,0.0,1.0,0.10291870795189727,87.61567532584587,0.00009230925567007421,0.0,-0.0011596280156314087,0.0,0.649209372072456,0.34959393972081754,0.9988033117932735,0.00005999789650780811
2023-12-28,19:05:00.000000000,48.935,375.66,0.13929657271989598,-3.393150507956129,-1.4022309539922893,0,0.0,1.0,0.10291870795189727,87.59744182920974,-0.00002016195569210594,0.0,-0.0010674258043601448,0.0,0.6491962827418614,0.34959393972081754,0.9987902224626789,-0.000013105013209385579
2023-12-28,19:06:00.000000000,48.935,375.68,,,,0,0.0,1.0,0.10291870795189727,87.59950020336876,-0.00002349810811881428,0.0,-0.0010875662386604645,0.0,0.6491810278574192,0.34959393972081754,0.9987749675782367,-0.00001527336181224607
2023-12-28,19:07:00.000000000,48.92,375.7128,,,,0,0.0,1.0,0.10291870795189727,87.58787593698959,-0.0002097698454689929,0.0,-0.00111103879103025,0.0,0.6490448492535241,0.34959393972081754,0.9986387889743417,-0.00013634563171444788
2023-12-28,19:08:00.000000000,48.93,375.71,0.13948196910864122,-3.4747706138075927,-1.4003896929459223,0,0.0,1.0,0.10291870795189727,87.59758776460731,0.00011746114713032796,0.0,-0.0013205755740637315,0.0,0.6491210868060565,0.34959393972081754,0.998715026526874,0.00007634146938222578
2023-12-28,19:09:00.000000000,48.91,375.74,,,,0,0.0,1.0,0.10291870795189727,87.58067532584587,-0.00026356389288484426,0.0,-0.0012032695432551144,0.0,0.6489500019254643,0.34959393972081754,0.9985439416462818,-0.00017130500297689286
2023-12-28,19:10:00.000000000,48.915,375.71,,,,0,0.0,1.0,0.10291870795189727,87.58258776460733,0.00009234412966640395,0.0,-0.0014665162977349766,0.0,0.649009928648589,0.34959393972081754,0.9986038683694065,0.00006001410716679585
2023-12-28,19:11:00.000000000,48.9138,375.8,0.13966644340069284,-3.572849429980373,-1.4045549832761304,0,0.0,1.0,0.10291870795189727,87.590650448323,-0.00011946077391311077,0.0,-0.0013743075922398873,0.0,0.6489323974202353,0.34959393972081754,0.9985263371410529,-0.000077639623487772
2023-12-28,19:12:00.000000000,48.93,375.89,,,,0,0.0,1.0,0.10291870795189727,87.61611313203866,0.00007920156145457603,0.0,-0.0014936041903044206,0.0,0.6489837938793895,0.34959393972081754,0.9985777336002071,0.00005147231198863779
2023-12-28,19:13:00.000000000,48.92,375.88,,,,0,0.0,1.0,0.10291870795189727,87.60508394495915,-0.0001023877070072912,0.0,-0.0014145209246337886,0.0,0.6489173459168494,0.34959393972081754,0.9985112856376669,-0.000066542603849794
2023-12-28,19:14:00.000000000,48.935,375.83,0.13983261168199818,-3.6182904484453715,-1.3931206533543543,0,0.0,1.0,0.10291870795189727,87.61493800956154,0.00022996308536451984,0.0,-0.0015167638020870955,0.0,0.649066572951863,0.34959393972081754,0.9986605126726805,0.00014944952266446708
2023-12-28,19:15:00.000000000,48.935,375.9015,,,,0,0.0,1.0,0.10291870795189727,87.6222966971801,-0.00008398896108058524,0.0,-0.001287149516406183,0.0,0.6490120585247285,0.34959393972081754,0.9986059982455461,-0.000054587546461158616
2023-12-28,19:16:00.000000000,48.944,375.865,,,,0,0.0,1.0,0.10291870795189727,87.62754016433988,0.00014558546535625242,0.0,-0.0013710303711362837,0.0,0.6491065452472907,0.34959393972081754,0.9987004849681083,0.00009461862108597935
2023-12-28,19:17:00.000000000,48.945,375.91,0.13996981670743852,-3.671053798493219,-1.3846191592300643,0,0.0,1.0,0.10291870795189727,87.6331715061977,-0.000041440645840678026,0.0,-0.001225644507874546,0.0,0.6490796458528363,0.34959393972081754,0.9986735855736538,-0.000026934396107054275
2023-12-28,19:18:00.000000000,48.95,375.905,,,,0,0.0,1.0,0.10291870795189727,87.63765691265795,0.00006292815203401236,0.0,-0.0012670343622152025,0.0,0.6491204912354727,0.34959393972081754,0.9987144309562902,0.000040899632498957475
2023-12-28,19:19:00.000000000,48.9405,375.82,,,,0,0.0,1.0,0.10291870795189727,87.61940882248203,-8.579757270764313e-6,0.0,-0.001204185942312197,0.0,0.6491149219392184,0.34959393972081754,0.9987088616600359,-5.576465185297474e-6
2023-12-28,19:20:00.000000000,48.945,375.74,0.14014575067299456,-3.7133643578709794,-1.3735267358140577,0,0.0,1.0,0.10291870795189727,87.61567532584587,0.00014532735163678013,0.0,-0.00121275536795995,0.0,0.6492092560917317,0.34959393972081754,0.9988031958125493,0.00009445610841638472
2023-12-28,19:21:00.000000000,48.945,375.78,,,,0,0.0,1.0,0.10291870795189727,87.61979207416395,-0.00004698643596326114,0.0,-0.001067604262848909,0.0,0.6491787520625937,0.34959393972081754,0.9987726917834112,-0.000030540580232376885
2023-12-28,19:22:00.000000000,48.945,375.791,,,,0,0.0,1.0,0.10291870795189727,87.62092417995143,-0.000012920662793987647,0.0,-0.0011145405358927718,0.0,0.6491703642428452,0.34959393972081754,0.9987643039636628,-8.398126838507243e-6
2023-12-28,19:23:00.000000000,48.945,375.79,0.1402708397549273,-3.7673788715041283,-1.3670089692107315,0,0.0,1.0,0.10291870795189727,87.62082126124348,1.174590531982425e-6,0.0,-0.0011274467980844083,0.0,0.6491711267522087,0.34959393972081754,0.9987650664730262,7.634527589760075e-7
2023-12-28,19:24:00.000000000,48.945,375.805,,,,0,0.0,1.0,0.10291870795189727,87.62236504186276,-0.000017618878675839753,0.0,-0.0011262735318408046,0.0,0.6491596890848866,0.34959393972081754,0.9987536288057042,-0.000011451809545586358
2023-12-28,19:25:00.000000000,48.9403,375.8,,,,0,0.0,1.0,0.10291870795189727,87.617150448323,-0.00004776641737800547,0.0,-0.0011438725668397876,0.0,0.6491286810522329,0.34959393972081754,0.9987226207730504,-0.00003104672840172465
2023-12-28,19:26:00.000000000,48.942,375.7912,0.1404199212324015,-3.8265707038296384,-1.3623921950671256,0,0.0,1.0,0.10291870795189727,87.61794476369302,0.00002973943590545693,0.0,-0.0011915843455233555,0.0,0.6491479857730375,0.34959393972081754,0.998741925493855,0.00001932941179367485
2023-12-28,19:27:00.000000000,48.95,375.8111,,,,0,0.0,1.0,0.10291870795189727,87.62799284598125,0.0000679303506583565,0.0,-0.0011618803466640903,0.0,0.6491920826233402,0.34959393972081754,0.9987860223441577,0.00004415239730814917
2023-12-28,19:28:00.000000000,48.94,375.8,,,,0,0.0,1.0,0.10291870795189727,87.61685044832299,-0.00010108188096137516,0.0,-0.0010940289229450784,0.0,0.6491264610665234,0.34959393972081754,0.9987204007873409,-0.00006570131674726566
2023-12-28,19:29:00.000000000,48.945,375.8244,0.140571866069725,-3.8853372225347584,-1.3579361734576132,0,0.0,1.0,0.10291870795189727,87.62436166479702,0.000028405306892925206,0.0,-0.00119500021740504,0.0,0.6491448997028623,0.34959393972081754,0.9987388394236798,0.000018462260633049946
2023-12-28,19:30:00.000000000,48.955,375.81,,,,0,0.0,1.0,0.10291870795189727,87.6328796354025,0.00013103695338097002,0.0,-0.0011666288548600745,0.0,0.6492299616728221,0.34959393972081754,0.9988239013936396,0.00008516938222700631
2023-12-28,19:31:00.000000000,48.965,375.78,,,,0,0.0,1.0,0.10291870795189727,87.63979207416395,0.00014934532897942676,0.0,-0.001035744772970082,0.0,0.6493269211350314,0.34959393972081754,0.998920860855849,0.0000970736303707273
2023-12-28,19:32:00.000000000,48.97,375.82,0.14073629500789173,-3.9215143898658695,-1.3461032986000143,0,0.0,1.0,0.10291870795189727,87.64890882248203,0.000010078203758998849,0.0,-0.0008865541276344979,0.0,0.6493334651840489,0.34959393972081754,0.9989274049048664,6.551118585958062e-6
2023-12-28,19:33:00.000000000,48.94,375.7001,,,,0,0.0,1.0,0.10291870795189727,87.6065688693986,-0.0002014862153314684,0.0,-0.000876484858748583,0.0,0.6492026334416608,0.34959393972081754,0.9987965731624784,-0.0001309722225515454
2023-12-28,19:34:00.000000000,48.945,375.77,,,,0,0.0,1.0,0.10291870795189727,87.61876288708444,-0.0000250439860177792,0.0,-0.0010777944744631007,0.0,0.6491863748199862,0.34959393972081754,0.9987803145408037,-0.000016278211311005934
2023-12-28,19:35:00.000000000,48.95,375.8407,0.14086394973279157,-3.9924054723371967,-1.3456840302963682,0,0.0,1.0,0.10291870795189727,87.63103923973665,-0.000025980196218203698,0.0,-0.0011028114682111179,0.0,0.6491695088305862,0.34959393972081754,0.9987634485514038,-0.000016886585723045275
2023-12-28,19:36:00.000000000,48.95,375.97,,,,0,0.0,1.0,0.10291870795189727,87.64434662867482,-0.0001518570252462123,0.0,-0.001128763013170997,0.0,0.6490709278800947,0.34959393972081754,0.9986648676009122,-0.00009870300183142904
2023-12-28,19:37:00.000000000,48.97,376.11,,,,0,0.0,1.0,0.10291870795189727,87.67875524778808,0.00006379625271694538,0.0,-0.001280448627823727,0.0,0.649112336173041,0.34959393972081754,0.9987062758938585,0.00004146365241201869
2023-12-28,19:38:00.000000000,48.96,376.0701,0.14092415002695366,-4.037359193051465,-1.3367989153487914,0,0.0,1.0,0.10291870795189727,87.6646487913408,-0.00006721746375231275,0.0,-0.0012167340629309908,0.0,0.6490687044881132,0.34959393972081754,0.9986626442089307,-0.000043688205412321076
2023-12-28,19:39:00.000000000,48.965,376.11,,,,0,0.0,1.0,0.10291870795189727,87.67375524778808,0.000010192746620675502,0.0,-0.0012838697409054411,0.0,0.6490753202809575,0.34959393972081754,0.998669260001775,6.624652361532851e-6
2023-12-28,19:40:00.000000000,48.9611,376.1602,,,,0,0.0,1.0,0.10291870795189727,87.67502176692727,-0.0001034120086855849,0.0,-0.0012736900804436457,0.0,0.649008198098299,0.34959393972081754,0.9986021378191166,-0.00006721162385468355
2023-12-28,19:41:00.000000000,48.975,376.15,0.1410009435201905,-4.062504905119646,-1.3214258412941693,0,0.0,1.0,0.10291870795189727,87.68787199610615,0.0001705134543433992,0.0,-0.0013769703742795292,0.0,0.649118862728054,0.34959393972081754,0.9987128024488715,0.00011081954019910016
2023-12-28,19:42:00.000000000,48.97,376.16,,,,0,0.0,1.0,0.10291870795189727,87.68390118318567,-0.00006875736566847638,0.0,-0.0012066917119111231,0.0,0.649074231025047,0.34959393972081754,0.9986681707458646,-0.000044689226870336955
2023-12-28,19:43:00.000000000,48.9573,376.1379,,,,0,0.0,1.0,0.10291870795189727,87.66892667973994,-0.00011889863947181996,0.0,-0.0012753661086364332,0.0,0.6489970569820619,0.34959393972081754,0.9985909967028794,-0.00007727696270472953
2023-12-28,19:44:00.000000000,48.96,376.0891,0.1411061593856713,-4.108488487813673,-1.3131001251690828,0,0.0,1.0,0.10291870795189727,87.66660424679188,0.0000880863179295866,0.0,-0.0013941131088130998,0.0,0.6490542247431585,0.34959393972081754,0.9986481644639761,0.00005724842431526995
2023-12-28,19:45:00.000000000,48.96,376.02,,,,0,0.0,1.0,0.10291870795189727,87.65949256407241,0.00008112191387561311,0.0,-0.0013061495931740996,0.0,0.6491068772640788,0.34959393972081754,0.9987008169848963,0.000052723794819669014
2023-12-28,19:46:00.000000000,48.965,376.02,,,,0,0.0,1.0,0.10291870795189727,87.66449256407242,0.00005703888824530828,0.0,-0.0012251336366533305,0.0,0.6491439015987103,0.34959393972081754,0.9987378413195278,0.000037072498591983963
2023-12-28,19:47:00.000000000,48.965,375.99,0.14127115998594508,-4.151543443115493,-1.3040001538816555,0,0.0,1.0,0.10291870795189727,87.66140500283386,0.00003522020316600623,0.0,-0.0011681646286686442,0.0,0.6491667645788085,0.34959393972081754,0.998760704299626,0.000022891873274803234
2023-12-28,19:48:00.000000000,48.96,376.0,,,,0,0.0,1.0,0.10291870795189727,87.65743418991337,-0.00006877812509763913,0.0,-0.0011329855684982792,0.0,0.6491221161058651,0.34959393972081754,0.9987160558266827,-0.00004470387426255078
2023-12-28,19:49:00.000000000,48.98,375.9801,,,,0,0.0,1.0,0.10291870795189727,87.67538610762512,0.00025152552652266276,0.0,-0.0012016857689726157,0.0,0.6492853868878962,0.34959393972081754,0.9988793266087137,0.00016348068210027676
2023-12-28,19:50:00.000000000,48.975,375.96,0.14144782728998473,-4.203725147942656,-1.2981162302076372,0,0.0,1.0,0.10291870795189727,87.66831744159529,-0.00003343394423799838,0.0,-0.0009504624970957387,0.0,0.6492636787164764,0.34959393972081754,0.9988576184372939,-0.000021732526483932403
2023-12-28,19:51:00.000000000,48.972,375.88,,,,0,0.0,1.0,0.10291870795189727,87.65708394495914,0.00005969655616623323,0.0,-0.000983864663623657,0.0,0.6493024375221397,0.34959393972081754,0.9988963772429572,0.00003880313364774033
2023-12-28,19:52:00.000000000,48.96,375.86,,,,0,0.0,1.0,0.10291870795189727,87.64302557080012,-0.0001134149733660841,0.0,-0.0009242268407894105,0.0,0.6492287969034816,0.34959393972081754,0.9988227366242991,-0.00007372197991283673
2023-12-28,19:53:00.000000000,48.95,375.85,0.14165052699141167,-4.289350569722075,-1.3048404739415318,0,0.0,1.0,0.10291870795189727,87.63199638372059,-0.00010235626693680162,0.0,-0.0010375369929929157,0.0,0.6491623442674427,0.34959393972081754,0.9987562839882602,-0.00006653096050203209
2023-12-28,19:54:00.000000000,48.94,375.83,,,,0,0.0,1.0,0.10291870795189727,87.61993800956154,-0.00009062472805240133,0.0,-0.0011397870615162953,0.0,0.6491035141065316,0.34959393972081754,0.9986974538273491,-0.000058903420037774685
2023-12-28,19:55:00.000000000,48.945,375.8329,,,,0,0.0,1.0,0.10291870795189727,87.62523647381461,0.000053658286615382503,0.0,-0.001230308496676269,0.0,0.6491383438889344,0.34959393972081754,0.998732283609752,0.00003487520897284669
2023-12-28,19:56:00.000000000,48.95,375.98,0.1418238159863675,-4.3729183345544556,-1.3113504581868265,0,0.0,1.0,0.10291870795189727,87.64537581575433,-0.00011571257719523364,0.0,-0.0011767162263069952,0.0,0.6490632304182068,0.34959393972081754,0.9986571701390243,-0.00007520881417405865
2023-12-28,19:57:00.000000000,48.97,376.07,,,,0,0.0,1.0,0.10291870795189727,87.67463849947,0.00012250864560041456,0.0,-0.0012922926426350845,0.0,0.6491427462754744,0.34959393972081754,0.998736685996292,0.0000796227771103378
2023-12-28,19:58:00.000000000,48.975,376.0803,,,,0,0.0,1.0,0.10291870795189727,87.68069856216192,0.0000449381642802057,0.0,-0.0011699423140558718,0.0,0.0,0.9984704293288662,0.9984704293288662,-0.00026659345867538763
2023-12-28,19:59:00.000000000,48.975,376.06,0.1420220680794888,-4.433818921972559,-1.310291759127673,1,0.0,0.0,0.0,0.0,0.0,0.0,-0.0011250567248356491,0.0,0.0,0.9984704293288662,0.9984704293288662,0.0
2023-12-28,20:00:00.000000000,48.98,375.99,,,,0,0.0,0.0,0.0,0.0,0.0,0.0,0.0,0.0,0.0,0.9984704293288662,0.9984704293288662,0.0
2023-12-28,20:01:00.000000000,48.975,375.97,,,,0,0.0,0.0,0.0,0.0,0.0,0.0,0.0,0.0,0.0,0.9984704293288662,0.9984704293288662,0.0
2023-12-28,20:02:00.000000000,48.965,375.87,0.1422331948112308,-4.496190933697321,-1.3104323569245473,0,0.0,0.0,0.0,0.0,0.0,0.0,0.0,0.0,0.0,0.9984704293288662,0.9984704293288662,0.0
2023-12-28,20:03:00.000000000,48.98,375.97,,,,0,0.0,0.0,0.0,0.0,0.0,0.0,0.0,0.0,0.0,0.9984704293288662,0.9984704293288662,0.0
2023-12-28,20:04:00.000000000,48.96,375.9828,,,,0,0.0,0.0,0.0,0.0,0.0,0.0,0.0,0.0,0.0,0.9984704293288662,0.9984704293288662,0.0
2023-12-28,20:05:00.000000000,48.985,376.0338,0.14241754732283432,-4.568811506485211,-1.3152811904506208,0,0.0,0.0,0.0,0.0,0.0,0.0,0.0,0.0,0.0,0.9984704293288662,0.9984704293288662,0.0
2023-12-28,20:06:00.000000000,48.985,376.02,,,,0,0.0,0.0,0.0,0.0,0.0,0.0,0.0,0.0,0.0,0.9984704293288662,0.9984704293288662,0.0
2023-12-28,20:07:00.000000000,49.0,376.08,,,,0,0.0,0.0,0.0,0.0,0.0,0.0,0.0,0.0,0.0,0.9984704293288662,0.9984704293288662,0.0
2023-12-28,20:08:00.000000000,49.0,376.065,0.14261379627608942,-4.632057296567567,-1.3172216716935965,0,0.0,0.0,0.0,0.0,0.0,0.0,0.0,0.0,0.0,0.9984704293288662,0.9984704293288662,0.0
2023-12-28,20:09:00.000000000,49.02,376.075,,,,0,0.0,0.0,0.0,0.0,0.0,0.0,0.0,0.0,0.0,0.9984704293288662,0.9984704293288662,0.0
2023-12-28,20:10:00.000000000,49.01,376.1446,,,,0,0.0,0.0,0.0,0.0,0.0,0.0,0.0,0.0,0.0,0.9984704293288662,0.9984704293288662,0.0
2023-12-28,20:11:00.000000000,49.005,376.02,0.1427814910330784,-4.683696258258138,-1.315937574232935,0,0.0,0.0,0.0,0.0,0.0,0.0,0.0,0.0,0.0,0.9984704293288662,0.9984704293288662,0.0
2023-12-28,20:12:00.000000000,48.98,375.885,,,,0,0.0,0.0,0.0,0.0,0.0,0.0,0.0,0.0,0.0,0.9984704293288662,0.9984704293288662,0.0
2023-12-28,20:13:00.000000000,48.975,375.91,,,,0,0.0,0.0,0.0,0.0,0.0,0.0,0.0,0.0,0.0,0.9984704293288662,0.9984704293288662,0.0
2023-12-28,20:14:00.000000000,48.985,375.94,0.14291706284333694,-4.74324060532409,-1.3187881784514772,0,0.0,0.0,0.0,0.0,0.0,0.0,0.0,0.0,0.0,0.9984704293288662,0.9984704293288662,0.0
2023-12-28,20:15:00.000000000,48.98,375.96,,,,0,0.0,0.0,0.0,0.0,0.0,0.0,0.0,0.0,0.0,0.9984704293288662,0.9984704293288662,0.0
2023-12-28,20:16:00.000000000,48.975,376.0,,,,0,0.0,0.0,0.0,0.0,0.0,0.0,0.0,0.0,0.0,0.9984704293288662,0.9984704293288662,0.0
2023-12-28,20:17:00.000000000,48.989,375.905,0.14302219026690988,-4.7737564322827595,-1.311458835652562,0,0.0,0.0,0.0,0.0,0.0,0.0,0.0,0.0,0.0,0.9984704293288662,0.9984704293288662,0.0
2023-12-28,20:18:00.000000000,48.99,376.0467,,,,0,0.0,0.0,0.0,0.0,0.0,0.0,0.0,0.0,0.0,0.9984704293288662,0.9984704293288662,0.0
2023-12-28,20:19:00.000000000,49.01,376.075,,,,0,0.0,0.0,0.0,0.0,0.0,0.0,0.0,0.0,0.0,0.9984704293288662,0.9984704293288662,0.0
2023-12-28,20:20:00.000000000,49.015,376.065,0.14318445649615155,-4.831662632225232,-1.316488216701801,0,0.0,0.0,0.0,0.0,0.0,0.0,0.0,0.0,0.0,0.9984704293288662,0.9984704293288662,0.0
2023-12-28,20:21:00.000000000,49.01,376.07,,,,0,0.0,0.0,0.0,0.0,0.0,0.0,0.0,0.0,0.0,0.9984704293288662,0.9984704293288662,0.0
2023-12-28,20:22:00.000000000,49.0043,376.06,,,,0,0.0,0.0,0.0,0.0,0.0,0.0,0.0,0.0,0.0,0.9984704293288662,0.9984704293288662,0.0
2023-12-28,20:23:00.000000000,48.995,376.04,0.14334188257003438,-4.907281521635738,-1.3297950166810453,0,0.0,0.0,0.0,0.0,0.0,0.0,0.0,0.0,0.0,0.9984704293288662,0.9984704293288662,0.0
2023-12-28,20:24:00.000000000,49.01,375.98,,,,0,0.0,0.0,0.0,0.0,0.0,0.0,0.0,0.0,0.0,0.9984704293288662,0.9984704293288662,0.0
2023-12-28,20:25:00.000000000,49.0,375.96,,,,0,0.0,0.0,0.0,0.0,0.0,0.0,0.0,0.0,0.0,0.9984704293288662,0.9984704293288662,0.0
2023-12-28,20:26:00.000000000,49.004,375.95,0.1435911175002024,-4.979080624201089,-1.3428985563962554,0,0.0,0.0,0.0,0.0,0.0,0.0,0.0,0.0,0.0,0.9984704293288662,0.9984704293288662,0.0
2023-12-28,20:27:00.000000000,48.98,375.96,,,,0,0.0,0.0,0.0,0.0,0.0,0.0,0.0,0.0,0.0,0.9984704293288662,0.9984704293288662,0.0
2023-12-28,20:28:00.000000000,48.985,375.82,,,,0,0.0,0.0,0.0,0.0,0.0,0.0,0.0,0.0,0.0,0.9984704293288662,0.9984704293288662,0.0
2023-12-28,20:29:00.000000000,48.985,375.9039,0.1437632375213845,-5.056161660914775,-1.3595734705041453,0,0.0,0.0,0.0,0.0,0.0,0.0,0.0,0.0,0.0,0.9984704293288662,0.9984704293288662,0.0
2023-12-28,20:30:00.000000000,48.985,375.93,,,,0,0.0,0.0,0.0,0.0,0.0,0.0,0.0,0.0,0.0,0.9984704293288662,0.9984704293288662,0.0
2023-12-28,20:31:00.000000000,48.98,375.93,,,,0,0.0,0.0,0.0,0.0,0.0,0.0,0.0,0.0,0.0,0.9984704293288662,0.9984704293288662,0.0
2023-12-28,20:32:00.000000000,48.96,375.93,0.14384651722336061,-5.116221219777955,-1.369864282259441,0,0.0,0.0,0.0,0.0,0.0,0.0,0.0,0.0,0.0,0.9984704293288662,0.9984704293288662,0.0
2023-12-28,20:33:00.000000000,48.97,375.9142,,,,0,0.0,0.0,0.0,0.0,0.0,0.0,0.0,0.0,0.0,0.9984704293288662,0.9984704293288662,0.0
2023-12-28,20:34:00.000000000,48.95,375.86,,,,0,0.0,0.0,0.0,0.0,0.0,0.0,0.0,0.0,0.0,0.9984704293288662,0.9984704293288662,0.0
2023-12-28,20:35:00.000000000,48.97,375.9,0.1439674949620364,-5.147381356229481,-1.3678092085699292,0,0.0,0.0,0.0,0.0,0.0,0.0,0.0,0.0,0.0,0.9984704293288662,0.9984704293288662,0.0
2023-12-28,20:36:00.000000000,48.975,375.99,,,,0,0.0,0.0,0.0,0.0,0.0,0.0,0.0,0.0,0.0,0.9984704293288662,0.9984704293288662,0.0
2023-12-28,20:37:00.000000000,48.97,375.94,,,,0,0.0,0.0,0.0,0.0,0.0,0.0,0.0,0.0,0.0,0.9984704293288662,0.9984704293288662,0.0
2023-12-28,20:38:00.000000000,48.975,376.03,0.14402516986554345,-5.182784624540297,-1.3682309362324498,0,0.0,0.0,0.0,0.0,0.0,0.0,0.0,0.0,0.0,0.9984704293288662,0.9984704293288662,0.0
2023-12-28,20:39:00.000000000,48.985,376.04,,,,0,0.0,0.0,0.0,0.0,0.0,0.0,0.0,0.0,0.0,0.9984704293288662,0.9984704293288662,0.0
2023-12-28,20:40:00.000000000,48.985,376.027,,,,0,0.0,0.0,0.0,0.0,0.0,0.0,0.0,0.0,0.0,0.9984704293288662,0.9984704293288662,0.0
2023-12-28,20:41:00.000000000,49.005,376.0,0.1442642592652469,-5.238361483732838,-1.3783484277806235,0,0.0,0.0,0.0,0.0,0.0,0.0,0.0,0.0,0.0,0.9984704293288662,0.9984704293288662,0.0
2023-12-28,20:42:00.000000000,49.009,376.025,,,,0,0.0,0.0,0.0,0.0,0.0,0.0,0.0,0.0,0.0,0.9984704293288662,0.9984704293288662,0.0
2023-12-28,20:43:00.000000000,49.03,376.215,,,,0,0.0,0.0,0.0,0.0,0.0,0.0,0.0,0.0,0.0,0.9984704293288662,0.9984704293288662,0.0
2023-12-28,20:44:00.000000000,49.025,376.2873,0.14432831505012206,-5.2839119837598005,-1.382910441477445,0,0.0,0.0,0.0,0.0,0.0,0.0,0.0,0.0,0.0,0.9984704293288662,0.9984704293288662,0.0
2023-12-28,20:45:00.000000000,49.02,376.13,,,,0,0.0,0.0,0.0,0.0,0.0,0.0,0.0,0.0,0.0,0.9984704293288662,0.9984704293288662,0.0
2023-12-28,20:46:00.000000000,49.0,376.06,,,,0,0.0,0.0,0.0,0.0,0.0,0.0,0.0,0.0,0.0,0.9984704293288662,0.9984704293288662,0.0
2023-12-28,20:47:00.000000000,48.9999,375.943,0.14446073831274278,-5.309103343507459,-1.3773720511497964,0,0.0,0.0,0.0,0.0,0.0,0.0,0.0,0.0,0.0,0.9984704293288662,0.9984704293288662,0.0
2023-12-28,20:48:00.000000000,48.985,375.83,,,,0,0.0,0.0,0.0,0.0,0.0,0.0,0.0,0.0,0.0,0.9984704293288662,0.9984704293288662,0.0
2023-12-28,20:49:00.000000000,48.985,375.89,,,,0,0.0,0.0,0.0,0.0,0.0,0.0,0.0,0.0,0.0,0.9984704293288662,0.9984704293288662,0.0
2023-12-28,20:50:00.000000000,48.975,375.75,0.1446375462721385,-5.372558011756041,-1.3913088975138386,0,0.0,0.0,0.0,0.0,0.0,0.0,0.0,0.0,0.0,0.9984704293288662,0.9984704293288662,0.0
2023-12-28,20:51:00.000000000,48.96,375.67,,,,0,0.0,0.0,0.0,0.0,0.0,0.0,0.0,0.0,0.0,0.9984704293288662,0.9984704293288662,0.0
2023-12-28,20:52:00.000000000,48.955,375.73,,,,0,0.0,0.0,0.0,0.0,0.0,0.0,0.0,0.0,0.0,0.9984704293288662,0.9984704293288662,0.0
2023-12-28,20:53:00.000000000,48.965,375.96,0.14469076798947128,-5.432941133321613,-1.4032668830156947,0,0.0,0.0,0.0,0.0,0.0,0.0,0.0,0.0,0.0,0.9984704293288662,0.9984704293288662,0.0
2023-12-28,20:54:00.000000000,48.93,375.435,,,,0,0.0,0.0,0.0,0.0,0.0,0.0,0.0,0.0,0.0,0.9984704293288662,0.9984704293288662,0.0
2023-12-28,20:55:00.000000000,48.935,375.43,,,,0,0.0,0.0,0.0,0.0,0.0,0.0,0.0,0.0,0.0,0.9984704293288662,0.9984704293288662,0.0
2023-12-28,20:56:00.000000000,48.915,375.45,0.14488638770674298,-5.482594264496647,-1.4095656859345778,0,0.0,0.0,0.0,0.0,0.0,0.0,0.0,0.0,0.0,0.9984704293288662,0.9984704293288662,0.0
2023-12-28,20:57:00.000000000,48.92,375.35,,,,0,0.0,0.0,0.0,0.0,0.0,0.0,0.0,0.0,0.0,0.9984704293288662,0.9984704293288662,0.0
2023-12-28,20:58:00.000000000,48.95,375.54,,,,0,0.0,0.0,0.0,0.0,0.0,0.0,0.0,0.0,0.0,0.9984704293288662,0.9984704293288662,0.0
2023-12-28,20:59:00.000000000,48.92,375.25,0.1450986976086571,-5.528286277648576,-1.4136370584009084,1,0.0,0.0,0.0,0.0,0.0,0.0,0.0,0.0,0.0,0.9984704293288662,0.9984704293288662,0.0
2023-12-29,14:29:00.000000000,49.0,376.03,0.1452031408707697,-5.60073706163552,-1.4318041124669998,0,0.0,0.0,0.0,0.0,0.0,0.0,0.0,0.0,0.0,0.9984704293288662,0.9984704293288662,0.0
2023-12-29,14:30:00.000000000,48.98,376.44,,,,0,0.0,0.0,0.0,0.0,0.0,0.0,0.0,0.0,0.0,0.9984704293288662,0.9984704293288662,0.0
2023-12-29,14:31:00.000000000,49.04,376.739,,,,0,0.0,0.0,0.0,0.0,0.0,0.0,0.0,0.0,0.0,0.9984704293288662,0.9984704293288662,0.0
2023-12-29,14:32:00.000000000,49.005,376.21,0.14525521160172306,-5.641463156684225,-1.4322135679963586,0,0.0,0.0,0.0,0.0,0.0,0.0,0.0,0.0,0.0,0.9984704293288662,0.9984704293288662,0.0
2023-12-29,14:33:00.000000000,48.99,376.0,,,,0,0.0,0.0,0.0,0.0,0.0,0.0,0.0,0.0,0.0,0.9984704293288662,0.9984704293288662,0.0
2023-12-29,14:34:00.000000000,48.98,376.0,,,,0,0.0,0.0,0.0,0.0,0.0,0.0,0.0,0.0,0.0,0.9984704293288662,0.9984704293288662,0.0
2023-12-29,14:35:00.000000000,49.02,375.85,0.1453616264978345,-5.6141673192110915,-1.3940130123198051,0,0.0,0.0,0.0,0.0,0.0,0.0,0.0,0.0,0.0,0.9984704293288662,0.9984704293288662,0.0
2023-12-29,14:36:00.000000000,48.99,375.72,,,,0,0.0,0.0,0.0,0.0,0.0,0.0,0.0,0.0,0.0,0.9984704293288662,0.9984704293288662,0.0
2023-12-29,14:37:00.000000000,49.0328,375.9,,,,0,0.0,0.0,0.0,0.0,0.0,0.0,0.0,0.0,0.0,0.9984704293288662,0.9984704293288662,0.0
2023-12-29,14:38:00.000000000,49.08,376.035,0.1455245471138034,-5.64232307393906,-1.3878503204066017,0,0.0,0.0,0.0,0.0,0.0,0.0,0.0,0.0,0.0,0.9984704293288662,0.9984704293288662,0.0
2023-12-29,14:39:00.000000000,49.08,376.1023,,,,0,0.0,0.0,0.0,0.0,0.0,0.0,0.0,0.0,0.0,0.9984704293288662,0.9984704293288662,0.0
2023-12-29,14:40:00.000000000,49.05,376.3172,,,,0,0.0,0.0,0.0,0.0,0.0,0.0,0.0,0.0,0.0,0.9984704293288662,0.9984704293288662,0.0
2023-12-29,14:41:00.000000000,49.005,376.49,0.145530805508154,-5.785892965764901,-1.4490359365532919,0,0.0,0.0,0.0,0.0,0.0,0.0,0.0,0.0,0.0,0.9984704293288662,0.9984704293288662,0.0
2023-12-29,14:42:00.000000000,49.01,376.4008,,,,0,0.0,0.0,0.0,0.0,0.0,0.0,0.0,0.0,0.0,0.9984704293288662,0.9984704293288662,0.0
2023-12-29,14:43:00.000000000,49.04,376.27,,,,0,0.0,0.0,0.0,0.0,0.0,0.0,0.0,0.0,0.0,0.9984704293288662,0.9984704293288662,0.0
2023-12-29,14:44:00.000000000,49.05,376.43,0.1456995952861076,-5.795698653549486,-1.431156552370023,0,0.0,0.0,0.0,0.0,0.0,0.0,0.0,0.0,0.0,0.9984704293288662,0.9984704293288662,0.0
2023-12-29,14:45:00.000000000,49.04,376.55,,,,0,0.0,0.0,0.0,0.0,0.0,0.0,0.0,0.0,0.0,0.9984704293288662,0.9984704293288662,0.0
2023-12-29,14:46:00.000000000,49.02,376.5809,,,,0,0.0,0.0,0.0,0.0,0.0,0.0,0.0,0.0,0.0,0.9984704293288662,0.9984704293288662,0.0
2023-12-29,14:47:00.000000000,49.0014,376.1,0.14580253726247552,-5.8349342644170505,-1.4312966943729786,0,0.0,0.0,0.0,0.0,0.0,0.0,0.0,0.0,0.0,0.9984704293288662,0.9984704293288662,0.0
2023-12-29,14:48:00.000000000,48.97,376.4,,,,0,0.0,0.0,0.0,0.0,0.0,0.0,0.0,0.0,0.0,0.9984704293288662,0.9984704293288662,0.0
2023-12-29,14:49:00.000000000,48.98,376.64,,,,0,0.0,0.0,0.0,0.0,0.0,0.0,0.0,0.0,0.0,0.9984704293288662,0.9984704293288662,0.0
2023-12-29,14:50:00.000000000,48.995,377.0,0.14569141533727534,-5.930663582152803,-1.4660682791451414,0,0.0,0.0,0.0,0.0,0.0,0.0,0.0,0.0,0.0,0.9984704293288662,0.9984704293288662,0.0
2023-12-29,14:51:00.000000000,49.01,377.07,,,,0,0.0,0.0,0.0,0.0,0.0,0.0,0.0,0.0,0.0,0.9984704293288662,0.9984704293288662,0.0
2023-12-29,14:52:00.000000000,48.98,376.76,,,,0,0.0,0.0,0.0,0.0,0.0,0.0,0.0,0.0,0.0,0.9984704293288662,0.9984704293288662,0.0
2023-12-29,14:53:00.000000000,48.98,377.11,0.14549297546142162,-5.886855976256712,-1.41514120238984,0,0.0,0.0,0.0,0.0,0.0,0.0,0.0,0.0,0.0,0.9984704293288662,0.9984704293288662,0.0
2023-12-29,14:54:00.000000000,49.0,376.96,,,,0,0.0,0.0,0.0,0.0,0.0,0.0,0.0,0.0,0.0,0.9984704293288662,0.9984704293288662,0.0
2023-12-29,14:55:00.000000000,48.98,377.07,,,,0,0.0,0.0,0.0,0.0,0.0,0.0,0.0,0.0,0.0,0.9984704293288662,0.9984704293288662,0.0
2023-12-29,14:56:00.000000000,48.96,377.01,0.1453319359749452,-5.831593181914087,-1.3579065885946056,0,0.0,0.0,0.0,0.0,0.0,0.0,0.0,0.0,0.0,0.9984704293288662,0.9984704293288662,0.0
2023-12-29,14:57:00.000000000,48.97,377.0182,,,,0,0.0,0.0,0.0,0.0,0.0,0.0,0.0,0.0,0.0,0.9984704293288662,0.9984704293288662,0.0
2023-12-29,14:58:00.000000000,48.95,376.79,,,,0,0.0,0.0,0.0,0.0,0.0,0.0,0.0,0.0,0.0,0.9984704293288662,0.9984704293288662,0.0
2023-12-29,14:59:00.000000000,48.97,376.805,0.14526395538607398,-5.7661847092496075,-1.2946296576620193,0,0.0,0.0,0.0,0.0,0.0,0.0,0.0,0.0,0.0,0.9984704293288662,0.9984704293288662,0.0
2023-12-29,15:00:00.000000000,49.01,376.53,,,,0,0.0,0.0,0.0,0.0,0.0,0.0,0.0,0.0,0.0,0.9984704293288662,0.9984704293288662,0.0
2023-12-29,15:01:00.000000000,49.01,376.67,,,,0,0.0,0.0,0.0,0.0,0.0,0.0,0.0,0.0,0.0,0.9984704293288662,0.9984704293288662,0.0
2023-12-29,15:02:00.000000000,48.99,376.69,0.14525256939805353,-5.725190366552781,-1.247954222411244,0,0.0,0.0,0.0,0.0,0.0,0.0,0.0,0.0,0.0,0.9984704293288662,0.9984704293288662,0.0
2023-12-29,15:03:00.000000000,49.0,376.73,,,,0,0.0,0.0,0.0,0.0,0.0,0.0,0.0,0.0,0.0,0.9984704293288662,0.9984704293288662,0.0
2023-12-29,15:04:00.000000000,49.015,376.77,,,,0,0.0,0.0,0.0,0.0,0.0,0.0,0.0,0.0,0.0,0.9984704293288662,0.9984704293288662,0.0
2023-12-29,15:05:00.000000000,49.0212,376.94,0.1451961797143683,-5.709047981533985,-1.2179312732070917,0,0.0,0.0,0.0,0.0,0.0,0.0,0.0,0.0,0.0,0.9984704293288662,0.9984704293288662,0.0
2023-12-29,15:06:00.000000000,49.01,376.8099,,,,0,0.0,0.0,0.0,0.0,0.0,0.0,0.0,0.0,0.0,0.9984704293288662,0.9984704293288662,0.0
2023-12-29,15:07:00.000000000,48.98,376.9201,,,,0,0.0,0.0,0.0,0.0,0.0,0.0,0.0,0.0,0.0,0.9984704293288662,0.9984704293288662,0.0
2023-12-29,15:08:00.000000000,49.01,376.98,0.1451125967135641,-5.694546709079404,-1.1895393611830807,0,0.0,0.0,0.0,0.0,0.0,0.0,0.0,0.0,0.0,0.9984704293288662,0.9984704293288662,0.0
2023-12-29,15:09:00.000000000,48.985,376.9,,,,0,0.0,0.0,0.0,0.0,0.0,0.0,0.0,0.0,0.0,0.9984704293288662,0.9984704293288662,0.0
2023-12-29,15:10:00.000000000,48.99,376.89,,,,0,0.0,0.0,0.0,0.0,0.0,0.0,0.0,0.0,0.0,0.9984704293288662,0.9984704293288662,0.0
2023-12-29,15:11:00.000000000,48.975,376.63,0.145052654040926,-5.65618109143395,-1.144424123090416,0,0.0,0.0,0.0,0.0,0.0,0.0,0.0,0.0,0.0,0.9984704293288662,0.9984704293288662,0.0
2023-12-29,15:12:00.000000000,48.955,376.77,,,,0,0.0,0.0,0.0,0.0,0.0,0.0,0.0,0.0,0.0,0.9984704293288662,0.9984704293288662,0.0
2023-12-29,15:13:00.000000000,48.96,376.87,,,,0,0.0,0.0,0.0,0.0,0.0,0.0,0.0,0.0,0.0,0.9984704293288662,0.9984704293288662,0.0
2023-12-29,15:14:00.000000000,48.96,376.77,0.14496157553602926,-5.657172814709739,-1.1275000754806177,0,0.0,0.0,0.0,0.0,0.0,0.0,0.0,0.0,0.0,0.9984704293288662,0.9984704293288662,0.0
2023-12-29,15:15:00.000000000,48.99,376.87,,,,0,0.0,0.0,0.0,0.0,0.0,0.0,0.0,0.0,0.0,0.9984704293288662,0.9984704293288662,0.0
2023-12-29,15:16:00.000000000,48.98,376.665,,,,0,0.0,0.0,0.0,0.0,0.0,0.0,0.0,0.0,0.0,0.9984704293288662,0.9984704293288662,0.0
2023-12-29,15:17:00.000000000,48.97,376.67,0.14486151072848438,-5.594985246098219,-1.0649264695393557,0,0.0,0.0,0.0,0.0,0.0,0.0,0.0,0.0,0.0,0.9984704293288662,0.9984704293288662,0.0
2023-12-29,15:18:00.000000000,48.985,376.68,,,,0,0.0,0.0,0.0,0.0,0.0,0.0,0.0,0.0,0.0,0.9984704293288662,0.9984704293288662,0.0
2023-12-29,15:19:00.000000000,49.005,376.68,,,,0,0.0,0.0,0.0,0.0,0.0,0.0,0.0,0.0,0.0,0.9984704293288662,0.9984704293288662,0.0
2023-12-29,15:20:00.000000000,48.995,376.6,0.14481407213605016,-5.5419795664364955,-1.0081379652903708,0,0.0,0.0,0.0,0.0,0.0,0.0,0.0,0.0,0.0,0.9984704293288662,0.9984704293288662,0.0
2023-12-29,15:21:00.000000000,49.0,376.7,,,,0,0.0,0.0,0.0,0.0,0.0,0.0,0.0,0.0,0.0,0.9984704293288662,0.9984704293288662,0.0
2023-12-29,15:22:00.000000000,49.01,376.7515,,,,0,0.0,0.0,0.0,0.0,0.0,0.0,0.0,0.0,0.0,0.9984704293288662,0.9984704293288662,0.0
2023-12-29,15:23:00.000000000,49.0202,376.84,0.14471890485714448,-5.515672106366317,-0.970666400074907,0,0.0,0.0,0.0,0.0,0.0,0.0,0.0,0.0,0.0,0.9984704293288662,0.9984704293288662,0.0
2023-12-29,15:24:00.000000000,49.025,376.835,,,,0,0.0,0.0,0.0,0.0,0.0,0.0,0.0,0.0,0.0,0.9984704293288662,0.9984704293288662,0.0
2023-12-29,15:25:00.000000000,49.0492,376.86,,,,0,0.0,0.0,0.0,0.0,0.0,0.0,0.0,0.0,0.0,0.9984704293288662,0.9984704293288662,0.0
2023-12-29,15:26:00.000000000,49.04,376.73,0.1446886262962102,-5.468546184571274,-0.9166585863980591,0,0.0,0.0,0.0,0.0,0.0,0.0,0.0,0.0,0.0,0.9984704293288662,0.9984704293288662,0.0
2023-12-29,15:27:00.000000000,49.025,376.9025,,,,0,0.0,0.0,0.0,0.0,0.0,0.0,0.0,0.0,0.0,0.9984704293288662,0.9984704293288662,0.0
2023-12-29,15:28:00.000000000,49.0385,376.945,,,,0,0.0,0.0,0.0,0.0,0.0,0.0,0.0,0.0,0.0,0.9984704293288662,0.9984704293288662,0.0
2023-12-29,15:29:00.000000000,49.0401,377.09,0.1445576557374364,-5.471146402029888,-0.902181850999308,0,0.0,0.0,0.0,0.0,0.0,0.0,0.0,0.0,0.0,0.9984704293288662,0.9984704293288662,0.0
2023-12-29,15:30:00.000000000,49.024,377.0,,,,0,0.0,0.0,0.0,0.0,0.0,0.0,0.0,0.0,0.0,0.9984704293288662,0.9984704293288662,0.0
2023-12-29,15:31:00.000000000,49.02,376.87,,,,0,0.0,0.0,0.0,0.0,0.0,0.0,0.0,0.0,0.0,0.9984704293288662,0.9984704293288662,0.0
2023-12-29,15:32:00.000000000,49.0,376.87,0.14443197227967206,-5.432077393040011,-0.8531249288007218,0,0.0,0.0,0.0,0.0,0.0,0.0,0.0,0.0,0.0,0.9984704293288662,0.9984704293288662,0.0
2023-12-29,15:33:00.000000000,49.01,376.84,,,,0,0.0,0.0,0.0,0.0,0.0,0.0,0.0,0.0,0.0,0.9984704293288662,0.9984704293288662,0.0
2023-12-29,15:34:00.000000000,49.0,376.8775,,,,0,0.0,0.0,0.0,0.0,0.0,0.0,0.0,0.0,0.0,0.9984704293288662,0.9984704293288662,0.0
2023-12-29,15:35:00.000000000,49.0,376.67,0.14435470994895938,-5.374088596474529,-0.7868174163933831,0,0.0,0.0,0.0,0.0,0.0,0.0,0.0,0.0,0.0,0.9984704293288662,0.9984704293288662,0.0
2023-12-29,15:36:00.000000000,49.02,376.82,,,,0,0.0,0.0,0.0,0.0,0.0,0.0,0.0,0.0,0.0,0.9984704293288662,0.9984704293288662,0.0
2023-12-29,15:37:00.000000000,49.0,376.685,,,,0,0.0,0.0,0.0,0.0,0.0,0.0,0.0,0.0,0.0,0.9984704293288662,0.9984704293288662,0.0
2023-12-29,15:38:00.000000000,48.995,376.58,0.1442563249983204,-5.32904686786749,-0.7300868241307071,0,0.0,0.0,0.0,0.0,0.0,0.0,0.0,0.0,0.0,0.9984704293288662,0.9984704293288662,0.0
2023-12-29,15:39:00.000000000,48.99,376.4844,,,,0,0.0,0.0,0.0,0.0,0.0,0.0,0.0,0.0,0.0,0.9984704293288662,0.9984704293288662,0.0
2023-12-29,15:40:00.000000000,48.9884,376.5944,,,,0,0.0,0.0,0.0,0.0,0.0,0.0,0.0,0.0,0.0,0.9984704293288662,0.9984704293288662,0.0
2023-12-29,15:41:00.000000000,48.97,376.38,0.14417357461315639,-5.2940500128998025,-0.6809451537332725,0,0.0,0.0,0.0,0.0,0.0,0.0,0.0,0.0,0.0,0.9984704293288662,0.9984704293288662,0.0
2023-12-29,15:42:00.000000000,48.98,376.455,,,,0,0.0,0.0,0.0,0.0,0.0,0.0,0.0,0.0,0.0,0.9984704293288662,0.9984704293288662,0.0
2023-12-29,15:43:00.000000000,48.96,376.38,,,,0,0.0,0.0,0.0,0.0,0.0,0.0,0.0,0.0,0.0,0.9984704293288662,0.9984704293288662,0.0
2023-12-29,15:44:00.000000000,48.95,376.499,0.1440795181611338,-5.29579450814871,-0.6648191824679954,0,0.0,0.0,0.0,0.0,0.0,0.0,0.0,0.0,0.0,0.9984704293288662,0.9984704293288662,0.0
2023-12-29,15:45:00.000000000,48.95,376.41,,,,0,0.0,0.0,0.0,0.0,0.0,0.0,0.0,0.0,0.0,0.9984704293288662,0.9984704293288662,0.0
2023-12-29,15:46:00.000000000,48.9,376.13,,,,0,0.0,0.0,0.0,0.0,0.0,0.0,0.0,0.0,0.0,0.9984704293288662,0.9984704293288662,0.0
2023-12-29,15:47:00.000000000,48.83,375.6,0.14399830868037508,-5.255764740348887,-0.6089607020450011,0,0.0,0.0,0.0,0.0,0.0,0.0,0.0,0.0,0.0,0.9984704293288662,0.9984704293288662,0.0
2023-12-29,15:48:00.000000000,48.82,375.445,,,,0,0.0,0.0,0.0,0.0,0.0,0.0,0.0,0.0,0.0,0.9984704293288662,0.9984704293288662,0.0
2023-12-29,15:49:00.000000000,48.85,375.365,,,,0,0.0,0.0,0.0,0.0,0.0,0.0,0.0,0.0,0.0,0.9984704293288662,0.9984704293288662,0.0
2023-12-29,15:50:00.000000000,48.88,375.65,0.14397767439078138,-5.2052133848970215,-0.5410422499722438,0,0.0,0.0,0.0,0.0,0.0,0.0,0.0,0.0,0.0,0.9984704293288662,0.9984704293288662,0.0
2023-12-29,15:51:00.000000000,48.85,375.48,,,,0,0.0,0.0,0.0,0.0,0.0,0.0,0.0,0.0,0.0,0.9984704293288662,0.9984704293288662,0.0
2023-12-29,15:52:00.000000000,48.84,375.39,,,,0,0.0,0.0,0.0,0.0,0.0,0.0,0.0,0.0,0.0,0.9984704293288662,0.9984704293288662,0.0
2023-12-29,15:53:00.000000000,48.85,375.59,0.14394983532819897,-5.216118650918247,-0.5331989561489536,0,0.0,0.0,0.0,0.0,0.0,0.0,0.0,0.0,0.0,0.9984704293288662,0.9984704293288662,0.0
2023-12-29,15:54:00.000000000,48.85,375.505,,,,0,0.0,0.0,0.0,0.0,0.0,0.0,0.0,0.0,0.0,0.9984704293288662,0.9984704293288662,0.0
2023-12-29,15:55:00.000000000,48.88,375.652,,,,0,0.0,0.0,0.0,0.0,0.0,0.0,0.0,0.0,0.0,0.9984704293288662,0.9984704293288662,0.0
2023-12-29,15:56:00.000000000,48.875,375.44,0.1439807566204037,-5.181135265564357,-0.47716994750630815,0,0.0,0.0,0.0,0.0,0.0,0.0,0.0,0.0,0.0,0.9984704293288662,0.9984704293288662,0.0
2023-12-29,15:57:00.000000000,48.845,375.54,,,,0,0.0,0.0,0.0,0.0,0.0,0.0,0.0,0.0,0.0,0.9984704293288662,0.9984704293288662,0.0
2023-12-29,15:58:00.000000000,48.86,375.66,,,,0,0.0,0.0,0.0,0.0,0.0,0.0,0.0,0.0,0.0,0.9984704293288662,0.9984704293288662,0.0
2023-12-29,15:59:00.000000000,48.8547,375.685,0.14393540149649944,-5.2196713112123945,-0.49919959899125765,0,0.0,0.0,0.0,0.0,0.0,0.0,0.0,0.0,0.0,0.9984704293288662,0.9984704293288662,0.0
2023-12-29,16:00:00.000000000,48.88,375.6767,,,,0,0.0,0.0,0.0,0.0,0.0,0.0,0.0,0.0,0.0,0.9984704293288662,0.9984704293288662,0.0
2023-12-29,16:01:00.000000000,48.87,375.78,,,,0,0.0,0.0,0.0,0.0,0.0,0.0,0.0,0.0,0.0,0.9984704293288662,0.9984704293288662,0.0
2023-12-29,16:02:00.000000000,48.865,375.87,0.14386027100205132,-5.207760061541023,-0.46606765764084446,0,0.0,0.0,0.0,0.0,0.0,0.0,0.0,0.0,0.0,0.9984704293288662,0.9984704293288662,0.0
2023-12-29,16:03:00.000000000,48.875,375.858,,,,0,0.0,0.0,0.0,0.0,0.0,0.0,0.0,0.0,0.0,0.9984704293288662,0.9984704293288662,0.0
2023-12-29,16:04:00.000000000,48.84,375.74,,,,0,0.0,0.0,0.0,0.0,0.0,0.0,0.0,0.0,0.0,0.9984704293288662,0.9984704293288662,0.0
2023-12-29,16:05:00.000000000,48.83,375.55,0.1438050924341755,-5.176002463654612,-0.40869638009725434,0,0.0,0.0,0.0,0.0,0.0,0.0,0.0,0.0,0.0,0.9984704293288662,0.9984704293288662,0.0
2023-12-29,16:06:00.000000000,48.8,375.45,,,,0,0.0,0.0,0.0,0.0,0.0,0.0,0.0,0.0,0.0,0.9984704293288662,0.9984704293288662,0.0
2023-12-29,16:07:00.000000000,48.805,375.36,,,,0,0.0,0.0,0.0,0.0,0.0,0.0,0.0,0.0,0.0,0.9984704293288662,0.9984704293288662,0.0
2023-12-29,16:08:00.000000000,48.805,375.15,0.14377012544125603,-5.1303625592871995,-0.3322667941291139,0,0.0,0.0,0.0,0.0,0.0,0.0,0.0,0.0,0.0,0.9984704293288662,0.9984704293288662,0.0
2023-12-29,16:09:00.000000000,48.82,375.2583,,,,0,0.0,0.0,0.0,0.0,0.0,0.0,0.0,0.0,0.0,0.9984704293288662,0.9984704293288662,0.0
2023-12-29,16:10:00.000000000,48.79,375.2257,,,,0,0.0,0.0,0.0,0.0,0.0,0.0,0.0,0.0,0.0,0.9984704293288662,0.9984704293288662,0.0
2023-12-29,16:11:00.000000000,48.79,375.2,0.1437531467837676,-5.146180673269605,-0.32934834622259096,0,0.0,0.0,0.0,0.0,0.0,0.0,0.0,0.0,0.0,0.9984704293288662,0.9984704293288662,0.0
2023-12-29,16:12:00.000000000,48.785,375.14,,,,0,0.0,0.0,0.0,0.0,0.0,0.0,0.0,0.0,0.0,0.9984704293288662,0.9984704293288662,0.0
2023-12-29,16:13:00.000000000,48.76,374.8,,,,0,0.0,0.0,0.0,0.0,0.0,0.0,0.0,0.0,0.0,0.9984704293288662,0.9984704293288662,0.0
2023-12-29,16:14:00.000000000,48.77,374.52,0.1437502031409073,-5.067326080332599,-0.20524604184813167,0,0.0,0.0,0.0,0.0,0.0,0.0,0.0,0.0,0.0,0.9984704293288662,0.9984704293288662,0.0
2023-12-29,16:15:00.000000000,48.76,374.4,,,,0,0.0,0.0,0.0,0.0,0.0,0.0,0.0,0.0,0.0,0.9984704293288662,0.9984704293288662,0.0
2023-12-29,16:16:00.000000000,48.69,374.285,,,,0,0.0,0.0,0.0,0.0,0.0,0.0,0.0,0.0,0.0,0.9984704293288662,0.9984704293288662,0.0
2023-12-29,16:17:00.000000000,48.7,374.42,0.14374941720022477,-5.122656788108159,-0.25377822528018984,0,0.0,0.0,0.0,0.0,0.0,0.0,0.0,0.0,0.0,0.9984704293288662,0.9984704293288662,0.0
2023-12-29,16:18:00.000000000,48.73,374.54,,,,0,0.0,0.0,0.0,0.0,0.0,0.0,0.0,0.0,0.0,0.9984704293288662,0.9984704293288662,0.0
2023-12-29,16:19:00.000000000,48.73,374.4201,,,,0,0.0,0.0,0.0,0.0,0.0,0.0,0.0,0.0,0.0,0.9984704293288662,0.9984704293288662,0.0
2023-12-29,16:20:00.000000000,48.74,374.37,0.14375575793636422,-5.07784309863667,-0.16776944403555605,0,0.0,0.0,0.0,0.0,0.0,0.0,0.0,0.0,0.0,0.9984704293288662,0.9984704293288662,0.0
2023-12-29,16:21:00.000000000,48.72,374.19,,,,0,0.0,0.0,0.0,0.0,0.0,0.0,0.0,0.0,0.0,0.9984704293288662,0.9984704293288662,0.0
2023-12-29,16:22:00.000000000,48.71,374.24,,,,0,0.0,0.0,0.0,0.0,0.0,0.0,0.0,0.0,0.0,0.9984704293288662,0.9984704293288662,0.0
2023-12-29,16:23:00.000000000,48.75,374.28,0.1437590436168738,-5.056134844923527,-0.11050653562997668,0,0.0,0.0,0.0,0.0,0.0,0.0,0.0,0.0,0.0,0.9984704293288662,0.9984704293288662,0.0
2023-12-29,16:24:00.000000000,48.72,374.09,,,,0,0.0,0.0,0.0,0.0,0.0,0.0,0.0,0.0,0.0,0.9984704293288662,0.9984704293288662,0.0
2023-12-29,16:25:00.000000000,48.69,373.97,,,,0,0.0,0.0,0.0,0.0,0.0,0.0,0.0,0.0,0.0,0.9984704293288662,0.9984704293288662,0.0
2023-12-29,16:26:00.000000000,48.685,374.0087,0.14373636863331435,-5.0736523752666685,-0.10849733606373155,0,0.0,0.0,0.0,0.0,0.0,0.0,0.0,0.0,0.0,0.9984704293288662,0.9984704293288662,0.0
2023-12-29,16:27:00.000000000,48.655,373.88,,,,0,0.0,0.0,0.0,0.0,0.0,0.0,0.0,0.0,0.0,0.9984704293288662,0.9984704293288662,0.0
2023-12-29,16:28:00.000000000,48.62,373.75,,,,0,0.0,0.0,0.0,0.0,0.0,0.0,0.0,0.0,0.0,0.9984704293288662,0.9984704293288662,0.0
2023-12-29,16:29:00.000000000,48.62,373.64,0.14370874117775062,-5.075334053654743,-0.08318703248422438,0,0.0,0.0,0.0,0.0,0.0,0.0,0.0,0.0,0.0,0.9984704293288662,0.9984704293288662,0.0
2023-12-29,16:30:00.000000000,48.6355,373.9,,,,0,0.0,0.0,0.0,0.0,0.0,0.0,0.0,0.0,0.0,0.9984704293288662,0.9984704293288662,0.0
2023-12-29,16:31:00.000000000,48.641,373.795,,,,0,0.0,0.0,0.0,0.0,0.0,0.0,0.0,0.0,0.0,0.9984704293288662,0.9984704293288662,0.0
2023-12-29,16:32:00.000000000,48.63,373.74,0.14368196772362946,-5.069698617029275,-0.04621627824340105,0,0.0,0.0,0.0,0.0,0.0,0.0,0.0,0.0,0.0,0.9984704293288662,0.9984704293288662,0.0
2023-12-29,16:33:00.000000000,48.645,373.83,,,,0,0.0,0.0,0.0,0.0,0.0,0.0,0.0,0.0,0.0,0.9984704293288662,0.9984704293288662,0.0
2023-12-29,16:34:00.000000000,48.66,373.8801,,,,0,0.0,0.0,0.0,0.0,0.0,0.0,0.0,0.0,0.0,0.9984704293288662,0.9984704293288662,0.0
2023-12-29,16:35:00.000000000,48.67,373.92,0.14366464006337099,-5.0490822124956765,0.016967165025142488,0,0.0,0.0,0.0,0.0,0.0,0.0,0.0,0.0,0.0,0.9984704293288662,0.9984704293288662,0.0
2023-12-29,16:36:00.000000000,48.665,373.8508,,,,0,0.0,0.0,0.0,0.0,0.0,0.0,0.0,0.0,0.0,0.9984704293288662,0.9984704293288662,0.0
2023-12-29,16:37:00.000000000,48.65,373.93,,,,0,0.0,0.0,0.0,0.0,0.0,0.0,0.0,0.0,0.0,0.9984704293288662,0.9984704293288662,0.0
2023-12-29,16:38:00.000000000,48.665,374.1,0.14365145569106397,-5.075009574027035,0.00390903992358732,0,0.0,0.0,0.0,0.0,0.0,0.0,0.0,0.0,0.0,0.9984704293288662,0.9984704293288662,0.0
2023-12-29,16:39:00.000000000,48.7,374.205,,,,0,0.0,0.0,0.0,0.0,0.0,0.0,0.0,0.0,0.0,0.9984704293288662,0.9984704293288662,0.0
2023-12-29,16:40:00.000000000,48.73,374.31,,,,0,0.0,0.0,0.0,0.0,0.0,0.0,0.0,0.0,0.0,0.9984704293288662,0.9984704293288662,0.0
2023-12-29,16:41:00.000000000,48.695,374.1899,0.14362968817379113,-5.049778654782088,0.08002203237718326,0,0.0,0.0,0.0,0.0,0.0,0.0,0.0,0.0,0.0,0.9984704293288662,0.9984704293288662,0.0
2023-12-29,16:42:00.000000000,48.691,374.11,,,,0,0.0,0.0,0.0,0.0,0.0,0.0,0.0,0.0,0.0,0.9984704293288662,0.9984704293288662,0.0
2023-12-29,16:43:00.000000000,48.7,374.119,,,,0,0.0,0.0,0.0,0.0,0.0,0.0,0.0,0.0,0.0,0.9984704293288662,0.9984704293288662,0.0
2023-12-29,16:44:00.000000000,48.695,374.1801,0.14361399159411345,-5.042497736084528,0.12720576408586395,0,0.0,0.0,0.0,0.0,0.0,0.0,0.0,0.0,0.0,0.9984704293288662,0.9984704293288662,0.0
2023-12-29,16:45:00.000000000,48.7,374.2588,,,,0,0.0,0.0,0.0,0.0,0.0,0.0,0.0,0.0,0.0,0.9984704293288662,0.9984704293288662,0.0
2023-12-29,16:46:00.000000000,48.72,374.37,,,,0,0.0,0.0,0.0,0.0,0.0,0.0,0.0,0.0,0.0,0.9984704293288662,0.9984704293288662,0.0
2023-12-29,16:47:00.000000000,48.72,374.4,0.1436100680241692,-5.04760946824895,0.1526962172327828,0,0.0,0.0,0.0,0.0,0.0,0.0,0.0,0.0,0.0,0.9984704293288662,0.9984704293288662,0.0
2023-12-29,16:48:00.000000000,48.7166,374.4,,,,0,0.0,0.0,0.0,0.0,0.0,0.0,0.0,0.0,0.0,0.9984704293288662,0.9984704293288662,0.0
2023-12-29,16:49:00.000000000,48.745,374.54,,,,0,0.0,0.0,0.0,0.0,0.0,0.0,0.0,0.0,0.0,0.9984704293288662,0.9984704293288662,0.0
2023-12-29,16:50:00.000000000,48.75,374.49,0.14362464375452527,-5.035992839632172,0.21195553648386672,0,0.0,0.0,0.0,0.0,0.0,0.0,0.0,0.0,0.0,0.9984704293288662,0.9984704293288662,0.0
2023-12-29,16:51:00.000000000,48.725,374.3362,,,,0,0.0,0.0,0.0,0.0,0.0,0.0,0.0,0.0,0.0,0.9984704293288662,0.9984704293288662,0.0
2023-12-29,16:52:00.000000000,48.73,374.3575,,,,0,0.0,0.0,0.0,0.0,0.0,0.0,0.0,0.0,0.0,0.9984704293288662,0.9984704293288662,0.0
2023-12-29,16:53:00.000000000,48.7,374.385,0.14363364423438807,-5.0742818966913745,0.1714990131585627,0,0.0,0.0,0.0,0.0,0.0,0.0,0.0,0.0,0.0,0.9984704293288662,0.9984704293288662,0.0
2023-12-29,16:54:00.000000000,48.74,374.6269,,,,0,0.0,0.0,0.0,0.0,0.0,0.0,0.0,0.0,0.0,0.9984704293288662,0.9984704293288662,0.0
2023-12-29,16:55:00.000000000,48.735,374.45,,,,0,0.0,0.0,0.0,0.0,0.0,0.0,0.0,0.0,0.0,0.9984704293288662,0.9984704293288662,0.0
2023-12-29,16:56:00.000000000,48.76,374.49,0.14364346835247932,-5.033042463319987,0.2979035440766136,0,0.0,0.0,0.0,0.0,0.0,0.0,0.0,0.0,0.0,0.9984704293288662,0.9984704293288662,0.0
2023-12-29,16:57:00.000000000,48.76,374.41,,,,0,0.0,0.0,0.0,0.0,0.0,0.0,0.0,0.0,0.0,0.9984704293288662,0.9984704293288662,0.0
2023-12-29,16:58:00.000000000,48.7599,374.385,,,,0,0.0,0.0,0.0,0.0,0.0,0.0,0.0,0.0,0.0,0.9984704293288662,0.9984704293288662,0.0
2023-12-29,16:59:00.000000000,48.75,374.37,0.14364488928375665,-5.026337201159983,0.3545974186921308,0,0.0,0.0,0.0,0.0,0.0,0.0,0.0,0.0,0.0,0.9984704293288662,0.9984704293288662,0.0
2023-12-29,17:00:00.000000000,48.75,374.46,,,,0,0.0,0.0,0.0,0.0,0.0,0.0,0.0,0.0,0.0,0.9984704293288662,0.9984704293288662,0.0
2023-12-29,17:01:00.000000000,48.76,374.5,,,,0,0.0,0.0,0.0,0.0,0.0,0.0,0.0,0.0,0.0,0.9984704293288662,0.9984704293288662,0.0
2023-12-29,17:02:00.000000000,48.74,374.29,0.1436969662853689,-5.044337510950726,0.35762385909678557,0,0.0,0.0,0.0,0.0,0.0,0.0,0.0,0.0,0.0,0.9984704293288662,0.9984704293288662,0.0
2023-12-29,17:03:00.000000000,48.75,374.4,,,,0,0.0,0.0,0.0,0.0,0.0,0.0,0.0,0.0,0.0,0.9984704293288662,0.9984704293288662,0.0
2023-12-29,17:04:00.000000000,48.735,374.31,,,,0,0.0,0.0,0.0,0.0,0.0,0.0,0.0,0.0,0.0,0.9984704293288662,0.9984704293288662,0.0
2023-12-29,17:05:00.000000000,48.73,374.2702,0.1437544033799512,-5.072989303895021,0.33362551702653953,0,0.0,0.0,0.0,0.0,0.0,0.0,0.0,0.0,0.0,0.9984704293288662,0.9984704293288662,0.0
2023-12-29,17:06:00.000000000,48.715,374.1,,,,0,0.0,0.0,0.0,0.0,0.0,0.0,0.0,0.0,0.0,0.9984704293288662,0.9984704293288662,0.0
2023-12-29,17:07:00.000000000,48.71,374.3,,,,0,0.0,0.0,0.0,0.0,0.0,0.0,0.0,0.0,0.0,0.9984704293288662,0.9984704293288662,0.0
2023-12-29,17:08:00.000000000,48.725,374.36,0.14383331880550224,-5.120441228027815,0.258274934148456,0,0.0,0.0,0.0,0.0,0.0,0.0,0.0,0.0,0.0,0.9984704293288662,0.9984704293288662,0.0
2023-12-29,17:09:00.000000000,48.69,374.3,,,,0,0.0,0.0,0.0,0.0,0.0,0.0,0.0,0.0,0.0,0.9984704293288662,0.9984704293288662,0.0
2023-12-29,17:10:00.000000000,48.68,374.26,,,,0,0.0,0.0,0.0,0.0,0.0,0.0,0.0,0.0,0.0,0.9984704293288662,0.9984704293288662,0.0
2023-12-29,17:11:00.000000000,48.7,374.19,0.1438793641183884,-5.138219259459753,0.25512309136356853,0,0.0,0.0,0.0,0.0,0.0,0.0,0.0,0.0,0.0,0.9984704293288662,0.9984704293288662,0.0
2023-12-29,17:12:00.000000000,48.71,374.19,,,,0,0.0,0.0,0.0,0.0,0.0,0.0,0.0,0.0,0.0,0.9984704293288662,0.9984704293288662,0.0
2023-12-29,17:13:00.000000000,48.691,374.16,,,,0,0.0,0.0,0.0,0.0,0.0,0.0,0.0,0.0,0.0,0.9984704293288662,0.9984704293288662,0.0
2023-12-29,17:14:00.000000000,48.68,373.96,0.14396483124298173,-5.157088291625449,0.2447838695996078,0,0.0,0.0,0.0,0.0,0.0,0.0,0.0,0.0,0.0,0.9984704293288662,0.9984704293288662,0.0
2023-12-29,17:15:00.000000000,48.69,374.06,,,,0,0.0,0.0,0.0,0.0,0.0,0.0,0.0,0.0,0.0,0.9984704293288662,0.9984704293288662,0.0
2023-12-29,17:16:00.000000000,48.69,374.13,,,,0,0.0,0.0,0.0,0.0,0.0,0.0,0.0,0.0,0.0,0.9984704293288662,0.9984704293288662,0.0
2023-12-29,17:17:00.000000000,48.69,373.96,0.1440428423105028,-5.176261310435628,0.22881873972280822,0,0.0,0.0,0.0,0.0,0.0,0.0,0.0,0.0,0.0,0.9984704293288662,0.9984704293288662,0.0
2023-12-29,17:18:00.000000000,48.71,374.1901,,,,0,0.0,0.0,0.0,0.0,0.0,0.0,0.0,0.0,0.0,0.9984704293288662,0.9984704293288662,0.0
2023-12-29,17:19:00.000000000,48.71,374.1003,,,,0,0.0,0.0,0.0,0.0,0.0,0.0,0.0,0.0,0.0,0.9984704293288662,0.9984704293288662,0.0
2023-12-29,17:20:00.000000000,48.73,374.17,0.14411978488875304,-5.195299911824733,0.20944847734357128,0,0.0,0.0,0.0,0.0,0.0,0.0,0.0,0.0,0.0,0.9984704293288662,0.9984704293288662,0.0
2023-12-29,17:21:00.000000000,48.7,374.02,,,,0,0.0,0.0,0.0,0.0,0.0,0.0,0.0,0.0,0.0,0.9984704293288662,0.9984704293288662,0.0
2023-12-29,17:22:00.000000000,48.685,373.8,,,,0,0.0,0.0,0.0,0.0,0.0,0.0,0.0,0.0,0.0,0.9984704293288662,0.9984704293288662,0.0
2023-12-29,17:23:00.000000000,48.66,373.56,0.14419675916940447,-5.206141355322735,0.21207913305435816,0,0.0,0.0,0.0,0.0,0.0,0.0,0.0,0.0,0.0,0.9984704293288662,0.9984704293288662,0.0
2023-12-29,17:24:00.000000000,48.705,373.6943,,,,0,0.0,0.0,0.0,0.0,0.0,0.0,0.0,0.0,0.0,0.9984704293288662,0.9984704293288662,0.0
2023-12-29,17:25:00.000000000,48.71,373.73,,,,0,0.0,0.0,0.0,0.0,0.0,0.0,0.0,0.0,0.0,0.9984704293288662,0.9984704293288662,0.0
2023-12-29,17:26:00.000000000,48.685,373.5996,0.14425087832799713,-5.207070442988396,0.24395156737752796,0,0.0,0.0,0.0,0.0,0.0,0.0,0.0,0.0,0.0,0.9984704293288662,0.9984704293288662,0.0
2023-12-29,17:27:00.000000000,48.7,373.61,,,,0,0.0,0.0,0.0,0.0,0.0,0.0,0.0,0.0,0.0,0.9984704293288662,0.9984704293288662,0.0
2023-12-29,17:28:00.000000000,48.69,373.62,,,,0,0.0,0.0,0.0,0.0,0.0,0.0,0.0,0.0,0.0,0.9984704293288662,0.9984704293288662,0.0
2023-12-29,17:29:00.000000000,48.7,373.69,0.1443072043549867,-5.226159195414979,0.21209781794856727,0,0.0,0.0,0.0,0.0,0.0,0.0,0.0,0.0,0.0,0.9984704293288662,0.9984704293288662,0.0
2023-12-29,17:30:00.000000000,48.71,373.79,,,,0,0.0,0.0,0.0,0.0,0.0,0.0,0.0,0.0,0.0,0.9984704293288662,0.9984704293288662,0.0
2023-12-29,17:31:00.000000000,48.745,374.09,,,,0,0.0,0.0,0.0,0.0,0.0,0.0,0.0,0.0,0.0,0.9984704293288662,0.9984704293288662,0.0
2023-12-29,17:32:00.000000000,48.745,373.96,0.144357903867573,-5.239081730317594,0.19772396975904208,0,0.0,0.0,0.0,0.0,0.0,0.0,0.0,0.0,0.0,0.9984704293288662,0.9984704293288662,0.0
2023-12-29,17:33:00.000000000,48.76,374.04,,,,0,0.0,0.0,0.0,0.0,0.0,0.0,0.0,0.0,0.0,0.9984704293288662,0.9984704293288662,0.0
2023-12-29,17:34:00.000000000,48.75,374.1,,,,0,0.0,0.0,0.0,0.0,0.0,0.0,0.0,0.0,0.0,0.9984704293288662,0.9984704293288662,0.0
2023-12-29,17:35:00.000000000,48.75,373.96,0.1444383627049049,-5.264170117126234,0.13554531034078057,0,0.0,0.0,0.0,0.0,0.0,0.0,0.0,0.0,0.0,0.9984704293288662,0.9984704293288662,0.0
2023-12-29,17:36:00.000000000,48.7509,374.11,,,,0,0.0,0.0,0.0,0.0,0.0,0.0,0.0,0.0,0.0,0.9984704293288662,0.9984704293288662,0.0
2023-12-29,17:37:00.000000000,48.75,374.02,,,,0,0.0,0.0,0.0,0.0,0.0,0.0,0.0,0.0,0.0,0.9984704293288662,0.9984704293288662,0.0
2023-12-29,17:38:00.000000000,48.77,374.075,0.14450196999980805,-5.284574427678194,0.08698857443656287,0,0.0,0.0,0.0,0.0,0.0,0.0,0.0,0.0,0.0,0.9984704293288662,0.9984704293288662,0.0
2023-12-29,17:39:00.000000000,48.765,374.0321,,,,0,0.0,0.0,0.0,0.0,0.0,0.0,0.0,0.0,0.0,0.9984704293288662,0.9984704293288662,0.0
2023-12-29,17:40:00.000000000,48.76,373.971,,,,0,0.0,0.0,0.0,0.0,0.0,0.0,0.0,0.0,0.0,0.9984704293288662,0.9984704293288662,0.0
2023-12-29,17:41:00.000000000,48.78,374.12,0.1445664214389911,-5.305189588755347,0.033105348100985615,0,0.0,0.0,0.0,0.0,0.0,0.0,0.0,0.0,0.0,0.9984704293288662,0.9984704293288662,0.0
2023-12-29,17:42:00.000000000,48.78,374.1595,,,,0,0.0,0.0,0.0,0.0,0.0,0.0,0.0,0.0,0.0,0.9984704293288662,0.9984704293288662,0.0
2023-12-29,17:43:00.000000000,48.765,374.22,,,,0,0.0,0.0,0.0,0.0,0.0,0.0,0.0,0.0,0.0,0.9984704293288662,0.9984704293288662,0.0
2023-12-29,17:44:00.000000000,48.78,374.19,0.14462293037764587,-5.336454318011306,-0.06675282222186976,0,0.0,0.0,0.0,0.0,0.0,0.0,0.0,0.0,0.0,0.9984704293288662,0.9984704293288662,0.0
2023-12-29,17:45:00.000000000,48.81,374.2132,,,,0,0.0,0.0,0.0,0.0,0.0,0.0,0.0,0.0,0.0,0.9984704293288662,0.9984704293288662,0.0
2023-12-29,17:46:00.000000000,48.8,374.16,,,,0,0.0,0.0,0.0,0.0,0.0,0.0,0.0,0.0,0.0,0.9984704293288662,0.9984704293288662,0.0
2023-12-29,17:47:00.000000000,48.81,374.255,0.14467442780901255,-5.335127979661991,-0.04430963289942251,0,0.0,0.0,0.0,0.0,0.0,0.0,0.0,0.0,0.0,0.9984704293288662,0.9984704293288662,0.0
2023-12-29,17:48:00.000000000,48.83,374.275,,,,0,0.0,0.0,0.0,0.0,0.0,0.0,0.0,0.0,0.0,0.9984704293288662,0.9984704293288662,0.0
2023-12-29,17:49:00.000000000,48.85,374.05,,,,0,0.0,0.0,0.0,0.0,0.0,0.0,0.0,0.0,0.0,0.9984704293288662,0.9984704293288662,0.0
2023-12-29,17:50:00.000000000,48.87,374.19,0.14472641134014747,-5.2851758593697795,0.16541216128075364,0,0.0,0.0,0.0,0.0,0.0,0.0,0.0,0.0,0.0,0.9984704293288662,0.9984704293288662,0.0
2023-12-29,17:51:00.000000000,48.905,374.1652,,,,0,0.0,0.0,0.0,0.0,0.0,0.0,0.0,0.0,0.0,0.9984704293288662,0.9984704293288662,0.0
2023-12-29,17:52:00.000000000,48.94,374.3,,,,0,0.0,0.0,0.0,0.0,0.0,0.0,0.0,0.0,0.0,0.9984704293288662,0.9984704293288662,0.0
2023-12-29,17:53:00.000000000,48.955,374.28,0.1448264089228699,-5.250628331651747,0.31069542158063024,0,0.0,0.0,0.0,0.0,0.0,0.0,0.0,0.0,0.0,0.9984704293288662,0.9984704293288662,0.0
2023-12-29,17:54:00.000000000,48.94,374.271,,,,0,0.0,0.0,0.0,0.0,0.0,0.0,0.0,0.0,0.0,0.9984704293288662,0.9984704293288662,0.0
2023-12-29,17:55:00.000000000,48.97,374.5,,,,0,0.0,0.0,0.0,0.0,0.0,0.0,0.0,0.0,0.0,0.9984704293288662,0.9984704293288662,0.0
2023-12-29,17:56:00.000000000,48.975,374.54,0.14495419215801053,-5.316143130861263,0.058294026207059986,0,0.0,0.0,0.0,0.0,0.0,0.0,0.0,0.0,0.0,0.9984704293288662,0.9984704293288662,0.0
2023-12-29,17:57:00.000000000,48.98,374.58,,,,0,0.0,0.0,0.0,0.0,0.0,0.0,0.0,0.0,0.0,0.9984704293288662,0.9984704293288662,0.0
2023-12-29,17:58:00.000000000,48.98,374.65,,,,0,0.0,0.0,0.0,0.0,0.0,0.0,0.0,0.0,0.0,0.9984704293288662,0.9984704293288662,0.0
2023-12-29,17:59:00.000000000,48.97,374.7,0.14512966855907752,-5.410086809086344,-0.30643063435691464,0,0.0,0.0,0.0,0.0,0.0,0.0,0.0,0.0,0.0,0.9984704293288662,0.9984704293288662,0.0
2023-12-29,18:00:00.000000000,48.92,374.74,,,,0,0.0,0.0,0.0,0.0,0.0,0.0,0.0,0.0,0.0,0.9984704293288662,0.9984704293288662,0.0
2023-12-29,18:01:00.000000000,48.92,374.91,,,,0,0.0,0.0,0.0,0.0,0.0,0.0,0.0,0.0,0.0,0.9984704293288662,0.9984704293288662,0.0
2023-12-29,18:02:00.000000000,48.93,375.08,0.1453131838075288,-5.574068982527905,-0.9417467479239305,0,0.0,0.0,0.0,0.0,0.0,0.0,0.0,0.0,0.0,0.9984704293288662,0.9984704293288662,0.0
2023-12-29,18:03:00.000000000,48.91,375.25,,,,0,0.0,0.0,0.0,0.0,0.0,0.0,0.0,0.0,0.0,0.9984704293288662,0.9984704293288662,0.0
2023-12-29,18:04:00.000000000,48.87,375.28,,,,0,0.0,0.0,0.0,0.0,0.0,0.0,0.0,0.0,0.0,0.9984704293288662,0.9984704293288662,0.0
2023-12-29,18:05:00.000000000,48.89,375.33,0.14547446535690903,-5.710931082408663,-1.4458812546850068,0,0.0,0.0,0.0,0.0,0.0,0.0,0.0,0.0,0.0,0.9984704293288662,0.9984704293288662,0.0
2023-12-29,18:06:00.000000000,48.885,375.45,,,,0,0.0,0.0,0.0,0.0,0.0,0.0,0.0,0.0,0.0,0.9984704293288662,0.9984704293288662,0.0
2023-12-29,18:07:00.000000000,48.885,375.5999,,,,0,0.0,0.0,0.0,0.0,0.0,0.0,0.0,0.0,0.0,0.9984704293288662,0.9984704293288662,0.0
2023-12-29,18:08:00.000000000,48.875,375.6545,0.1455465524709254,-5.800217395189243,-1.7370468240051191,0,0.0,0.0,0.0,0.0,0.0,0.0,0.0,0.0,0.0,0.9984704293288662,0.9984704293288662,0.0
2023-12-29,18:09:00.000000000,48.87,375.57,,,,0,0.0,0.0,0.0,0.0,0.0,0.0,0.0,0.0,0.0,0.9984704293288662,0.9984704293288662,0.0
2023-12-29,18:10:00.000000000,48.865,375.53,,,,0,0.0,0.0,0.0,0.0,0.0,0.0,0.0,0.0,0.0,0.9984704293288662,0.9984704293288662,0.0
2023-12-29,18:11:00.000000000,48.86,375.49,0.1456092630313509,-5.814822175641957,-1.7361079892083453,0,0.0,0.0,0.0,0.0,0.0,0.0,0.0,0.0,0.0,0.9984704293288662,0.9984704293288662,0.0
2023-12-29,18:12:00.000000000,48.86,375.351,,,,0,0.0,0.0,0.0,0.0,0.0,0.0,0.0,0.0,0.0,0.9984704293288662,0.9984704293288662,0.0
2023-12-29,18:13:00.000000000,48.87,375.635,,,,0,0.0,0.0,0.0,0.0,0.0,0.0,0.0,0.0,0.0,0.9984704293288662,0.9984704293288662,0.0
2023-12-29,18:14:00.000000000,48.85,375.51,0.14568515203785948,-5.856231441736611,-1.8313434379781433,0,0.0,0.0,0.0,0.0,0.0,0.0,0.0,0.0,0.0,0.9984704293288662,0.9984704293288662,0.0
2023-12-29,18:15:00.000000000,48.84,375.5278,,,,0,0.0,0.0,0.0,0.0,0.0,0.0,0.0,0.0,0.0,0.9984704293288662,0.9984704293288662,0.0
2023-12-29,18:16:00.000000000,48.83,375.21,,,,0,0.0,0.0,0.0,0.0,0.0,0.0,0.0,0.0,0.0,0.9984704293288662,0.9984704293288662,0.0
2023-12-29,18:17:00.000000000,48.835,375.27,0.14583734431783885,-5.893380202155377,-1.9046546616359439,0,0.0,0.0,0.0,0.0,0.0,0.0,0.0,0.0,0.0,0.9984704293288662,0.9984704293288662,0.0
2023-12-29,18:18:00.000000000,48.835,375.39,,,,0,0.0,0.0,0.0,0.0,0.0,0.0,0.0,0.0,0.0,0.9984704293288662,0.9984704293288662,0.0
2023-12-29,18:19:00.000000000,48.83,375.4,,,,0,0.0,0.0,0.0,0.0,0.0,0.0,0.0,0.0,0.0,0.9984704293288662,0.9984704293288662,0.0
2023-12-29,18:20:00.000000000,48.825,375.33,0.14594173759759302,-5.951312372504582,-2.0407488682933463,0,0.0,0.0,0.0,0.0,0.0,0.0,0.0,0.0,0.0,0.9984704293288662,0.9984704293288662,0.0
2023-12-29,18:21:00.000000000,48.845,375.2329,,,,0,0.0,0.0,0.0,0.0,0.0,0.0,0.0,0.0,0.0,0.9984704293288662,0.9984704293288662,0.0
2023-12-29,18:22:00.000000000,48.84,375.105,,,,0,0.0,0.0,0.0,0.0,0.0,0.0,0.0,0.0,0.0,0.9984704293288662,0.9984704293288662,0.0
2023-12-29,18:23:00.000000000,48.84,375.22,0.14606930432494977,-5.968124368807658,-2.0345541042826496,0,0.0,0.0,0.0,0.0,0.0,0.0,0.0,0.0,0.0,0.9984704293288662,0.9984704293288662,0.0
2023-12-29,18:24:00.000000000,48.855,375.37,,,,0,0.0,0.0,0.0,0.0,0.0,0.0,0.0,0.0,0.0,0.9984704293288662,0.9984704293288662,0.0
2023-12-29,18:25:00.000000000,48.85,375.2,,,,0,0.0,0.0,0.0,0.0,0.0,0.0,0.0,0.0,0.0,0.9984704293288662,0.9984704293288662,0.0
2023-12-29,18:26:00.000000000,48.88,375.405,0.14620505539789502,-6.006108821646777,-2.0974311622161697,0,0.0,0.0,0.0,0.0,0.0,0.0,0.0,0.0,0.0,0.9984704293288662,0.9984704293288662,0.0
2023-12-29,18:27:00.000000000,48.875,375.26,,,,0,0.0,0.0,0.0,0.0,0.0,0.0,0.0,0.0,0.0,0.9984704293288662,0.9984704293288662,0.0
2023-12-29,18:28:00.000000000,48.87,375.38,,,,0,0.0,0.0,0.0,0.0,0.0,0.0,0.0,0.0,0.0,0.9984704293288662,0.9984704293288662,0.0
2023-12-29,18:29:00.000000000,48.85,375.255,0.14634389020057456,-6.0662765172166075,-2.2140291876438454,0,0.0,0.0,0.0,0.0,0.0,0.0,0.0,0.0,0.0,0.9984704293288662,0.9984704293288662,0.0
2023-12-29,18:30:00.000000000,48.855,375.24,,,,0,0.0,0.0,0.0,0.0,0.0,0.0,0.0,0.0,0.0,0.9984704293288662,0.9984704293288662,0.0
2023-12-29,18:31:00.000000000,48.8799,375.35,,,,0,0.0,0.0,0.0,0.0,0.0,0.0,0.0,0.0,0.0,0.9984704293288662,0.9984704293288662,0.0
2023-12-29,18:32:00.000000000,48.89,375.37,0.14647636841730838,-6.092834412805047,-2.2168776221399935,0,0.0,0.0,0.0,0.0,0.0,0.0,0.0,0.0,0.0,0.9984704293288662,0.9984704293288662,0.0
2023-12-29,18:33:00.000000000,48.895,375.3,,,,0,0.0,0.0,0.0,0.0,0.0,0.0,0.0,0.0,0.0,0.9984704293288662,0.9984704293288662,0.0
2023-12-29,18:34:00.000000000,48.9,375.32,,,,0,0.0,0.0,0.0,0.0,0.0,0.0,0.0,0.0,0.0,0.9984704293288662,0.9984704293288662,0.0
2023-12-29,18:35:00.000000000,48.91,375.43,0.14662407418992898,-6.137076173125045,-2.2842502341553277,0,0.0,0.0,0.0,0.0,0.0,0.0,0.0,0.0,0.0,0.9984704293288662,0.9984704293288662,0.0
2023-12-29,18:36:00.000000000,48.92,375.4,,,,0,0.0,0.0,0.0,0.0,0.0,0.0,0.0,0.0,0.0,0.9984704293288662,0.9984704293288662,0.0
2023-12-29,18:37:00.000000000,48.915,375.34,,,,0,0.0,0.0,0.0,0.0,0.0,0.0,0.0,0.0,0.0,0.9984704293288662,0.9984704293288662,0.0
2023-12-29,18:38:00.000000000,48.92,375.4764,0.14678158556145163,-6.193021332905836,-2.3728021612305383,0,0.0,0.0,0.0,0.0,0.0,0.0,0.0,0.0,0.0,0.9984704293288662,0.9984704293288662,0.0
2023-12-29,18:39:00.000000000,48.935,375.58,,,,0,0.0,0.0,0.0,0.0,0.0,0.0,0.0,0.0,0.0,0.9984704293288662,0.9984704293288662,0.0
2023-12-29,18:40:00.000000000,48.93,375.68,,,,0,0.0,0.0,0.0,0.0,0.0,0.0,0.0,0.0,0.0,0.9984704293288662,0.9984704293288662,0.0
2023-12-29,18:41:00.000000000,48.92,375.5816,0.14694064721501784,-6.268203386051944,-2.5010642321851106,0,0.0,0.0,0.0,0.0,0.0,0.0,0.0,0.0,0.0,0.9984704293288662,0.9984704293288662,0.0
2023-12-29,18:42:00.000000000,48.94,375.73,,,,0,0.0,0.0,0.0,0.0,0.0,0.0,0.0,0.0,0.0,0.9984704293288662,0.9984704293288662,0.0
2023-12-29,18:43:00.000000000,48.95,375.77,,,,0,0.0,0.0,0.0,0.0,0.0,0.0,0.0,0.0,0.0,0.9984704293288662,0.9984704293288662,0.0
2023-12-29,18:44:00.000000000,48.935,375.64,0.14707616389450162,-6.312690205330583,-2.5414301216818926,0,0.0,0.0,0.0,0.0,0.0,0.0,0.0,0.0,0.0,0.9984704293288662,0.9984704293288662,0.0
2023-12-29,18:45:00.000000000,48.92,375.62,,,,0,0.0,0.0,0.0,0.0,0.0,0.0,0.0,0.0,0.0,0.9984704293288662,0.9984704293288662,0.0
2023-12-29,18:46:00.000000000,48.94,375.7,,,,0,0.0,0.0,0.0,0.0,0.0,0.0,0.0,0.0,0.0,0.9984704293288662,0.9984704293288662,0.0
2023-12-29,18:47:00.000000000,48.95,375.87,0.14718759298845555,-6.373400576570781,-2.6031685960452537,0,0.0,0.0,0.0,0.0,0.0,0.0,0.0,0.0,0.0,0.9984704293288662,0.9984704293288662,0.0
2023-12-29,18:48:00.000000000,48.945,375.9,,,,0,0.0,0.0,0.0,0.0,0.0,0.0,0.0,0.0,0.0,0.9984704293288662,0.9984704293288662,0.0
2023-12-29,18:49:00.000000000,48.95,375.9701,,,,0,0.0,0.0,0.0,0.0,0.0,0.0,0.0,0.0,0.0,0.9984704293288662,0.9984704293288662,0.0
2023-12-29,18:50:00.000000000,48.96,375.91,0.14732156812594369,-6.419650674223497,-2.606649586720701,0,0.0,0.0,0.0,0.0,0.0,0.0,0.0,0.0,0.0,0.9984704293288662,0.9984704293288662,0.0
2023-12-29,18:51:00.000000000,48.94,375.94,,,,0,0.0,0.0,0.0,0.0,0.0,0.0,0.0,0.0,0.0,0.9984704293288662,0.9984704293288662,0.0
2023-12-29,18:52:00.000000000,48.9281,375.87,,,,0,0.0,0.0,0.0,0.0,0.0,0.0,0.0,0.0,0.0,0.9984704293288662,0.9984704293288662,0.0
2023-12-29,18:53:00.000000000,48.895,375.81,0.14741125289067827,-6.503622948845802,-2.6805234511608425,0,0.0,0.0,0.0,0.0,0.0,0.0,0.0,0.0,0.0,0.9984704293288662,0.9984704293288662,0.0
2023-12-29,18:54:00.000000000,48.885,375.85,,,,0,0.0,0.0,0.0,0.0,0.0,0.0,0.0,0.0,0.0,0.9984704293288662,0.9984704293288662,0.0
2023-12-29,18:55:00.000000000,48.88,375.98,,,,0,0.0,0.0,0.0,0.0,0.0,0.0,0.0,0.0,0.0,0.9984704293288662,0.9984704293288662,0.0
2023-12-29,18:56:00.000000000,48.88,375.96,0.1474589169004359,-6.558654397887871,-2.667257601204977,0,0.0,0.0,0.0,0.0,0.0,0.0,0.0,0.0,0.0,0.9984704293288662,0.9984704293288662,0.0
2023-12-29,18:57:00.000000000,48.88,376.02,,,,0,0.0,0.0,0.0,0.0,0.0,0.0,0.0,0.0,0.0,0.9984704293288662,0.9984704293288662,0.0
2023-12-29,18:58:00.000000000,48.895,375.99,,,,0,0.0,0.0,0.0,0.0,0.0,0.0,0.0,0.0,0.0,0.9984704293288662,0.9984704293288662,0.0
2023-12-29,18:59:00.000000000,48.895,376.04,0.14747755759156914,-6.562460756733657,-2.5416740616741818,0,0.0,0.0,0.0,0.0,0.0,0.0,0.0,0.0,0.0,0.9984704293288662,0.9984704293288662,0.0
2023-12-29,19:00:00.000000000,48.895,376.12,,,,0,0.0,0.0,0.0,0.0,0.0,0.0,0.0,0.0,0.0,0.9984704293288662,0.9984704293288662,0.0
2023-12-29,19:01:00.000000000,48.92,376.12,,,,0,0.0,0.0,0.0,0.0,0.0,0.0,0.0,0.0,0.0,0.9984704293288662,0.9984704293288662,0.0
2023-12-29,19:02:00.000000000,48.9,375.9637,0.14752325974268937,-6.56339056892255,-2.423684006966506,0,0.0,0.0,0.0,0.0,0.0,0.0,0.0,0.0,0.0,0.9984704293288662,0.9984704293288662,0.0
2023-12-29,19:03:00.000000000,48.9,375.9099,,,,0,0.0,0.0,0.0,0.0,0.0,0.0,0.0,0.0,0.0,0.9984704293288662,0.9984704293288662,0.0
2023-12-29,19:04:00.000000000,48.92,376.0,,,,0,0.0,0.0,0.0,0.0,0.0,0.0,0.0,0.0,0.0,0.9984704293288662,0.9984704293288662,0.0
2023-12-29,19:05:00.000000000,48.91,375.8953,0.14762160081476752,-6.580265924747287,-2.3475572391229744,0,0.0,0.0,0.0,0.0,0.0,0.0,0.0,0.0,0.0,0.9984704293288662,0.9984704293288662,0.0
2023-12-29,19:06:00.000000000,48.915,375.915,,,,0,0.0,0.0,0.0,0.0,0.0,0.0,0.0,0.0,0.0,0.9984704293288662,0.9984704293288662,0.0
2023-12-29,19:07:00.000000000,48.915,375.845,,,,0,0.0,0.0,0.0,0.0,0.0,0.0,0.0,0.0,0.0,0.9984704293288662,0.9984704293288662,0.0
2023-12-29,19:08:00.000000000,48.9,375.9,0.14767825876848334,-6.612257471072887,-2.306708029944582,0,0.0,0.0,0.0,0.0,0.0,0.0,0.0,0.0,0.0,0.9984704293288662,0.9984704293288662,0.0
2023-12-29,19:09:00.000000000,48.9,375.8595,,,,0,0.0,0.0,0.0,0.0,0.0,0.0,0.0,0.0,0.0,0.9984704293288662,0.9984704293288662,0.0
2023-12-29,19:10:00.000000000,48.93,375.942,,,,0,0.0,0.0,0.0,0.0,0.0,0.0,0.0,0.0,0.0,0.9984704293288662,0.9984704293288662,0.0
2023-12-29,19:11:00.000000000,48.91,375.855,0.1477000776496672,-6.603812685015669,-2.190712900472862,0,0.0,0.0,0.0,0.0,0.0,0.0,0.0,0.0,0.0,0.9984704293288662,0.9984704293288662,0.0
2023-12-29,19:12:00.000000000,48.89,375.74,,,,0,0.0,0.0,0.0,0.0,0.0,0.0,0.0,0.0,0.0,0.9984704293288662,0.9984704293288662,0.0
2023-12-29,19:13:00.000000000,48.895,375.81,,,,0,0.0,0.0,0.0,0.0,0.0,0.0,0.0,0.0,0.0,0.9984704293288662,0.9984704293288662,0.0
2023-12-29,19:14:00.000000000,48.9,375.93,0.14770014367004217,-6.624915009878954,-2.1378641230328896,0,0.0,0.0,0.0,0.0,0.0,0.0,0.0,0.0,0.0,0.9984704293288662,0.9984704293288662,0.0
2023-12-29,19:15:00.000000000,48.91,375.9801,,,,0,0.0,0.0,0.0,0.0,0.0,0.0,0.0,0.0,0.0,0.9984704293288662,0.9984704293288662,0.0
2023-12-29,19:16:00.000000000,48.93,376.1,,,,0,0.0,0.0,0.0,0.0,0.0,0.0,0.0,0.0,0.0,0.9984704293288662,0.9984704293288662,0.0
2023-12-29,19:17:00.000000000,48.92,376.0291,0.14766535677660217,-6.606471209884617,-2.0187587084032774,0,0.0,0.0,0.0,0.0,0.0,0.0,0.0,0.0,0.0,0.9984704293288662,0.9984704293288662,0.0
2023-12-29,19:18:00.000000000,48.915,376.105,,,,0,0.0,0.0,0.0,0.0,0.0,0.0,0.0,0.0,0.0,0.9984704293288662,0.9984704293288662,0.0
2023-12-29,19:19:00.000000000,48.92,376.18,,,,0,0.0,0.0,0.0,0.0,0.0,0.0,0.0,0.0,0.0,0.9984704293288662,0.9984704293288662,0.0
2023-12-29,19:20:00.000000000,48.915,376.185,0.14758529615798416,-6.60437463519127,-1.9378930823639153,0,0.0,0.0,0.0,0.0,0.0,0.0,0.0,0.0,0.0,0.9984704293288662,0.9984704293288662,0.0
2023-12-29,19:21:00.000000000,48.925,376.27,,,,0,0.0,0.0,0.0,0.0,0.0,0.0,0.0,0.0,0.0,0.9984704293288662,0.9984704293288662,0.0
2023-12-29,19:22:00.000000000,48.93,376.27,,,,0,0.0,0.0,0.0,0.0,0.0,0.0,0.0,0.0,0.0,0.9984704293288662,0.9984704293288662,0.0
2023-12-29,19:23:00.000000000,48.94,376.3376,0.14747015184375362,-6.558563016513816,-1.789587355860858,0,0.0,0.0,0.0,0.0,0.0,0.0,0.0,0.0,0.0,0.9984704293288662,0.9984704293288662,0.0
2023-12-29,19:24:00.000000000,48.935,376.47,,,,0,0.0,0.0,0.0,0.0,0.0,0.0,0.0,0.0,0.0,0.9984704293288662,0.9984704293288662,0.0
2023-12-29,19:25:00.000000000,48.915,376.5,,,,0,0.0,0.0,0.0,0.0,0.0,0.0,0.0,0.0,0.0,0.9984704293288662,0.9984704293288662,0.0
2023-12-29,19:26:00.000000000,48.92,376.3711,0.14730735301885398,-6.522230493794389,-1.668446263338341,0,0.0,0.0,0.0,0.0,0.0,0.0,0.0,0.0,0.0,0.9984704293288662,0.9984704293288662,0.0
2023-12-29,19:27:00.000000000,48.913,376.25,,,,0,0.0,0.0,0.0,0.0,0.0,0.0,0.0,0.0,0.0,0.9984704293288662,0.9984704293288662,0.0
2023-12-29,19:28:00.000000000,48.88,376.11,,,,0,0.0,0.0,0.0,0.0,0.0,0.0,0.0,0.0,0.0,0.9984704293288662,0.9984704293288662,0.0
2023-12-29,19:29:00.000000000,48.895,376.0432,0.14713436488952195,-6.43387740302348,-1.4686737511055497,0,0.0,0.0,0.0,0.0,0.0,0.0,0.0,0.0,0.0,0.9984704293288662,0.9984704293288662,0.0
2023-12-29,19:30:00.000000000,48.93,376.1813,,,,0,0.0,0.0,0.0,0.0,0.0,0.0,0.0,0.0,0.0,0.9984704293288662,0.9984704293288662,0.0
2023-12-29,19:31:00.000000000,48.92,376.11,,,,0,0.0,0.0,0.0,0.0,0.0,0.0,0.0,0.0,0.0,0.9984704293288662,0.9984704293288662,0.0
2023-12-29,19:32:00.000000000,48.9111,376.096,0.14686602939870197,-6.324626192734222,-1.2452574799286171,0,0.0,0.0,0.0,0.0,0.0,0.0,0.0,0.0,0.0,0.9984704293288662,0.9984704293288662,0.0
2023-12-29,19:33:00.000000000,48.91,376.05,,,,0,0.0,0.0,0.0,0.0,0.0,0.0,0.0,0.0,0.0,0.9984704293288662,0.9984704293288662,0.0
2023-12-29,19:34:00.000000000,48.92,376.12,,,,0,0.0,0.0,0.0,0.0,0.0,0.0,0.0,0.0,0.0,0.9984704293288662,0.9984704293288662,0.0
2023-12-29,19:35:00.000000000,48.91,376.14,0.14654993191707963,-6.213291391290333,-1.027735979877948,0,0.0,0.0,0.0,0.0,0.0,0.0,0.0,0.0,0.0,0.9984704293288662,0.9984704293288662,0.0
2023-12-29,19:36:00.000000000,48.91,376.3,,,,0,0.0,0.0,0.0,0.0,0.0,0.0,0.0,0.0,0.0,0.9984704293288662,0.9984704293288662,0.0
2023-12-29,19:37:00.000000000,48.93,376.3075,,,,0,0.0,0.0,0.0,0.0,0.0,0.0,0.0,0.0,0.0,0.9984704293288662,0.9984704293288662,0.0
2023-12-29,19:38:00.000000000,48.93,376.29,0.14619979212158768,-6.08351977743223,-0.7862003823955755,0,0.0,0.0,0.0,0.0,0.0,0.0,0.0,0.0,0.0,0.9984704293288662,0.9984704293288662,0.0
2023-12-29,19:39:00.000000000,48.93,376.271,,,,0,0.0,0.0,0.0,0.0,0.0,0.0,0.0,0.0,0.0,0.9984704293288662,0.9984704293288662,0.0
2023-12-29,19:40:00.000000000,48.93,376.33,,,,0,0.0,0.0,0.0,0.0,0.0,0.0,0.0,0.0,0.0,0.9984704293288662,0.9984704293288662,0.0
2023-12-29,19:41:00.000000000,48.95,376.35,0.1458214287719564,-5.929894718325791,-0.5089778200880163,0,0.0,0.0,0.0,0.0,0.0,0.0,0.0,0.0,0.0,0.9984704293288662,0.9984704293288662,0.0
2023-12-29,19:42:00.000000000,48.9725,376.345,,,,0,0.0,0.0,0.0,0.0,0.0,0.0,0.0,0.0,0.0,0.9984704293288662,0.9984704293288662,0.0
2023-12-29,19:43:00.000000000,48.97,376.25,,,,0,0.0,0.0,0.0,0.0,0.0,0.0,0.0,0.0,0.0,0.9984704293288662,0.9984704293288662,0.0
2023-12-29,19:44:00.000000000,48.97,376.11,0.14548065348815525,-5.746728583430077,-0.18395869072827353,0,0.0,0.0,0.0,0.0,0.0,0.0,0.0,0.0,0.0,0.9984704293288662,0.9984704293288662,0.0
2023-12-29,19:45:00.000000000,48.97,376.08,,,,0,0.0,0.0,0.0,0.0,0.0,0.0,0.0,0.0,0.0,0.9984704293288662,0.9984704293288662,0.0
2023-12-29,19:46:00.000000000,48.98,376.03,,,,0,0.0,0.0,0.0,0.0,0.0,0.0,0.0,0.0,0.0,0.9984704293288662,0.9984704293288662,0.0
2023-12-29,19:47:00.000000000,48.975,376.11,0.14504311777550963,-5.577167026546924,0.11578950700647654,0,0.0,0.0,0.0,0.0,0.0,0.0,0.0,0.0,0.0,0.9984704293288662,0.9984704293288662,0.0
2023-12-29,19:48:00.000000000,48.99,376.1143,,,,0,0.0,0.0,0.0,0.0,0.0,0.0,0.0,0.0,0.0,0.9984704293288662,0.9984704293288662,0.0
2023-12-29,19:49:00.000000000,49.02,376.15,,,,0,0.0,0.0,0.0,0.0,0.0,0.0,0.0,0.0,0.0,0.9984704293288662,0.9984704293288662,0.0
2023-12-29,19:50:00.000000000,49.02,376.28,0.14475681176837685,-5.44909313220483,0.3437451198086648,0,0.0,0.0,0.0,0.0,0.0,0.0,0.0,0.0,0.0,0.9984704293288662,0.9984704293288662,0.0
2023-12-29,19:51:00.000000000,49.025,376.37,,,,0,0.0,0.0,0.0,0.0,0.0,0.0,0.0,0.0,0.0,0.9984704293288662,0.9984704293288662,0.0
2023-12-29,19:52:00.000000000,49.02,376.33,,,,0,0.0,0.0,0.0,0.0,0.0,0.0,0.0,0.0,0.0,0.9984704293288662,0.9984704293288662,0.0
2023-12-29,19:53:00.000000000,49.035,376.515,0.14443237786140742,-5.345956750487815,0.5259541609871317,0,0.0,0.0,0.0,0.0,0.0,0.0,0.0,0.0,0.0,0.9984704293288662,0.9984704293288662,0.0
2023-12-29,19:54:00.000000000,49.04,376.56,,,,0,0.0,0.0,0.0,0.0,0.0,0.0,0.0,0.0,0.0,0.9984704293288662,0.9984704293288662,0.0
2023-12-29,19:55:00.000000000,49.04,376.67,,,,0,0.0,0.0,0.0,0.0,0.0,0.0,0.0,0.0,0.0,0.9984704293288662,0.9984704293288662,0.0
2023-12-29,19:56:00.000000000,49.02,376.54,0.14414078287227405,-5.254770382726072,0.6855938705316867,0,0.0,0.0,0.0,0.0,0.0,0.0,0.0,0.0,0.0,0.9984704293288662,0.9984704293288662,0.0
2023-12-29,19:57:00.000000000,49.01,376.5599,,,,0,0.0,0.0,0.0,0.0,0.0,0.0,0.0,0.0,0.0,0.9984704293288662,0.9984704293288662,0.0
2023-12-29,19:58:00.000000000,49.025,376.61,,,,0,0.0,0.0,0.0,0.0,0.0,0.0,0.0,0.0,0.0,0.9984704293288662,0.9984704293288662,0.0
2023-12-29,19:59:00.000000000,49.0357,376.67,0.14381206323647155,-5.133989859281748,0.8934638377257081,1,0.0,0.0,0.0,0.0,0.0,0.0,0.0,0.0,0.0,0.9984704293288662,0.9984704293288662,0.0
2023-12-29,20:00:00.000000000,49.02,376.58,,,,0,0.0,0.0,0.0,0.0,0.0,0.0,0.0,0.0,0.0,0.9984704293288662,0.9984704293288662,0.0
2023-12-29,20:01:00.000000000,48.99,376.5128,,,,0,0.0,0.0,0.0,0.0,0.0,0.0,0.0,0.0,0.0,0.9984704293288662,0.9984704293288662,0.0
2023-12-29,20:02:00.000000000,48.99,376.48,0.14344834172942944,-5.015431694295593,1.0935970034897844,0,0.0,0.0,0.0,0.0,0.0,0.0,0.0,0.0,0.0,0.9984704293288662,0.9984704293288662,0.0
2023-12-29,20:03:00.000000000,48.97,376.3401,,,,0,0.0,0.0,0.0,0.0,0.0,0.0,0.0,0.0,0.0,0.9984704293288662,0.9984704293288662,0.0
2023-12-29,20:04:00.000000000,48.9388,376.24,,,,0,0.0,0.0,0.0,0.0,0.0,0.0,0.0,0.0,0.0,0.9984704293288662,0.9984704293288662,0.0
2023-12-29,20:05:00.000000000,48.96,376.27,0.14308740328918082,-4.8794972356200645,1.3141177729047426,0,0.0,0.0,0.0,0.0,0.0,0.0,0.0,0.0,0.0,0.9984704293288662,0.9984704293288662,0.0
2023-12-29,20:06:00.000000000,48.9894,376.36,,,,0,0.0,0.0,0.0,0.0,0.0,0.0,0.0,0.0,0.0,0.9984704293288662,0.9984704293288662,0.0
2023-12-29,20:07:00.000000000,49.01,376.47,,,,0,0.0,0.0,0.0,0.0,0.0,0.0,0.0,0.0,0.0,0.9984704293288662,0.9984704293288662,0.0
2023-12-29,20:08:00.000000000,49.02,376.677,0.14269550190899613,-4.730113572574936,1.548480023273476,0,0.0,0.0,0.0,0.0,0.0,0.0,0.0,0.0,0.0,0.9984704293288662,0.9984704293288662,0.0
2023-12-29,20:09:00.000000000,49.025,376.715,,,,0,0.0,0.0,0.0,0.0,0.0,0.0,0.0,0.0,0.0,0.9984704293288662,0.9984704293288662,0.0
2023-12-29,20:10:00.000000000,49.035,376.74,,,,0,0.0,0.0,0.0,0.0,0.0,0.0,0.0,0.0,0.0,0.9984704293288662,0.9984704293288662,0.0
2023-12-29,20:11:00.000000000,49.025,376.56,0.14230266270785225,-4.5604906692688445,1.7949083791902791,0,0.0,0.0,0.0,0.0,0.0,0.0,0.0,0.0,0.0,0.9984704293288662,0.9984704293288662,0.0
2023-12-29,20:12:00.000000000,49.0,376.56,,,,0,0.0,0.0,0.0,0.0,0.0,0.0,0.0,0.0,0.0,0.9984704293288662,0.9984704293288662,0.0
2023-12-29,20:13:00.000000000,49.015,376.55,,,,0,0.0,0.0,0.0,0.0,0.0,0.0,0.0,0.0,0.0,0.9984704293288662,0.9984704293288662,0.0
2023-12-29,20:14:00.000000000,49.02,376.56,0.14180773533201668,-4.3791208166242015,2.037364513937072,0,0.0,0.0,0.0,0.0,0.0,0.0,0.0,0.0,0.0,0.9984704293288662,0.9984704293288662,0.0
2023-12-29,20:15:00.000000000,49.04,376.6297,,,,0,0.0,0.0,0.0,0.0,0.0,0.0,0.0,0.0,0.0,0.9984704293288662,0.9984704293288662,0.0
2023-12-29,20:16:00.000000000,49.045,376.665,,,,0,0.0,0.0,0.0,0.0,0.0,0.0,0.0,0.0,0.0,0.9984704293288662,0.9984704293288662,0.0
2023-12-29,20:17:00.000000000,49.045,376.47,0.14141328558199762,-4.192859623054645,2.257665809341856,0,0.0,0.0,0.0,0.0,0.0,0.0,0.0,0.0,0.0,0.9984704293288662,0.9984704293288662,0.0
2023-12-29,20:18:00.000000000,49.015,376.27,,,,0,0.0,0.0,0.0,0.0,0.0,0.0,0.0,0.0,0.0,0.9984704293288662,0.9984704293288662,0.0
2023-12-29,20:19:00.000000000,49.0,376.11,,,,0,0.0,0.0,0.0,0.0,0.0,0.0,0.0,0.0,0.0,0.9984704293288662,0.9984704293288662,0.0
2023-12-29,20:20:00.000000000,48.98,376.04,0.14111796061770698,-4.0859979106825435,2.3310759387893043,0,0.0,0.0,0.0,0.0,0.0,0.0,0.0,0.0,0.0,0.9984704293288662,0.9984704293288662,0.0
2023-12-29,20:21:00.000000000,49.005,376.0932,,,,0,0.0,0.0,0.0,0.0,0.0,0.0,0.0,0.0,0.0,0.9984704293288662,0.9984704293288662,0.0
2023-12-29,20:22:00.000000000,49.01,376.155,,,,0,0.0,0.0,0.0,0.0,0.0,0.0,0.0,0.0,0.0,0.9984704293288662,0.9984704293288662,0.0
2023-12-29,20:23:00.000000000,49.009,376.18,0.1407915025763498,-3.953947439171266,2.4236323916895133,0,0.0,0.0,0.0,0.0,0.0,0.0,0.0,0.0,0.0,0.9984704293288662,0.9984704293288662,0.0
2023-12-29,20:24:00.000000000,49.0,376.11,,,,0,0.0,0.0,0.0,0.0,0.0,0.0,0.0,0.0,0.0,0.9984704293288662,0.9984704293288662,0.0
2023-12-29,20:25:00.000000000,49.015,376.13,,,,0,0.0,0.0,0.0,0.0,0.0,0.0,0.0,0.0,0.0,0.9984704293288662,0.9984704293288662,0.0
2023-12-29,20:26:00.000000000,49.03,376.165,0.14042477670562592,-3.792886129471775,2.534389840066859,0,0.0,0.0,0.0,0.0,0.0,0.0,0.0,0.0,0.0,0.9984704293288662,0.9984704293288662,0.0
2023-12-29,20:27:00.000000000,49.035,376.25,,,,0,0.0,0.0,0.0,0.0,0.0,0.0,0.0,0.0,0.0,0.9984704293288662,0.9984704293288662,0.0
2023-12-29,20:28:00.000000000,49.055,376.29,,,,0,0.0,0.0,0.0,0.0,0.0,0.0,0.0,0.0,0.0,0.9984704293288662,0.9984704293288662,0.0
2023-12-29,20:29:00.000000000,49.041,376.31,0.14008134737384384,-3.673011830251177,2.5704274342815365,0,0.0,0.0,0.0,0.0,0.0,0.0,0.0,0.0,0.0,0.9984704293288662,0.9984704293288662,0.0
2023-12-29,20:30:00.000000000,49.02,376.14,,,,0,0.0,0.0,0.0,0.0,0.0,0.0,0.0,0.0,0.0,0.9984704293288662,0.9984704293288662,0.0
2023-12-29,20:31:00.000000000,49.03,376.2286,,,,0,0.0,0.0,0.0,0.0,0.0,0.0,0.0,0.0,0.0,0.9984704293288662,0.9984704293288662,0.0
2023-12-29,20:32:00.000000000,49.035,376.19,0.13966827401452034,-3.5068080015224083,2.646957273950164,0,0.0,0.0,0.0,0.0,0.0,0.0,0.0,0.0,0.0,0.9984704293288662,0.9984704293288662,0.0
2023-12-29,20:33:00.000000000,49.015,376.14,,,,0,0.0,0.0,0.0,0.0,0.0,0.0,0.0,0.0,0.0,0.9984704293288662,0.9984704293288662,0.0
2023-12-29,20:34:00.000000000,49.015,376.1,,,,0,0.0,0.0,0.0,0.0,0.0,0.0,0.0,0.0,0.0,0.9984704293288662,0.9984704293288662,0.0
2023-12-29,20:35:00.000000000,49.02,376.0714,0.13916264761119973,-3.3150917148505314,2.7312406696262634,0,0.0,0.0,0.0,0.0,0.0,0.0,0.0,0.0,0.0,0.9984704293288662,0.9984704293288662,0.0
2023-12-29,20:36:00.000000000,49.035,376.16,,,,0,0.0,0.0,0.0,0.0,0.0,0.0,0.0,0.0,0.0,0.9984704293288662,0.9984704293288662,0.0
2023-12-29,20:37:00.000000000,49.0391,376.21,,,,0,0.0,0.0,0.0,0.0,0.0,0.0,0.0,0.0,0.0,0.9984704293288662,0.9984704293288662,0.0
2023-12-29,20:38:00.000000000,49.025,376.22,0.13860441080954683,-3.120751434767712,2.7935345696541236,0,0.0,0.0,0.0,0.0,0.0,0.0,0.0,0.0,0.0,0.9984704293288662,0.9984704293288662,0.0
2023-12-29,20:39:00.000000000,49.02,376.17,,,,0,0.0,0.0,0.0,0.0,0.0,0.0,0.0,0.0,0.0,0.9984704293288662,0.9984704293288662,0.0
2023-12-29,20:40:00.000000000,49.04,376.27,,,,0,0.0,0.0,0.0,0.0,0.0,0.0,0.0,0.0,0.0,0.9984704293288662,0.9984704293288662,0.0
2023-12-29,20:41:00.000000000,49.035,376.2599,0.13799641434634696,-2.8875170623150765,2.8719790146816195,0,0.0,0.0,0.0,0.0,0.0,0.0,0.0,0.0,0.0,0.9984704293288662,0.9984704293288662,0.0
2023-12-29,20:42:00.000000000,49.04,376.2568,,,,0,0.0,0.0,0.0,0.0,0.0,0.0,0.0,0.0,0.0,0.9984704293288662,0.9984704293288662,0.0
2023-12-29,20:43:00.000000000,49.03,376.05,,,,0,0.0,0.0,0.0,0.0,0.0,0.0,0.0,0.0,0.0,0.9984704293288662,0.9984704293288662,0.0
2023-12-29,20:44:00.000000000,48.99,376.01,0.13789024670250535,-2.8581116626090335,2.732808789190063,0,0.0,0.0,0.0,0.0,0.0,0.0,0.0,0.0,0.0,0.9984704293288662,0.9984704293288662,0.0
2023-12-29,20:45:00.000000000,49.005,376.05,,,,0,0.0,0.0,0.0,0.0,0.0,0.0,0.0,0.0,0.0,0.9984704293288662,0.9984704293288662,0.0
2023-12-29,20:46:00.000000000,48.985,376.1243,,,,0,0.0,0.0,0.0,0.0,0.0,0.0,0.0,0.0,0.0,0.9984704293288662,0.9984704293288662,0.0
2023-12-29,20:47:00.000000000,48.96,376.1,0.13779424899094753,-2.8644170454953652,2.5778677656253577,0,0.0,0.0,0.0,0.0,0.0,0.0,0.0,0.0,0.0,0.9984704293288662,0.9984704293288662,0.0
2023-12-29,20:48:00.000000000,48.97,376.096,,,,0,0.0,0.0,0.0,0.0,0.0,0.0,0.0,0.0,0.0,0.9984704293288662,0.9984704293288662,0.0
2023-12-29,20:49:00.000000000,48.97,376.04,,,,0,0.0,0.0,0.0,0.0,0.0,0.0,0.0,0.0,0.0,0.9984704293288662,0.9984704293288662,0.0
2023-12-29,20:50:00.000000000,48.98,376.195,0.13772740839144865,-2.8323623998210294,2.477609204467225,0,0.0,0.0,0.0,0.0,0.0,0.0,0.0,0.0,0.0,0.9984704293288662,0.9984704293288662,0.0
2023-12-29,20:51:00.000000000,48.995,376.56,,,,0,0.0,0.0,0.0,0.0,0.0,0.0,0.0,0.0,0.0,0.9984704293288662,0.9984704293288662,0.0
2023-12-29,20:52:00.000000000,48.96,376.37,,,,0,0.0,0.0,0.0,0.0,0.0,0.0,0.0,0.0,0.0,0.9984704293288662,0.9984704293288662,0.0
2023-12-29,20:53:00.000000000,48.965,376.56,0.1375270318330336,-2.822179107047134,2.3691921084680154,0,0.0,0.0,0.0,0.0,0.0,0.0,0.0,0.0,0.0,0.9984704293288662,0.9984704293288662,0.0
2023-12-29,20:54:00.000000000,48.95,375.79,,,,0,0.0,0.0,0.0,0.0,0.0,0.0,0.0,0.0,0.0,0.9984704293288662,0.9984704293288662,0.0
2023-12-29,20:55:00.000000000,48.97,376.02,,,,0,0.0,0.0,0.0,0.0,0.0,0.0,0.0,0.0,0.0,0.9984704293288662,0.9984704293288662,0.0
2023-12-29,20:56:00.000000000,48.98,376.17,0.13746634932404392,-2.730716625225604,2.3394494667888788,0,0.0,0.0,0.0,0.0,0.0,0.0,0.0,0.0,0.0,0.9984704293288662,0.9984704293288662,0.0
2023-12-29,20:57:00.000000000,48.965,375.86,,,,0,0.0,0.0,0.0,0.0,0.0,0.0,0.0,0.0,0.0,0.9984704293288662,0.9984704293288662,0.0
2023-12-29,20:58:00.000000000,48.98,375.85,,,,0,0.0,0.0,0.0,0.0,0.0,0.0,0.0,0.0,0.0,0.9984704293288662,0.9984704293288662,0.0
2023-12-29,20:59:00.000000000,49.0,375.98,0.1374521556634135,-2.679261486330212,2.2771126654198763,1,0.0,0.0,0.0,0.0,0.0,0.0,0.0,0.0,0.0,0.9984704293288662,0.9984704293288662,0.0
2023-12-30,14:29:00.000000000,48.88,375.87,0.13728659434548804,-2.721912216638586,2.1452046118967263,0,0.0,0.0,0.0,0.0,0.0,0.0,0.0,0.0,0.0,0.9984704293288662,0.9984704293288662,0.0
2023-12-30,14:30:00.000000000,48.88,375.87,,,,0,0.0,0.0,0.0,0.0,0.0,0.0,0.0,0.0,0.0,0.9984704293288662,0.9984704293288662,0.0
2023-12-30,14:31:00.000000000,48.88,375.87,,,,0,0.0,0.0,0.0,0.0,0.0,0.0,0.0,0.0,0.0,0.9984704293288662,0.9984704293288662,0.0
2023-12-30,14:32:00.000000000,48.88,375.87,0.13716293379101713,-2.6754319240296027,2.094758571366534,0,0.0,0.0,0.0,0.0,0.0,0.0,0.0,0.0,0.0,0.9984704293288662,0.9984704293288662,0.0
2023-12-30,14:33:00.000000000,48.88,375.87,,,,0,0.0,0.0,0.0,0.0,0.0,0.0,0.0,0.0,0.0,0.9984704293288662,0.9984704293288662,0.0
2023-12-30,14:34:00.000000000,48.88,375.87,,,,0,0.0,0.0,0.0,0.0,0.0,0.0,0.0,0.0,0.0,0.9984704293288662,0.9984704293288662,0.0
2023-12-30,14:35:00.000000000,48.88,375.87,0.13705933439768728,-2.636492020058718,2.0418386102680035,0,0.0,0.0,0.0,0.0,0.0,0.0,0.0,0.0,0.0,0.9984704293288662,0.9984704293288662,0.0
2023-12-30,14:36:00.000000000,48.88,375.87,,,,0,0.0,0.0,0.0,0.0,0.0,0.0,0.0,0.0,0.0,0.9984704293288662,0.9984704293288662,0.0
2023-12-30,14:37:00.000000000,48.88,375.87,,,,0,0.0,0.0,0.0,0.0,0.0,0.0,0.0,0.0,0.0,0.9984704293288662,0.9984704293288662,0.0
2023-12-30,14:38:00.000000000,48.88,375.87,0.13698601417801426,-2.6089331490902197,1.9840939790502778,0,0.0,0.0,0.0,0.0,0.0,0.0,0.0,0.0,0.0,0.9984704293288662,0.9984704293288662,0.0
2023-12-30,14:39:00.000000000,48.88,375.87,,,,0,0.0,0.0,0.0,0.0,0.0,0.0,0.0,0.0,0.0,0.9984704293288662,0.9984704293288662,0.0
2023-12-30,14:40:00.000000000,48.88,375.87,,,,0,0.0,0.0,0.0,0.0,0.0,0.0,0.0,0.0,0.0,0.9984704293288662,0.9984704293288662,0.0
2023-12-30,14:41:00.000000000,48.88,375.87,0.136940663682719,-2.59188725842359,1.9228446596059972,0,0.0,0.0,0.0,0.0,0.0,0.0,0.0,0.0,0.0,0.9984704293288662,0.9984704293288662,0.0
2023-12-30,14:42:00.000000000,48.88,375.87,,,,0,0.0,0.0,0.0,0.0,0.0,0.0,0.0,0.0,0.0,0.9984704293288662,0.9984704293288662,0.0
2023-12-30,14:43:00.000000000,48.88,375.87,,,,0,0.0,0.0,0.0,0.0,0.0,0.0,0.0,0.0,0.0,0.9984704293288662,0.9984704293288662,0.0
2023-12-30,14:44:00.000000000,48.88,375.87,0.1368953895897282,-2.574870085091135,1.8659356553814928,0,0.0,0.0,0.0,0.0,0.0,0.0,0.0,0.0,0.0,0.9984704293288662,0.9984704293288662,0.0
2023-12-30,14:45:00.000000000,48.88,375.87,,,,0,0.0,0.0,0.0,0.0,0.0,0.0,0.0,0.0,0.0,0.9984704293288662,0.9984704293288662,0.0
2023-12-30,14:46:00.000000000,48.88,375.87,,,,0,0.0,0.0,0.0,0.0,0.0,0.0,0.0,0.0,0.0,0.9984704293288662,0.9984704293288662,0.0
2023-12-30,14:47:00.000000000,48.88,375.87,0.1368111035851723,-2.543189504558704,1.822988076842154,0,0.0,0.0,0.0,0.0,0.0,0.0,0.0,0.0,0.0,0.9984704293288662,0.9984704293288662,0.0
2023-12-30,14:48:00.000000000,48.88,375.87,,,,0,0.0,0.0,0.0,0.0,0.0,0.0,0.0,0.0,0.0,0.9984704293288662,0.9984704293288662,0.0
2023-12-30,14:49:00.000000000,48.88,375.87,,,,0,0.0,0.0,0.0,0.0,0.0,0.0,0.0,0.0,0.0,0.9984704293288662,0.9984704293288662,0.0
2023-12-30,14:50:00.000000000,48.88,375.87,0.1366614278781488,-2.486930896559791,1.7989517247792408,0,0.0,0.0,0.0,0.0,0.0,0.0,0.0,0.0,0.0,0.9984704293288662,0.9984704293288662,0.0
2023-12-30,14:51:00.000000000,48.88,375.87,,,,0,0.0,0.0,0.0,0.0,0.0,0.0,0.0,0.0,0.0,0.9984704293288662,0.9984704293288662,0.0
2023-12-30,14:52:00.000000000,48.88,375.87,,,,0,0.0,0.0,0.0,0.0,0.0,0.0,0.0,0.0,0.0,0.9984704293288662,0.9984704293288662,0.0
2023-12-30,14:53:00.000000000,48.88,375.87,0.13650586494308511,-2.428459456157398,1.7770677080424209,0,0.0,0.0,0.0,0.0,0.0,0.0,0.0,0.0,0.0,0.9984704293288662,0.9984704293288662,0.0
2023-12-30,14:54:00.000000000,48.88,375.87,,,,0,0.0,0.0,0.0,0.0,0.0,0.0,0.0,0.0,0.0,0.9984704293288662,0.9984704293288662,0.0
2023-12-30,14:55:00.000000000,48.88,375.87,,,,0,0.0,0.0,0.0,0.0,0.0,0.0,0.0,0.0,0.0,0.9984704293288662,0.9984704293288662,0.0
2023-12-30,14:56:00.000000000,48.88,375.87,0.13644530049608428,-2.4056950974631945,1.732595855340951,0,0.0,0.0,0.0,0.0,0.0,0.0,0.0,0.0,0.0,0.9984704293288662,0.9984704293288662,0.0
2023-12-30,14:57:00.000000000,48.88,375.87,,,,0,0.0,0.0,0.0,0.0,0.0,0.0,0.0,0.0,0.0,0.9984704293288662,0.9984704293288662,0.0
2023-12-30,14:58:00.000000000,48.88,375.87,,,,0,0.0,0.0,0.0,0.0,0.0,0.0,0.0,0.0,0.0,0.9984704293288662,0.9984704293288662,0.0
2023-12-30,14:59:00.000000000,48.88,375.87,0.13644373927912065,-2.4051082828430808,1.6765415008375126,0,0.0,0.0,0.0,0.0,0.0,0.0,0.0,0.0,0.0,0.9984704293288662,0.9984704293288662,0.0
2023-12-30,15:00:00.000000000,48.88,375.87,,,,0,0.0,0.0,0.0,0.0,0.0,0.0,0.0,0.0,0.0,0.9984704293288662,0.9984704293288662,0.0
2023-12-30,15:01:00.000000000,48.88,375.87,,,,0,0.0,0.0,0.0,0.0,0.0,0.0,0.0,0.0,0.0,0.9984704293288662,0.9984704293288662,0.0
2023-12-30,15:02:00.000000000,48.88,375.87,0.13644354236103168,-2.4050342672409712,1.623564545201448,0,0.0,0.0,0.0,0.0,0.0,0.0,0.0,0.0,0.0,0.9984704293288662,0.9984704293288662,0.0
2023-12-30,15:03:00.000000000,48.88,375.87,,,,0,0.0,0.0,0.0,0.0,0.0,0.0,0.0,0.0,0.0,0.9984704293288662,0.9984704293288662,0.0
2023-12-30,15:04:00.000000000,48.88,375.87,,,,0,0.0,0.0,0.0,0.0,0.0,0.0,0.0,0.0,0.0,0.9984704293288662,0.9984704293288662,0.0
2023-12-30,15:05:00.000000000,48.88,375.87,0.13641874417463618,-2.395713372920497,1.5793106753453898,0,0.0,0.0,0.0,0.0,0.0,0.0,0.0,0.0,0.0,0.9984704293288662,0.9984704293288662,0.0
2023-12-30,15:06:00.000000000,48.88,375.87,,,,0,0.0,0.0,0.0,0.0,0.0,0.0,0.0,0.0,0.0,0.9984704293288662,0.9984704293288662,0.0
2023-12-30,15:07:00.000000000,48.88,375.87,,,,0,0.0,0.0,0.0,0.0,0.0,0.0,0.0,0.0,0.0,0.9984704293288662,0.9984704293288662,0.0
2023-12-30,15:08:00.000000000,48.88,375.87,0.13631899331371178,-2.358220016824845,1.5546405177825164,0,0.0,0.0,0.0,0.0,0.0,0.0,0.0,0.0,0.0,0.9984704293288662,0.9984704293288662,0.0
2023-12-30,15:09:00.000000000,48.88,375.87,,,,0,0.0,0.0,0.0,0.0,0.0,0.0,0.0,0.0,0.0,0.9984704293288662,0.9984704293288662,0.0
2023-12-30,15:10:00.000000000,48.88,375.87,,,,0,0.0,0.0,0.0,0.0,0.0,0.0,0.0,0.0,0.0,0.9984704293288662,0.9984704293288662,0.0
2023-12-30,15:11:00.000000000,48.88,375.87,0.13617127228716155,-2.3026961145754115,1.541956458970105,0,0.0,0.0,0.0,0.0,0.0,0.0,0.0,0.0,0.0,0.9984704293288662,0.9984704293288662,0.0
2023-12-30,15:12:00.000000000,48.88,375.87,,,,0,0.0,0.0,0.0,0.0,0.0,0.0,0.0,0.0,0.0,0.9984704293288662,0.9984704293288662,0.0
2023-12-30,15:13:00.000000000,48.88,375.87,,,,0,0.0,0.0,0.0,0.0,0.0,0.0,0.0,0.0,0.0,0.9984704293288662,0.9984704293288662,0.0
2023-12-30,15:14:00.000000000,48.88,375.87,0.13612029934358322,-2.2835369142726236,1.5079879438368262,0,0.0,0.0,0.0,0.0,0.0,0.0,0.0,0.0,0.0,0.9984704293288662,0.9984704293288662,0.0
2023-12-30,15:15:00.000000000,48.88,375.87,,,,0,0.0,0.0,0.0,0.0,0.0,0.0,0.0,0.0,0.0,0.9984704293288662,0.9984704293288662,0.0
2023-12-30,15:16:00.000000000,48.88,375.87,,,,0,0.0,0.0,0.0,0.0,0.0,0.0,0.0,0.0,0.0,0.9984704293288662,0.9984704293288662,0.0
2023-12-30,15:17:00.000000000,48.88,375.87,0.13598166699100545,-2.2314291719092125,1.4946493963493583,0,0.0,0.0,0.0,0.0,0.0,0.0,0.0,0.0,0.0,0.9984704293288662,0.9984704293288662,0.0
2023-12-30,15:18:00.000000000,48.88,375.87,,,,0,0.0,0.0,0.0,0.0,0.0,0.0,0.0,0.0,0.0,0.9984704293288662,0.9984704293288662,0.0
2023-12-30,15:19:00.000000000,48.88,375.87,,,,0,0.0,0.0,0.0,0.0,0.0,0.0,0.0,0.0,0.0,0.9984704293288662,0.9984704293288662,0.0
2023-12-30,15:20:00.000000000,48.88,375.87,0.13596378379417834,-2.2247074147178125,1.4550589281240722,0,0.0,0.0,0.0,0.0,0.0,0.0,0.0,0.0,0.0,0.9984704293288662,0.9984704293288662,0.0
2023-12-30,15:21:00.000000000,48.88,375.87,,,,0,0.0,0.0,0.0,0.0,0.0,0.0,0.0,0.0,0.0,0.9984704293288662,0.9984704293288662,0.0
2023-12-30,15:22:00.000000000,48.88,375.87,,,,0,0.0,0.0,0.0,0.0,0.0,0.0,0.0,0.0,0.0,0.9984704293288662,0.9984704293288662,0.0
2023-12-30,15:23:00.000000000,48.88,375.87,0.13596579317220625,-2.225462679637161,1.4128050663559788,0,0.0,0.0,0.0,0.0,0.0,0.0,0.0,0.0,0.0,0.9984704293288662,0.9984704293288662,0.0
2023-12-30,15:24:00.000000000,48.88,375.87,,,,0,0.0,0.0,0.0,0.0,0.0,0.0,0.0,0.0,0.0,0.9984704293288662,0.9984704293288662,0.0
2023-12-30,15:25:00.000000000,48.88,375.87,,,,0,0.0,0.0,0.0,0.0,0.0,0.0,0.0,0.0,0.0,0.9984704293288662,0.9984704293288662,0.0
2023-12-30,15:26:00.000000000,48.88,375.87,0.13592266101485795,-2.2092505956546518,1.3820762965017124,0,0.0,0.0,0.0,0.0,0.0,0.0,0.0,0.0,0.0,0.9984704293288662,0.9984704293288662,0.0
2023-12-30,15:27:00.000000000,48.88,375.87,,,,0,0.0,0.0,0.0,0.0,0.0,0.0,0.0,0.0,0.0,0.9984704293288662,0.9984704293288662,0.0
2023-12-30,15:28:00.000000000,48.88,375.87,,,,0,0.0,0.0,0.0,0.0,0.0,0.0,0.0,0.0,0.0,0.9984704293288662,0.9984704293288662,0.0
2023-12-30,15:29:00.000000000,48.88,375.87,0.1358732284256047,-2.190670368332036,1.3539995729296042,0,0.0,0.0,0.0,0.0,0.0,0.0,0.0,0.0,0.0,0.9984704293288662,0.9984704293288662,0.0
2023-12-30,15:30:00.000000000,48.88,375.87,,,,0,0.0,0.0,0.0,0.0,0.0,0.0,0.0,0.0,0.0,0.9984704293288662,0.9984704293288662,0.0
2023-12-30,15:31:00.000000000,48.88,375.87,,,,0,0.0,0.0,0.0,0.0,0.0,0.0,0.0,0.0,0.0,0.9984704293288662,0.9984704293288662,0.0
2023-12-30,15:32:00.000000000,48.88,375.87,0.1357165863002347,-2.131793292669215,1.3496123855925848,0,0.0,0.0,0.0,0.0,0.0,0.0,0.0,0.0,0.0,0.9984704293288662,0.9984704293288662,0.0
2023-12-30,15:33:00.000000000,48.88,375.87,,,,0,0.0,0.0,0.0,0.0,0.0,0.0,0.0,0.0,0.0,0.9984704293288662,0.9984704293288662,0.0
2023-12-30,15:34:00.000000000,48.88,375.87,,,,0,0.0,0.0,0.0,0.0,0.0,0.0,0.0,0.0,0.0,0.9984704293288662,0.9984704293288662,0.0
2023-12-30,15:35:00.000000000,48.88,375.87,0.13553829455983696,-2.0647787762059124,1.349718098681416,0,0.0,0.0,0.0,0.0,0.0,0.0,0.0,0.0,0.0,0.9984704293288662,0.9984704293288662,0.0
2023-12-30,15:36:00.000000000,48.88,375.87,,,,0,0.0,0.0,0.0,0.0,0.0,0.0,0.0,0.0,0.0,0.9984704293288662,0.9984704293288662,0.0
2023-12-30,15:37:00.000000000,48.88,375.87,,,,0,0.0,0.0,0.0,0.0,0.0,0.0,0.0,0.0,0.0,0.9984704293288662,0.9984704293288662,0.0
2023-12-30,15:38:00.000000000,48.88,375.87,0.13532521584488674,-1.984688879617579,1.356815043734243,0,0.0,0.0,0.0,0.0,0.0,0.0,0.0,0.0,0.0,0.9984704293288662,0.9984704293288662,0.0
2023-12-30,15:39:00.000000000,48.88,375.87,,,,0,0.0,0.0,0.0,0.0,0.0,0.0,0.0,0.0,0.0,0.9984704293288662,0.9984704293288662,0.0
2023-12-30,15:40:00.000000000,48.88,375.87,,,,0,0.0,0.0,0.0,0.0,0.0,0.0,0.0,0.0,0.0,0.9984704293288662,0.9984704293288662,0.0
2023-12-30,15:41:00.000000000,48.88,375.87,0.13514787386906152,-1.918031351164153,1.356109752187856,0,0.0,0.0,0.0,0.0,0.0,0.0,0.0,0.0,0.0,0.9984704293288662,0.9984704293288662,0.0
2023-12-30,15:42:00.000000000,48.88,375.87,,,,0,0.0,0.0,0.0,0.0,0.0,0.0,0.0,0.0,0.0,0.9984704293288662,0.9984704293288662,0.0
2023-12-30,15:43:00.000000000,48.88,375.87,,,,0,0.0,0.0,0.0,0.0,0.0,0.0,0.0,0.0,0.0,0.9984704293288662,0.9984704293288662,0.0
2023-12-30,15:44:00.000000000,48.88,375.87,0.1350369141105571,-1.8763249067350927,1.341763988896521,0,0.0,0.0,0.0,0.0,0.0,0.0,0.0,0.0,0.0,0.9984704293288662,0.9984704293288662,0.0
2023-12-30,15:45:00.000000000,48.88,375.87,,,,0,0.0,0.0,0.0,0.0,0.0,0.0,0.0,0.0,0.0,0.9984704293288662,0.9984704293288662,0.0
2023-12-30,15:46:00.000000000,48.88,375.87,,,,0,0.0,0.0,0.0,0.0,0.0,0.0,0.0,0.0,0.0,0.9984704293288662,0.9984704293288662,0.0
2023-12-30,15:47:00.000000000,48.88,375.87,0.13496841166137272,-1.8505768911601592,1.3194379433211587,0,0.0,0.0,0.0,0.0,0.0,0.0,0.0,0.0,0.0,0.9984704293288662,0.9984704293288662,0.0
2023-12-30,15:48:00.000000000,48.88,375.87,,,,0,0.0,0.0,0.0,0.0,0.0,0.0,0.0,0.0,0.0,0.9984704293288662,0.9984704293288662,0.0
2023-12-30,15:49:00.000000000,48.88,375.87,,,,0,0.0,0.0,0.0,0.0,0.0,0.0,0.0,0.0,0.0,0.9984704293288662,0.9984704293288662,0.0
2023-12-30,15:50:00.000000000,48.88,375.87,0.1348973602260687,-1.8238707881724423,1.2987218499476056,0,0.0,0.0,0.0,0.0,0.0,0.0,0.0,0.0,0.0,0.9984704293288662,0.9984704293288662,0.0
2023-12-30,15:51:00.000000000,48.88,375.87,,,,0,0.0,0.0,0.0,0.0,0.0,0.0,0.0,0.0,0.0,0.9984704293288662,0.9984704293288662,0.0
2023-12-30,15:52:00.000000000,48.88,375.87,,,,0,0.0,0.0,0.0,0.0,0.0,0.0,0.0,0.0,0.0,0.9984704293288662,0.9984704293288662,0.0
2023-12-30,15:53:00.000000000,48.88,375.87,0.13474973201259624,-1.7683817715745462,1.2944296887338491,0,0.0,0.0,0.0,0.0,0.0,0.0,0.0,0.0,0.0,0.9984704293288662,0.9984704293288662,0.0
2023-12-30,15:54:00.000000000,48.88,375.87,,,,0,0.0,0.0,0.0,0.0,0.0,0.0,0.0,0.0,0.0,0.9984704293288662,0.9984704293288662,0.0
2023-12-30,15:55:00.000000000,48.88,375.87,,,,0,0.0,0.0,0.0,0.0,0.0,0.0,0.0,0.0,0.0,0.9984704293288662,0.9984704293288662,0.0
2023-12-30,15:56:00.000000000,48.88,375.87,0.13474041670499953,-1.7648804269081708,1.262630442176328,0,0.0,0.0,0.0,0.0,0.0,0.0,0.0,0.0,0.0,0.9984704293288662,0.9984704293288662,0.0
2023-12-30,15:57:00.000000000,48.88,375.87,,,,0,0.0,0.0,0.0,0.0,0.0,0.0,0.0,0.0,0.0,0.9984704293288662,0.9984704293288662,0.0
2023-12-30,15:58:00.000000000,48.88,375.87,,,,0,0.0,0.0,0.0,0.0,0.0,0.0,0.0,0.0,0.0,0.9984704293288662,0.9984704293288662,0.0
2023-12-30,15:59:00.000000000,48.88,375.87,0.13479197394119927,-1.7842592452785695,1.2200166092003508,0,0.0,0.0,0.0,0.0,0.0,0.0,0.0,0.0,0.0,0.9984704293288662,0.9984704293288662,0.0
2023-12-30,16:00:00.000000000,48.88,375.87,,,,0,0.0,0.0,0.0,0.0,0.0,0.0,0.0,0.0,0.0,0.9984704293288662,0.9984704293288662,0.0
2023-12-30,16:01:00.000000000,48.88,375.87,,,,0,0.0,0.0,0.0,0.0,0.0,0.0,0.0,0.0,0.0,0.9984704293288662,0.9984704293288662,0.0
2023-12-30,16:02:00.000000000,48.88,375.87,0.134768324533437,-1.7753701423829682,1.1944598619844269,0,0.0,0.0,0.0,0.0,0.0,0.0,0.0,0.0,0.0,0.9984704293288662,0.9984704293288662,0.0
2023-12-30,16:03:00.000000000,48.88,375.87,,,,0,0.0,0.0,0.0,0.0,0.0,0.0,0.0,0.0,0.0,0.9984704293288662,0.9984704293288662,0.0
2023-12-30,16:04:00.000000000,48.88,375.87,,,,0,0.0,0.0,0.0,0.0,0.0,0.0,0.0,0.0,0.0,0.9984704293288662,0.9984704293288662,0.0
2023-12-30,16:05:00.000000000,48.88,375.87,0.13478387791469784,-1.7812161917974763,1.1621348935136764,0,0.0,0.0,0.0,0.0,0.0,0.0,0.0,0.0,0.0,0.9984704293288662,0.9984704293288662,0.0
2023-12-30,16:06:00.000000000,48.88,375.87,,,,0,0.0,0.0,0.0,0.0,0.0,0.0,0.0,0.0,0.0,0.9984704293288662,0.9984704293288662,0.0
2023-12-30,16:07:00.000000000,48.88,375.87,,,,0,0.0,0.0,0.0,0.0,0.0,0.0,0.0,0.0,0.0,0.9984704293288662,0.9984704293288662,0.0
2023-12-30,16:08:00.000000000,48.88,375.87,0.13471928442885522,-1.756937438273809,1.14758884306995,0,0.0,0.0,0.0,0.0,0.0,0.0,0.0,0.0,0.0,0.9984704293288662,0.9984704293288662,0.0
2023-12-30,16:09:00.000000000,48.88,375.87,,,,0,0.0,0.0,0.0,0.0,0.0,0.0,0.0,0.0,0.0,0.9984704293288662,0.9984704293288662,0.0
2023-12-30,16:10:00.000000000,48.88,375.87,,,,0,0.0,0.0,0.0,0.0,0.0,0.0,0.0,0.0,0.0,0.9984704293288662,0.9984704293288662,0.0
2023-12-30,16:11:00.000000000,48.88,375.87,0.13468552391384073,-1.7442478734953113,1.1277126019873787,0,0.0,0.0,0.0,0.0,0.0,0.0,0.0,0.0,0.0,0.9984704293288662,0.9984704293288662,0.0
2023-12-30,16:12:00.000000000,48.88,375.87,,,,0,0.0,0.0,0.0,0.0,0.0,0.0,0.0,0.0,0.0,0.9984704293288662,0.9984704293288662,0.0
2023-12-30,16:13:00.000000000,48.88,375.87,,,,0,0.0,0.0,0.0,0.0,0.0,0.0,0.0,0.0,0.0,0.9984704293288662,0.9984704293288662,0.0
2023-12-30,16:14:00.000000000,48.88,375.87,0.1345345626734834,-1.6875060720822077,1.1334799117289567,0,0.0,0.0,0.0,0.0,0.0,0.0,0.0,0.0,0.0,0.9984704293288662,0.9984704293288662,0.0
2023-12-30,16:15:00.000000000,48.88,375.87,,,,0,0.0,0.0,0.0,0.0,0.0,0.0,0.0,0.0,0.0,0.9984704293288662,0.9984704293288662,0.0
2023-12-30,16:16:00.000000000,48.88,375.87,,,,0,0.0,0.0,0.0,0.0,0.0,0.0,0.0,0.0,0.0,0.9984704293288662,0.9984704293288662,0.0
2023-12-30,16:17:00.000000000,48.88,375.87,0.13442054716605364,-1.644651063304579,1.1325417541352625,0,0.0,0.0,0.0,0.0,0.0,0.0,0.0,0.0,0.0,0.9984704293288662,0.9984704293288662,0.0
2023-12-30,16:18:00.000000000,48.88,375.87,,,,0,0.0,0.0,0.0,0.0,0.0,0.0,0.0,0.0,0.0,0.9984704293288662,0.9984704293288662,0.0
2023-12-30,16:19:00.000000000,48.88,375.87,,,,0,0.0,0.0,0.0,0.0,0.0,0.0,0.0,0.0,0.0,0.9984704293288662,0.9984704293288662,0.0
2023-12-30,16:20:00.000000000,48.88,375.87,0.13418998425956433,-1.5579893836424432,1.157114010407749,0,0.0,0.0,0.0,0.0,0.0,0.0,0.0,0.0,0.0,0.9984704293288662,0.9984704293288662,0.0
2023-12-30,16:21:00.000000000,48.88,375.87,,,,0,0.0,0.0,0.0,0.0,0.0,0.0,0.0,0.0,0.0,0.9984704293288662,0.9984704293288662,0.0
2023-12-30,16:22:00.000000000,48.88,375.87,,,,0,0.0,0.0,0.0,0.0,0.0,0.0,0.0,0.0,0.0,0.9984704293288662,0.9984704293288662,0.0
2023-12-30,16:23:00.000000000,48.88,375.87,0.1339996945876565,-1.4864652046624514,1.173877301224959,0,0.0,0.0,0.0,0.0,0.0,0.0,0.0,0.0,0.0,0.9984704293288662,0.9984704293288662,0.0
2023-12-30,16:24:00.000000000,48.88,375.87,,,,0,0.0,0.0,0.0,0.0,0.0,0.0,0.0,0.0,0.0,0.9984704293288662,0.9984704293288662,0.0
2023-12-30,16:25:00.000000000,48.88,375.87,,,,0,0.0,0.0,0.0,0.0,0.0,0.0,0.0,0.0,0.0,0.9984704293288662,0.9984704293288662,0.0
2023-12-30,16:26:00.000000000,48.88,375.87,0.133803889012467,-1.412867763115976,1.1930089700445223,0,0.0,0.0,0.0,0.0,0.0,0.0,0.0,0.0,0.0,0.9984704293288662,0.9984704293288662,0.0
2023-12-30,16:27:00.000000000,48.88,375.87,,,,0,0.0,0.0,0.0,0.0,0.0,0.0,0.0,0.0,0.0,0.9984704293288662,0.9984704293288662,0.0
2023-12-30,16:28:00.000000000,48.88,375.87,,,,0,0.0,0.0,0.0,0.0,0.0,0.0,0.0,0.0,0.0,0.9984704293288662,0.9984704293288662,0.0
2023-12-30,16:29:00.000000000,48.88,375.87,0.13360148637475147,-1.3367906836778332,1.2151606744245858,0,0.0,0.0,0.0,0.0,0.0,0.0,0.0,0.0,0.0,0.9984704293288662,0.9984704293288662,0.0
2023-12-30,16:30:00.000000000,48.88,375.87,,,,0,0.0,0.0,0.0,0.0,0.0,0.0,0.0,0.0,0.0,0.9984704293288662,0.9984704293288662,0.0
2023-12-30,16:31:00.000000000,48.88,375.87,,,,0,0.0,0.0,0.0,0.0,0.0,0.0,0.0,0.0,0.0,0.9984704293288662,0.9984704293288662,0.0
2023-12-30,16:32:00.000000000,48.88,375.87,0.13336791369217008,-1.248997719475966,1.245666435119808,0,0.0,0.0,0.0,0.0,0.0,0.0,0.0,0.0,0.0,0.9984704293288662,0.9984704293288662,0.0
2023-12-30,16:33:00.000000000,48.88,375.87,,,,0,0.0,0.0,0.0,0.0,0.0,0.0,0.0,0.0,0.0,0.9984704293288662,0.9984704293288662,0.0
2023-12-30,16:34:00.000000000,48.88,375.87,,,,0,0.0,0.0,0.0,0.0,0.0,0.0,0.0,0.0,0.0,0.9984704293288662,0.9984704293288662,0.0
2023-12-30,16:35:00.000000000,48.88,375.87,0.13291053572060216,-1.07708306130273,1.3286518938865086,0,0.0,0.0,0.0,0.0,0.0,0.0,0.0,0.0,0.0,0.9984704293288662,0.9984704293288662,0.0
2023-12-30,16:36:00.000000000,48.88,375.87,,,,0,0.0,0.0,0.0,0.0,0.0,0.0,0.0,0.0,0.0,0.9984704293288662,0.9984704293288662,0.0
2023-12-30,16:37:00.000000000,48.88,375.87,,,,0,0.0,0.0,0.0,0.0,0.0,0.0,0.0,0.0,0.0,0.9984704293288662,0.9984704293288662,0.0
2023-12-30,16:38:00.000000000,48.88,375.87,0.1324184585586296,-0.8921260184321085,1.4211759957046002,0,0.0,0.0,0.0,0.0,0.0,0.0,0.0,0.0,0.0,0.9984704293288662,0.9984704293288662,0.0
2023-12-30,16:39:00.000000000,48.88,375.87,,,,0,0.0,0.0,0.0,0.0,0.0,0.0,0.0,0.0,0.0,0.9984704293288662,0.9984704293288662,0.0
2023-12-30,16:40:00.000000000,48.88,375.87,,,,0,0.0,0.0,0.0,0.0,0.0,0.0,0.0,0.0,0.0,0.9984704293288662,0.9984704293288662,0.0
2023-12-30,16:41:00.000000000,48.88,375.87,0.13189257238322238,-0.6944611816817954,1.5234864974057312,0,0.0,0.0,0.0,0.0,0.0,0.0,0.0,0.0,0.0,0.9984704293288662,0.9984704293288662,0.0
2023-12-30,16:42:00.000000000,48.88,375.87,,,,0,0.0,0.0,0.0,0.0,0.0,0.0,0.0,0.0,0.0,0.9984704293288662,0.9984704293288662,0.0
2023-12-30,16:43:00.000000000,48.88,375.87,,,,0,0.0,0.0,0.0,0.0,0.0,0.0,0.0,0.0,0.0,0.9984704293288662,0.9984704293288662,0.0
2023-12-30,16:44:00.000000000,48.88,375.87,0.13120576646592327,-0.43631144154657875,1.6643610223971255,0,0.0,0.0,0.0,0.0,0.0,0.0,0.0,0.0,0.0,0.9984704293288662,0.9984704293288662,0.0
2023-12-30,16:45:00.000000000,48.88,375.87,,,,0,0.0,0.0,0.0,0.0,0.0,0.0,0.0,0.0,0.0,0.9984704293288662,0.9984704293288662,0.0
2023-12-30,16:46:00.000000000,48.88,375.87,,,,0,0.0,0.0,0.0,0.0,0.0,0.0,0.0,0.0,0.0,0.9984704293288662,0.9984704293288662,0.0
2023-12-30,16:47:00.000000000,48.88,375.87,0.13058084978888482,-0.2014240101481377,1.7904350049044238,0,0.0,0.0,0.0,0.0,0.0,0.0,0.0,0.0,0.0,0.9984704293288662,0.9984704293288662,0.0
2023-12-30,16:48:00.000000000,48.88,375.87,,,,0,0.0,0.0,0.0,0.0,0.0,0.0,0.0,0.0,0.0,0.9984704293288662,0.9984704293288662,0.0
2023-12-30,16:49:00.000000000,48.88,375.87,,,,0,0.0,0.0,0.0,0.0,0.0,0.0,0.0,0.0,0.0,0.9984704293288662,0.9984704293288662,0.0
2023-12-30,16:50:00.000000000,48.88,375.87,0.13003878996406046,0.0023200162085998954,1.8947383995321208,0,0.0,0.0,0.0,0.0,0.0,0.0,0.0,0.0,0.0,0.9984704293288662,0.9984704293288662,0.0
2023-12-30,16:51:00.000000000,48.88,375.87,,,,0,0.0,0.0,0.0,0.0,0.0,0.0,0.0,0.0,0.0,0.9984704293288662,0.9984704293288662,0.0
2023-12-30,16:52:00.000000000,48.88,375.87,,,,0,0.0,0.0,0.0,0.0,0.0,0.0,0.0,0.0,0.0,0.9984704293288662,0.9984704293288662,0.0
2023-12-30,16:53:00.000000000,48.88,375.87,0.12942933448342106,0.23139604771652955,2.0119977020426285,0,0.0,0.0,0.0,0.0,0.0,0.0,0.0,0.0,0.0,0.9984704293288662,0.9984704293288662,0.0
2023-12-30,16:54:00.000000000,48.88,375.87,,,,0,0.0,0.0,0.0,0.0,0.0,0.0,0.0,0.0,0.0,0.9984704293288662,0.9984704293288662,0.0
2023-12-30,16:55:00.000000000,48.88,375.87,,,,0,0.0,0.0,0.0,0.0,0.0,0.0,0.0,0.0,0.0,0.9984704293288662,0.9984704293288662,0.0
2023-12-30,16:56:00.000000000,48.88,375.87,0.12881380223751848,0.46275615298392836,2.1253572087257617,0,0.0,0.0,0.0,0.0,0.0,0.0,0.0,0.0,0.0,0.9984704293288662,0.9984704293288662,0.0
2023-12-30,16:57:00.000000000,48.88,375.87,,,,0,0.0,0.0,0.0,0.0,0.0,0.0,0.0,0.0,0.0,0.9984704293288662,0.9984704293288662,0.0
2023-12-30,16:58:00.000000000,48.88,375.87,,,,0,0.0,0.0,0.0,0.0,0.0,0.0,0.0,0.0,0.0,0.9984704293288662,0.9984704293288662,0.0
2023-12-30,16:59:00.000000000,48.88,375.87,0.12826449522458477,0.6692241799353198,2.2153725135463818,0,0.0,0.0,0.0,0.0,0.0,0.0,0.0,0.0,0.0,0.9984704293288662,0.9984704293288662,0.0
2023-12-30,17:00:00.000000000,48.88,375.87,,,,0,0.0,0.0,0.0,0.0,0.0,0.0,0.0,0.0,0.0,0.9984704293288662,0.9984704293288662,0.0
2023-12-30,17:01:00.000000000,48.88,375.87,,,,0,0.0,0.0,0.0,0.0,0.0,0.0,0.0,0.0,0.0,0.9984704293288662,0.9984704293288662,0.0
2023-12-30,17:02:00.000000000,48.88,375.87,0.12767770427775632,0.8897812931197322,2.305666865640868,0,0.0,0.0,0.0,0.0,0.0,0.0,0.0,0.0,0.0,0.9984704293288662,0.9984704293288662,0.0
2023-12-30,17:03:00.000000000,48.88,375.87,,,,0,0.0,0.0,0.0,0.0,0.0,0.0,0.0,0.0,0.0,0.9984704293288662,0.9984704293288662,0.0
2023-12-30,17:04:00.000000000,48.88,375.87,,,,0,0.0,0.0,0.0,0.0,0.0,0.0,0.0,0.0,0.0,0.9984704293288662,0.9984704293288662,0.0
2023-12-30,17:05:00.000000000,48.88,375.87,0.12704759290925913,1.1266212531967739,2.394390501745603,0,0.0,0.0,0.0,0.0,0.0,0.0,0.0,0.0,0.0,0.9984704293288662,0.9984704293288662,0.0
2023-12-30,17:06:00.000000000,48.88,375.87,,,,0,0.0,0.0,0.0,0.0,0.0,0.0,0.0,0.0,0.0,0.9984704293288662,0.9984704293288662,0.0
2023-12-30,17:07:00.000000000,48.88,375.87,,,,0,0.0,0.0,0.0,0.0,0.0,0.0,0.0,0.0,0.0,0.9984704293288662,0.9984704293288662,0.0
2023-12-30,17:08:00.000000000,48.88,375.87,0.12632830082527918,1.3969815688023175,2.4903440092047435,0,0.0,0.0,0.0,0.0,0.0,0.0,0.0,0.0,0.0,0.9984704293288662,0.9984704293288662,0.0
2023-12-30,17:09:00.000000000,48.88,375.87,,,,0,0.0,0.0,0.0,0.0,0.0,0.0,0.0,0.0,0.0,0.9984704293288662,0.9984704293288662,0.0
2023-12-30,17:10:00.000000000,48.88,375.87,,,,0,0.0,0.0,0.0,0.0,0.0,0.0,0.0,0.0,0.0,0.9984704293288662,0.9984704293288662,0.0
2023-12-30,17:11:00.000000000,48.88,375.87,0.12578078249525415,1.6027772835088214,2.532733404137993,0,0.0,0.0,0.0,0.0,0.0,0.0,0.0,0.0,0.0,0.9984704293288662,0.9984704293288662,0.0
2023-12-30,17:12:00.000000000,48.88,375.87,,,,0,0.0,0.0,0.0,0.0,0.0,0.0,0.0,0.0,0.0,0.9984704293288662,0.9984704293288662,0.0
2023-12-30,17:13:00.000000000,48.88,375.87,,,,0,0.0,0.0,0.0,0.0,0.0,0.0,0.0,0.0,0.0,0.9984704293288662,0.9984704293288662,0.0
2023-12-30,17:14:00.000000000,48.88,375.87,0.12504927737028462,1.8777281148311218,2.6072259060041287,0,0.0,0.0,0.0,0.0,0.0,0.0,0.0,0.0,0.0,0.9984704293288662,0.9984704293288662,0.0
2023-12-30,17:15:00.000000000,48.88,375.87,,,,0,0.0,0.0,0.0,0.0,0.0,0.0,0.0,0.0,0.0,0.9984704293288662,0.9984704293288662,0.0
2023-12-30,17:16:00.000000000,48.88,375.87,,,,0,0.0,0.0,0.0,0.0,0.0,0.0,0.0,0.0,0.0,0.9984704293288662,0.9984704293288662,0.0
2023-12-30,17:17:00.000000000,48.88,375.87,0.1244033366591953,2.1205178499082677,2.649537008871414,0,0.0,0.0,0.0,0.0,0.0,0.0,0.0,0.0,0.0,0.9984704293288662,0.9984704293288662,0.0
2023-12-30,17:18:00.000000000,48.88,375.87,,,,0,0.0,0.0,0.0,0.0,0.0,0.0,0.0,0.0,0.0,0.9984704293288662,0.9984704293288662,0.0
2023-12-30,17:19:00.000000000,48.88,375.87,,,,0,0.0,0.0,0.0,0.0,0.0,0.0,0.0,0.0,0.0,0.9984704293288662,0.9984704293288662,0.0
2023-12-30,17:20:00.000000000,48.88,375.87,0.12379814720161754,2.34799041132802,2.6720197303683033,0,0.0,0.0,0.0,0.0,0.0,0.0,0.0,0.0,0.0,0.9984704293288662,0.9984704293288662,0.0
2023-12-30,17:21:00.000000000,48.88,375.87,,,,0,0.0,0.0,0.0,0.0,0.0,0.0,0.0,0.0,0.0,0.9984704293288662,0.9984704293288662,0.0
2023-12-30,17:22:00.000000000,48.88,375.87,,,,0,0.0,0.0,0.0,0.0,0.0,0.0,0.0,0.0,0.0,0.9984704293288662,0.9984704293288662,0.0
2023-12-30,17:23:00.000000000,48.88,375.87,0.12317717538453157,2.5813950882161194,2.6888280960703437,0,0.0,0.0,0.0,0.0,0.0,0.0,0.0,0.0,0.0,0.9984704293288662,0.9984704293288662,0.0
2023-12-30,17:24:00.000000000,48.88,375.87,,,,0,0.0,0.0,0.0,0.0,0.0,0.0,0.0,0.0,0.0,0.9984704293288662,0.9984704293288662,0.0
2023-12-30,17:25:00.000000000,48.88,375.87,,,,0,0.0,0.0,0.0,0.0,0.0,0.0,0.0,0.0,0.0,0.9984704293288662,0.9984704293288662,0.0
2023-12-30,17:26:00.000000000,48.88,375.87,0.12251411889858117,2.830618129590299,2.7049782724716662,0,0.0,0.0,0.0,0.0,0.0,0.0,0.0,0.0,0.0,0.9984704293288662,0.9984704293288662,0.0
2023-12-30,17:27:00.000000000,48.88,375.87,,,,0,0.0,0.0,0.0,0.0,0.0,0.0,0.0,0.0,0.0,0.9984704293288662,0.9984704293288662,0.0
2023-12-30,17:28:00.000000000,48.88,375.87,,,,0,0.0,0.0,0.0,0.0,0.0,0.0,0.0,0.0,0.0,0.9984704293288662,0.9984704293288662,0.0
2023-12-30,17:29:00.000000000,48.88,375.87,0.12176396696829156,3.112577735628257,2.7281875671329128,0,0.0,0.0,0.0,0.0,0.0,0.0,0.0,0.0,0.0,0.9984704293288662,0.9984704293288662,0.0
2023-12-30,17:30:00.000000000,48.88,375.87,,,,0,0.0,0.0,0.0,0.0,0.0,0.0,0.0,0.0,0.0,0.9984704293288662,0.9984704293288662,0.0
2023-12-30,17:31:00.000000000,48.88,375.87,,,,0,0.0,0.0,0.0,0.0,0.0,0.0,0.0,0.0,0.0,0.9984704293288662,0.9984704293288662,0.0
2023-12-30,17:32:00.000000000,48.88,375.87,0.12097832834371065,3.407875725449479,2.7461136719678922,0,0.0,0.0,0.0,0.0,0.0,0.0,0.0,0.0,0.0,0.9984704293288662,0.9984704293288662,0.0
2023-12-30,17:33:00.000000000,48.88,375.87,,,,0,0.0,0.0,0.0,0.0,0.0,0.0,0.0,0.0,0.0,0.9984704293288662,0.9984704293288662,0.0
2023-12-30,17:34:00.000000000,48.88,375.87,,,,0,0.0,0.0,0.0,0.0,0.0,0.0,0.0,0.0,0.0,0.9984704293288662,0.9984704293288662,0.0
2023-12-30,17:35:00.000000000,48.88,375.87,0.11998002316789097,3.78310869188482,2.7903912573097003,0,0.0,0.0,0.0,0.0,0.0,0.0,0.0,0.0,0.0,0.9984704293288662,0.9984704293288662,0.0
2023-12-30,17:36:00.000000000,48.88,375.87,,,,0,0.0,0.0,0.0,0.0,0.0,0.0,0.0,0.0,0.0,0.9984704293288662,0.9984704293288662,0.0
2023-12-30,17:37:00.000000000,48.88,375.87,,,,0,0.0,0.0,0.0,0.0,0.0,0.0,0.0,0.0,0.0,0.9984704293288662,0.9984704293288662,0.0
2023-12-30,17:38:00.000000000,48.88,375.87,0.11890125958082136,4.18858356135668,2.831133205432107,0,0.0,0.0,0.0,0.0,0.0,0.0,0.0,0.0,0.0,0.9984704293288662,0.9984704293288662,0.0
2023-12-30,17:39:00.000000000,48.88,375.87,,,,0,0.0,0.0,0.0,0.0,0.0,0.0,0.0,0.0,0.0,0.9984704293288662,0.9984704293288662,0.0
2023-12-30,17:40:00.000000000,48.88,375.87,,,,0,0.0,0.0,0.0,0.0,0.0,0.0,0.0,0.0,0.0,0.9984704293288662,0.9984704293288662,0.0
2023-12-30,17:41:00.000000000,48.88,375.87,0.11791458981120277,4.559443127663215,2.8408694311750877,0,0.0,0.0,0.0,0.0,0.0,0.0,0.0,0.0,0.0,0.9984704293288662,0.9984704293288662,0.0
2023-12-30,17:42:00.000000000,48.88,375.87,,,,0,0.0,0.0,0.0,0.0,0.0,0.0,0.0,0.0,0.0,0.9984704293288662,0.9984704293288662,0.0
2023-12-30,17:43:00.000000000,48.88,375.87,,,,0,0.0,0.0,0.0,0.0,0.0,0.0,0.0,0.0,0.0,0.9984704293288662,0.9984704293288662,0.0
2023-12-30,17:44:00.000000000,48.88,375.87,0.11701256669113873,4.898486557801689,2.826584412864608,0,0.0,0.0,0.0,0.0,0.0,0.0,0.0,0.0,0.0,0.9984704293288662,0.9984704293288662,0.0
2023-12-30,17:45:00.000000000,48.88,375.87,,,,0,0.0,0.0,0.0,0.0,0.0,0.0,0.0,0.0,0.0,0.9984704293288662,0.9984704293288662,0.0
2023-12-30,17:46:00.000000000,48.88,375.87,,,,0,0.0,0.0,0.0,0.0,0.0,0.0,0.0,0.0,0.0,0.9984704293288662,0.9984704293288662,0.0
2023-12-30,17:47:00.000000000,48.88,375.87,0.11609379004974288,5.243827134003148,2.8083367146985303,0,0.0,0.0,0.0,0.0,0.0,0.0,0.0,0.0,0.0,0.9984704293288662,0.9984704293288662,0.0
2023-12-30,17:48:00.000000000,48.88,375.87,,,,0,0.0,0.0,0.0,0.0,0.0,0.0,0.0,0.0,0.0,0.9984704293288662,0.9984704293288662,0.0
2023-12-30,17:49:00.000000000,48.88,375.87,,,,0,0.0,0.0,0.0,0.0,0.0,0.0,0.0,0.0,0.0,0.9984704293288662,0.9984704293288662,0.0
2023-12-30,17:50:00.000000000,48.88,375.87,0.11509769744420792,5.618228461645572,2.7962969890811142,0,0.0,0.0,0.0,0.0,0.0,0.0,0.0,0.0,0.0,0.9984704293288662,0.9984704293288662,0.0
2023-12-30,17:51:00.000000000,48.88,375.87,,,,0,0.0,0.0,0.0,0.0,0.0,0.0,0.0,0.0,0.0,0.9984704293288662,0.9984704293288662,0.0
2023-12-30,17:52:00.000000000,48.88,375.87,,,,0,0.0,0.0,0.0,0.0,0.0,0.0,0.0,0.0,0.0,0.9984704293288662,0.9984704293288662,0.0
2023-12-30,17:53:00.000000000,48.88,375.87,0.11402506716268065,6.021398005563228,2.7883010935144594,0,0.0,0.0,0.0,0.0,0.0,0.0,0.0,0.0,0.0,0.9984704293288662,0.9984704293288662,0.0
2023-12-30,17:54:00.000000000,48.88,375.87,,,,0,0.0,0.0,0.0,0.0,0.0,0.0,0.0,0.0,0.0,0.9984704293288662,0.9984704293288662,0.0
2023-12-30,17:55:00.000000000,48.88,375.87,,,,0,0.0,0.0,0.0,0.0,0.0,0.0,0.0,0.0,0.0,0.9984704293288662,0.9984704293288662,0.0
2023-12-30,17:56:00.000000000,48.88,375.87,0.11281965499608185,6.474476276622717,2.790379712890868,0,0.0,0.0,0.0,0.0,0.0,0.0,0.0,0.0,0.0,0.9984704293288662,0.9984704293288662,0.0
2023-12-30,17:57:00.000000000,48.88,375.87,,,,0,0.0,0.0,0.0,0.0,0.0,0.0,0.0,0.0,0.0,0.9984704293288662,0.9984704293288662,0.0
2023-12-30,17:58:00.000000000,48.88,375.87,,,,0,0.0,0.0,0.0,0.0,0.0,0.0,0.0,0.0,0.0,0.9984704293288662,0.9984704293288662,0.0
2023-12-30,17:59:00.000000000,48.88,375.87,0.11134714341573919,7.027949204326113,2.816547140351932,0,0.0,0.0,0.0,0.0,0.0,0.0,0.0,0.0,0.0,0.9984704293288662,0.9984704293288662,0.0
2023-12-30,18:00:00.000000000,48.88,375.87,,,,0,0.0,0.0,0.0,0.0,0.0,0.0,0.0,0.0,0.0,0.9984704293288662,0.9984704293288662,0.0
2023-12-30,18:01:00.000000000,48.88,375.87,,,,0,0.0,0.0,0.0,0.0,0.0,0.0,0.0,0.0,0.0,0.9984704293288662,0.9984704293288662,0.0
2023-12-30,18:02:00.000000000,48.88,375.87,0.11027123199927077,7.432352028434096,2.7809873354453445,0,0.0,0.0,0.0,0.0,0.0,0.0,0.0,0.0,0.0,0.9984704293288662,0.9984704293288662,0.0
2023-12-30,18:03:00.000000000,48.88,375.87,,,,0,0.0,0.0,0.0,0.0,0.0,0.0,0.0,0.0,0.0,0.9984704293288662,0.9984704293288662,0.0
2023-12-30,18:04:00.000000000,48.88,375.87,,,,0,0.0,0.0,0.0,0.0,0.0,0.0,0.0,0.0,0.0,0.9984704293288662,0.9984704293288662,0.0
2023-12-30,18:05:00.000000000,48.88,375.87,0.10912409633147703,7.863525911887727,2.7528298323221607,0,0.0,0.0,0.0,0.0,0.0,0.0,0.0,0.0,0.0,0.9984704293288662,0.9984704293288662,0.0
2023-12-30,18:06:00.000000000,48.88,375.87,,,,0,0.0,0.0,0.0,0.0,0.0,0.0,0.0,0.0,0.0,0.9984704293288662,0.9984704293288662,0.0
2023-12-30,18:07:00.000000000,48.88,375.87,,,,0,0.0,0.0,0.0,0.0,0.0,0.0,0.0,0.0,0.0,0.9984704293288662,0.9984704293288662,0.0
2023-12-30,18:08:00.000000000,48.88,375.87,0.10800768645931584,8.283150890536959,2.7196748492051492,0,0.0,0.0,0.0,0.0,0.0,0.0,0.0,0.0,0.0,0.9984704293288662,0.9984704293288662,0.0
2023-12-30,18:09:00.000000000,48.88,375.87,,,,0,0.0,0.0,0.0,0.0,0.0,0.0,0.0,0.0,0.0,0.9984704293288662,0.9984704293288662,0.0
2023-12-30,18:10:00.000000000,48.88,375.87,,,,0,0.0,0.0,0.0,0.0,0.0,0.0,0.0,0.0,0.0,0.9984704293288662,0.9984704293288662,0.0
2023-12-30,18:11:00.000000000,48.88,375.87,0.10691910027230904,8.692317780647201,2.6829488936799253,0,0.0,0.0,0.0,0.0,0.0,0.0,0.0,0.0,0.0,0.9984704293288662,0.9984704293288662,0.0
2023-12-30,18:12:00.000000000,48.88,375.87,,,,0,0.0,0.0,0.0,0.0,0.0,0.0,0.0,0.0,0.0,0.9984704293288662,0.9984704293288662,0.0
2023-12-30,18:13:00.000000000,48.88,375.87,,,,0,0.0,0.0,0.0,0.0,0.0,0.0,0.0,0.0,0.0,0.9984704293288662,0.9984704293288662,0.0
2023-12-30,18:14:00.000000000,48.88,375.87,0.10564072563661041,9.172820454967251,2.6656461284508386,0,0.0,0.0,0.0,0.0,0.0,0.0,0.0,0.0,0.0,0.9984704293288662,0.9984704293288662,0.0
2023-12-30,18:15:00.000000000,48.88,375.87,,,,0,0.0,0.0,0.0,0.0,0.0,0.0,0.0,0.0,0.0,0.9984704293288662,0.9984704293288662,0.0
2023-12-30,18:16:00.000000000,48.88,375.87,,,,0,0.0,0.0,0.0,0.0,0.0,0.0,0.0,0.0,0.0,0.9984704293288662,0.9984704293288662,0.0
2023-12-30,18:17:00.000000000,48.88,375.87,0.10436584139847706,9.65201119355443,2.6446388564105017,0,0.0,0.0,0.0,0.0,0.0,0.0,0.0,0.0,0.0,0.9984704293288662,0.9984704293288662,0.0
2023-12-30,18:18:00.000000000,48.88,375.87,,,,0,0.0,0.0,0.0,0.0,0.0,0.0,0.0,0.0,0.0,0.9984704293288662,0.9984704293288662,0.0
2023-12-30,18:19:00.000000000,48.88,375.87,,,,0,0.0,0.0,0.0,0.0,0.0,0.0,0.0,0.0,0.0,0.9984704293288662,0.9984704293288662,0.0
2023-12-30,18:20:00.000000000,48.88,375.87,0.10315807241046784,10.105975323077452,2.615087086461429,0,0.0,0.0,0.0,0.0,0.0,0.0,0.0,0.0,0.0,0.9984704293288662,0.9984704293288662,0.0
2023-12-30,18:21:00.000000000,48.88,375.87,,,,0,0.0,0.0,0.0,0.0,0.0,0.0,0.0,0.0,0.0,0.9984704293288662,0.9984704293288662,0.0
2023-12-30,18:22:00.000000000,48.88,375.87,,,,0,0.0,0.0,0.0,0.0,0.0,0.0,0.0,0.0,0.0,0.9984704293288662,0.9984704293288662,0.0
2023-12-30,18:23:00.000000000,48.88,375.87,0.10177690092178518,10.625116250528606,2.600730236193211,0,0.0,0.0,0.0,0.0,0.0,0.0,0.0,0.0,0.0,0.9984704293288662,0.9984704293288662,0.0
2023-12-30,18:24:00.000000000,48.88,375.87,,,,0,0.0,0.0,0.0,0.0,0.0,0.0,0.0,0.0,0.0,0.9984704293288662,0.9984704293288662,0.0
2023-12-30,18:25:00.000000000,48.88,375.87,,,,0,0.0,0.0,0.0,0.0,0.0,0.0,0.0,0.0,0.0,0.9984704293288662,0.9984704293288662,0.0
2023-12-30,18:26:00.000000000,48.88,375.87,0.10038887071796664,11.146835163237881,2.5838906766409866,0,0.0,0.0,0.0,0.0,0.0,0.0,0.0,0.0,0.0,0.9984704293288662,0.9984704293288662,0.0
2023-12-30,18:27:00.000000000,48.88,375.87,,,,0,0.0,0.0,0.0,0.0,0.0,0.0,0.0,0.0,0.0,0.9984704293288662,0.9984704293288662,0.0
2023-12-30,18:28:00.000000000,48.88,375.87,,,,0,0.0,0.0,0.0,0.0,0.0,0.0,0.0,0.0,0.0,0.9984704293288662,0.9984704293288662,0.0
2023-12-30,18:29:00.000000000,48.88,375.87,0.09907710365209704,11.639889050286286,2.5583091575894747,0,0.0,0.0,0.0,0.0,0.0,0.0,0.0,0.0,0.0,0.9984704293288662,0.9984704293288662,0.0
2023-12-30,18:30:00.000000000,48.88,375.87,,,,0,0.0,0.0,0.0,0.0,0.0,0.0,0.0,0.0,0.0,0.9984704293288662,0.9984704293288662,0.0
2023-12-30,18:31:00.000000000,48.88,375.87,,,,0,0.0,0.0,0.0,0.0,0.0,0.0,0.0,0.0,0.0,0.9984704293288662,0.9984704293288662,0.0
2023-12-30,18:32:00.000000000,48.88,375.87,0.09779985731637902,12.119967630492617,2.5292018488257373,0,0.0,0.0,0.0,0.0,0.0,0.0,0.0,0.0,0.0,0.9984704293288662,0.9984704293288662,0.0
2023-12-30,18:33:00.000000000,48.88,375.87,,,,0,0.0,0.0,0.0,0.0,0.0,0.0,0.0,0.0,0.0,0.9984704293288662,0.9984704293288662,0.0
2023-12-30,18:34:00.000000000,48.88,375.87,,,,0,0.0,0.0,0.0,0.0,0.0,0.0,0.0,0.0,0.0,0.9984704293288662,0.9984704293288662,0.0
2023-12-30,18:35:00.000000000,48.88,375.87,0.09653157666898361,12.596676277429133,2.49941256008842,0,0.0,0.0,0.0,0.0,0.0,0.0,0.0,0.0,0.0,0.9984704293288662,0.9984704293288662,0.0
2023-12-30,18:36:00.000000000,48.88,375.87,,,,0,0.0,0.0,0.0,0.0,0.0,0.0,0.0,0.0,0.0,0.9984704293288662,0.9984704293288662,0.0
2023-12-30,18:37:00.000000000,48.88,375.87,,,,0,0.0,0.0,0.0,0.0,0.0,0.0,0.0,0.0,0.0,0.9984704293288662,0.9984704293288662,0.0
2023-12-30,18:38:00.000000000,48.88,375.87,0.09522376106409197,13.08824492883975,2.472826499312458,0,0.0,0.0,0.0,0.0,0.0,0.0,0.0,0.0,0.0,0.9984704293288662,0.9984704293288662,0.0
2023-12-30,18:39:00.000000000,48.88,375.87,,,,0,0.0,0.0,0.0,0.0,0.0,0.0,0.0,0.0,0.0,0.9984704293288662,0.9984704293288662,0.0
2023-12-30,18:40:00.000000000,48.88,375.87,,,,0,0.0,0.0,0.0,0.0,0.0,0.0,0.0,0.0,0.0,0.9984704293288662,0.9984704293288662,0.0
2023-12-30,18:41:00.000000000,48.88,375.87,0.09396068234705954,13.562998326210732,2.442926494294366,0,0.0,0.0,0.0,0.0,0.0,0.0,0.0,0.0,0.0,0.9984704293288662,0.9984704293288662,0.0
2023-12-30,18:42:00.000000000,48.88,375.87,,,,0,0.0,0.0,0.0,0.0,0.0,0.0,0.0,0.0,0.0,0.9984704293288662,0.9984704293288662,0.0
2023-12-30,18:43:00.000000000,48.88,375.87,,,,0,0.0,0.0,0.0,0.0,0.0,0.0,0.0,0.0,0.0,0.9984704293288662,0.9984704293288662,0.0
2023-12-30,18:44:00.000000000,48.88,375.87,0.0926994977842087,14.037039767849478,2.4133540654419283,0,0.0,0.0,0.0,0.0,0.0,0.0,0.0,0.0,0.0,0.9984704293288662,0.9984704293288662,0.0
2023-12-30,18:45:00.000000000,48.88,375.87,,,,0,0.0,0.0,0.0,0.0,0.0,0.0,0.0,0.0,0.0,0.9984704293288662,0.9984704293288662,0.0
2023-12-30,18:46:00.000000000,48.88,375.87,,,,0,0.0,0.0,0.0,0.0,0.0,0.0,0.0,0.0,0.0,0.9984704293288662,0.9984704293288662,0.0
2023-12-30,18:47:00.000000000,48.88,375.87,0.09143907793461586,14.510793776715936,2.3842688737349578,0,0.0,0.0,0.0,0.0,0.0,0.0,0.0,0.0,0.0,0.9984704293288662,0.9984704293288662,0.0
2023-12-30,18:48:00.000000000,48.88,375.87,,,,0,0.0,0.0,0.0,0.0,0.0,0.0,0.0,0.0,0.0,0.9984704293288662,0.9984704293288662,0.0
2023-12-30,18:49:00.000000000,48.88,375.87,,,,0,0.0,0.0,0.0,0.0,0.0,0.0,0.0,0.0,0.0,0.9984704293288662,0.9984704293288662,0.0
2023-12-30,18:50:00.000000000,48.88,375.87,0.09026193363071804,14.953247006222014,2.3504645886145794,0,0.0,0.0,0.0,0.0,0.0,0.0,0.0,0.0,0.0,0.9984704293288662,0.9984704293288662,0.0
2023-12-30,18:51:00.000000000,48.88,375.87,,,,0,0.0,0.0,0.0,0.0,0.0,0.0,0.0,0.0,0.0,0.9984704293288662,0.9984704293288662,0.0
2023-12-30,18:52:00.000000000,48.88,375.87,,,,0,0.0,0.0,0.0,0.0,0.0,0.0,0.0,0.0,0.0,0.9984704293288662,0.9984704293288662,0.0
2023-12-30,18:53:00.000000000,48.88,375.87,0.08899848764755637,15.428138447912993,2.323671960571673,0,0.0,0.0,0.0,0.0,0.0,0.0,0.0,0.0,0.0,0.9984704293288662,0.9984704293288662,0.0
2023-12-30,18:54:00.000000000,48.88,375.87,,,,0,0.0,0.0,0.0,0.0,0.0,0.0,0.0,0.0,0.0,0.9984704293288662,0.9984704293288662,0.0
2023-12-30,18:55:00.000000000,48.88,375.87,,,,0,0.0,0.0,0.0,0.0,0.0,0.0,0.0,0.0,0.0,0.9984704293288662,0.9984704293288662,0.0
2023-12-30,18:56:00.000000000,48.88,375.87,0.08784296519953208,15.862464670451878,2.290946014734958,0,0.0,0.0,0.0,0.0,0.0,0.0,0.0,0.0,0.0,0.9984704293288662,0.9984704293288662,0.0
2023-12-30,18:57:00.000000000,48.88,375.87,,,,0,0.0,0.0,0.0,0.0,0.0,0.0,0.0,0.0,0.0,0.9984704293288662,0.9984704293288662,0.0
2023-12-30,18:58:00.000000000,48.88,375.87,,,,0,0.0,0.0,0.0,0.0,0.0,0.0,0.0,0.0,0.0,0.9984704293288662,0.9984704293288662,0.0
2023-12-30,18:59:00.000000000,48.88,375.87,0.08694711140914073,16.199189234646276,2.244249290207699,0,0.0,0.0,0.0,0.0,0.0,0.0,0.0,0.0,0.0,0.9984704293288662,0.9984704293288662,0.0
2023-12-30,19:00:00.000000000,48.88,375.87,,,,0,0.0,0.0,0.0,0.0,0.0,0.0,0.0,0.0,0.0,0.9984704293288662,0.9984704293288662,0.0
2023-12-30,19:01:00.000000000,48.88,375.87,,,,0,0.0,0.0,0.0,0.0,0.0,0.0,0.0,0.0,0.0,0.9984704293288662,0.9984704293288662,0.0
2023-12-30,19:02:00.000000000,48.88,375.87,0.08589431505254555,16.594903801199706,2.2101201195584106,0,0.0,0.0,0.0,0.0,0.0,0.0,0.0,0.0,0.0,0.9984704293288662,0.9984704293288662,0.0
2023-12-30,19:03:00.000000000,48.88,375.87,,,,0,0.0,0.0,0.0,0.0,0.0,0.0,0.0,0.0,0.0,0.9984704293288662,0.9984704293288662,0.0
2023-12-30,19:04:00.000000000,48.88,375.87,,,,0,0.0,0.0,0.0,0.0,0.0,0.0,0.0,0.0,0.0,0.9984704293288662,0.9984704293288662,0.0
2023-12-30,19:05:00.000000000,48.88,375.87,0.08480467043943968,17.004468521927812,2.17993241383769,0,0.0,0.0,0.0,0.0,0.0,0.0,0.0,0.0,0.0,0.9984704293288662,0.9984704293288662,0.0
2023-12-30,19:06:00.000000000,48.88,375.87,,,,0,0.0,0.0,0.0,0.0,0.0,0.0,0.0,0.0,0.0,0.9984704293288662,0.9984704293288662,0.0
2023-12-30,19:07:00.000000000,48.88,375.87,,,,0,0.0,0.0,0.0,0.0,0.0,0.0,0.0,0.0,0.0,0.9984704293288662,0.9984704293288662,0.0
2023-12-30,19:08:00.000000000,48.88,375.87,0.08372842689853942,17.408996181645993,2.1505120699195044,0,0.0,0.0,0.0,0.0,0.0,0.0,0.0,0.0,0.0,0.9984704293288662,0.9984704293288662,0.0
2023-12-30,19:09:00.000000000,48.88,375.87,,,,0,0.0,0.0,0.0,0.0,0.0,0.0,0.0,0.0,0.0,0.9984704293288662,0.9984704293288662,0.0
2023-12-30,19:10:00.000000000,48.88,375.87,,,,0,0.0,0.0,0.0,0.0,0.0,0.0,0.0,0.0,0.0,0.9984704293288662,0.9984704293288662,0.0
2023-12-30,19:11:00.000000000,48.88,375.87,0.0826901618313185,17.799248872462318,2.120434992949489,0,0.0,0.0,0.0,0.0,0.0,0.0,0.0,0.0,0.0,0.9984704293288662,0.9984704293288662,0.0
2023-12-30,19:12:00.000000000,48.88,375.87,,,,0,0.0,0.0,0.0,0.0,0.0,0.0,0.0,0.0,0.0,0.9984704293288662,0.9984704293288662,0.0
2023-12-30,19:13:00.000000000,48.88,375.87,,,,0,0.0,0.0,0.0,0.0,0.0,0.0,0.0,0.0,0.0,0.9984704293288662,0.9984704293288662,0.0
2023-12-30,19:14:00.000000000,48.88,375.87,0.08167208640448535,18.181912883146094,2.0909314005159194,0,0.0,0.0,0.0,0.0,0.0,0.0,0.0,0.0,0.0,0.9984704293288662,0.9984704293288662,0.0
2023-12-30,19:15:00.000000000,48.88,375.87,,,,0,0.0,0.0,0.0,0.0,0.0,0.0,0.0,0.0,0.0,0.9984704293288662,0.9984704293288662,0.0
2023-12-30,19:16:00.000000000,48.88,375.87,,,,0,0.0,0.0,0.0,0.0,0.0,0.0,0.0,0.0,0.0,0.9984704293288662,0.9984704293288662,0.0
2023-12-30,19:17:00.000000000,48.88,375.87,0.08054694793074468,18.604818681271,2.0686903468767914,0,0.0,0.0,0.0,0.0,0.0,0.0,0.0,0.0,0.0,0.9984704293288662,0.9984704293288662,0.0
2023-12-30,19:18:00.000000000,48.88,375.87,,,,0,0.0,0.0,0.0,0.0,0.0,0.0,0.0,0.0,0.0,0.9984704293288662,0.9984704293288662,0.0
2023-12-30,19:19:00.000000000,48.88,375.87,,,,0,0.0,0.0,0.0,0.0,0.0,0.0,0.0,0.0,0.0,0.9984704293288662,0.9984704293288662,0.0
2023-12-30,19:20:00.000000000,48.88,375.87,0.07949072338769014,19.001821800268907,2.0438107716908065,0,0.0,0.0,0.0,0.0,0.0,0.0,0.0,0.0,0.0,0.9984704293288662,0.9984704293288662,0.0
2023-12-30,19:21:00.000000000,48.88,375.87,,,,0,0.0,0.0,0.0,0.0,0.0,0.0,0.0,0.0,0.0,0.9984704293288662,0.9984704293288662,0.0
2023-12-30,19:22:00.000000000,48.88,375.87,,,,0,0.0,0.0,0.0,0.0,0.0,0.0,0.0,0.0,0.0,0.9984704293288662,0.9984704293288662,0.0
2023-12-30,19:23:00.000000000,48.88,375.87,0.07846620264847984,19.386908410515886,2.0185618067231132,0,0.0,0.0,0.0,0.0,0.0,0.0,0.0,0.0,0.0,0.9984704293288662,0.9984704293288662,0.0
2023-12-30,19:24:00.000000000,48.88,375.87,,,,0,0.0,0.0,0.0,0.0,0.0,0.0,0.0,0.0,0.0,0.9984704293288662,0.9984704293288662,0.0
2023-12-30,19:25:00.000000000,48.88,375.87,,,,0,0.0,0.0,0.0,0.0,0.0,0.0,0.0,0.0,0.0,0.9984704293288662,0.9984704293288662,0.0
2023-12-30,19:26:00.000000000,48.88,375.87,0.07739054714620391,19.79121504415634,1.9970680063104407,0,0.0,0.0,0.0,0.0,0.0,0.0,0.0,0.0,0.0,0.9984704293288662,0.9984704293288662,0.0
2023-12-30,19:27:00.000000000,48.88,375.87,,,,0,0.0,0.0,0.0,0.0,0.0,0.0,0.0,0.0,0.0,0.9984704293288662,0.9984704293288662,0.0
2023-12-30,19:28:00.000000000,48.88,375.87,,,,0,0.0,0.0,0.0,0.0,0.0,0.0,0.0,0.0,0.0,0.9984704293288662,0.9984704293288662,0.0
2023-12-30,19:29:00.000000000,48.88,375.87,0.07622737001485291,20.228418432517238,1.9807018373024041,0,0.0,0.0,0.0,0.0,0.0,0.0,0.0,0.0,0.0,0.9984704293288662,0.9984704293288662,0.0
2023-12-30,19:30:00.000000000,48.88,375.87,,,,0,0.0,0.0,0.0,0.0,0.0,0.0,0.0,0.0,0.0,0.9984704293288662,0.9984704293288662,0.0
2023-12-30,19:31:00.000000000,48.88,375.87,,,,0,0.0,0.0,0.0,0.0,0.0,0.0,0.0,0.0,0.0,0.9984704293288662,0.9984704293288662,0.0
2023-12-30,19:32:00.000000000,48.88,375.87,0.07493743453315524,20.71326648202294,1.9707717240434253,0,0.0,0.0,0.0,0.0,0.0,0.0,0.0,0.0,0.0,0.9984704293288662,0.9984704293288662,0.0
2023-12-30,19:33:00.000000000,48.88,375.87,,,,0,0.0,0.0,0.0,0.0,0.0,0.0,0.0,0.0,0.0,0.9984704293288662,0.9984704293288662,0.0
2023-12-30,19:34:00.000000000,48.88,375.87,,,,0,0.0,0.0,0.0,0.0,0.0,0.0,0.0,0.0,0.0,0.9984704293288662,0.9984704293288662,0.0
2023-12-30,19:35:00.000000000,48.88,375.87,0.07357737302446996,21.22447280129248,1.9639576808952552,0,0.0,0.0,0.0,0.0,0.0,0.0,0.0,0.0,0.0,0.9984704293288662,0.9984704293288662,0.0
2023-12-30,19:36:00.000000000,48.88,375.87,,,,0,0.0,0.0,0.0,0.0,0.0,0.0,0.0,0.0,0.0,0.9984704293288662,0.9984704293288662,0.0
2023-12-30,19:37:00.000000000,48.88,375.87,,,,0,0.0,0.0,0.0,0.0,0.0,0.0,0.0,0.0,0.0,0.9984704293288662,0.9984704293288662,0.0
2023-12-30,19:38:00.000000000,48.88,375.87,0.07230761191810686,21.701737908341176,1.9526033578393933,0,0.0,0.0,0.0,0.0,0.0,0.0,0.0,0.0,0.0,0.9984704293288662,0.9984704293288662,0.0
2023-12-30,19:39:00.000000000,48.88,375.87,,,,0,0.0,0.0,0.0,0.0,0.0,0.0,0.0,0.0,0.0,0.9984704293288662,0.9984704293288662,0.0
2023-12-30,19:40:00.000000000,48.88,375.87,,,,0,0.0,0.0,0.0,0.0,0.0,0.0,0.0,0.0,0.0,0.9984704293288662,0.9984704293288662,0.0
2023-12-30,19:41:00.000000000,48.88,375.87,0.07102238054514724,22.184817824495507,1.942081020744789,0,0.0,0.0,0.0,0.0,0.0,0.0,0.0,0.0,0.0,0.9984704293288662,0.9984704293288662,0.0
2023-12-30,19:42:00.000000000,48.88,375.87,,,,0,0.0,0.0,0.0,0.0,0.0,0.0,0.0,0.0,0.0,0.9984704293288662,0.9984704293288662,0.0
2023-12-30,19:43:00.000000000,48.88,375.87,,,,0,0.0,0.0,0.0,0.0,0.0,0.0,0.0,0.0,0.0,0.9984704293288662,0.9984704293288662,0.0
2023-12-30,19:44:00.000000000,48.88,375.87,0.06986216711950939,22.620907244790008,1.9260834549230939,0,0.0,0.0,0.0,0.0,0.0,0.0,0.0,0.0,0.0,0.9984704293288662,0.9984704293288662,0.0
2023-12-30,19:45:00.000000000,48.88,375.87,,,,0,0.0,0.0,0.0,0.0,0.0,0.0,0.0,0.0,0.0,0.9984704293288662,0.9984704293288662,0.0
2023-12-30,19:46:00.000000000,48.88,375.87,,,,0,0.0,0.0,0.0,0.0,0.0,0.0,0.0,0.0,0.0,0.9984704293288662,0.9984704293288662,0.0
2023-12-30,19:47:00.000000000,48.88,375.87,0.06871399701942915,23.052469940307166,1.9101514632231447,0,0.0,0.0,0.0,0.0,0.0,0.0,0.0,0.0,0.0,0.9984704293288662,0.9984704293288662,0.0
2023-12-30,19:48:00.000000000,48.88,375.87,,,,0,0.0,0.0,0.0,0.0,0.0,0.0,0.0,0.0,0.0,0.9984704293288662,0.9984704293288662,0.0
2023-12-30,19:49:00.000000000,48.88,375.87,,,,0,0.0,0.0,0.0,0.0,0.0,0.0,0.0,0.0,0.0,0.9984704293288662,0.9984704293288662,0.0
2023-12-30,19:50:00.000000000,48.88,375.87,0.06761048745162096,23.46724608155923,1.8930223402315522,0,0.0,0.0,0.0,0.0,0.0,0.0,0.0,0.0,0.0,0.9984704293288662,0.9984704293288662,0.0
2023-12-30,19:51:00.000000000,48.88,375.87,,,,0,0.0,0.0,0.0,0.0,0.0,0.0,0.0,0.0,0.0,0.9984704293288662,0.9984704293288662,0.0
2023-12-30,19:52:00.000000000,48.88,375.87,,,,0,0.0,0.0,0.0,0.0,0.0,0.0,0.0,0.0,0.0,0.9984704293288662,0.9984704293288662,0.0
2023-12-30,19:53:00.000000000,48.88,375.87,0.06646805011218052,23.89665400433471,1.8784991706958498,0,0.0,0.0,0.0,0.0,0.0,0.0,0.0,0.0,0.0,0.9984704293288662,0.9984704293288662,0.0
2023-12-30,19:54:00.000000000,48.88,375.87,,,,0,0.0,0.0,0.0,0.0,0.0,0.0,0.0,0.0,0.0,0.9984704293288662,0.9984704293288662,0.0
2023-12-30,19:55:00.000000000,48.88,375.87,,,,0,0.0,0.0,0.0,0.0,0.0,0.0,0.0,0.0,0.0,0.9984704293288662,0.9984704293288662,0.0
2023-12-30,19:56:00.000000000,48.88,375.87,0.06539569115844697,24.299721564274538,1.8617342429543955,0,0.0,0.0,0.0,0.0,0.0,0.0,0.0,0.0,0.0,0.9984704293288662,0.9984704293288662,0.0
2023-12-30,19:57:00.000000000,48.88,375.87,,,,0,0.0,0.0,0.0,0.0,0.0,0.0,0.0,0.0,0.0,0.9984704293288662,0.9984704293288662,0.0
2023-12-30,19:58:00.000000000,48.88,375.87,,,,0,0.0,0.0,0.0,0.0,0.0,0.0,0.0,0.0,0.0,0.9984704293288662,0.9984704293288662,0.0
2023-12-30,19:59:00.000000000,48.88,375.87,0.06433539170464975,24.698256319973304,1.845450724979765,1,0.0,0.0,0.0,0.0,0.0,0.0,0.0,0.0,0.0,0.9984704293288662,0.9984704293288662,0.0
2023-12-30,20:00:00.000000000,48.88,375.87,,,,0,0.0,0.0,0.0,0.0,0.0,0.0,0.0,0.0,0.0,0.9984704293288662,0.9984704293288662,0.0
2023-12-30,20:01:00.000000000,48.88,375.87,,,,0,0.0,0.0,0.0,0.0,0.0,0.0,0.0,0.0,0.0,0.9984704293288662,0.9984704293288662,0.0
2023-12-30,20:02:00.000000000,48.88,375.87,0.06325993157934787,25.10248951727052,1.8307284708444664,0,0.0,0.0,0.0,0.0,0.0,0.0,0.0,0.0,0.0,0.9984704293288662,0.9984704293288662,0.0
2023-12-30,20:03:00.000000000,48.88,375.87,,,,0,0.0,0.0,0.0,0.0,0.0,0.0,0.0,0.0,0.0,0.9984704293288662,0.9984704293288662,0.0
2023-12-30,20:04:00.000000000,48.88,375.87,,,,0,0.0,0.0,0.0,0.0,0.0,0.0,0.0,0.0,0.0,0.9984704293288662,0.9984704293288662,0.0
2023-12-30,20:05:00.000000000,48.88,375.87,0.06230619372399137,25.460970964963366,1.8119180030613302,0,0.0,0.0,0.0,0.0,0.0,0.0,0.0,0.0,0.0,0.9984704293288662,0.9984704293288662,0.0
2023-12-30,20:06:00.000000000,48.88,375.87,,,,0,0.0,0.0,0.0,0.0,0.0,0.0,0.0,0.0,0.0,0.9984704293288662,0.9984704293288662,0.0
2023-12-30,20:07:00.000000000,48.88,375.87,,,,0,0.0,0.0,0.0,0.0,0.0,0.0,0.0,0.0,0.0,0.9984704293288662,0.9984704293288662,0.0
2023-12-30,20:08:00.000000000,48.88,375.87,0.061627858500796176,25.715936825305743,1.7831035387810192,0,0.0,0.0,0.0,0.0,0.0,0.0,0.0,0.0,0.0,0.9984704293288662,0.9984704293288662,0.0
2023-12-30,20:09:00.000000000,48.88,375.87,,,,0,0.0,0.0,0.0,0.0,0.0,0.0,0.0,0.0,0.0,0.9984704293288662,0.9984704293288662,0.0
2023-12-30,20:10:00.000000000,48.88,375.87,,,,0,0.0,0.0,0.0,0.0,0.0,0.0,0.0,0.0,0.0,0.9984704293288662,0.9984704293288662,0.0
2023-12-30,20:11:00.000000000,48.88,375.87,0.060954976560159434,25.968852960332875,1.7559965465404803,0,0.0,0.0,0.0,0.0,0.0,0.0,0.0,0.0,0.0,0.9984704293288662,0.9984704293288662,0.0
2023-12-30,20:12:00.000000000,48.88,375.87,,,,0,0.0,0.0,0.0,0.0,0.0,0.0,0.0,0.0,0.0,0.9984704293288662,0.9984704293288662,0.0
2023-12-30,20:13:00.000000000,48.88,375.87,,,,0,0.0,0.0,0.0,0.0,0.0,0.0,0.0,0.0,0.0,0.9984704293288662,0.9984704293288662,0.0
2023-12-30,20:14:00.000000000,48.88,375.87,0.060336943604453325,26.20115300739413,1.728425674057282,0,0.0,0.0,0.0,0.0,0.0,0.0,0.0,0.0,0.0,0.9984704293288662,0.9984704293288662,0.0
2023-12-30,20:15:00.000000000,48.88,375.87,,,,0,0.0,0.0,0.0,0.0,0.0,0.0,0.0,0.0,0.0,0.9984704293288662,0.9984704293288662,0.0
2023-12-30,20:16:00.000000000,48.88,375.87,,,,0,0.0,0.0,0.0,0.0,0.0,0.0,0.0,0.0,0.0,0.9984704293288662,0.9984704293288662,0.0
2023-12-30,20:17:00.000000000,48.88,375.87,0.05979093696628556,26.406380522482248,1.6997840526868515,0,0.0,0.0,0.0,0.0,0.0,0.0,0.0,0.0,0.0,0.9984704293288662,0.9984704293288662,0.0
2023-12-30,20:18:00.000000000,48.88,375.87,,,,0,0.0,0.0,0.0,0.0,0.0,0.0,0.0,0.0,0.0,0.9984704293288662,0.9984704293288662,0.0
2023-12-30,20:19:00.000000000,48.88,375.87,,,,0,0.0,0.0,0.0,0.0,0.0,0.0,0.0,0.0,0.0,0.9984704293288662,0.9984704293288662,0.0
2023-12-30,20:20:00.000000000,48.88,375.87,0.05924941126244194,26.609923788785952,1.6728177176733385,0,0.0,0.0,0.0,0.0,0.0,0.0,0.0,0.0,0.0,0.9984704293288662,0.9984704293288662,0.0
2023-12-30,20:21:00.000000000,48.88,375.87,,,,0,0.0,0.0,0.0,0.0,0.0,0.0,0.0,0.0,0.0,0.9984704293288662,0.9984704293288662,0.0
2023-12-30,20:22:00.000000000,48.88,375.87,,,,0,0.0,0.0,0.0,0.0,0.0,0.0,0.0,0.0,0.0,0.9984704293288662,0.9984704293288662,0.0
2023-12-30,20:23:00.000000000,48.88,375.87,0.05856236212584759,26.86816494775767,1.6533333945218331,0,0.0,0.0,0.0,0.0,0.0,0.0,0.0,0.0,0.0,0.9984704293288662,0.9984704293288662,0.0
2023-12-30,20:24:00.000000000,48.88,375.87,,,,0,0.0,0.0,0.0,0.0,0.0,0.0,0.0,0.0,0.0,0.9984704293288662,0.9984704293288662,0.0
2023-12-30,20:25:00.000000000,48.88,375.87,,,,0,0.0,0.0,0.0,0.0,0.0,0.0,0.0,0.0,0.0,0.9984704293288662,0.9984704293288662,0.0
2023-12-30,20:26:00.000000000,48.88,375.87,0.05807410842726729,27.051684865443047,1.6273512603644382,0,0.0,0.0,0.0,0.0,0.0,0.0,0.0,0.0,0.0,0.9984704293288662,0.9984704293288662,0.0
2023-12-30,20:27:00.000000000,48.88,375.87,,,,0,0.0,0.0,0.0,0.0,0.0,0.0,0.0,0.0,0.0,0.9984704293288662,0.9984704293288662,0.0
2023-12-30,20:28:00.000000000,48.88,375.87,,,,0,0.0,0.0,0.0,0.0,0.0,0.0,0.0,0.0,0.0,0.9984704293288662,0.9984704293288662,0.0
2023-12-30,20:29:00.000000000,48.88,375.87,0.05747631627329318,27.276377002357297,1.6071722179087935,0,0.0,0.0,0.0,0.0,0.0,0.0,0.0,0.0,0.0,0.9984704293288662,0.9984704293288662,0.0
2023-12-30,20:30:00.000000000,48.88,375.87,,,,0,0.0,0.0,0.0,0.0,0.0,0.0,0.0,0.0,0.0,0.9984704293288662,0.9984704293288662,0.0
2023-12-30,20:31:00.000000000,48.88,375.87,,,,0,0.0,0.0,0.0,0.0,0.0,0.0,0.0,0.0,0.0,0.9984704293288662,0.9984704293288662,0.0
2023-12-30,20:32:00.000000000,48.88,375.87,0.0569457743916443,27.47579177941266,1.5855433464237036,0,0.0,0.0,0.0,0.0,0.0,0.0,0.0,0.0,0.0,0.9984704293288662,0.9984704293288662,0.0
2023-12-30,20:33:00.000000000,48.88,375.87,,,,0,0.0,0.0,0.0,0.0,0.0,0.0,0.0,0.0,0.0,0.9984704293288662,0.9984704293288662,0.0
2023-12-30,20:34:00.000000000,48.88,375.87,,,,0,0.0,0.0,0.0,0.0,0.0,0.0,0.0,0.0,0.0,0.9984704293288662,0.9984704293288662,0.0
2023-12-30,20:35:00.000000000,48.88,375.87,0.05638901802897616,27.685059793448733,1.5661752342171231,0,0.0,0.0,0.0,0.0,0.0,0.0,0.0,0.0,0.0,0.9984704293288662,0.9984704293288662,0.0
2023-12-30,20:36:00.000000000,48.88,375.87,,,,0,0.0,0.0,0.0,0.0,0.0,0.0,0.0,0.0,0.0,0.9984704293288662,0.9984704293288662,0.0
2023-12-30,20:37:00.000000000,48.88,375.87,,,,0,0.0,0.0,0.0,0.0,0.0,0.0,0.0,0.0,0.0,0.9984704293288662,0.9984704293288662,0.0
2023-12-30,20:38:00.000000000,48.88,375.87,0.055772310616297255,27.916861608652354,1.550165816613383,0,0.0,0.0,0.0,0.0,0.0,0.0,0.0,0.0,0.0,0.9984704293288662,0.9984704293288662,0.0
2023-12-30,20:39:00.000000000,48.88,375.87,,,,0,0.0,0.0,0.0,0.0,0.0,0.0,0.0,0.0,0.0,0.9984704293288662,0.9984704293288662,0.0
2023-12-30,20:40:00.000000000,48.88,375.87,,,,0,0.0,0.0,0.0,0.0,0.0,0.0,0.0,0.0,0.0,0.9984704293288662,0.9984704293288662,0.0
2023-12-30,20:41:00.000000000,48.88,375.87,0.055236171187367206,28.11838033580429,1.531914511354116,0,0.0,0.0,0.0,0.0,0.0,0.0,0.0,0.0,0.0,0.9984704293288662,0.9984704293288662,0.0
2023-12-30,20:42:00.000000000,48.88,375.87,,,,0,0.0,0.0,0.0,0.0,0.0,0.0,0.0,0.0,0.0,0.9984704293288662,0.9984704293288662,0.0
2023-12-30,20:43:00.000000000,48.88,375.87,,,,0,0.0,0.0,0.0,0.0,0.0,0.0,0.0,0.0,0.0,0.9984704293288662,0.9984704293288662,0.0
2023-12-30,20:44:00.000000000,48.88,375.87,0.055169205575762714,28.14355070023807,1.4963528308225942,0,0.0,0.0,0.0,0.0,0.0,0.0,0.0,0.0,0.0,0.9984704293288662,0.9984704293288662,0.0
2023-12-30,20:45:00.000000000,48.88,375.87,,,,0,0.0,0.0,0.0,0.0,0.0,0.0,0.0,0.0,0.0,0.9984704293288662,0.9984704293288662,0.0
2023-12-30,20:46:00.000000000,48.88,375.87,,,,0,0.0,0.0,0.0,0.0,0.0,0.0,0.0,0.0,0.0,0.9984704293288662,0.9984704293288662,0.0
2023-12-30,20:47:00.000000000,48.88,375.87,0.05471234069237377,28.315272503957473,1.4778165069417297,0,0.0,0.0,0.0,0.0,0.0,0.0,0.0,0.0,0.0,0.9984704293288662,0.9984704293288662,0.0
2023-12-30,20:48:00.000000000,48.88,375.87,,,,0,0.0,0.0,0.0,0.0,0.0,0.0,0.0,0.0,0.0,0.9984704293288662,0.9984704293288662,0.0
2023-12-30,20:49:00.000000000,48.88,375.87,,,,0,0.0,0.0,0.0,0.0,0.0,0.0,0.0,0.0,0.0,0.9984704293288662,0.9984704293288662,0.0
2023-12-30,20:50:00.000000000,48.88,375.87,0.05395455491018623,28.600101445908304,1.4721672340714669,0,0.0,0.0,0.0,0.0,0.0,0.0,0.0,0.0,0.0,0.9984704293288662,0.9984704293288662,0.0
2023-12-30,20:51:00.000000000,48.88,375.87,,,,0,0.0,0.0,0.0,0.0,0.0,0.0,0.0,0.0,0.0,0.9984704293288662,0.9984704293288662,0.0
2023-12-30,20:52:00.000000000,48.88,375.87,,,,0,0.0,0.0,0.0,0.0,0.0,0.0,0.0,0.0,0.0,0.9984704293288662,0.9984704293288662,0.0
2023-12-30,20:53:00.000000000,48.88,375.87,0.053531626074610844,28.759067707336023,1.4539212930807297,0,0.0,0.0,0.0,0.0,0.0,0.0,0.0,0.0,0.0,0.9984704293288662,0.9984704293288662,0.0
2023-12-30,20:54:00.000000000,48.88,375.87,,,,0,0.0,0.0,0.0,0.0,0.0,0.0,0.0,0.0,0.0,0.9984704293288662,0.9984704293288662,0.0
2023-12-30,20:55:00.000000000,48.88,375.87,,,,0,0.0,0.0,0.0,0.0,0.0,0.0,0.0,0.0,0.0,0.9984704293288662,0.9984704293288662,0.0
2023-12-30,20:56:00.000000000,48.88,375.87,0.053181515092827834,28.890663922058803,1.4338530146378616,0,0.0,0.0,0.0,0.0,0.0,0.0,0.0,0.0,0.0,0.9984704293288662,0.9984704293288662,0.0
2023-12-30,20:57:00.000000000,48.88,375.87,,,,0,0.0,0.0,0.0,0.0,0.0,0.0,0.0,0.0,0.0,0.9984704293288662,0.9984704293288662,0.0
2023-12-30,20:58:00.000000000,48.88,375.87,,,,0,0.0,0.0,0.0,0.0,0.0,0.0,0.0,0.0,0.0,0.9984704293288662,0.9984704293288662,0.0
2023-12-30,20:59:00.000000000,48.88,375.87,0.052830380394497584,29.022644921120197,1.4149214003650568,1,0.0,0.0,0.0,0.0,0.0,0.0,0.0,0.0,0.0,0.9984704293288662,0.9984704293288662,0.0
2024-01-02,14:29:00.000000000,48.75,373.43,0.05245711615275108,29.160939115078165,1.3976588002139643,0,0.0,0.0,0.0,0.0,0.0,0.0,0.0,0.0,0.0,0.9984704293288662,0.9984704293288662,0.0
2024-01-02,14:30:00.000000000,48.7,375.49,,,,0,0.0,0.0,0.0,0.0,0.0,0.0,0.0,0.0,0.0,0.9984704293288662,0.9984704293288662,0.0
2024-01-02,14:31:00.000000000,48.76,374.59,,,,0,0.0,0.0,0.0,0.0,0.0,0.0,0.0,0.0,0.0,0.9984704293288662,0.9984704293288662,0.0
2024-01-02,14:32:00.000000000,48.76,373.66,0.05230090257743272,29.217244742916485,1.3726721343797943,0,0.0,0.0,0.0,0.0,0.0,0.0,0.0,0.0,0.0,0.9984704293288662,0.9984704293288662,0.0
2024-01-02,14:33:00.000000000,48.76,372.52,,,,0,0.0,0.0,0.0,0.0,0.0,0.0,0.0,0.0,0.0,0.9984704293288662,0.9984704293288662,0.0
2024-01-02,14:34:00.000000000,48.85,371.4,,,,0,0.0,0.0,0.0,0.0,0.0,0.0,0.0,0.0,0.0,0.9984704293288662,0.9984704293288662,0.0
2024-01-02,14:35:00.000000000,48.88,371.9641,0.05124128178498917,29.820082738000114,1.407847181916203,0,0.0,0.0,0.0,0.0,0.0,0.0,0.0,0.0,0.0,0.9984704293288662,0.9984704293288662,0.0
2024-01-02,14:36:00.000000000,48.88,371.45,,,,0,0.0,0.0,0.0,0.0,0.0,0.0,0.0,0.0,0.0,0.9984704293288662,0.9984704293288662,0.0
2024-01-02,14:37:00.000000000,48.84,371.61,,,,0,0.0,0.0,0.0,0.0,0.0,0.0,0.0,0.0,0.0,0.9984704293288662,0.9984704293288662,0.0
2024-01-02,14:38:00.000000000,48.7,371.65,0.05084260238637076,29.80434682310531,1.3755280463188315,0,0.0,0.0,0.0,0.0,0.0,0.0,0.0,0.0,0.0,0.9984704293288662,0.9984704293288662,0.0
2024-01-02,14:39:00.000000000,48.68,371.925,,,,0,0.0,0.0,0.0,0.0,0.0,0.0,0.0,0.0,0.0,0.9984704293288662,0.9984704293288662,0.0
2024-01-02,14:40:00.000000000,48.72,371.2,,,,0,0.0,0.0,0.0,0.0,0.0,0.0,0.0,0.0,0.0,0.9984704293288662,0.9984704293288662,0.0
2024-01-02,14:41:00.000000000,48.77,370.31,0.04945835766186788,30.455075574233707,1.4175868952906094,0,0.0,0.0,0.0,0.0,0.0,0.0,0.0,0.0,0.0,0.9984704293288662,0.9984704293288662,0.0
2024-01-02,14:42:00.000000000,48.84,369.24,,,,0,0.0,0.0,0.0,0.0,0.0,0.0,0.0,0.0,0.0,0.9984704293288662,0.9984704293288662,0.0
2024-01-02,14:43:00.000000000,48.9254,369.41,,,,0,0.0,0.0,0.0,0.0,0.0,0.0,0.0,0.0,0.0,0.9984704293288662,0.9984704293288662,0.0
2024-01-02,14:44:00.000000000,48.93,370.04,0.04713198696157541,31.489279544738633,1.501275086065682,0,0.0,0.0,0.0,0.0,0.0,0.0,0.0,0.0,0.0,0.9984704293288662,0.9984704293288662,0.0
2024-01-02,14:45:00.000000000,48.86,369.605,,,,0,0.0,0.0,0.0,0.0,0.0,0.0,0.0,0.0,0.0,0.9984704293288662,0.9984704293288662,0.0
2024-01-02,14:46:00.000000000,48.81,369.44,,,,0,0.0,0.0,0.0,0.0,0.0,0.0,0.0,0.0,0.0,0.9984704293288662,0.9984704293288662,0.0
2024-01-02,14:47:00.000000000,48.74,368.79,0.0454373504425942,31.983159530275685,1.52356443443788,0,0.0,0.0,0.0,0.0,0.0,0.0,0.0,0.0,0.0,0.9984704293288662,0.9984704293288662,0.0
2024-01-02,14:48:00.000000000,48.64,368.2201,,,,0,0.0,0.0,0.0,0.0,0.0,0.0,0.0,0.0,0.0,0.9984704293288662,0.9984704293288662,0.0
2024-01-02,14:49:00.000000000,48.64,368.32,,,,0,0.0,0.0,0.0,0.0,0.0,0.0,0.0,0.0,0.0,0.9984704293288662,0.9984704293288662,0.0
2024-01-02,14:50:00.000000000,48.7,368.19,0.0438061287249515,32.57102146476011,1.5561896088461957,0,0.0,0.0,0.0,0.0,0.0,0.0,0.0,0.0,0.0,0.9984704293288662,0.9984704293288662,0.0
2024-01-02,14:51:00.000000000,48.745,368.3,,,,0,0.0,0.0,0.0,0.0,0.0,0.0,0.0,0.0,0.0,0.9984704293288662,0.9984704293288662,0.0
2024-01-02,14:52:00.000000000,48.76,367.495,,,,0,0.0,0.0,0.0,0.0,0.0,0.0,0.0,0.0,0.0,0.9984704293288662,0.9984704293288662,0.0
2024-01-02,14:53:00.000000000,48.73,367.225,0.041646063362003286,33.43652438188834,1.6191113072090602,0,0.0,0.0,0.0,0.0,0.0,0.0,0.0,0.0,0.0,0.9984704293288662,0.9984704293288662,0.0
2024-01-02,14:54:00.000000000,48.77,367.44,,,,0,0.0,0.0,0.0,0.0,0.0,0.0,0.0,0.0,0.0,0.9984704293288662,0.9984704293288662,0.0
2024-01-02,14:55:00.000000000,48.79,367.23,,,,0,0.0,0.0,0.0,0.0,0.0,0.0,0.0,0.0,0.0,0.9984704293288662,0.9984704293288662,0.0
2024-01-02,14:56:00.000000000,48.84,367.215,0.03887741239848041,34.563631006092024,1.7088782554938193,0,0.0,0.0,0.0,0.0,0.0,0.0,0.0,0.0,0.0,0.9984704293288662,0.9984704293288662,0.0
2024-01-02,14:57:00.000000000,48.87,367.04,,,,0,0.0,0.0,0.0,0.0,0.0,0.0,0.0,0.0,0.0,0.9984704293288662,0.9984704293288662,0.0
2024-01-02,14:58:00.000000000,48.96,367.0705,,,,0,0.0,0.0,0.0,0.0,0.0,0.0,0.0,0.0,0.0,0.9984704293288662,0.9984704293288662,0.0
2024-01-02,14:59:00.000000000,48.98,367.6927,0.035720840944587655,35.84570754681401,1.811585715702807,0,0.0,0.0,0.0,0.0,0.0,0.0,0.0,0.0,0.0,0.9984704293288662,0.9984704293288662,0.0
2024-01-02,15:00:00.000000000,48.96,368.405,,,,0,0.0,0.0,0.0,0.0,0.0,0.0,0.0,0.0,0.0,0.9984704293288662,0.9984704293288662,0.0
2024-01-02,15:01:00.000000000,48.92,368.19,,,,0,0.0,0.0,0.0,0.0,0.0,0.0,0.0,0.0,0.0,0.9984704293288662,0.9984704293288662,0.0
2024-01-02,15:02:00.000000000,48.86,368.22,0.033930579481034936,36.36608202349331,1.825016118389189,0,0.0,0.0,0.0,0.0,0.0,0.0,0.0,0.0,0.0,0.9984704293288662,0.9984704293288662,0.0
2024-01-02,15:03:00.000000000,48.8,368.56,,,,0,0.0,0.0,0.0,0.0,0.0,0.0,0.0,0.0,0.0,0.9984704293288662,0.9984704293288662,0.0
2024-01-02,15:04:00.000000000,48.77,368.61,,,,0,0.0,0.0,0.0,0.0,0.0,0.0,0.0,0.0,0.0,0.9984704293288662,0.9984704293288662,0.0
2024-01-02,15:05:00.000000000,48.73,368.13,0.033000681532038126,36.5814591076108,1.804411278334969,0,0.0,0.0,0.0,0.0,0.0,0.0,0.0,0.0,0.0,0.9984704293288662,0.9984704293288662,0.0
2024-01-02,15:06:00.000000000,48.75,368.135,,,,0,0.0,0.0,0.0,0.0,0.0,0.0,0.0,0.0,0.0,0.9984704293288662,0.9984704293288662,0.0
2024-01-02,15:07:00.000000000,48.715,368.3,,,,0,0.0,0.0,0.0,0.0,0.0,0.0,0.0,0.0,0.0,0.9984704293288662,0.9984704293288662,0.0
2024-01-02,15:08:00.000000000,48.715,368.22,0.032285747056247864,36.82674221894841,1.7885065094986972,0,0.0,0.0,0.0,0.0,0.0,0.0,0.0,0.0,0.0,0.9984704293288662,0.9984704293288662,0.0
2024-01-02,15:09:00.000000000,48.67,368.1,,,,0,0.0,0.0,0.0,0.0,0.0,0.0,0.0,0.0,0.0,0.9984704293288662,0.9984704293288662,0.0
2024-01-02,15:10:00.000000000,48.61,368.18,,,,0,0.0,0.0,0.0,0.0,0.0,0.0,0.0,0.0,0.0,0.9984704293288662,0.9984704293288662,0.0
2024-01-02,15:11:00.000000000,48.6158,368.51,0.03223160320097076,36.73813190441027,1.7366566252812699,0,0.0,0.0,0.0,0.0,0.0,0.0,0.0,0.0,0.0,0.9984704293288662,0.9984704293288662,0.0
2024-01-02,15:12:00.000000000,48.715,368.5599,,,,0,0.0,0.0,0.0,0.0,0.0,0.0,0.0,0.0,0.0,0.9984704293288662,0.9984704293288662,0.0
2024-01-02,15:13:00.000000000,48.715,368.52,,,,0,0.0,0.0,0.0,0.0,0.0,0.0,0.0,0.0,0.0,0.9984704293288662,0.9984704293288662,0.0
2024-01-02,15:14:00.000000000,48.63,368.17,0.03204339453311076,36.83258343474461,1.7078284496670255,0,0.0,0.0,0.0,0.0,0.0,0.0,0.0,0.0,0.0,0.9984704293288662,0.9984704293288662,0.0
2024-01-02,15:15:00.000000000,48.59,368.35,,,,0,0.0,0.0,0.0,0.0,0.0,0.0,0.0,0.0,0.0,0.9984704293288662,0.9984704293288662,0.0
2024-01-02,15:16:00.000000000,48.61,368.56,,,,0,0.0,0.0,0.0,0.0,0.0,0.0,0.0,0.0,0.0,0.9984704293288662,0.9984704293288662,0.0
2024-01-02,15:17:00.000000000,48.6,368.64,0.032094173613074935,36.76880383927606,1.6626102921565773,0,0.0,0.0,0.0,0.0,0.0,0.0,0.0,0.0,0.0,0.9984704293288662,0.9984704293288662,0.0
2024-01-02,15:18:00.000000000,48.6,368.43,,,,0,0.0,0.0,0.0,0.0,0.0,0.0,0.0,0.0,0.0,0.9984704293288662,0.9984704293288662,0.0
2024-01-02,15:19:00.000000000,48.57,368.06,,,,0,0.0,0.0,0.0,0.0,0.0,0.0,0.0,0.0,0.0,0.9984704293288662,0.9984704293288662,0.0
2024-01-02,15:20:00.000000000,48.55,367.89,0.03229272950241603,36.669827743356166,1.6150159704054794,0,0.0,0.0,0.0,0.0,0.0,0.0,0.0,0.0,0.0,0.9984704293288662,0.9984704293288662,0.0
2024-01-02,15:21:00.000000000,48.48,368.05,,,,0,0.0,0.0,0.0,0.0,0.0,0.0,0.0,0.0,0.0,0.9984704293288662,0.9984704293288662,0.0
2024-01-02,15:22:00.000000000,48.375,368.71,,,,0,0.0,0.0,0.0,0.0,0.0,0.0,0.0,0.0,0.0,0.9984704293288662,0.9984704293288662,0.0
2024-01-02,15:23:00.000000000,48.4,368.7989,0.03324325522145743,36.13992404190724,1.5201621319768814,0,0.0,0.0,0.0,0.0,0.0,0.0,0.0,0.0,0.0,0.9984704293288662,0.9984704293288662,0.0
2024-01-02,15:24:00.000000000,48.3599,368.8478,,,,0,0.0,0.0,0.0,0.0,0.0,0.0,0.0,0.0,0.0,0.9984704293288662,0.9984704293288662,0.0
2024-01-02,15:25:00.000000000,48.33,368.8,,,,0,0.0,0.0,0.0,0.0,0.0,0.0,0.0,0.0,0.0,0.9984704293288662,0.9984704293288662,0.0
2024-01-02,15:26:00.000000000,48.3,368.335,0.034594079320538554,35.55778979346943,1.4220242430415098,0,0.0,0.0,0.0,0.0,0.0,0.0,0.0,0.0,0.0,0.9984704293288662,0.9984704293288662,0.0
2024-01-02,15:27:00.000000000,48.36,368.81,,,,0,0.0,0.0,0.0,0.0,0.0,0.0,0.0,0.0,0.0,0.9984704293288662,0.9984704293288662,0.0
2024-01-02,15:28:00.000000000,48.31,368.34,,,,0,0.0,0.0,0.0,0.0,0.0,0.0,0.0,0.0,0.0,0.9984704293288662,0.9984704293288662,0.0
2024-01-02,15:29:00.000000000,48.33,368.3,0.035730414655250134,35.170488282471375,1.3490430371792805,0,0.0,0.0,0.0,0.0,0.0,0.0,0.0,0.0,0.0,0.9984704293288662,0.9984704293288662,0.0
2024-01-02,15:30:00.000000000,48.29,368.14,,,,0,0.0,0.0,0.0,0.0,0.0,0.0,0.0,0.0,0.0,0.9984704293288662,0.9984704293288662,0.0
2024-01-02,15:31:00.000000000,48.29,368.25,,,,0,0.0,0.0,0.0,0.0,0.0,0.0,0.0,0.0,0.0,0.9984704293288662,0.9984704293288662,0.0
2024-01-02,15:32:00.000000000,48.3,368.35,0.036931023691778815,34.69645742313327,1.2671269072737665,0,0.0,0.0,0.0,0.0,0.0,0.0,0.0,0.0,0.0,0.9984704293288662,0.9984704293288662,0.0
2024-01-02,15:33:00.000000000,48.24,368.19,,,,0,0.0,0.0,0.0,0.0,0.0,0.0,0.0,0.0,0.0,0.9984704293288662,0.9984704293288662,0.0
2024-01-02,15:34:00.000000000,48.2,368.51,,,,0,0.0,0.0,0.0,0.0,0.0,0.0,0.0,0.0,0.0,0.9984704293288662,0.9984704293288662,0.0
2024-01-02,15:35:00.000000000,48.16,368.44,0.0386344432810627,33.925525717525254,1.1498843086277228,0,0.0,0.0,0.0,0.0,0.0,0.0,0.0,0.0,0.0,0.9984704293288662,0.9984704293288662,0.0
2024-01-02,15:36:00.000000000,48.1203,368.44,,,,0,0.0,0.0,0.0,0.0,0.0,0.0,0.0,0.0,0.0,0.9984704293288662,0.9984704293288662,0.0
2024-01-02,15:37:00.000000000,48.16,368.2302,,,,0,0.0,0.0,0.0,0.0,0.0,0.0,0.0,0.0,0.0,0.9984704293288662,0.9984704293288662,0.0
2024-01-02,15:38:00.000000000,48.18,368.6,0.0401552603868709,33.37877102139939,1.060671753689716,0,0.0,0.0,0.0,0.0,0.0,0.0,0.0,0.0,0.0,0.9984704293288662,0.9984704293288662,0.0
2024-01-02,15:39:00.000000000,48.12,368.37,,,,0,0.0,0.0,0.0,0.0,0.0,0.0,0.0,0.0,0.0,0.9984704293288662,0.9984704293288662,0.0
2024-01-02,15:40:00.000000000,48.144,367.93,,,,0,0.0,0.0,0.0,0.0,0.0,0.0,0.0,0.0,0.0,0.9984704293288662,0.9984704293288662,0.0
2024-01-02,15:41:00.000000000,48.15,367.675,0.041776709843136015,32.78974820842497,0.9658771786490887,0,0.0,0.0,0.0,0.0,0.0,0.0,0.0,0.0,0.0,0.9984704293288662,0.9984704293288662,0.0
2024-01-02,15:42:00.000000000,48.11,367.39,,,,0,0.0,0.0,0.0,0.0,0.0,0.0,0.0,0.0,0.0,0.9984704293288662,0.9984704293288662,0.0
2024-01-02,15:43:00.000000000,48.12,367.54,,,,0,0.0,0.0,0.0,0.0,0.0,0.0,0.0,0.0,0.0,0.9984704293288662,0.9984704293288662,0.0
2024-01-02,15:44:00.000000000,48.15,367.83,0.04328035978732242,32.23018525942919,0.8740194795888705,0,0.0,0.0,0.0,0.0,0.0,0.0,0.0,0.0,0.0,0.9984704293288662,0.9984704293288662,0.0
2024-01-02,15:45:00.000000000,48.15,367.86,,,,0,0.0,0.0,0.0,0.0,0.0,0.0,0.0,0.0,0.0,0.9984704293288662,0.9984704293288662,0.0
2024-01-02,15:46:00.000000000,48.13,367.915,,,,0,0.0,0.0,0.0,0.0,0.0,0.0,0.0,0.0,0.0,0.9984704293288662,0.9984704293288662,0.0
2024-01-02,15:47:00.000000000,48.03,367.9301,0.0451834239155384,31.405658320413565,0.7455964135576869,0,0.0,0.0,0.0,0.0,0.0,0.0,0.0,0.0,0.0,0.9984704293288662,0.9984704293288662,0.0
2024-01-02,15:48:00.000000000,48.015,367.7,,,,0,0.0,0.0,0.0,0.0,0.0,0.0,0.0,0.0,0.0,0.9984704293288662,0.9984704293288662,0.0
2024-01-02,15:49:00.000000000,47.96,367.15,,,,0,0.0,0.0,0.0,0.0,0.0,0.0,0.0,0.0,0.0,0.9984704293288662,0.9984704293288662,0.0
2024-01-02,15:50:00.000000000,47.955,367.11,0.047345945038150844,30.57383011704444,0.613423653348113,0,0.0,0.0,0.0,0.0,0.0,0.0,0.0,0.0,0.0,0.9984704293288662,0.9984704293288662,0.0
2024-01-02,15:51:00.000000000,47.96,367.23,,,,0,0.0,0.0,0.0,0.0,0.0,0.0,0.0,0.0,0.0,0.9984704293288662,0.9984704293288662,0.0
2024-01-02,15:52:00.000000000,47.97,367.3536,,,,0,0.0,0.0,0.0,0.0,0.0,0.0,0.0,0.0,0.0,0.9984704293288662,0.9984704293288662,0.0
2024-01-02,15:53:00.000000000,47.94,367.35,0.04941366461616954,29.787890303250116,0.48416418675820405,0,0.0,0.0,0.0,0.0,0.0,0.0,0.0,0.0,0.0,0.9984704293288662,0.9984704293288662,0.0
2024-01-02,15:54:00.000000000,47.9013,367.44,,,,0,0.0,0.0,0.0,0.0,0.0,0.0,0.0,0.0,0.0,0.9984704293288662,0.9984704293288662,0.0
2024-01-02,15:55:00.000000000,47.9,367.6,,,,0,0.0,0.0,0.0,0.0,0.0,0.0,0.0,0.0,0.0,0.9984704293288662,0.9984704293288662,0.0
2024-01-02,15:56:00.000000000,47.895,367.975,0.0514754996404963,28.953303019788375,0.34392847617416783,0,0.0,0.0,0.0,0.0,0.0,0.0,0.0,0.0,0.0,0.9984704293288662,0.9984704293288662,0.0
2024-01-02,15:57:00.000000000,47.87,367.9197,,,,0,0.0,0.0,0.0,0.0,0.0,0.0,0.0,0.0,0.0,0.9984704293288662,0.9984704293288662,0.0
2024-01-02,15:58:00.000000000,47.885,368.02,,,,0,0.0,0.0,0.0,0.0,0.0,0.0,0.0,0.0,0.0,0.9984704293288662,0.9984704293288662,0.0
2024-01-02,15:59:00.000000000,47.935,368.3,0.05326456684479076,28.317660031063564,0.22833372981626313,0,0.0,0.0,0.0,0.0,0.0,0.0,0.0,0.0,0.0,0.9984704293288662,0.9984704293288662,0.0
2024-01-02,16:00:00.000000000,47.95,368.425,,,,0,0.0,0.0,0.0,0.0,0.0,0.0,0.0,0.0,0.0,0.9984704293288662,0.9984704293288662,0.0
2024-01-02,16:01:00.000000000,47.9254,368.44,,,,0,0.0,0.0,0.0,0.0,0.0,0.0,0.0,0.0,0.0,0.9984704293288662,0.9984704293288662,0.0
2024-01-02,16:02:00.000000000,47.905,368.4932,0.0550591342060893,27.616083447168695,0.09863538913500185,0,0.0,0.0,0.0,0.0,0.0,0.0,0.0,0.0,0.0,0.9984704293288662,0.9984704293288662,0.0
2024-01-02,16:03:00.000000000,47.905,368.46,,,,0,0.0,0.0,0.0,0.0,0.0,0.0,0.0,0.0,0.0,0.9984704293288662,0.9984704293288662,0.0
2024-01-02,16:04:00.000000000,47.92,368.7782,,,,0,0.0,0.0,0.0,0.0,0.0,0.0,0.0,0.0,0.0,0.9984704293288662,0.9984704293288662,0.0
2024-01-02,16:05:00.000000000,47.88,368.84,0.05681360601409392,26.9248695577616,-0.034215895207876795,0,0.0,0.0,0.0,0.0,0.0,0.0,0.0,0.0,0.0,0.9984704293288662,0.9984704293288662,0.0
2024-01-02,16:06:00.000000000,47.89,368.91,,,,0,0.0,0.0,0.0,0.0,0.0,0.0,0.0,0.0,0.0,0.9984704293288662,0.9984704293288662,0.0
2024-01-02,16:07:00.000000000,47.98,368.84,,,,0,0.0,0.0,0.0,0.0,0.0,0.0,0.0,0.0,0.0,0.9984704293288662,0.9984704293288662,0.0
2024-01-02,16:08:00.000000000,47.985,368.8436,0.05820003980268299,26.518287799035118,-0.12627046271631898,0,0.0,0.0,0.0,0.0,0.0,0.0,0.0,0.0,0.0,0.9984704293288662,0.9984704293288662,0.0
2024-01-02,16:09:00.000000000,48.06,368.88,,,,0,0.0,0.0,0.0,0.0,0.0,0.0,0.0,0.0,0.0,0.9984704293288662,0.9984704293288662,0.0
2024-01-02,16:10:00.000000000,48.09,369.12,,,,0,0.0,0.0,0.0,0.0,0.0,0.0,0.0,0.0,0.0,0.9984704293288662,0.9984704293288662,0.0
2024-01-02,16:11:00.000000000,48.1,369.29,0.05919990534166836,26.23806695637529,-0.20067857091446817,0,0.0,0.0,0.0,0.0,0.0,0.0,0.0,0.0,0.0,0.9984704293288662,0.9984704293288662,0.0
2024-01-02,16:12:00.000000000,48.05,369.45,,,,0,0.0,0.0,0.0,0.0,0.0,0.0,0.0,0.0,0.0,0.9984704293288662,0.9984704293288662,0.0
2024-01-02,16:13:00.000000000,48.01,369.26,,,,0,0.0,0.0,0.0,0.0,0.0,0.0,0.0,0.0,0.0,0.9984704293288662,0.9984704293288662,0.0
2024-01-02,16:14:00.000000000,48.01,369.39,0.06040062166523966,25.698614363077123,-0.3211640821125019,0,0.0,0.0,0.0,0.0,0.0,0.0,0.0,0.0,0.0,0.9984704293288662,0.9984704293288662,0.0
2024-01-02,16:15:00.000000000,48.04,369.3099,,,,0,0.0,0.0,0.0,0.0,0.0,0.0,0.0,0.0,0.0,0.9984704293288662,0.9984704293288662,0.0
2024-01-02,16:16:00.000000000,48.01,369.3,,,,0,0.0,0.0,0.0,0.0,0.0,0.0,0.0,0.0,0.0,0.9984704293288662,0.9984704293288662,0.0
2024-01-02,16:17:00.000000000,48.0,369.4366,0.06158909426757522,25.24673441670752,-0.4303487335806975,0,0.0,0.0,0.0,0.0,0.0,0.0,0.0,0.0,0.0,0.9984704293288662,0.9984704293288662,0.0
2024-01-02,16:18:00.000000000,47.995,369.48,,,,0,0.0,0.0,0.0,0.0,0.0,0.0,0.0,0.0,0.0,0.9984704293288662,0.9984704293288662,0.0
2024-01-02,16:19:00.000000000,48.025,369.7208,,,,0,0.0,0.0,0.0,0.0,0.0,0.0,0.0,0.0,0.0,0.9984704293288662,0.9984704293288662,0.0
2024-01-02,16:20:00.000000000,47.97,369.63,0.0628007285149665,24.756966719012933,-0.549803697694267,0,0.0,0.0,0.0,0.0,0.0,0.0,0.0,0.0,0.0,0.9984704293288662,0.9984704293288662,0.0
2024-01-02,16:21:00.000000000,47.99,369.735,,,,0,0.0,0.0,0.0,0.0,0.0,0.0,0.0,0.0,0.0,0.9984704293288662,0.9984704293288662,0.0
2024-01-02,16:22:00.000000000,48.025,369.8,,,,0,0.0,0.0,0.0,0.0,0.0,0.0,0.0,0.0,0.0,0.9984704293288662,0.9984704293288662,0.0
2024-01-02,16:23:00.000000000,48.0,369.655,0.06390783338164448,24.376149851308213,-0.6526330179249816,0,0.0,0.0,0.0,0.0,0.0,0.0,0.0,0.0,0.0,0.9984704293288662,0.9984704293288662,0.0
2024-01-02,16:24:00.000000000,47.9682,369.48,,,,0,0.0,0.0,0.0,0.0,0.0,0.0,0.0,0.0,0.0,0.9984704293288662,0.9984704293288662,0.0
2024-01-02,16:25:00.000000000,48.0,369.48,,,,0,0.0,0.0,0.0,0.0,0.0,0.0,0.0,0.0,0.0,0.9984704293288662,0.9984704293288662,0.0
2024-01-02,16:26:00.000000000,48.0,369.73,0.06498286841837111,23.973884059675648,-0.7614782086983543,0,0.0,0.0,0.0,0.0,0.0,0.0,0.0,0.0,0.0,0.9984704293288662,0.9984704293288662,0.0
2024-01-02,16:27:00.000000000,48.015,369.77,,,,0,0.0,0.0,0.0,0.0,0.0,0.0,0.0,0.0,0.0,0.9984704293288662,0.9984704293288662,0.0
2024-01-02,16:28:00.000000000,48.04,369.91,,,,0,0.0,0.0,0.0,0.0,0.0,0.0,0.0,0.0,0.0,0.9984704293288662,0.9984704293288662,0.0
2024-01-02,16:29:00.000000000,48.065,369.97,0.06587577241912311,23.692940478097018,-0.8488453461520145,0,0.0,0.0,0.0,0.0,0.0,0.0,0.0,0.0,0.0,0.9984704293288662,0.9984704293288662,0.0
2024-01-02,16:30:00.000000000,48.07,370.36,,,,0,0.0,0.0,0.0,0.0,0.0,0.0,0.0,0.0,0.0,0.9984704293288662,0.9984704293288662,0.0
2024-01-02,16:31:00.000000000,48.02,370.3924,,,,0,0.0,0.0,0.0,0.0,0.0,0.0,0.0,0.0,0.0,0.9984704293288662,0.9984704293288662,0.0
2024-01-02,16:32:00.000000000,47.96,370.43,0.06692468268138888,23.169089794333118,-0.9836109851300925,0,0.0,0.0,0.0,0.0,0.0,0.0,0.0,0.0,0.0,0.9984704293288662,0.9984704293288662,0.0
2024-01-02,16:33:00.000000000,47.97,370.395,,,,0,0.0,0.0,0.0,0.0,0.0,0.0,0.0,0.0,0.0,0.9984704293288662,0.9984704293288662,0.0
2024-01-02,16:34:00.000000000,47.97,370.5,,,,0,0.0,0.0,0.0,0.0,0.0,0.0,0.0,0.0,0.0,0.9984704293288662,0.9984704293288662,0.0
2024-01-02,16:35:00.000000000,47.9391,370.275,0.06801434247316705,22.755089340748075,-1.0969571341120112,0,0.0,0.0,0.0,0.0,0.0,0.0,0.0,0.0,0.0,0.9984704293288662,0.9984704293288662,0.0
2024-01-02,16:36:00.000000000,47.94,370.235,,,,0,0.0,0.0,0.0,0.0,0.0,0.0,0.0,0.0,0.0,0.9984704293288662,0.9984704293288662,0.0
2024-01-02,16:37:00.000000000,47.92,370.32,,,,0,0.0,0.0,0.0,0.0,0.0,0.0,0.0,0.0,0.0,0.9984704293288662,0.9984704293288662,0.0
2024-01-02,16:38:00.000000000,47.92,370.3213,0.06911209164455978,22.326320376467486,-1.2115647307562434,0,0.0,0.0,0.0,0.0,0.0,0.0,0.0,0.0,0.0,0.9984704293288662,0.9984704293288662,0.0
2024-01-02,16:39:00.000000000,47.93,370.085,,,,0,0.0,0.0,0.0,0.0,0.0,0.0,0.0,0.0,0.0,0.9984704293288662,0.9984704293288662,0.0
2024-01-02,16:40:00.000000000,47.895,370.08,,,,0,0.0,0.0,0.0,0.0,0.0,0.0,0.0,0.0,0.0,0.9984704293288662,0.9984704293288662,0.0
2024-01-02,16:41:00.000000000,47.92,370.04,0.07021745393156595,21.936733347163337,-1.315472961558368,0,0.0,0.0,0.0,0.0,0.0,0.0,0.0,0.0,0.0,0.9984704293288662,0.9984704293288662,0.0
2024-01-02,16:42:00.000000000,47.92,370.495,,,,0,0.0,0.0,0.0,0.0,0.0,0.0,0.0,0.0,0.0,0.9984704293288662,0.9984704293288662,0.0
2024-01-02,16:43:00.000000000,47.94,370.25,,,,0,0.0,0.0,0.0,0.0,0.0,0.0,0.0,0.0,0.0,0.9984704293288662,0.9984704293288662,0.0
2024-01-02,16:44:00.000000000,47.93,370.49,0.07123572110054861,21.537877689457744,-1.4172403748814852,0,0.0,0.0,0.0,0.0,0.0,0.0,0.0,0.0,0.0,0.9984704293288662,0.9984704293288662,0.0
2024-01-02,16:45:00.000000000,47.915,370.55,,,,0,0.0,0.0,0.0,0.0,0.0,0.0,0.0,0.0,0.0,0.9984704293288662,0.9984704293288662,0.0
2024-01-02,16:46:00.000000000,47.9,370.665,,,,0,0.0,0.0,0.0,0.0,0.0,0.0,0.0,0.0,0.0,0.9984704293288662,0.9984704293288662,0.0
2024-01-02,16:47:00.000000000,47.9,370.6297,0.07227199444659903,21.113852379855334,-1.5185176392285515,0,0.0,0.0,0.0,0.0,0.0,0.0,0.0,0.0,0.0,0.9984704293288662,0.9984704293288662,0.0
2024-01-02,16:48:00.000000000,47.91,370.57,,,,0,0.0,0.0,0.0,0.0,0.0,0.0,0.0,0.0,0.0,0.9984704293288662,0.9984704293288662,0.0
2024-01-02,16:49:00.000000000,47.9175,370.7927,,,,0,0.0,0.0,0.0,0.0,0.0,0.0,0.0,0.0,0.0,0.9984704293288662,0.9984704293288662,0.0
2024-01-02,16:50:00.000000000,47.88,370.58,0.07332877978511837,20.705820787230838,-1.6091678693885048,0,0.0,0.0,0.0,0.0,0.0,0.0,0.0,0.0,0.0,0.9984704293288662,0.9984704293288662,0.0
2024-01-02,16:51:00.000000000,47.88,370.655,,,,0,0.0,0.0,0.0,0.0,0.0,0.0,0.0,0.0,0.0,0.9984704293288662,0.9984704293288662,0.0
2024-01-02,16:52:00.000000000,47.86,370.61,,,,0,0.0,0.0,0.0,0.0,0.0,0.0,0.0,0.0,0.0,0.9984704293288662,0.9984704293288662,0.0
2024-01-02,16:53:00.000000000,47.83,370.96,0.07440016815206002,20.230513622311815,-1.7043888068749025,0,0.0,0.0,0.0,0.0,0.0,0.0,0.0,0.0,0.0,0.9984704293288662,0.9984704293288662,0.0
2024-01-02,16:54:00.000000000,47.8148,370.87,,,,0,0.0,0.0,0.0,0.0,0.0,0.0,0.0,0.0,0.0,0.9984704293288662,0.9984704293288662,0.0
2024-01-02,16:55:00.000000000,47.82,370.74,,,,0,0.0,0.0,0.0,0.0,0.0,0.0,0.0,0.0,0.0,0.9984704293288662,0.9984704293288662,0.0
2024-01-02,16:56:00.000000000,47.79,370.87,0.07553535884593333,19.776201464808704,-1.7845140006213798,0,0.0,0.0,0.0,0.0,0.0,0.0,0.0,0.0,0.0,0.9984704293288662,0.9984704293288662,0.0
2024-01-02,16:57:00.000000000,47.795,370.9805,,,,0,0.0,0.0,0.0,0.0,0.0,0.0,0.0,0.0,0.0,0.9984704293288662,0.9984704293288662,0.0
2024-01-02,16:58:00.000000000,47.78,370.846,,,,0,0.0,0.0,0.0,0.0,0.0,0.0,0.0,0.0,0.0,0.9984704293288662,0.9984704293288662,0.0
2024-01-02,16:59:00.000000000,47.755,370.8826,0.07670839897969194,19.305189544574507,-1.8569973191674283,0,0.0,0.0,0.0,0.0,0.0,0.0,0.0,0.0,0.0,0.9984704293288662,0.9984704293288662,0.0
2024-01-02,17:00:00.000000000,47.76,370.95,,,,0,0.0,0.0,0.0,0.0,0.0,0.0,0.0,0.0,0.0,0.9984704293288662,0.9984704293288662,0.0
2024-01-02,17:01:00.000000000,47.7415,370.92,,,,0,0.0,0.0,0.0,0.0,0.0,0.0,0.0,0.0,0.0,0.9984704293288662,0.9984704293288662,0.0
2024-01-02,17:02:00.000000000,47.735,370.8198,0.07792109759393853,18.840314174435232,-1.91690491054023,0,0.0,0.0,0.0,0.0,0.0,0.0,0.0,0.0,0.0,0.9984704293288662,0.9984704293288662,0.0
2024-01-02,17:03:00.000000000,47.7269,371.12,,,,0,0.0,0.0,0.0,0.0,0.0,0.0,0.0,0.0,0.0,0.9984704293288662,0.9984704293288662,0.0
2024-01-02,17:04:00.000000000,47.72,371.15,,,,0,0.0,0.0,0.0,0.0,0.0,0.0,0.0,0.0,0.0,0.9984704293288662,0.9984704293288662,0.0
2024-01-02,17:05:00.000000000,47.725,371.12,0.07907407592019572,18.379028944496966,-1.965478511354931,0,0.0,0.0,0.0,0.0,0.0,0.0,0.0,0.0,0.0,0.9984704293288662,0.9984704293288662,0.0
2024-01-02,17:06:00.000000000,47.72,370.9943,,,,0,0.0,0.0,0.0,0.0,0.0,0.0,0.0,0.0,0.0,0.9984704293288662,0.9984704293288662,0.0
2024-01-02,17:07:00.000000000,47.725,371.1515,,,,0,0.0,0.0,0.0,0.0,0.0,0.0,0.0,0.0,0.0,0.9984704293288662,0.9984704293288662,0.0
2024-01-02,17:08:00.000000000,47.71,371.32,0.08018862869865252,17.934358391616346,-2.000957007429904,0,0.0,0.0,0.0,0.0,0.0,0.0,0.0,0.0,0.0,0.9984704293288662,0.9984704293288662,0.0
2024-01-02,17:09:00.000000000,47.755,371.23,,,,0,0.0,0.0,0.0,0.0,0.0,0.0,0.0,0.0,0.0,0.9984704293288662,0.9984704293288662,0.0
2024-01-02,17:10:00.000000000,47.75,371.05,,,,0,0.0,0.0,0.0,0.0,0.0,0.0,0.0,0.0,0.0,0.9984704293288662,0.9984704293288662,0.0
2024-01-02,17:11:00.000000000,47.8,371.035,0.08121147363444173,17.667700880044908,-1.9956108229461562,0,0.0,0.0,0.0,0.0,0.0,0.0,0.0,0.0,0.0,0.9984704293288662,0.9984704293288662,0.0
2024-01-02,17:12:00.000000000,47.81,370.915,,,,0,0.0,0.0,0.0,0.0,0.0,0.0,0.0,0.0,0.0,0.9984704293288662,0.9984704293288662,0.0
2024-01-02,17:13:00.000000000,47.8006,370.8,,,,0,0.0,0.0,0.0,0.0,0.0,0.0,0.0,0.0,0.0,0.9984704293288662,0.9984704293288662,0.0
2024-01-02,17:14:00.000000000,47.825,370.8817,0.08220628238910446,17.336194236848876,-1.997238550260684,0,0.0,0.0,0.0,0.0,0.0,0.0,0.0,0.0,0.0,0.9984704293288662,0.9984704293288662,0.0
2024-01-02,17:15:00.000000000,47.82,370.895,,,,0,0.0,0.0,0.0,0.0,0.0,0.0,0.0,0.0,0.0,0.9984704293288662,0.9984704293288662,0.0
2024-01-02,17:16:00.000000000,47.84,370.8,,,,0,0.0,0.0,0.0,0.0,0.0,0.0,0.0,0.0,0.0,0.9984704293288662,0.9984704293288662,0.0
2024-01-02,17:17:00.000000000,47.78,370.42,0.08331690873949064,16.917750664717875,-2.0090016041148653,0,0.0,0.0,0.0,0.0,0.0,0.0,0.0,0.0,0.0,0.9984704293288662,0.9984704293288662,0.0
2024-01-02,17:18:00.000000000,47.8,370.56,,,,0,0.0,0.0,0.0,0.0,0.0,0.0,0.0,0.0,0.0,0.9984704293288662,0.9984704293288662,0.0
2024-01-02,17:19:00.000000000,47.815,370.68,,,,0,0.0,0.0,0.0,0.0,0.0,0.0,0.0,0.0,0.0,0.9984704293288662,0.9984704293288662,0.0
2024-01-02,17:20:00.000000000,47.85,370.7635,0.08425641544994625,16.610796510323855,-1.9963788455581701,0,0.0,0.0,0.0,0.0,0.0,0.0,0.0,0.0,0.0,0.9984704293288662,0.9984704293288662,0.0
2024-01-02,17:21:00.000000000,47.84,370.83,,,,0,0.0,0.0,0.0,0.0,0.0,0.0,0.0,0.0,0.0,0.9984704293288662,0.9984704293288662,0.0
2024-01-02,17:22:00.000000000,47.805,370.69,,,,0,0.0,0.0,0.0,0.0,0.0,0.0,0.0,0.0,0.0,0.9984704293288662,0.9984704293288662,0.0
2024-01-02,17:23:00.000000000,47.8,370.69,0.0852709177112299,16.19092351362419,-1.999421257326707,0,0.0,0.0,0.0,0.0,0.0,0.0,0.0,0.0,0.0,0.9984704293288662,0.9984704293288662,0.0
2024-01-02,17:24:00.000000000,47.78,370.55,,,,0,0.0,0.0,0.0,0.0,0.0,0.0,0.0,0.0,0.0,0.9984704293288662,0.9984704293288662,0.0
2024-01-02,17:25:00.000000000,47.76,370.58,,,,0,0.0,0.0,0.0,0.0,0.0,0.0,0.0,0.0,0.0,0.9984704293288662,0.9984704293288662,0.0
2024-01-02,17:26:00.000000000,47.75,370.605,0.08635991813965226,15.744582537854171,-2.002546854969598,0,0.0,0.0,0.0,0.0,0.0,0.0,0.0,0.0,0.0,0.9984704293288662,0.9984704293288662,0.0
2024-01-02,17:27:00.000000000,47.75,370.73,,,,0,0.0,0.0,0.0,0.0,0.0,0.0,0.0,0.0,0.0,0.9984704293288662,0.9984704293288662,0.0
2024-01-02,17:28:00.000000000,47.75,370.665,,,,0,0.0,0.0,0.0,0.0,0.0,0.0,0.0,0.0,0.0,0.9984704293288662,0.9984704293288662,0.0
2024-01-02,17:29:00.000000000,47.755,370.477,0.08744151056788793,15.359931489340589,-1.9924855805278507,0,0.0,0.0,0.0,0.0,0.0,0.0,0.0,0.0,0.0,0.9984704293288662,0.9984704293288662,0.0
2024-01-02,17:30:00.000000000,47.73,370.32,,,,0,0.0,0.0,0.0,0.0,0.0,0.0,0.0,0.0,0.0,0.9984704293288662,0.9984704293288662,0.0
2024-01-02,17:31:00.000000000,47.72,370.41,,,,0,0.0,0.0,0.0,0.0,0.0,0.0,0.0,0.0,0.0,0.9984704293288662,0.9984704293288662,0.0
2024-01-02,17:32:00.000000000,47.725,370.47,0.08855383543889053,14.918460584954225,-1.9890186886203924,0,0.0,0.0,0.0,0.0,0.0,0.0,0.0,0.0,0.0,0.9984704293288662,0.9984704293288662,0.0
2024-01-02,17:33:00.000000000,47.72,370.65,,,,0,0.0,0.0,0.0,0.0,0.0,0.0,0.0,0.0,0.0,0.9984704293288662,0.9984704293288662,0.0
2024-01-02,17:34:00.000000000,47.715,370.655,,,,0,0.0,0.0,0.0,0.0,0.0,0.0,0.0,0.0,0.0,0.9984704293288662,0.9984704293288662,0.0
2024-01-02,17:35:00.000000000,47.725,370.65,0.08962661887910389,14.504893712460145,-1.9788990569890494,0,0.0,0.0,0.0,0.0,0.0,0.0,0.0,0.0,0.0,0.9984704293288662,0.9984704293288662,0.0
2024-01-02,17:36:00.000000000,47.73,370.76,,,,0,0.0,0.0,0.0,0.0,0.0,0.0,0.0,0.0,0.0,0.9984704293288662,0.9984704293288662,0.0
2024-01-02,17:37:00.000000000,47.75,370.74,,,,0,0.0,0.0,0.0,0.0,0.0,0.0,0.0,0.0,0.0,0.9984704293288662,0.9984704293288662,0.0
2024-01-02,17:38:00.000000000,47.77,370.6983,0.09061154205222766,14.180455400860701,-1.9543753652959917,0,0.0,0.0,0.0,0.0,0.0,0.0,0.0,0.0,0.0,0.9984704293288662,0.9984704293288662,0.0
2024-01-02,17:39:00.000000000,47.78,370.71,,,,0,0.0,0.0,0.0,0.0,0.0,0.0,0.0,0.0,0.0,0.9984704293288662,0.9984704293288662,0.0
2024-01-02,17:40:00.000000000,47.7892,370.9,,,,0,0.0,0.0,0.0,0.0,0.0,0.0,0.0,0.0,0.0,0.9984704293288662,0.9984704293288662,0.0
2024-01-02,17:41:00.000000000,47.78,370.91,0.09154483087274623,13.825106780989692,-1.934295202733756,0,0.0,0.0,0.0,0.0,0.0,0.0,0.0,0.0,0.0,0.9984704293288662,0.9984704293288662,0.0
2024-01-02,17:42:00.000000000,47.77,370.78,,,,0,0.0,0.0,0.0,0.0,0.0,0.0,0.0,0.0,0.0,0.9984704293288662,0.9984704293288662,0.0
2024-01-02,17:43:00.000000000,47.74,370.58,,,,0,0.0,0.0,0.0,0.0,0.0,0.0,0.0,0.0,0.0,0.9984704293288662,0.9984704293288662,0.0
2024-01-02,17:44:00.000000000,47.735,370.6695,0.09256041375138299,13.425677714981738,-1.9199016437091592,0,0.0,0.0,0.0,0.0,0.0,0.0,0.0,0.0,0.0,0.9984704293288662,0.9984704293288662,0.0
2024-01-02,17:45:00.000000000,47.715,370.5,,,,0,0.0,0.0,0.0,0.0,0.0,0.0,0.0,0.0,0.0,0.9984704293288662,0.9984704293288662,0.0
2024-01-02,17:46:00.000000000,47.72,370.42,,,,0,0.0,0.0,0.0,0.0,0.0,0.0,0.0,0.0,0.0,0.9984704293288662,0.9984704293288662,0.0
2024-01-02,17:47:00.000000000,47.685,370.24,0.09368732101705644,12.99820626664502,-1.90854589810592,0,0.0,0.0,0.0,0.0,0.0,0.0,0.0,0.0,0.0,0.9984704293288662,0.9984704293288662,0.0
2024-01-02,17:48:00.000000000,47.675,370.0999,,,,0,0.0,0.0,0.0,0.0,0.0,0.0,0.0,0.0,0.0,0.9984704293288662,0.9984704293288662,0.0
2024-01-02,17:49:00.000000000,47.68,370.1201,,,,0,0.0,0.0,0.0,0.0,0.0,0.0,0.0,0.0,0.0,0.9984704293288662,0.9984704293288662,0.0
2024-01-02,17:50:00.000000000,47.65,369.9,0.09488884547433718,12.550616059042675,-1.8988246308062435,0,0.0,0.0,0.0,0.0,0.0,0.0,0.0,0.0,0.0,0.9984704293288662,0.9984704293288662,0.0
2024-01-02,17:51:00.000000000,47.62,369.74,,,,0,0.0,0.0,0.0,0.0,0.0,0.0,0.0,0.0,0.0,0.9984704293288662,0.9984704293288662,0.0
2024-01-02,17:52:00.000000000,47.63,369.65,,,,0,0.0,0.0,0.0,0.0,0.0,0.0,0.0,0.0,0.0,0.9984704293288662,0.9984704293288662,0.0
2024-01-02,17:53:00.000000000,47.62,369.6499,0.09614206598269641,12.08109492370287,-1.8908658496642134,0,0.0,0.0,0.0,0.0,0.0,0.0,0.0,0.0,0.0,0.9984704293288662,0.9984704293288662,0.0
2024-01-02,17:54:00.000000000,47.6,369.5601,,,,0,0.0,0.0,0.0,0.0,0.0,0.0,0.0,0.0,0.0,0.9984704293288662,0.9984704293288662,0.0
2024-01-02,17:55:00.000000000,47.58,369.4999,,,,0,0.0,0.0,0.0,0.0,0.0,0.0,0.0,0.0,0.0,0.9984704293288662,0.9984704293288662,0.0
2024-01-02,17:56:00.000000000,47.595,369.5,0.09742293888052808,11.597224083644875,-1.8835558875902976,0,0.0,0.0,0.0,0.0,0.0,0.0,0.0,0.0,0.0,0.9984704293288662,0.9984704293288662,0.0
2024-01-02,17:57:00.000000000,47.58,369.46,,,,0,0.0,0.0,0.0,0.0,0.0,0.0,0.0,0.0,0.0,0.9984704293288662,0.9984704293288662,0.0
2024-01-02,17:58:00.000000000,47.54,369.29,,,,0,0.0,0.0,0.0,0.0,0.0,0.0,0.0,0.0,0.0,0.9984704293288662,0.9984704293288662,0.0
2024-01-02,17:59:00.000000000,47.545,369.3528,0.0987831249331572,11.059176213188579,-1.8817040601737993,0,0.0,0.0,0.0,0.0,0.0,0.0,0.0,0.0,0.0,0.9984704293288662,0.9984704293288662,0.0
2024-01-02,18:00:00.000000000,47.54,369.4001,,,,0,0.0,0.0,0.0,0.0,0.0,0.0,0.0,0.0,0.0,0.9984704293288662,0.9984704293288662,0.0
2024-01-02,18:01:00.000000000,47.54,369.355,,,,0,0.0,0.0,0.0,0.0,0.0,0.0,0.0,0.0,0.0,0.9984704293288662,0.9984704293288662,0.0
2024-01-02,18:02:00.000000000,47.513,369.21,0.10018082877923486,10.525236206418697,-1.8777695738261952,0,0.0,0.0,0.0,0.0,0.0,0.0,0.0,0.0,0.0,0.9984704293288662,0.9984704293288662,0.0
2024-01-02,18:03:00.000000000,47.49,369.22,,,,0,0.0,0.0,0.0,0.0,0.0,0.0,0.0,0.0,0.0,0.9984704293288662,0.9984704293288662,0.0
2024-01-02,18:04:00.000000000,47.515,369.2491,,,,0,0.0,0.0,0.0,0.0,0.0,0.0,0.0,0.0,0.0,0.9984704293288662,0.9984704293288662,0.0
2024-01-02,18:05:00.000000000,47.52,369.3,0.10152505438687809,10.026797414925923,-1.8684746683422897,0,0.0,0.0,0.0,0.0,0.0,0.0,0.0,0.0,0.0,0.9984704293288662,0.9984704293288662,0.0
2024-01-02,18:06:00.000000000,47.53,369.28,,,,0,0.0,0.0,0.0,0.0,0.0,0.0,0.0,0.0,0.0,0.9984704293288662,0.9984704293288662,0.0
2024-01-02,18:07:00.000000000,47.52,369.29,,,,0,0.0,0.0,0.0,0.0,0.0,0.0,0.0,0.0,0.0,0.9984704293288662,0.9984704293288662,0.0
2024-01-02,18:08:00.000000000,47.51,369.27,0.10285861863629227,9.527397896176353,-1.8585801948119327,0,0.0,0.0,0.0,0.0,0.0,0.0,0.0,0.0,0.0,0.9984704293288662,0.9984704293288662,0.0
2024-01-02,18:09:00.000000000,47.495,369.17,,,,0,0.0,0.0,0.0,0.0,0.0,0.0,0.0,0.0,0.0,0.9984704293288662,0.9984704293288662,0.0
2024-01-02,18:10:00.000000000,47.495,369.31,,,,0,0.0,0.0,0.0,0.0,0.0,0.0,0.0,0.0,0.0,0.9984704293288662,0.9984704293288662,0.0
2024-01-02,18:11:00.000000000,47.52,369.33,0.10414094444367915,9.057624988615984,-1.844780788009981,0,0.0,0.0,0.0,0.0,0.0,0.0,0.0,0.0,0.0,0.9984704293288662,0.9984704293288662,0.0
2024-01-02,18:12:00.000000000,47.515,369.27,,,,0,0.0,0.0,0.0,0.0,0.0,0.0,0.0,0.0,0.0,0.9984704293288662,0.9984704293288662,0.0
2024-01-02,18:13:00.000000000,47.53,369.31,,,,0,0.0,0.0,0.0,0.0,0.0,0.0,0.0,0.0,0.0,0.9984704293288662,0.9984704293288662,0.0
2024-01-02,18:14:00.000000000,47.52,369.36,0.10539369051463872,8.591786471513046,-1.8304408666387486,0,0.0,0.0,0.0,0.0,0.0,0.0,0.0,0.0,0.0,0.9984704293288662,0.9984704293288662,0.0
2024-01-02,18:15:00.000000000,47.54,369.3034,,,,0,0.0,0.0,0.0,0.0,0.0,0.0,0.0,0.0,0.0,0.9984704293288662,0.9984704293288662,0.0
2024-01-02,18:16:00.000000000,47.53,369.34,,,,0,0.0,0.0,0.0,0.0,0.0,0.0,0.0,0.0,0.0,0.9984704293288662,0.9984704293288662,0.0
2024-01-02,18:17:00.000000000,47.54,369.37,0.10658570419847611,8.170438440208876,-1.811341465512769,0,0.0,0.0,0.0,0.0,0.0,0.0,0.0,0.0,0.0,0.9984704293288662,0.9984704293288662,0.0
2024-01-02,18:18:00.000000000,47.55,369.38,,,,0,0.0,0.0,0.0,0.0,0.0,0.0,0.0,0.0,0.0,0.9984704293288662,0.9984704293288662,0.0
2024-01-02,18:19:00.000000000,47.535,369.44,,,,0,0.0,0.0,0.0,0.0,0.0,0.0,0.0,0.0,0.0,0.9984704293288662,0.9984704293288662,0.0
2024-01-02,18:20:00.000000000,47.54,369.495,0.10774980404636192,7.726986153889499,-1.7950719623088465,0,0.0,0.0,0.0,0.0,0.0,0.0,0.0,0.0,0.0,0.9984704293288662,0.9984704293288662,0.0
2024-01-02,18:21:00.000000000,47.55,369.5862,,,,0,0.0,0.0,0.0,0.0,0.0,0.0,0.0,0.0,0.0,0.9984704293288662,0.9984704293288662,0.0
2024-01-02,18:22:00.000000000,47.56,369.63,,,,0,0.0,0.0,0.0,0.0,0.0,0.0,0.0,0.0,0.0,0.9984704293288662,0.9984704293288662,0.0
2024-01-02,18:23:00.000000000,47.535,369.61,0.10889843862980164,7.285048098039013,-1.7789470297463361,0,0.0,0.0,0.0,0.0,0.0,0.0,0.0,0.0,0.0,0.9984704293288662,0.9984704293288662,0.0
2024-01-02,18:24:00.000000000,47.575,369.7979,,,,0,0.0,0.0,0.0,0.0,0.0,0.0,0.0,0.0,0.0,0.9984704293288662,0.9984704293288662,0.0
2024-01-02,18:25:00.000000000,47.58,369.74,,,,0,0.0,0.0,0.0,0.0,0.0,0.0,0.0,0.0,0.0,0.9984704293288662,0.9984704293288662,0.0
2024-01-02,18:26:00.000000000,47.589,369.93,0.10992012840036094,6.926246900854473,-1.7547113029578376,0,0.0,0.0,0.0,0.0,0.0,0.0,0.0,0.0,0.0,0.9984704293288662,0.9984704293288662,0.0
2024-01-02,18:27:00.000000000,47.555,369.76,,,,0,0.0,0.0,0.0,0.0,0.0,0.0,0.0,0.0,0.0,0.9984704293288662,0.9984704293288662,0.0
2024-01-02,18:28:00.000000000,47.5651,369.76,,,,0,0.0,0.0,0.0,0.0,0.0,0.0,0.0,0.0,0.0,0.9984704293288662,0.9984704293288662,0.0
2024-01-02,18:29:00.000000000,47.555,369.63,0.11099179594454281,6.529102465018639,-1.7355206028899932,0,0.0,0.0,0.0,0.0,0.0,0.0,0.0,0.0,0.0,0.9984704293288662,0.9984704293288662,0.0
2024-01-02,18:30:00.000000000,47.59,369.94,,,,0,0.0,0.0,0.0,0.0,0.0,0.0,0.0,0.0,0.0,0.9984704293288662,0.9984704293288662,0.0
2024-01-02,18:31:00.000000000,47.58,369.7652,,,,0,0.0,0.0,0.0,0.0,0.0,0.0,0.0,0.0,0.0,0.9984704293288662,0.9984704293288662,0.0
2024-01-02,18:32:00.000000000,47.58,369.64,0.11200764290260579,6.177494877480797,-1.71253398173486,0,0.0,0.0,0.0,0.0,0.0,0.0,0.0,0.0,0.0,0.9984704293288662,0.9984704293288662,0.0
2024-01-02,18:33:00.000000000,47.575,369.695,,,,0,0.0,0.0,0.0,0.0,0.0,0.0,0.0,0.0,0.0,0.9984704293288662,0.9984704293288662,0.0
2024-01-02,18:34:00.000000000,47.595,369.91,,,,0,0.0,0.0,0.0,0.0,0.0,0.0,0.0,0.0,0.0,0.9984704293288662,0.9984704293288662,0.0
2024-01-02,18:35:00.000000000,47.6,369.965,0.11296054106470518,5.808553424996354,-1.6925462950182437,0,0.0,0.0,0.0,0.0,0.0,0.0,0.0,0.0,0.0,0.9984704293288662,0.9984704293288662,0.0
2024-01-02,18:36:00.000000000,47.63,369.87,,,,0,0.0,0.0,0.0,0.0,0.0,0.0,0.0,0.0,0.0,0.9984704293288662,0.9984704293288662,0.0
2024-01-02,18:37:00.000000000,47.68,369.86,,,,0,0.0,0.0,0.0,0.0,0.0,0.0,0.0,0.0,0.0,0.9984704293288662,0.9984704293288662,0.0
2024-01-02,18:38:00.000000000,47.7,369.98,0.11374773847593891,5.61561171867212,-1.6572261774779193,0,0.0,0.0,0.0,0.0,0.0,0.0,0.0,0.0,0.0,0.9984704293288662,0.9984704293288662,0.0
2024-01-02,18:39:00.000000000,47.675,369.98,,,,0,0.0,0.0,0.0,0.0,0.0,0.0,0.0,0.0,0.0,0.9984704293288662,0.9984704293288662,0.0
2024-01-02,18:40:00.000000000,47.68,370.01,,,,0,0.0,0.0,0.0,0.0,0.0,0.0,0.0,0.0,0.0,0.9984704293288662,0.9984704293288662,0.0
2024-01-02,18:41:00.000000000,47.655,369.95,0.11459346543793289,5.261147461236732,-1.639678469676098,0,0.0,0.0,0.0,0.0,0.0,0.0,0.0,0.0,0.0,0.9984704293288662,0.9984704293288662,0.0
2024-01-02,18:42:00.000000000,47.608,369.9164,,,,0,0.0,0.0,0.0,0.0,0.0,0.0,0.0,0.0,0.0,0.9984704293288662,0.9984704293288662,0.0
2024-01-02,18:43:00.000000000,47.59,370.12,,,,0,0.0,0.0,0.0,0.0,0.0,0.0,0.0,0.0,0.0,0.9984704293288662,0.9984704293288662,0.0
2024-01-02,18:44:00.000000000,47.56,370.02,0.11555431811539851,4.80259121094025,-1.633332169463324,0,0.0,0.0,0.0,0.0,0.0,0.0,0.0,0.0,0.0,0.9984704293288662,0.9984704293288662,0.0
2024-01-02,18:45:00.000000000,47.536,369.99,,,,0,0.0,0.0,0.0,0.0,0.0,0.0,0.0,0.0,0.0,0.9984704293288662,0.9984704293288662,0.0
2024-01-02,18:46:00.000000000,47.55,370.095,,,,0,0.0,0.0,0.0,0.0,0.0,0.0,0.0,0.0,0.0,0.9984704293288662,0.9984704293288662,0.0
2024-01-02,18:47:00.000000000,47.54,370.07,0.1165355305229805,4.413696219360602,-1.6216948806767,0,0.0,0.0,0.0,0.0,0.0,0.0,0.0,0.0,0.0,0.9984704293288662,0.9984704293288662,0.0
2024-01-02,18:48:00.000000000,47.525,369.96,,,,0,0.0,0.0,0.0,0.0,0.0,0.0,0.0,0.0,0.0,0.9984704293288662,0.9984704293288662,0.0
2024-01-02,18:49:00.000000000,47.5,369.9,,,,0,0.0,0.0,0.0,0.0,0.0,0.0,0.0,0.0,0.0,0.9984704293288662,0.9984704293288662,0.0
2024-01-02,18:50:00.000000000,47.49,369.69,0.11759160952380666,4.017557875143915,-1.6129955106209068,0,0.0,0.0,0.0,0.0,0.0,0.0,0.0,0.0,0.0,0.9984704293288662,0.9984704293288662,0.0
2024-01-02,18:51:00.000000000,47.491,369.67,,,,0,0.0,0.0,0.0,0.0,0.0,0.0,0.0,0.0,0.0,0.9984704293288662,0.9984704293288662,0.0
2024-01-02,18:52:00.000000000,47.465,369.6,,,,0,0.0,0.0,0.0,0.0,0.0,0.0,0.0,0.0,0.0,0.9984704293288662,0.9984704293288662,0.0
2024-01-02,18:53:00.000000000,47.445,369.62,0.1187045053902605,3.569440717651915,-1.612015745135407,0,0.0,0.0,0.0,0.0,0.0,0.0,0.0,0.0,0.0,0.9984704293288662,0.9984704293288662,0.0
2024-01-02,18:54:00.000000000,47.44,369.61,,,,0,0.0,0.0,0.0,0.0,0.0,0.0,0.0,0.0,0.0,0.9984704293288662,0.9984704293288662,0.0
2024-01-02,18:55:00.000000000,47.4709,369.54,,,,0,0.0,0.0,0.0,0.0,0.0,0.0,0.0,0.0,0.0,0.9984704293288662,0.9984704293288662,0.0
2024-01-02,18:56:00.000000000,47.47,369.41,0.11976901765246131,3.2261271890042593,-1.6030077570659154,0,0.0,0.0,0.0,0.0,0.0,0.0,0.0,0.0,0.0,0.9984704293288662,0.9984704293288662,0.0
2024-01-02,18:57:00.000000000,47.47,369.3901,,,,0,0.0,0.0,0.0,0.0,0.0,0.0,0.0,0.0,0.0,0.9984704293288662,0.9984704293288662,0.0
2024-01-02,18:58:00.000000000,47.475,369.31,,,,0,0.0,0.0,0.0,0.0,0.0,0.0,0.0,0.0,0.0,0.9984704293288662,0.9984704293288662,0.0
2024-01-02,18:59:00.000000000,47.4866,369.51,0.12077885253944924,2.857606198148112,-1.5980284009028072,0,0.0,0.0,0.0,0.0,0.0,0.0,0.0,0.0,0.0,0.9984704293288662,0.9984704293288662,0.0
2024-01-02,19:00:00.000000000,47.5,369.5,,,,0,0.0,0.0,0.0,0.0,0.0,0.0,0.0,0.0,0.0,0.9984704293288662,0.9984704293288662,0.0
2024-01-02,19:01:00.000000000,47.495,369.36,,,,0,0.0,0.0,0.0,0.0,0.0,0.0,0.0,0.0,0.0,0.9984704293288662,0.9984704293288662,0.0
2024-01-02,19:02:00.000000000,47.495,369.25,0.12174520320652116,2.5405837159920566,-1.590034918527282,0,0.0,0.0,0.0,0.0,0.0,0.0,0.0,0.0,0.0,0.9984704293288662,0.9984704293288662,0.0
2024-01-02,19:03:00.000000000,47.455,369.295,,,,0,0.0,0.0,0.0,0.0,0.0,0.0,0.0,0.0,0.0,0.9984704293288662,0.9984704293288662,0.0
2024-01-02,19:04:00.000000000,47.445,369.12,,,,0,0.0,0.0,0.0,0.0,0.0,0.0,0.0,0.0,0.0,0.9984704293288662,0.9984704293288662,0.0
2024-01-02,19:05:00.000000000,47.47,369.11,0.12273808744113024,2.166144544604414,-1.588713653159267,0,0.0,0.0,0.0,0.0,0.0,0.0,0.0,0.0,0.0,0.9984704293288662,0.9984704293288662,0.0
2024-01-02,19:06:00.000000000,47.44,369.01,,,,0,0.0,0.0,0.0,0.0,0.0,0.0,0.0,0.0,0.0,0.9984704293288662,0.9984704293288662,0.0
2024-01-02,19:07:00.000000000,47.43,368.911,,,,0,0.0,0.0,0.0,0.0,0.0,0.0,0.0,0.0,0.0,0.9984704293288662,0.9984704293288662,0.0
2024-01-02,19:08:00.000000000,47.43,368.98,0.12377721341224598,1.758683795149473,-1.5921057818877897,0,0.0,0.0,0.0,0.0,0.0,0.0,0.0,0.0,0.0,0.9984704293288662,0.9984704293288662,0.0
2024-01-02,19:09:00.000000000,47.447,369.1,,,,0,0.0,0.0,0.0,0.0,0.0,0.0,0.0,0.0,0.0,0.9984704293288662,0.9984704293288662,0.0
2024-01-02,19:10:00.000000000,47.465,369.15,,,,0,0.0,0.0,0.0,0.0,0.0,0.0,0.0,0.0,0.0,0.9984704293288662,0.9984704293288662,0.0
2024-01-02,19:11:00.000000000,47.49,369.335,0.12471120226585251,1.429788111141363,-1.5893530756696936,0,0.0,0.0,0.0,0.0,0.0,0.0,0.0,0.0,0.0,0.9984704293288662,0.9984704293288662,0.0
2024-01-02,19:12:00.000000000,47.5075,369.5,,,,0,0.0,0.0,0.0,0.0,0.0,0.0,0.0,0.0,0.0,0.9984704293288662,0.9984704293288662,0.0
2024-01-02,19:13:00.000000000,47.5,369.57,,,,0,0.0,0.0,0.0,0.0,0.0,0.0,0.0,0.0,0.0,0.9984704293288662,0.9984704293288662,0.0
2024-01-02,19:14:00.000000000,47.47,369.51,0.1256656130519961,1.03529932115692,-1.594357261928129,0,0.0,0.0,0.0,0.0,0.0,0.0,0.0,0.0,0.0,0.9984704293288662,0.9984704293288662,0.0
2024-01-02,19:15:00.000000000,47.45,369.4301,,,,0,0.0,0.0,0.0,0.0,0.0,0.0,0.0,0.0,0.0,0.9984704293288662,0.9984704293288662,0.0
2024-01-02,19:16:00.000000000,47.455,369.47,,,,0,0.0,0.0,0.0,0.0,0.0,0.0,0.0,0.0,0.0,0.9984704293288662,0.9984704293288662,0.0
2024-01-02,19:17:00.000000000,47.455,369.45,0.12663395166536864,0.6700865572295527,-1.596801699284963,0,0.0,0.0,0.0,0.0,0.0,0.0,0.0,0.0,0.0,0.9984704293288662,0.9984704293288662,0.0
2024-01-02,19:18:00.000000000,47.4592,369.51,,,,0,0.0,0.0,0.0,0.0,0.0,0.0,0.0,0.0,0.0,0.9984704293288662,0.9984704293288662,0.0
2024-01-02,19:19:00.000000000,47.46,369.4869,,,,0,0.0,0.0,0.0,0.0,0.0,0.0,0.0,0.0,0.0,0.9984704293288662,0.9984704293288662,0.0
2024-01-02,19:20:00.000000000,47.4675,369.48,0.12756597559309377,0.33442333786371137,-1.5965802213203708,0,0.0,0.0,0.0,0.0,0.0,0.0,0.0,0.0,0.0,0.9984704293288662,0.9984704293288662,0.0
2024-01-02,19:21:00.000000000,47.47,369.48,,,,0,0.0,0.0,0.0,0.0,0.0,0.0,0.0,0.0,0.0,0.9984704293288662,0.9984704293288662,0.0
2024-01-02,19:22:00.000000000,47.46,369.43,,,,0,0.0,0.0,0.0,0.0,0.0,0.0,0.0,0.0,0.0,0.9984704293288662,0.9984704293288662,0.0
2024-01-02,19:23:00.000000000,47.435,369.48,0.1285253450347849,-0.05254448345232987,-1.6021366830881245,0,0.0,0.0,0.0,0.0,0.0,0.0,0.0,0.0,0.0,0.9984704293288662,0.9984704293288662,0.0
2024-01-02,19:24:00.000000000,47.44,369.6,,,,0,0.0,0.0,0.0,0.0,0.0,0.0,0.0,0.0,0.0,0.9984704293288662,0.9984704293288662,0.0
2024-01-02,19:25:00.000000000,47.45,369.635,,,,0,0.0,0.0,0.0,0.0,0.0,0.0,0.0,0.0,0.0,0.9984704293288662,0.9984704293288662,0.0
2024-01-02,19:26:00.000000000,47.46,369.55,0.12943119045898188,-0.3712964341167577,-1.601452527297154,0,0.0,0.0,0.0,0.0,0.0,0.0,0.0,0.0,0.0,0.9984704293288662,0.9984704293288662,0.0
2024-01-02,19:27:00.000000000,47.455,369.455,,,,0,0.0,0.0,0.0,0.0,0.0,0.0,0.0,0.0,0.0,0.9984704293288662,0.9984704293288662,0.0
2024-01-02,19:28:00.000000000,47.4637,369.46,,,,0,0.0,0.0,0.0,0.0,0.0,0.0,0.0,0.0,0.0,0.9984704293288662,0.9984704293288662,0.0
2024-01-02,19:29:00.000000000,47.47,369.55,0.13030912716675339,-0.6857379444737148,-1.6001148360699853,0,0.0,0.0,0.0,0.0,0.0,0.0,0.0,0.0,0.0,0.9984704293288662,0.9984704293288662,0.0
2024-01-02,19:30:00.000000000,47.47,369.64,,,,0,0.0,0.0,0.0,0.0,0.0,0.0,0.0,0.0,0.0,0.9984704293288662,0.9984704293288662,0.0
2024-01-02,19:31:00.000000000,47.46,369.55,,,,0,0.0,0.0,0.0,0.0,0.0,0.0,0.0,0.0,0.0,0.9984704293288662,0.9984704293288662,0.0
2024-01-02,19:32:00.000000000,47.43,369.39,0.13123089902795643,-1.0453817919368262,-1.6036470512510563,0,0.0,0.0,0.0,0.0,0.0,0.0,0.0,0.0,0.0,0.9984704293288662,0.9984704293288662,0.0
2024-01-02,19:33:00.000000000,47.44,369.48,,,,0,0.0,0.0,0.0,0.0,0.0,0.0,0.0,0.0,0.0,0.9984704293288662,0.9984704293288662,0.0
2024-01-02,19:34:00.000000000,47.435,369.56,,,,0,0.0,0.0,0.0,0.0,0.0,0.0,0.0,0.0,0.0,0.9984704293288662,0.9984704293288662,0.0
2024-01-02,19:35:00.000000000,47.415,369.54,0.13215800100811712,-1.422667692539605,-1.6090424532486394,0,0.0,0.0,0.0,0.0,0.0,0.0,0.0,0.0,0.0,0.9984704293288662,0.9984704293288662,0.0
2024-01-02,19:36:00.000000000,47.395,369.495,,,,0,0.0,0.0,0.0,0.0,0.0,0.0,0.0,0.0,0.0,0.9984704293288662,0.9984704293288662,0.0
2024-01-02,19:37:00.000000000,47.4,369.57,,,,0,0.0,0.0,0.0,0.0,0.0,0.0,0.0,0.0,0.0,0.9984704293288662,0.9984704293288662,0.0
2024-01-02,19:38:00.000000000,47.3775,369.42,0.13312276951395766,-1.8007135138462402,-1.6146194047105087,0,0.0,0.0,0.0,0.0,0.0,0.0,0.0,0.0,0.0,0.9984704293288662,0.9984704293288662,0.0
2024-01-02,19:39:00.000000000,47.36,369.26,,,,0,0.0,0.0,0.0,0.0,0.0,0.0,0.0,0.0,0.0,0.9984704293288662,0.9984704293288662,0.0
2024-01-02,19:40:00.000000000,47.34,369.35,,,,0,0.0,0.0,0.0,0.0,0.0,0.0,0.0,0.0,0.0,0.9984704293288662,0.9984704293288662,0.0
2024-01-02,19:41:00.000000000,47.305,369.02,0.13417545629450944,-2.2084268817998733,-1.6224794343035613,0,0.0,0.0,0.0,0.0,0.0,0.0,0.0,0.0,0.0,0.9984704293288662,0.9984704293288662,0.0
2024-01-02,19:42:00.000000000,47.32,369.11,,,,0,0.0,0.0,0.0,0.0,0.0,0.0,0.0,0.0,0.0,0.9984704293288662,0.9984704293288662,0.0
2024-01-02,19:43:00.000000000,47.3275,369.26,,,,0,0.0,0.0,0.0,0.0,0.0,0.0,0.0,0.0,0.0,0.9984704293288662,0.9984704293288662,0.0
2024-01-02,19:44:00.000000000,47.3,369.06,0.13521644693756935,-2.6029819067793483,-1.628083353086238,0,0.0,0.0,0.0,0.0,0.0,0.0,0.0,0.0,0.0,0.9984704293288662,0.9984704293288662,0.0
2024-01-02,19:45:00.000000000,47.35,369.08,,,,0,0.0,0.0,0.0,0.0,0.0,0.0,0.0,0.0,0.0,0.9984704293288662,0.9984704293288662,0.0
2024-01-02,19:46:00.000000000,47.354,369.11,,,,0,0.0,0.0,0.0,0.0,0.0,0.0,0.0,0.0,0.0,0.9984704293288662,0.9984704293288662,0.0
2024-01-02,19:47:00.000000000,47.4001,368.97,0.1360885322636455,-2.8124857493172826,-1.6139799512989317,0,0.0,0.0,0.0,0.0,0.0,0.0,0.0,0.0,0.0,0.9984704293288662,0.9984704293288662,0.0
2024-01-02,19:48:00.000000000,47.41,369.02,,,,0,0.0,0.0,0.0,0.0,0.0,0.0,0.0,0.0,0.0,0.9984704293288662,0.9984704293288662,0.0
2024-01-02,19:49:00.000000000,47.395,368.9549,,,,0,0.0,0.0,0.0,0.0,0.0,0.0,0.0,0.0,0.0,0.9984704293288662,0.9984704293288662,0.0
2024-01-02,19:50:00.000000000,47.395,368.8995,0.13694799366803342,-3.125046390140689,-1.6102349258859847,0,0.0,0.0,0.0,0.0,0.0,0.0,0.0,0.0,0.0,0.9984704293288662,0.9984704293288662,0.0
2024-01-02,19:51:00.000000000,47.42,368.81,,,,0,0.0,0.0,0.0,0.0,0.0,0.0,0.0,0.0,0.0,0.9984704293288662,0.9984704293288662,0.0
2024-01-02,19:52:00.000000000,47.415,368.72,,,,0,0.0,0.0,0.0,0.0,0.0,0.0,0.0,0.0,0.0,0.9984704293288662,0.9984704293288662,0.0
2024-01-02,19:53:00.000000000,47.39,368.63,0.13778211553838296,-3.4006212509141065,-1.6025476403880259,0,0.0,0.0,0.0,0.0,0.0,0.0,0.0,0.0,0.0,0.9984704293288662,0.9984704293288662,0.0
2024-01-02,19:54:00.000000000,47.42,368.6,,,,0,0.0,0.0,0.0,0.0,0.0,0.0,0.0,0.0,0.0,0.9984704293288662,0.9984704293288662,0.0
2024-01-02,19:55:00.000000000,47.405,368.58,,,,0,0.0,0.0,0.0,0.0,0.0,0.0,0.0,0.0,0.0,0.9984704293288662,0.9984704293288662,0.0
2024-01-02,19:56:00.000000000,47.42,368.685,0.13855838203022147,-3.6643970788122004,-1.5934613651009037,0,0.0,0.0,0.0,0.0,0.0,0.0,0.0,0.0,0.0,0.9984704293288662,0.9984704293288662,0.0
2024-01-02,19:57:00.000000000,47.42,368.67,,,,0,0.0,0.0,0.0,0.0,0.0,0.0,0.0,0.0,0.0,0.9984704293288662,0.9984704293288662,0.0
2024-01-02,19:58:00.000000000,47.435,368.52,,,,0,0.0,0.0,0.0,0.0,0.0,0.0,0.0,0.0,0.0,0.9984704293288662,0.9984704293288662,0.0
2024-01-02,19:59:00.000000000,47.42,368.38,0.13929378455323727,-3.8930443537215424,-1.5805992396115254,1,0.0,0.0,0.0,0.0,0.0,0.0,0.0,0.0,0.0,0.9984704293288662,0.9984704293288662,0.0
2024-01-02,20:00:00.000000000,47.41,368.335,,,,0,0.0,0.0,0.0,0.0,0.0,0.0,0.0,0.0,0.0,0.9984704293288662,0.9984704293288662,0.0
2024-01-02,20:01:00.000000000,47.42,368.49,,,,0,0.0,0.0,0.0,0.0,0.0,0.0,0.0,0.0,0.0,0.9984704293288662,0.9984704293288662,0.0
2024-01-02,20:02:00.000000000,47.41,368.47,0.14003789646152567,-4.189763709178372,-1.5755626771370908,0,0.0,0.0,0.0,0.0,0.0,0.0,0.0,0.0,0.0,0.9984704293288662,0.9984704293288662,0.0
2024-01-02,20:03:00.000000000,47.355,368.43,,,,0,0.0,0.0,0.0,0.0,0.0,0.0,0.0,0.0,0.0,0.9984704293288662,0.9984704293288662,0.0
2024-01-02,20:04:00.000000000,47.35,368.445,,,,0,0.0,0.0,0.0,0.0,0.0,0.0,0.0,0.0,0.0,0.9984704293288662,0.9984704293288662,0.0
2024-01-02,20:05:00.000000000,47.36,368.41,0.1408364560436856,-4.5255587710542216,-1.5753790737275022,0,0.0,0.0,0.0,0.0,0.0,0.0,0.0,0.0,0.0,0.9984704293288662,0.9984704293288662,0.0
2024-01-02,20:06:00.000000000,47.36,368.43,,,,0,0.0,0.0,0.0,0.0,0.0,0.0,0.0,0.0,0.0,0.9984704293288662,0.9984704293288662,0.0
2024-01-02,20:07:00.000000000,47.381,368.665,,,,0,0.0,0.0,0.0,0.0,0.0,0.0,0.0,0.0,0.0,0.9984704293288662,0.9984704293288662,0.0
2024-01-02,20:08:00.000000000,47.365,368.56,0.141625962580294,-4.832664768593155,-1.5721096537445454,0,0.0,0.0,0.0,0.0,0.0,0.0,0.0,0.0,0.0,0.9984704293288662,0.9984704293288662,0.0
2024-01-02,20:09:00.000000000,47.355,368.555,,,,0,0.0,0.0,0.0,0.0,0.0,0.0,0.0,0.0,0.0,0.9984704293288662,0.9984704293288662,0.0
2024-01-02,20:10:00.000000000,47.36,368.665,,,,0,0.0,0.0,0.0,0.0,0.0,0.0,0.0,0.0,0.0,0.9984704293288662,0.9984704293288662,0.0
2024-01-02,20:11:00.000000000,47.335,368.61,0.14244316958051806,-5.17097673907476,-1.5723933904446017,0,0.0,0.0,0.0,0.0,0.0,0.0,0.0,0.0,0.0,0.9984704293288662,0.9984704293288662,0.0
2024-01-02,20:12:00.000000000,47.3,368.46,,,,0,0.0,0.0,0.0,0.0,0.0,0.0,0.0,0.0,0.0,0.9984704293288662,0.9984704293288662,0.0
2024-01-02,20:13:00.000000000,47.305,368.54,,,,0,0.0,0.0,0.0,0.0,0.0,0.0,0.0,0.0,0.0,0.9984704293288662,0.9984704293288662,0.0
2024-01-02,20:14:00.000000000,47.2987,368.68,0.14330484606609073,-5.534930647646334,-1.5754143037051145,0,0.0,0.0,0.0,0.0,0.0,0.0,0.0,0.0,0.0,0.9984704293288662,0.9984704293288662,0.0
2024-01-02,20:15:00.000000000,47.295,368.83,,,,0,0.0,0.0,0.0,0.0,0.0,0.0,0.0,0.0,0.0,0.9984704293288662,0.9984704293288662,0.0
2024-01-02,20:16:00.000000000,47.31,368.865,,,,0,0.0,0.0,0.0,0.0,0.0,0.0,0.0,0.0,0.0,0.9984704293288662,0.9984704293288662,0.0
2024-01-02,20:17:00.000000000,47.38,368.98,0.14405408657186639,-5.773076863287258,-1.5652369973984726,0,0.0,0.0,0.0,0.0,0.0,0.0,0.0,0.0,0.0,0.9984704293288662,0.9984704293288662,0.0
2024-01-02,20:18:00.000000000,47.35,368.91,,,,0,0.0,0.0,0.0,0.0,0.0,0.0,0.0,0.0,0.0,0.9984704293288662,0.9984704293288662,0.0
2024-01-02,20:19:00.000000000,47.33,368.8657,,,,0,0.0,0.0,0.0,0.0,0.0,0.0,0.0,0.0,0.0,0.9984704293288662,0.9984704293288662,0.0
2024-01-02,20:20:00.000000000,47.31,368.91,0.1448863799433846,-6.140034424914013,-1.5694676341441867,0,0.0,0.0,0.0,0.0,0.0,0.0,0.0,0.0,0.0,0.9984704293288662,0.9984704293288662,0.0
2024-01-02,20:21:00.000000000,47.34,369.0,,,,0,0.0,0.0,0.0,0.0,0.0,0.0,0.0,0.0,0.0,0.9984704293288662,0.9984704293288662,0.0
2024-01-02,20:22:00.000000000,47.3,368.79,,,,0,0.0,0.0,0.0,0.0,0.0,0.0,0.0,0.0,0.0,0.9984704293288662,0.9984704293288662,0.0
2024-01-02,20:23:00.000000000,47.345,368.99,0.14565978623776135,-6.402004523871561,-1.5628729158056411,0,0.0,0.0,0.0,0.0,0.0,0.0,0.0,0.0,0.0,0.9984704293288662,0.9984704293288662,0.0
2024-01-02,20:24:00.000000000,47.37,369.03,,,,0,0.0,0.0,0.0,0.0,0.0,0.0,0.0,0.0,0.0,0.9984704293288662,0.9984704293288662,0.0
2024-01-02,20:25:00.000000000,47.35,369.1767,,,,0,0.0,0.0,0.0,0.0,0.0,0.0,0.0,0.0,0.0,0.9984704293288662,0.9984704293288662,0.0
2024-01-02,20:26:00.000000000,47.37,369.28,0.14639702421606832,-6.691493102509703,-1.559467400318474,0,0.0,0.0,0.0,0.0,0.0,0.0,0.0,0.0,0.0,0.9984704293288662,0.9984704293288662,0.0
2024-01-02,20:27:00.000000000,47.365,369.24,,,,0,0.0,0.0,0.0,0.0,0.0,0.0,0.0,0.0,0.0,0.9984704293288662,0.9984704293288662,0.0
2024-01-02,20:28:00.000000000,47.365,369.25,,,,0,0.0,0.0,0.0,0.0,0.0,0.0,0.0,0.0,0.0,0.9984704293288662,0.9984704293288662,0.0
2024-01-02,20:29:00.000000000,47.375,369.32,0.14711500317839318,-6.9575129738441674,-1.5539042492880355,0,0.0,0.0,0.0,0.0,0.0,0.0,0.0,0.0,0.0,0.9984704293288662,0.9984704293288662,0.0
2024-01-02,20:30:00.000000000,47.42,369.62,,,,0,0.0,0.0,0.0,0.0,0.0,0.0,0.0,0.0,0.0,0.9984704293288662,0.9984704293288662,0.0
2024-01-02,20:31:00.000000000,47.415,369.87,,,,0,0.0,0.0,0.0,0.0,0.0,0.0,0.0,0.0,0.0,0.9984704293288662,0.9984704293288662,0.0
2024-01-02,20:32:00.000000000,47.415,369.88,0.14778869510184703,-7.249082544271182,-1.5515553802202842,0,0.0,0.0,0.0,0.0,0.0,0.0,0.0,0.0,0.0,0.9984704293288662,0.9984704293288662,0.0
2024-01-02,20:33:00.000000000,47.4101,369.75,,,,0,0.0,0.0,0.0,0.0,0.0,0.0,0.0,0.0,0.0,0.9984704293288662,0.9984704293288662,0.0
2024-01-02,20:34:00.000000000,47.4,369.44,,,,0,0.0,0.0,0.0,0.0,0.0,0.0,0.0,0.0,0.0,0.9984704293288662,0.9984704293288662,0.0
2024-01-02,20:35:00.000000000,47.39,369.41,0.14847672215198512,-7.458785930164829,-1.5406652389285318,0,0.0,0.0,0.0,0.0,0.0,0.0,0.0,0.0,0.0,0.9984704293288662,0.9984704293288662,0.0
2024-01-02,20:36:00.000000000,47.4,369.37,,,,0,0.0,0.0,0.0,0.0,0.0,0.0,0.0,0.0,0.0,0.9984704293288662,0.9984704293288662,0.0
2024-01-02,20:37:00.000000000,47.395,369.355,,,,0,0.0,0.0,0.0,0.0,0.0,0.0,0.0,0.0,0.0,0.9984704293288662,0.9984704293288662,0.0
2024-01-02,20:38:00.000000000,47.3721,369.29,0.14916889698839148,-7.714481968843089,-1.535549523502029,0,0.0,0.0,0.0,0.0,0.0,0.0,0.0,0.0,0.0,0.9984704293288662,0.9984704293288662,0.0
2024-01-02,20:39:00.000000000,47.37,369.445,,,,0,0.0,0.0,0.0,0.0,0.0,0.0,0.0,0.0,0.0,0.9984704293288662,0.9984704293288662,0.0
2024-01-02,20:40:00.000000000,47.365,369.52,,,,0,0.0,0.0,0.0,0.0,0.0,0.0,0.0,0.0,0.0,0.9984704293288662,0.9984704293288662,0.0
2024-01-02,20:41:00.000000000,47.37,369.55,0.14991202785381694,-8.029989893378051,-1.5375212492693386,0,0.0,0.0,0.0,0.0,0.0,0.0,0.0,0.0,0.0,0.9984704293288662,0.9984704293288662,0.0
2024-01-02,20:42:00.000000000,47.325,369.64,,,,0,0.0,0.0,0.0,0.0,0.0,0.0,0.0,0.0,0.0,0.9984704293288662,0.9984704293288662,0.0
2024-01-02,20:43:00.000000000,47.34,369.68,,,,0,0.0,0.0,0.0,0.0,0.0,0.0,0.0,0.0,0.0,0.9984704293288662,0.9984704293288662,0.0
2024-01-02,20:44:00.000000000,47.3487,369.7,0.1506726556773451,-8.354980803914486,-1.540821851703743,0,0.0,0.0,0.0,0.0,0.0,0.0,0.0,0.0,0.0,0.9984704293288662,0.9984704293288662,0.0
2024-01-02,20:45:00.000000000,47.355,369.91,,,,0,0.0,0.0,0.0,0.0,0.0,0.0,0.0,0.0,0.0,0.9984704293288662,0.9984704293288662,0.0
2024-01-02,20:46:00.000000000,47.37,369.92,,,,0,0.0,0.0,0.0,0.0,0.0,0.0,0.0,0.0,0.0,0.9984704293288662,0.9984704293288662,0.0
2024-01-02,20:47:00.000000000,47.4,369.96,0.15137225367015383,-8.601678967810109,-1.5353861773232422,0,0.0,0.0,0.0,0.0,0.0,0.0,0.0,0.0,0.0,0.9984704293288662,0.9984704293288662,0.0
2024-01-02,20:48:00.000000000,47.43,370.08,,,,0,0.0,0.0,0.0,0.0,0.0,0.0,0.0,0.0,0.0,0.9984704293288662,0.9984704293288662,0.0
2024-01-02,20:49:00.000000000,47.42,369.99,,,,0,0.0,0.0,0.0,0.0,0.0,0.0,0.0,0.0,0.0,0.9984704293288662,0.9984704293288662,0.0
2024-01-02,20:50:00.000000000,47.495,370.67,0.15196884395345475,-8.835291388227077,-1.5288523220381256,0,0.0,0.0,0.0,0.0,0.0,0.0,0.0,0.0,0.0,0.9984704293288662,0.9984704293288662,0.0
2024-01-02,20:51:00.000000000,47.485,370.79,,,,0,0.0,0.0,0.0,0.0,0.0,0.0,0.0,0.0,0.0,0.9984704293288662,0.9984704293288662,0.0
2024-01-02,20:52:00.000000000,47.465,370.71,,,,0,0.0,0.0,0.0,0.0,0.0,0.0,0.0,0.0,0.0,0.9984704293288662,0.9984704293288662,0.0
2024-01-02,20:53:00.000000000,47.48,370.75,0.15257146457837015,-9.085870492430736,-1.5246086545724142,0,0.0,0.0,0.0,0.0,0.0,0.0,0.0,0.0,0.0,0.9984704293288662,0.9984704293288662,0.0
2024-01-02,20:54:00.000000000,47.4499,370.415,,,,0,0.0,0.0,0.0,0.0,0.0,0.0,0.0,0.0,0.0,0.9984704293288662,0.9984704293288662,0.0
2024-01-02,20:55:00.000000000,47.49,370.52,,,,0,0.0,0.0,0.0,0.0,0.0,0.0,0.0,0.0,0.0,0.9984704293288662,0.9984704293288662,0.0
2024-01-02,20:56:00.000000000,47.505,370.85,0.15314619167634358,-9.28926518317202,-1.515273747263125,0,0.0,0.0,0.0,0.0,0.0,0.0,0.0,0.0,0.0,0.9984704293288662,0.9984704293288662,0.0
2024-01-02,20:57:00.000000000,47.505,371.0,,,,0,0.0,0.0,0.0,0.0,0.0,0.0,0.0,0.0,0.0,0.9984704293288662,0.9984704293288662,0.0
2024-01-02,20:58:00.000000000,47.525,371.18,,,,0,0.0,0.0,0.0,0.0,0.0,0.0,0.0,0.0,0.0,0.9984704293288662,0.9984704293288662,0.0
2024-01-02,20:59:00.000000000,47.51,370.73,0.1537162400587581,-9.477221676983397,-1.5046245254393935,1,0.0,0.0,0.0,0.0,0.0,0.0,0.0,0.0,0.0,0.9984704293288662,0.9984704293288662,0.0
2024-01-03,14:29:00.000000000,47.38,368.99,0.15436916098569428,-9.580676712111334,-1.4847201042958962,0,0.0,0.0,0.0,0.0,0.0,0.0,0.0,0.0,0.0,0.9984704293288662,0.9984704293288662,0.0
2024-01-03,14:30:00.000000000,47.335,369.43,,,,0,0.0,0.0,0.0,0.0,0.0,0.0,0.0,0.0,0.0,0.9984704293288662,0.9984704293288662,0.0
2024-01-03,14:31:00.000000000,47.195,370.63,,,,0,0.0,0.0,0.0,0.0,0.0,0.0,0.0,0.0,0.0,0.9984704293288662,0.9984704293288662,0.0
2024-01-03,14:32:00.000000000,47.12,370.95,0.15522254360784762,-10.45980255133108,-1.5565530283958195,0,0.0,0.0,0.0,0.0,0.0,0.0,0.0,0.0,0.0,0.9984704293288662,0.9984704293288662,0.0
2024-01-03,14:33:00.000000000,47.05,371.615,,,,0,0.0,0.0,0.0,0.0,0.0,0.0,0.0,0.0,0.0,0.9984704293288662,0.9984704293288662,0.0
2024-01-03,14:34:00.000000000,47.1,372.05,,,,0,0.0,0.0,0.0,0.0,0.0,0.0,0.0,0.0,0.0,0.9984704293288662,0.9984704293288662,0.0
2024-01-03,14:35:00.000000000,47.13,372.32,0.15582416818376285,-10.886454298178585,-1.573636091314722,0,0.0,0.0,0.0,0.0,0.0,0.0,0.0,0.0,0.0,0.9984704293288662,0.9984704293288662,0.0
2024-01-03,14:36:00.000000000,46.98,371.565,,,,0,0.0,0.0,0.0,0.0,0.0,0.0,0.0,0.0,0.0,0.9984704293288662,0.9984704293288662,0.0
2024-01-03,14:37:00.000000000,46.94,371.42,,,,0,0.0,0.0,0.0,0.0,0.0,0.0,0.0,0.0,0.0,0.9984704293288662,0.9984704293288662,0.0
2024-01-03,14:38:00.000000000,47.1,371.09,0.15666471135350252,-11.036707736171245,-1.5579300096882285,0,0.0,0.0,0.0,0.0,0.0,0.0,0.0,0.0,0.0,0.9984704293288662,0.9984704293288662,0.0
2024-01-03,14:39:00.000000000,47.1302,371.315,,,,0,0.0,0.0,0.0,0.0,0.0,0.0,0.0,0.0,0.0,0.9984704293288662,0.9984704293288662,0.0
2024-01-03,14:40:00.000000000,47.16,371.6184,,,,0,0.0,0.0,0.0,0.0,0.0,0.0,0.0,0.0,0.0,0.9984704293288662,0.9984704293288662,0.0
2024-01-03,14:41:00.000000000,47.11,371.84,0.15736996560001776,-11.406448008710598,-1.5693956625743368,0,0.0,0.0,0.0,0.0,0.0,0.0,0.0,0.0,0.0,0.9984704293288662,0.9984704293288662,0.0
2024-01-03,14:42:00.000000000,47.07,372.145,,,,0,0.0,0.0,0.0,0.0,0.0,0.0,0.0,0.0,0.0,0.9984704293288662,0.9984704293288662,0.0
2024-01-03,14:43:00.000000000,47.0,372.61,,,,0,0.0,0.0,0.0,0.0,0.0,0.0,0.0,0.0,0.0,0.9984704293288662,0.9984704293288662,0.0
2024-01-03,14:44:00.000000000,47.06,372.4,0.1579748574415843,-11.769836911245982,-1.580063564200828,0,0.0,0.0,0.0,0.0,0.0,0.0,0.0,0.0,0.0,0.9984704293288662,0.9984704293288662,0.0
2024-01-03,14:45:00.000000000,47.06,372.33,,,,0,0.0,0.0,0.0,0.0,0.0,0.0,0.0,0.0,0.0,0.9984704293288662,0.9984704293288662,0.0
2024-01-03,14:46:00.000000000,47.028,372.45,,,,0,0.0,0.0,0.0,0.0,0.0,0.0,0.0,0.0,0.0,0.9984704293288662,0.9984704293288662,0.0
2024-01-03,14:47:00.000000000,47.04,372.655,0.1585204184733733,-12.033426546194924,-1.5786507679853912,0,0.0,0.0,0.0,0.0,0.0,0.0,0.0,0.0,0.0,0.9984704293288662,0.9984704293288662,0.0
2024-01-03,14:48:00.000000000,47.23,373.0701,,,,0,0.0,0.0,0.0,0.0,0.0,0.0,0.0,0.0,0.0,0.9984704293288662,0.9984704293288662,0.0
2024-01-03,14:49:00.000000000,47.25,372.78,,,,0,0.0,0.0,0.0,0.0,0.0,0.0,0.0,0.0,0.0,0.9984704293288662,0.9984704293288662,0.0
2024-01-03,14:50:00.000000000,47.23,372.37,0.1590557936078565,-11.99760586575752,-1.5415376340527998,0,0.0,0.0,0.0,0.0,0.0,0.0,0.0,0.0,0.0,0.9984704293288662,0.9984704293288662,0.0
2024-01-03,14:51:00.000000000,47.17,371.9583,,,,0,0.0,0.0,0.0,0.0,0.0,0.0,0.0,0.0,0.0,0.9984704293288662,0.9984704293288662,0.0
2024-01-03,14:52:00.000000000,47.12,372.0,,,,0,0.0,0.0,0.0,0.0,0.0,0.0,0.0,0.0,0.0,0.9984704293288662,0.9984704293288662,0.0
2024-01-03,14:53:00.000000000,47.11,372.5,0.15961018984821043,-12.344795718458386,-1.5524920065050645,0,0.0,0.0,0.0,0.0,0.0,0.0,0.0,0.0,0.0,0.9984704293288662,0.9984704293288662,0.0
2024-01-03,14:54:00.000000000,47.14,372.4207,,,,0,0.0,0.0,0.0,0.0,0.0,0.0,0.0,0.0,0.0,0.9984704293288662,0.9984704293288662,0.0
2024-01-03,14:55:00.000000000,47.14,372.3,,,,0,0.0,0.0,0.0,0.0,0.0,0.0,0.0,0.0,0.0,0.9984704293288662,0.9984704293288662,0.0
2024-01-03,14:56:00.000000000,47.115,371.69,0.16032666437465742,-12.476817881416416,-1.537079847779661,0,0.0,0.0,0.0,0.0,0.0,0.0,0.0,0.0,0.0,0.9984704293288662,0.9984704293288662,0.0
2024-01-03,14:57:00.000000000,47.185,371.756,,,,0,0.0,0.0,0.0,0.0,0.0,0.0,0.0,0.0,0.0,0.9984704293288662,0.9984704293288662,0.0
2024-01-03,14:58:00.000000000,47.22,372.01,,,,0,0.0,0.0,0.0,0.0,0.0,0.0,0.0,0.0,0.0,0.9984704293288662,0.9984704293288662,0.0
2024-01-03,14:59:00.000000000,47.21,372.07,0.16092155653406756,-12.664083539630518,-1.5296332420039433,0,0.0,0.0,0.0,0.0,0.0,0.0,0.0,0.0,0.0,0.9984704293288662,0.9984704293288662,0.0
2024-01-03,15:00:00.000000000,47.215,372.6,,,,0,0.0,0.0,0.0,0.0,0.0,0.0,0.0,0.0,0.0,0.9984704293288662,0.9984704293288662,0.0
2024-01-03,15:01:00.000000000,47.08,372.285,,,,0,0.0,0.0,0.0,0.0,0.0,0.0,0.0,0.0,0.0,0.9984704293288662,0.9984704293288662,0.0
2024-01-03,15:02:00.000000000,47.19,373.0,0.16132043883392522,-12.982523685054112,-1.5394090160375218,0,0.0,0.0,0.0,0.0,0.0,0.0,0.0,0.0,0.0,0.9984704293288662,0.9984704293288662,0.0
2024-01-03,15:03:00.000000000,47.25,373.0671,,,,0,0.0,0.0,0.0,0.0,0.0,0.0,0.0,0.0,0.0,0.9984704293288662,0.9984704293288662,0.0
2024-01-03,15:04:00.000000000,47.28,372.773,,,,0,0.0,0.0,0.0,0.0,0.0,0.0,0.0,0.0,0.0,0.9984704293288662,0.9984704293288662,0.0
2024-01-03,15:05:00.000000000,47.29,372.5,0.1617962434249791,-12.979100675804723,-1.5088336090301093,0,0.0,0.0,0.0,0.0,0.0,0.0,0.0,0.0,0.0,0.9984704293288662,0.9984704293288662,0.0
2024-01-03,15:06:00.000000000,47.215,372.27,,,,0,0.0,0.0,0.0,0.0,0.0,0.0,0.0,0.0,0.0,0.9984704293288662,0.9984704293288662,0.0
2024-01-03,15:07:00.000000000,47.17,372.32,,,,0,0.0,0.0,0.0,0.0,0.0,0.0,0.0,0.0,0.0,0.9984704293288662,0.9984704293288662,0.0
2024-01-03,15:08:00.000000000,47.115,372.31,0.1623816925603273,-13.341327957135455,-1.5260295120652745,0,0.0,0.0,0.0,0.0,0.0,0.0,0.0,0.0,0.0,0.9984704293288662,0.9984704293288662,0.0
2024-01-03,15:09:00.000000000,47.04,371.92,,,,0,0.0,0.0,0.0,0.0,0.0,0.0,0.0,0.0,0.0,0.9984704293288662,0.9984704293288662,0.0
2024-01-03,15:10:00.000000000,47.02,371.75,,,,0,0.0,0.0,0.0,0.0,0.0,0.0,0.0,0.0,0.0,0.9984704293288662,0.9984704293288662,0.0
2024-01-03,15:11:00.000000000,47.125,371.525,0.1631058730754352,-13.472909494351057,-1.513500682102691,0,0.0,0.0,0.0,0.0,0.0,0.0,0.0,0.0,0.0,0.9984704293288662,0.9984704293288662,0.0
2024-01-03,15:12:00.000000000,47.13,371.4701,,,,0,0.0,0.0,0.0,0.0,0.0,0.0,0.0,0.0,0.0,0.9984704293288662,0.9984704293288662,0.0
2024-01-03,15:13:00.000000000,47.11,371.27,,,,0,0.0,0.0,0.0,0.0,0.0,0.0,0.0,0.0,0.0,0.9984704293288662,0.9984704293288662,0.0
2024-01-03,15:14:00.000000000,47.125,371.13,0.16388119786555558,-13.696228963843637,-1.5134669430383474,0,0.0,0.0,0.0,0.0,0.0,0.0,0.0,0.0,0.0,0.9984704293288662,0.9984704293288662,0.0
2024-01-03,15:15:00.000000000,47.14,371.3376,,,,0,0.0,0.0,0.0,0.0,0.0,0.0,0.0,0.0,0.0,0.9984704293288662,0.9984704293288662,0.0
2024-01-03,15:16:00.000000000,47.165,371.47,,,,0,0.0,0.0,0.0,0.0,0.0,0.0,0.0,0.0,0.0,0.9984704293288662,0.9984704293288662,0.0
2024-01-03,15:17:00.000000000,47.14,371.295,0.16462069213797167,-13.982839887368193,-1.5219421707411982,0,0.0,0.0,0.0,0.0,0.0,0.0,0.0,0.0,0.0,0.9984704293288662,0.9984704293288662,0.0
2024-01-03,15:18:00.000000000,47.11,371.35,,,,0,0.0,0.0,0.0,0.0,0.0,0.0,0.0,0.0,0.0,0.9984704293288662,0.9984704293288662,0.0
2024-01-03,15:19:00.000000000,47.12,371.56,,,,0,0.0,0.0,0.0,0.0,0.0,0.0,0.0,0.0,0.0,0.9984704293288662,0.9984704293288662,0.0
2024-01-03,15:20:00.000000000,47.1299,371.38,0.1653512595570367,-14.278250774292289,-1.5313513254113114,0,0.0,0.0,0.0,0.0,0.0,0.0,0.0,0.0,0.0,0.9984704293288662,0.9984704293288662,0.0
2024-01-03,15:21:00.000000000,47.11,371.21,,,,0,0.0,0.0,0.0,0.0,0.0,0.0,0.0,0.0,0.0,0.9984704293288662,0.9984704293288662,0.0
2024-01-03,15:22:00.000000000,47.15,371.34,,,,0,0.0,0.0,0.0,0.0,0.0,0.0,0.0,0.0,0.0,0.9984704293288662,0.9984704293288662,0.0
2024-01-03,15:23:00.000000000,47.15,371.35,0.16606899987921475,-14.519723105146404,-1.5332714280928905,0,0.0,0.0,0.0,0.0,0.0,0.0,0.0,0.0,0.0,0.9984704293288662,0.9984704293288662,0.0
2024-01-03,15:24:00.000000000,47.19,371.82,,,,0,0.0,0.0,0.0,0.0,0.0,0.0,0.0,0.0,0.0,0.9984704293288662,0.9984704293288662,0.0
2024-01-03,15:25:00.000000000,47.15,371.75,,,,0,0.0,0.0,0.0,0.0,0.0,0.0,0.0,0.0,0.0,0.9984704293288662,0.9984704293288662,0.0
2024-01-03,15:26:00.000000000,47.175,371.98,0.16667328760850422,-14.824129524611408,-1.5436214272977486,0,0.0,0.0,0.0,0.0,0.0,0.0,0.0,0.0,0.0,0.9984704293288662,0.9984704293288662,0.0
2024-01-03,15:27:00.000000000,47.19,372.39,,,,0,0.0,0.0,0.0,0.0,0.0,0.0,0.0,0.0,0.0,0.9984704293288662,0.9984704293288662,0.0
2024-01-03,15:28:00.000000000,47.19,372.51,,,,0,0.0,0.0,0.0,0.0,0.0,0.0,0.0,0.0,0.0,0.9984704293288662,0.9984704293288662,0.0
2024-01-03,15:29:00.000000000,47.17,372.1,0.16725631398003307,-15.066074431970307,-1.5452059400825788,0,0.0,0.0,0.0,0.0,0.0,0.0,0.0,0.0,0.0,0.9984704293288662,0.9984704293288662,0.0
2024-01-03,15:30:00.000000000,47.1244,372.11,,,,0,0.0,0.0,0.0,0.0,0.0,0.0,0.0,0.0,0.0,0.9984704293288662,0.9984704293288662,0.0
2024-01-03,15:31:00.000000000,47.11,372.19,,,,0,0.0,0.0,0.0,0.0,0.0,0.0,0.0,0.0,0.0,0.9984704293288662,0.9984704293288662,0.0
2024-01-03,15:32:00.000000000,47.05,371.98,0.16791825677003694,-15.412233153318347,-1.5609909528881116,0,0.0,0.0,0.0,0.0,0.0,0.0,0.0,0.0,0.0,0.9984704293288662,0.9984704293288662,0.0
2024-01-03,15:33:00.000000000,47.04,371.96,,,,0,0.0,0.0,0.0,0.0,0.0,0.0,0.0,0.0,0.0,0.9984704293288662,0.9984704293288662,0.0
2024-01-03,15:34:00.000000000,47.085,372.2,,,,0,0.0,0.0,0.0,0.0,0.0,0.0,0.0,0.0,0.0,0.9984704293288662,0.9984704293288662,0.0
2024-01-03,15:35:00.000000000,47.07,372.39,0.16848133033712515,-15.670762604242029,-1.5642891662690628,0,0.0,0.0,0.0,0.0,0.0,0.0,0.0,0.0,0.0,0.9984704293288662,0.9984704293288662,0.0
2024-01-03,15:36:00.000000000,47.0629,372.22,,,,0,0.0,0.0,0.0,0.0,0.0,0.0,0.0,0.0,0.0,0.9984704293288662,0.9984704293288662,0.0
2024-01-03,15:37:00.000000000,47.0,371.87,,,,0,0.0,0.0,0.0,0.0,0.0,0.0,0.0,0.0,0.0,0.9984704293288662,0.9984704293288662,0.0
2024-01-03,15:38:00.000000000,46.98,371.78,0.1692142947002441,-15.930490483656747,-1.56779627633689,0,0.0,0.0,0.0,0.0,0.0,0.0,0.0,0.0,0.0,0.9984704293288662,0.9984704293288662,0.0
2024-01-03,15:39:00.000000000,46.985,371.6092,,,,0,0.0,0.0,0.0,0.0,0.0,0.0,0.0,0.0,0.0,0.9984704293288662,0.9984704293288662,0.0
2024-01-03,15:40:00.000000000,46.99,371.69,,,,0,0.0,0.0,0.0,0.0,0.0,0.0,0.0,0.0,0.0,0.9984704293288662,0.9984704293288662,0.0
2024-01-03,15:41:00.000000000,47.01,371.7199,0.1699390047004028,-16.15970983333326,-1.5669951222954925,0,0.0,0.0,0.0,0.0,0.0,0.0,0.0,0.0,0.0,0.9984704293288662,0.9984704293288662,0.0
2024-01-03,15:42:00.000000000,47.015,371.595,,,,0,0.0,0.0,0.0,0.0,0.0,0.0,0.0,0.0,0.0,0.9984704293288662,0.9984704293288662,0.0
2024-01-03,15:43:00.000000000,47.055,371.9,,,,0,0.0,0.0,0.0,0.0,0.0,0.0,0.0,0.0,0.0,0.9984704293288662,0.9984704293288662,0.0
2024-01-03,15:44:00.000000000,47.0413,371.561,0.17067023343824225,-16.373102606546723,-1.5640284602242116,0,0.0,0.0,0.0,0.0,0.0,0.0,0.0,0.0,0.0,0.9984704293288662,0.9984704293288662,0.0
2024-01-03,15:45:00.000000000,47.05,371.575,,,,0,0.0,0.0,0.0,0.0,0.0,0.0,0.0,0.0,0.0,0.9984704293288662,0.9984704293288662,0.0
2024-01-03,15:46:00.000000000,47.08,371.8,,,,0,0.0,0.0,0.0,0.0,0.0,0.0,0.0,0.0,0.0,0.9984704293288662,0.9984704293288662,0.0
2024-01-03,15:47:00.000000000,47.1,371.625,0.17135354858135182,-16.579262491544867,-1.5604512576159306,0,0.0,0.0,0.0,0.0,0.0,0.0,0.0,0.0,0.0,0.9984704293288662,0.9984704293288662,0.0
2024-01-03,15:48:00.000000000,47.11,371.55,,,,0,0.0,0.0,0.0,0.0,0.0,0.0,0.0,0.0,0.0,0.9984704293288662,0.9984704293288662,0.0
2024-01-03,15:49:00.000000000,47.07,371.56,,,,0,0.0,0.0,0.0,0.0,0.0,0.0,0.0,0.0,0.0,0.9984704293288662,0.9984704293288662,0.0
2024-01-03,15:50:00.000000000,47.0607,371.72,0.17204030298254575,-16.89012142467191,-1.5719926921572709,0,0.0,0.0,0.0,0.0,0.0,0.0,0.0,0.0,0.0,0.9984704293288662,0.9984704293288662,0.0
2024-01-03,15:51:00.000000000,47.065,371.89,,,,0,0.0,0.0,0.0,0.0,0.0,0.0,0.0,0.0,0.0,0.9984704293288662,0.9984704293288662,0.0
2024-01-03,15:52:00.000000000,47.07,371.8,,,,0,0.0,0.0,0.0,0.0,0.0,0.0,0.0,0.0,0.0,0.9984704293288662,0.9984704293288662,0.0
2024-01-03,15:53:00.000000000,47.0747,371.73,0.17271459081721016,-17.12849484448153,-1.5731453574236405,0,0.0,0.0,0.0,0.0,0.0,0.0,0.0,0.0,0.0,0.9984704293288662,0.9984704293288662,0.0
2024-01-03,15:54:00.000000000,47.08,371.78,,,,0,0.0,0.0,0.0,0.0,0.0,0.0,0.0,0.0,0.0,0.9984704293288662,0.9984704293288662,0.0
2024-01-03,15:55:00.000000000,47.09,371.89,,,,0,0.0,0.0,0.0,0.0,0.0,0.0,0.0,0.0,0.0,0.9984704293288662,0.9984704293288662,0.0
2024-01-03,15:56:00.000000000,47.095,371.89,0.17334788733413473,-17.37134582069136,-1.5751545835608554,0,0.0,0.0,0.0,0.0,0.0,0.0,0.0,0.0,0.0,0.9984704293288662,0.9984704293288662,0.0
2024-01-03,15:57:00.000000000,47.105,372.25,,,,0,0.0,0.0,0.0,0.0,0.0,0.0,0.0,0.0,0.0,0.9984704293288662,0.9984704293288662,0.0
2024-01-03,15:58:00.000000000,47.075,372.39,,,,0,0.0,0.0,0.0,0.0,0.0,0.0,0.0,0.0,0.0,0.9984704293288662,0.9984704293288662,0.0
2024-01-03,15:59:00.000000000,47.09,372.29,0.17390483461152598,-17.653030877525012,-1.583657194253834,0,0.0,0.0,0.0,0.0,0.0,0.0,0.0,0.0,0.0,0.9984704293288662,0.9984704293288662,0.0
2024-01-03,16:00:00.000000000,47.11,372.7557,,,,0,0.0,0.0,0.0,0.0,0.0,0.0,0.0,0.0,0.0,0.9984704293288662,0.9984704293288662,0.0
2024-01-03,16:01:00.000000000,47.085,372.675,,,,0,0.0,0.0,0.0,0.0,0.0,0.0,0.0,0.0,0.0,0.9984704293288662,0.9984704293288662,0.0
2024-01-03,16:02:00.000000000,47.115,372.44,0.17441846239159586,-17.845412133125954,-1.5792554041685154,0,0.0,0.0,0.0,0.0,0.0,0.0,0.0,0.0,0.0,0.9984704293288662,0.9984704293288662,0.0
2024-01-03,16:03:00.000000000,47.11,372.236,,,,0,0.0,0.0,0.0,0.0,0.0,0.0,0.0,0.0,0.0,0.9984704293288662,0.9984704293288662,0.0
2024-01-03,16:04:00.000000000,47.08,372.015,,,,0,0.0,0.0,0.0,0.0,0.0,0.0,0.0,0.0,0.0,0.9984704293288662,0.9984704293288662,0.0
2024-01-03,16:05:00.000000000,47.04,371.62,0.17511944254468828,-18.037887238457067,-1.574936668152285,0,0.0,0.0,0.0,0.0,0.0,0.0,0.0,0.0,0.0,0.9984704293288662,0.9984704293288662,0.0
2024-01-03,16:06:00.000000000,47.09,371.355,,,,0,0.0,0.0,0.0,0.0,0.0,0.0,0.0,0.0,0.0,0.9984704293288662,0.9984704293288662,0.0
2024-01-03,16:07:00.000000000,47.065,371.24,,,,0,0.0,0.0,0.0,0.0,0.0,0.0,0.0,0.0,0.0,0.9984704293288662,0.9984704293288662,0.0
2024-01-03,16:08:00.000000000,47.14,371.35,0.17579514708784225,-18.141527871070224,-1.5578230422604769,0,0.0,0.0,0.0,0.0,0.0,0.0,0.0,0.0,0.0,0.9984704293288662,0.9984704293288662,0.0
2024-01-03,16:09:00.000000000,47.11,371.4491,,,,0,0.0,0.0,0.0,0.0,0.0,0.0,0.0,0.0,0.0,0.9984704293288662,0.9984704293288662,0.0
2024-01-03,16:10:00.000000000,47.07,371.35,,,,0,0.0,0.0,0.0,0.0,0.0,0.0,0.0,0.0,0.0,0.9984704293288662,0.9984704293288662,0.0
2024-01-03,16:11:00.000000000,47.095,371.29,0.17650296321003175,-18.43878521025269,-1.5701861053682669,0,0.0,0.0,0.0,0.0,0.0,0.0,0.0,0.0,0.0,0.9984704293288662,0.9984704293288662,0.0
2024-01-03,16:12:00.000000000,47.1195,371.4611,,,,0,0.0,0.0,0.0,0.0,0.0,0.0,0.0,0.0,0.0,0.9984704293288662,0.9984704293288662,0.0
2024-01-03,16:13:00.000000000,47.12,371.4867,,,,0,0.0,0.0,0.0,0.0,0.0,0.0,0.0,0.0,0.0,0.9984704293288662,0.9984704293288662,0.0
2024-01-03,16:14:00.000000000,47.11,371.365,0.17718844788470411,-18.691587948703145,-1.5754159033397164,0,0.0,0.0,0.0,0.0,0.0,0.0,0.0,0.0,0.0,0.9984704293288662,0.9984704293288662,0.0
2024-01-03,16:15:00.000000000,47.1,371.67,,,,0,0.0,0.0,0.0,0.0,0.0,0.0,0.0,0.0,0.0,0.9984704293288662,0.9984704293288662,0.0
2024-01-03,16:16:00.000000000,47.08,371.5846,,,,0,0.0,0.0,0.0,0.0,0.0,0.0,0.0,0.0,0.0,0.9984704293288662,0.9984704293288662,0.0
2024-01-03,16:17:00.000000000,47.04,371.78,0.17784948958207514,-19.080883236823887,-1.6013080864565796,0,0.0,0.0,0.0,0.0,0.0,0.0,0.0,0.0,0.0,0.9984704293288662,0.9984704293288662,0.0
2024-01-03,16:18:00.000000000,47.01,371.765,,,,0,0.0,0.0,0.0,0.0,0.0,0.0,0.0,0.0,0.0,0.9984704293288662,0.9984704293288662,0.0
2024-01-03,16:19:00.000000000,47.0,371.83,,,,0,0.0,0.0,0.0,0.0,0.0,0.0,0.0,0.0,0.0,0.9984704293288662,0.9984704293288662,0.0
2024-01-03,16:20:00.000000000,47.025,371.985,0.17847814424791814,-19.366192488061834,-1.6107367407080604,0,0.0,0.0,0.0,0.0,0.0,0.0,0.0,0.0,0.0,0.9984704293288662,0.9984704293288662,0.0
2024-01-03,16:21:00.000000000,47.0,371.686,,,,0,0.0,0.0,0.0,0.0,0.0,0.0,0.0,0.0,0.0,0.9984704293288662,0.9984704293288662,0.0
2024-01-03,16:22:00.000000000,47.0,371.83,,,,0,0.0,0.0,0.0,0.0,0.0,0.0,0.0,0.0,0.0,0.9984704293288662,0.9984704293288662,0.0
2024-01-03,16:23:00.000000000,47.025,371.92,0.17911645850187272,-19.591993246016507,-1.6111423175956747,0,0.0,0.0,0.0,0.0,0.0,0.0,0.0,0.0,0.0,0.9984704293288662,0.9984704293288662,0.0
2024-01-03,16:24:00.000000000,47.072,371.83,,,,0,0.0,0.0,0.0,0.0,0.0,0.0,0.0,0.0,0.0,0.9984704293288662,0.9984704293288662,0.0
2024-01-03,16:25:00.000000000,47.06,371.7874,,,,0,0.0,0.0,0.0,0.0,0.0,0.0,0.0,0.0,0.0,0.9984704293288662,0.9984704293288662,0.0
2024-01-03,16:26:00.000000000,47.085,372.08,0.17969455306195986,-19.775749303294027,-1.605214023437394,0,0.0,0.0,0.0,0.0,0.0,0.0,0.0,0.0,0.0,0.9984704293288662,0.9984704293288662,0.0
2024-01-03,16:27:00.000000000,47.065,371.86,,,,0,0.0,0.0,0.0,0.0,0.0,0.0,0.0,0.0,0.0,0.9984704293288662,0.9984704293288662,0.0
2024-01-03,16:28:00.000000000,47.07,371.8,,,,0,0.0,0.0,0.0,0.0,0.0,0.0,0.0,0.0,0.0,0.9984704293288662,0.9984704293288662,0.0
2024-01-03,16:29:00.000000000,47.085,371.87,0.18030695058410554,-19.96574571371132,-1.6004115183179068,0,0.0,0.0,0.0,0.0,0.0,0.0,0.0,0.0,0.0,0.9984704293288662,0.9984704293288662,0.0
2024-01-03,16:30:00.000000000,47.04,371.74,,,,0,0.0,0.0,0.0,0.0,0.0,0.0,0.0,0.0,0.0,0.9984704293288662,0.9984704293288662,0.0
2024-01-03,16:31:00.000000000,47.06,371.96,,,,0,0.0,0.0,0.0,0.0,0.0,0.0,0.0,0.0,0.0,0.9984704293288662,0.9984704293288662,0.0
2024-01-03,16:32:00.000000000,47.04,371.96,0.18092321949882975,-20.256200724784712,-1.611605229390653,0,0.0,0.0,0.0,0.0,0.0,0.0,0.0,0.0,0.0,0.9984704293288662,0.9984704293288662,0.0
2024-01-03,16:33:00.000000000,47.055,371.96,,,,0,0.0,0.0,0.0,0.0,0.0,0.0,0.0,0.0,0.0,0.9984704293288662,0.9984704293288662,0.0
2024-01-03,16:34:00.000000000,47.03,371.6,,,,0,0.0,0.0,0.0,0.0,0.0,0.0,0.0,0.0,0.0,0.9984704293288662,0.9984704293288662,0.0
2024-01-03,16:35:00.000000000,47.03,371.52,0.1816144884950299,-20.44341476567351,-1.6063030059003591,0,0.0,0.0,0.0,0.0,0.0,0.0,0.0,0.0,0.0,0.9984704293288662,0.9984704293288662,0.0
2024-01-03,16:36:00.000000000,47.02,371.4901,,,,0,0.0,0.0,0.0,0.0,0.0,0.0,0.0,0.0,0.0,0.9984704293288662,0.9984704293288662,0.0
2024-01-03,16:37:00.000000000,47.025,371.25,,,,0,0.0,0.0,0.0,0.0,0.0,0.0,0.0,0.0,0.0,0.9984704293288662,0.9984704293288662,0.0
2024-01-03,16:38:00.000000000,47.02,371.17,0.18235506692827144,-20.664730191766516,-1.606605740266574,0,0.0,0.0,0.0,0.0,0.0,0.0,0.0,0.0,0.0,0.9984704293288662,0.9984704293288662,0.0
2024-01-03,16:39:00.000000000,47.015,371.0081,,,,0,0.0,0.0,0.0,0.0,0.0,0.0,0.0,0.0,0.0,0.9984704293288662,0.9984704293288662,0.0
2024-01-03,16:40:00.000000000,46.9828,370.6,,,,0,0.0,0.0,0.0,0.0,0.0,0.0,0.0,0.0,0.0,0.9984704293288662,0.9984704293288662,0.0
2024-01-03,16:41:00.000000000,46.99,370.8,0.1831516741918725,-20.92264079034633,-1.6128447225109441,0,0.0,0.0,0.0,0.0,0.0,0.0,0.0,0.0,0.0,0.9984704293288662,0.9984704293288662,0.0
2024-01-03,16:42:00.000000000,47.03,370.99,,,,0,0.0,0.0,0.0,0.0,0.0,0.0,0.0,0.0,0.0,0.9984704293288662,0.9984704293288662,0.0
2024-01-03,16:43:00.000000000,47.015,370.91,,,,0,0.0,0.0,0.0,0.0,0.0,0.0,0.0,0.0,0.0,0.9984704293288662,0.9984704293288662,0.0
2024-01-03,16:44:00.000000000,47.03,370.85,0.18390960832300124,-21.172878246585014,-1.6175863776051203,0,0.0,0.0,0.0,0.0,0.0,0.0,0.0,0.0,0.0,0.9984704293288662,0.9984704293288662,0.0
2024-01-03,16:45:00.000000000,47.04,370.99,,,,0,0.0,0.0,0.0,0.0,0.0,0.0,0.0,0.0,0.0,0.9984704293288662,0.9984704293288662,0.0
2024-01-03,16:46:00.000000000,47.05,370.96,,,,0,0.0,0.0,0.0,0.0,0.0,0.0,0.0,0.0,0.0,0.9984704293288662,0.9984704293288662,0.0
2024-01-03,16:47:00.000000000,47.06,371.01,0.18462737878872973,-21.43860380440661,-1.6248228919391825,0,0.0,0.0,0.0,0.0,0.0,0.0,0.0,0.0,0.0,0.9984704293288662,0.9984704293288662,0.0
2024-01-03,16:48:00.000000000,47.045,370.95,,,,0,0.0,0.0,0.0,0.0,0.0,0.0,0.0,0.0,0.0,0.9984704293288662,0.9984704293288662,0.0
2024-01-03,16:49:00.000000000,47.045,370.97,,,,0,0.0,0.0,0.0,0.0,0.0,0.0,0.0,0.0,0.0,0.9984704293288662,0.9984704293288662,0.0
2024-01-03,16:50:00.000000000,47.05,371.06,0.1853429453147089,-21.72335328847589,-1.6350375511669677,0,0.0,0.0,0.0,0.0,0.0,0.0,0.0,0.0,0.0,0.9984704293288662,0.9984704293288662,0.0
2024-01-03,16:51:00.000000000,47.045,370.92,,,,0,0.0,0.0,0.0,0.0,0.0,0.0,0.0,0.0,0.0,0.9984704293288662,0.9984704293288662,0.0
2024-01-03,16:52:00.000000000,47.0301,370.99,,,,0,0.0,0.0,0.0,0.0,0.0,0.0,0.0,0.0,0.0,0.9984704293288662,0.9984704293288662,0.0
2024-01-03,16:53:00.000000000,47.0295,371.0293,0.186071213001819,-22.0083719102158,-1.644892029777335,0,0.0,0.0,0.0,0.0,0.0,0.0,0.0,0.0,0.0,0.9984704293288662,0.9984704293288662,0.0
2024-01-03,16:54:00.000000000,47.025,370.965,,,,0,0.0,0.0,0.0,0.0,0.0,0.0,0.0,0.0,0.0,0.9984704293288662,0.9984704293288662,0.0
2024-01-03,16:55:00.000000000,47.025,370.9,,,,0,0.0,0.0,0.0,0.0,0.0,0.0,0.0,0.0,0.0,0.9984704293288662,0.9984704293288662,0.0
2024-01-03,16:56:00.000000000,47.015,370.785,0.18682739233863993,-22.257794668282614,-1.6485061577436533,0,0.0,0.0,0.0,0.0,0.0,0.0,0.0,0.0,0.0,0.9984704293288662,0.9984704293288662,0.0
2024-01-03,16:57:00.000000000,47.01,370.8229,,,,0,0.0,0.0,0.0,0.0,0.0,0.0,0.0,0.0,0.0,0.9984704293288662,0.9984704293288662,0.0
2024-01-03,16:58:00.000000000,47.005,370.9099,,,,0,0.0,0.0,0.0,0.0,0.0,0.0,0.0,0.0,0.0,0.9984704293288662,0.9984704293288662,0.0
2024-01-03,16:59:00.000000000,47.0,370.7993,0.18758841445301344,-22.557652767287266,-1.6599416359127004,0,0.0,0.0,0.0,0.0,0.0,0.0,0.0,0.0,0.0,0.9984704293288662,0.9984704293288662,0.0
2024-01-03,17:00:00.000000000,46.98,370.8,,,,0,0.0,0.0,0.0,0.0,0.0,0.0,0.0,0.0,0.0,0.9984704293288662,0.9984704293288662,0.0
2024-01-03,17:01:00.000000000,46.97,370.93,,,,0,0.0,0.0,0.0,0.0,0.0,0.0,0.0,0.0,0.0,0.9984704293288662,0.9984704293288662,0.0
2024-01-03,17:02:00.000000000,46.975,371.09,0.1883332013741343,-22.913567697927498,-1.6795924086530736,0,0.0,0.0,0.0,0.0,0.0,0.0,0.0,0.0,0.0,0.9984704293288662,0.9984704293288662,0.0
2024-01-03,17:03:00.000000000,46.965,371.1478,,,,0,0.0,0.0,0.0,0.0,0.0,0.0,0.0,0.0,0.0,0.9984704293288662,0.9984704293288662,0.0
2024-01-03,17:04:00.000000000,46.99,371.17,,,,0,0.0,0.0,0.0,0.0,0.0,0.0,0.0,0.0,0.0,0.9984704293288662,0.9984704293288662,0.0
2024-01-03,17:05:00.000000000,47.005,371.1523,0.18904761054550506,-23.16045546346846,-1.6803465494112368,0,0.0,0.0,0.0,0.0,0.0,0.0,0.0,0.0,0.0,0.9984704293288662,0.9984704293288662,0.0
2024-01-03,17:06:00.000000000,47.0547,370.94,,,,0,0.0,0.0,0.0,0.0,0.0,0.0,0.0,0.0,0.0,0.9984704293288662,0.9984704293288662,0.0
2024-01-03,17:07:00.000000000,47.01,371.18,,,,0,0.0,0.0,0.0,0.0,0.0,0.0,0.0,0.0,0.0,0.9984704293288662,0.9984704293288662,0.0
2024-01-03,17:08:00.000000000,47.005,370.98,0.18977580399783037,-23.398027767115117,-1.6799914986265319,0,0.0,0.0,0.0,0.0,0.0,0.0,0.0,0.0,0.0,0.9984704293288662,0.9984704293288662,0.0
2024-01-03,17:09:00.000000000,47.005,370.825,,,,0,0.0,0.0,0.0,0.0,0.0,0.0,0.0,0.0,0.0,0.9984704293288662,0.9984704293288662,0.0
2024-01-03,17:10:00.000000000,47.015,370.84,,,,0,0.0,0.0,0.0,0.0,0.0,0.0,0.0,0.0,0.0,0.9984704293288662,0.9984704293288662,0.0
2024-01-03,17:11:00.000000000,47.065,370.9187,0.19046437707904273,-23.581799142468327,-1.6708909021940723,0,0.0,0.0,0.0,0.0,0.0,0.0,0.0,0.0,0.0,0.9984704293288662,0.9984704293288662,0.0
2024-01-03,17:12:00.000000000,47.055,370.97,,,,0,0.0,0.0,0.0,0.0,0.0,0.0,0.0,0.0,0.0,0.9984704293288662,0.9984704293288662,0.0
2024-01-03,17:13:00.000000000,47.05,371.065,,,,0,0.0,0.0,0.0,0.0,0.0,0.0,0.0,0.0,0.0,0.9984704293288662,0.9984704293288662,0.0
2024-01-03,17:14:00.000000000,47.02,371.08,0.1911648941311823,-23.917468914199112,-1.6871242214639304,0,0.0,0.0,0.0,0.0,0.0,0.0,0.0,0.0,0.0,0.9984704293288662,0.9984704293288662,0.0
2024-01-03,17:15:00.000000000,47.025,371.015,,,,0,0.0,0.0,0.0,0.0,0.0,0.0,0.0,0.0,0.0,0.9984704293288662,0.9984704293288662,0.0
2024-01-03,17:16:00.000000000,47.025,371.085,,,,0,0.0,0.0,0.0,0.0,0.0,0.0,0.0,0.0,0.0,0.9984704293288662,0.9984704293288662,0.0
2024-01-03,17:17:00.000000000,47.02,371.16,0.1918535585961289,-24.188366808539207,-1.69223588624854,0,0.0,0.0,0.0,0.0,0.0,0.0,0.0,0.0,0.0,0.9984704293288662,0.9984704293288662,0.0
2024-01-03,17:18:00.000000000,47.02,371.1,,,,0,0.0,0.0,0.0,0.0,0.0,0.0,0.0,0.0,0.0,0.9984704293288662,0.9984704293288662,0.0
2024-01-03,17:19:00.000000000,47.005,371.08,,,,0,0.0,0.0,0.0,0.0,0.0,0.0,0.0,0.0,0.0,0.9984704293288662,0.9984704293288662,0.0
2024-01-03,17:20:00.000000000,47.005,371.14,0.19255006637453395,-24.458031634244527,-1.6972751514919866,0,0.0,0.0,0.0,0.0,0.0,0.0,0.0,0.0,0.0,0.9984704293288662,0.9984704293288662,0.0
2024-01-03,17:21:00.000000000,47.01,371.115,,,,0,0.0,0.0,0.0,0.0,0.0,0.0,0.0,0.0,0.0,0.9984704293288662,0.9984704293288662,0.0
2024-01-03,17:22:00.000000000,47.025,371.16,,,,0,0.0,0.0,0.0,0.0,0.0,0.0,0.0,0.0,0.0,0.9984704293288662,0.9984704293288662,0.0
2024-01-03,17:23:00.000000000,47.0256,371.21,0.19322284466403186,-24.70065216773527,-1.69770096471324,0,0.0,0.0,0.0,0.0,0.0,0.0,0.0,0.0,0.0,0.9984704293288662,0.9984704293288662,0.0
2024-01-03,17:24:00.000000000,47.04,371.13,,,,0,0.0,0.0,0.0,0.0,0.0,0.0,0.0,0.0,0.0,0.9984704293288662,0.9984704293288662,0.0
2024-01-03,17:25:00.000000000,47.0225,371.24,,,,0,0.0,0.0,0.0,0.0,0.0,0.0,0.0,0.0,0.0,0.9984704293288662,0.9984704293288662,0.0
2024-01-03,17:26:00.000000000,47.055,371.18,0.19387712135032037,-24.908309902811915,-1.6922175203366123,0,0.0,0.0,0.0,0.0,0.0,0.0,0.0,0.0,0.0,0.9984704293288662,0.9984704293288662,0.0
2024-01-03,17:27:00.000000000,47.07,371.332,,,,0,0.0,0.0,0.0,0.0,0.0,0.0,0.0,0.0,0.0,0.9984704293288662,0.9984704293288662,0.0
2024-01-03,17:28:00.000000000,47.1,371.595,,,,0,0.0,0.0,0.0,0.0,0.0,0.0,0.0,0.0,0.0,0.9984704293288662,0.9984704293288662,0.0
2024-01-03,17:29:00.000000000,47.105,371.71,0.19444142677218473,-25.170822745488785,-1.6960032541013326,0,0.0,0.0,0.0,0.0,0.0,0.0,0.0,0.0,0.0,0.9984704293288662,0.9984704293288662,0.0
2024-01-03,17:30:00.000000000,47.09,371.75,,,,0,0.0,0.0,0.0,0.0,0.0,0.0,0.0,0.0,0.0,0.9984704293288662,0.9984704293288662,0.0
2024-01-03,17:31:00.000000000,47.075,371.64,,,,0,0.0,0.0,0.0,0.0,0.0,0.0,0.0,0.0,0.0,0.9984704293288662,0.9984704293288662,0.0
2024-01-03,17:32:00.000000000,47.08,371.718,0.19501481170766388,-25.410515778349406,-1.6956600935245458,0,0.0,0.0,0.0,0.0,0.0,0.0,0.0,0.0,0.0,0.9984704293288662,0.9984704293288662,0.0
2024-01-03,17:33:00.000000000,47.0769,371.87,,,,0,0.0,0.0,0.0,0.0,0.0,0.0,0.0,0.0,0.0,0.9984704293288662,0.9984704293288662,0.0
2024-01-03,17:34:00.000000000,47.08,371.86,,,,0,0.0,0.0,0.0,0.0,0.0,0.0,0.0,0.0,0.0,0.9984704293288662,0.9984704293288662,0.0
2024-01-03,17:35:00.000000000,47.09,371.9,0.19555573600580545,-25.637178220559036,-1.692847196841566,0,0.0,0.0,0.0,0.0,0.0,0.0,0.0,0.0,0.0,0.9984704293288662,0.9984704293288662,0.0
2024-01-03,17:36:00.000000000,47.065,371.78,,,,0,0.0,0.0,0.0,0.0,0.0,0.0,0.0,0.0,0.0,0.9984704293288662,0.9984704293288662,0.0
2024-01-03,17:37:00.000000000,47.06,371.81,,,,0,0.0,0.0,0.0,0.0,0.0,0.0,0.0,0.0,0.0,0.9984704293288662,0.9984704293288662,0.0
2024-01-03,17:38:00.000000000,47.04,371.76,0.19613836671549792,-25.8763992101535,-1.6924715689557253,0,0.0,0.0,0.0,0.0,0.0,0.0,0.0,0.0,0.0,0.9984704293288662,0.9984704293288662,0.0
2024-01-03,17:39:00.000000000,47.025,371.78,,,,0,0.0,0.0,0.0,0.0,0.0,0.0,0.0,0.0,0.0,0.9984704293288662,0.9984704293288662,0.0
2024-01-03,17:40:00.000000000,47.02,371.89,,,,0,0.0,0.0,0.0,0.0,0.0,0.0,0.0,0.0,0.0,0.9984704293288662,0.9984704293288662,0.0
2024-01-03,17:41:00.000000000,47.025,371.8709,0.1967090949072291,-26.12538816133671,-1.6933690946728837,0,0.0,0.0,0.0,0.0,0.0,0.0,0.0,0.0,0.0,0.9984704293288662,0.9984704293288662,0.0
2024-01-03,17:42:00.000000000,47.025,371.8715,,,,0,0.0,0.0,0.0,0.0,0.0,0.0,0.0,0.0,0.0,0.9984704293288662,0.9984704293288662,0.0
2024-01-03,17:43:00.000000000,47.005,371.8347,,,,0,0.0,0.0,0.0,0.0,0.0,0.0,0.0,0.0,0.0,0.9984704293288662,0.9984704293288662,0.0
2024-01-03,17:44:00.000000000,46.98,371.8,0.19730975641879625,-26.379767436508452,-1.6952029119516627,0,0.0,0.0,0.0,0.0,0.0,0.0,0.0,0.0,0.0,0.9984704293288662,0.9984704293288662,0.0
2024-01-03,17:45:00.000000000,46.975,371.75,,,,0,0.0,0.0,0.0,0.0,0.0,0.0,0.0,0.0,0.0,0.9984704293288662,0.9984704293288662,0.0
2024-01-03,17:46:00.000000000,46.96,371.805,,,,0,0.0,0.0,0.0,0.0,0.0,0.0,0.0,0.0,0.0,0.9984704293288662,0.9984704293288662,0.0
2024-01-03,17:47:00.000000000,46.975,371.87,0.19789899779245426,-26.61770030907997,-1.694170465173459,0,0.0,0.0,0.0,0.0,0.0,0.0,0.0,0.0,0.0,0.9984704293288662,0.9984704293288662,0.0
2024-01-03,17:48:00.000000000,46.925,371.705,,,,0,0.0,0.0,0.0,0.0,0.0,0.0,0.0,0.0,0.0,0.9984704293288662,0.9984704293288662,0.0
2024-01-03,17:49:00.000000000,46.935,371.86,,,,0,0.0,0.0,0.0,0.0,0.0,0.0,0.0,0.0,0.0,0.9984704293288662,0.9984704293288662,0.0
2024-01-03,17:50:00.000000000,46.935,371.88,0.19850246586932446,-26.88409700748437,-1.6979780984941162,0,0.0,0.0,0.0,0.0,0.0,0.0,0.0,0.0,0.0,0.9984704293288662,0.9984704293288662,0.0
2024-01-03,17:51:00.000000000,46.895,371.85,,,,0,0.0,0.0,0.0,0.0,0.0,0.0,0.0,0.0,0.0,0.9984704293288662,0.9984704293288662,0.0
2024-01-03,17:52:00.000000000,46.9299,371.825,,,,0,0.0,0.0,0.0,0.0,0.0,0.0,0.0,0.0,0.0,0.9984704293288662,0.9984704293288662,0.0
2024-01-03,17:53:00.000000000,46.925,371.7614,0.19912836378869006,-27.103239301792726,-1.6936619182958321,0,0.0,0.0,0.0,0.0,0.0,0.0,0.0,0.0,0.0,0.9984704293288662,0.9984704293288662,0.0
2024-01-03,17:54:00.000000000,46.94,371.95,,,,0,0.0,0.0,0.0,0.0,0.0,0.0,0.0,0.0,0.0,0.9984704293288662,0.9984704293288662,0.0
2024-01-03,17:55:00.000000000,46.995,372.1277,,,,0,0.0,0.0,0.0,0.0,0.0,0.0,0.0,0.0,0.0,0.9984704293288662,0.9984704293288662,0.0
2024-01-03,17:56:00.000000000,46.98,372.07,0.19967413088322936,-27.312753877723146,-1.6882513681108087,0,0.0,0.0,0.0,0.0,0.0,0.0,0.0,0.0,0.0,0.9984704293288662,0.9984704293288662,0.0
2024-01-03,17:57:00.000000000,46.99,372.06,,,,0,0.0,0.0,0.0,0.0,0.0,0.0,0.0,0.0,0.0,0.9984704293288662,0.9984704293288662,0.0
2024-01-03,17:58:00.000000000,47.02,372.22,,,,0,0.0,0.0,0.0,0.0,0.0,0.0,0.0,0.0,0.0,0.9984704293288662,0.9984704293288662,0.0
2024-01-03,17:59:00.000000000,47.02,372.42,0.20013655813421521,-27.514856980344426,-1.6819776406371985,0,0.0,0.0,0.0,0.0,0.0,0.0,0.0,0.0,0.0,0.9984704293288662,0.9984704293288662,0.0
2024-01-03,18:00:00.000000000,47.05,372.38,,,,0,0.0,0.0,0.0,0.0,0.0,0.0,0.0,0.0,0.0,0.9984704293288662,0.9984704293288662,0.0
2024-01-03,18:01:00.000000000,47.08,372.52,,,,0,0.0,0.0,0.0,0.0,0.0,0.0,0.0,0.0,0.0,0.9984704293288662,0.9984704293288662,0.0
2024-01-03,18:02:00.000000000,47.055,372.275,0.20061284735335513,-27.628147748470276,-1.6609688758998509,0,0.0,0.0,0.0,0.0,0.0,0.0,0.0,0.0,0.0,0.9984704293288662,0.9984704293288662,0.0
2024-01-03,18:03:00.000000000,47.01,372.04,,,,0,0.0,0.0,0.0,0.0,0.0,0.0,0.0,0.0,0.0,0.9984704293288662,0.9984704293288662,0.0
2024-01-03,18:04:00.000000000,47.015,372.235,,,,0,0.0,0.0,0.0,0.0,0.0,0.0,0.0,0.0,0.0,0.9984704293288662,0.9984704293288662,0.0
2024-01-03,18:05:00.000000000,47.035,372.09,0.20112736659953043,-27.802481838019276,-1.6509873410652252,0,0.0,0.0,0.0,0.0,0.0,0.0,0.0,0.0,0.0,0.9984704293288662,0.9984704293288662,0.0
2024-01-03,18:06:00.000000000,47.045,372.1388,,,,0,0.0,0.0,0.0,0.0,0.0,0.0,0.0,0.0,0.0,0.9984704293288662,0.9984704293288662,0.0
2024-01-03,18:07:00.000000000,47.0518,372.13,,,,0,0.0,0.0,0.0,0.0,0.0,0.0,0.0,0.0,0.0,0.9984704293288662,0.9984704293288662,0.0
2024-01-03,18:08:00.000000000,47.055,372.045,0.20163924329825583,-27.9638722728996,-1.639439484130481,0,0.0,0.0,0.0,0.0,0.0,0.0,0.0,0.0,0.0,0.9984704293288662,0.9984704293288662,0.0
2024-01-03,18:09:00.000000000,47.025,372.0091,,,,0,0.0,0.0,0.0,0.0,0.0,0.0,0.0,0.0,0.0,0.9984704293288662,0.9984704293288662,0.0
2024-01-03,18:10:00.000000000,47.05,372.09,,,,0,0.0,0.0,0.0,0.0,0.0,0.0,0.0,0.0,0.0,0.9984704293288662,0.9984704293288662,0.0
2024-01-03,18:11:00.000000000,47.085,372.1212,0.20212510451517277,-28.1300364423115,-1.6294496833026255,0,0.0,0.0,0.0,0.0,0.0,0.0,0.0,0.0,0.0,0.9984704293288662,0.9984704293288662,0.0
2024-01-03,18:12:00.000000000,47.07,372.01,,,,0,0.0,0.0,0.0,0.0,0.0,0.0,0.0,0.0,0.0,0.9984704293288662,0.9984704293288662,0.0
2024-01-03,18:13:00.000000000,47.085,372.1,,,,0,0.0,0.0,0.0,0.0,0.0,0.0,0.0,0.0,0.0,0.9984704293288662,0.9984704293288662,0.0
2024-01-03,18:14:00.000000000,47.075,372.0157,0.20262964688384266,-28.306409926245536,-1.621815271943115,0,0.0,0.0,0.0,0.0,0.0,0.0,0.0,0.0,0.0,0.9984704293288662,0.9984704293288662,0.0
2024-01-03,18:15:00.000000000,47.085,371.98,,,,0,0.0,0.0,0.0,0.0,0.0,0.0,0.0,0.0,0.0,0.9984704293288662,0.9984704293288662,0.0
2024-01-03,18:16:00.000000000,47.095,371.87,,,,0,0.0,0.0,0.0,0.0,0.0,0.0,0.0,0.0,0.0,0.9984704293288662,0.9984704293288662,0.0
2024-01-03,18:17:00.000000000,47.09,371.87,0.20314663816480308,-28.45414033434531,-1.6100502530198726,0,0.0,0.0,0.0,0.0,0.0,0.0,0.0,0.0,0.0,0.9984704293288662,0.9984704293288662,0.0
2024-01-03,18:18:00.000000000,47.1,371.77,,,,0,0.0,0.0,0.0,0.0,0.0,0.0,0.0,0.0,0.0,0.9984704293288662,0.9984704293288662,0.0
2024-01-03,18:19:00.000000000,47.1,371.7525,,,,0,0.0,0.0,0.0,0.0,0.0,0.0,0.0,0.0,0.0,0.9984704293288662,0.9984704293288662,0.0
2024-01-03,18:20:00.000000000,47.095,371.625,0.2036893029814899,-28.60103722049618,-1.5991505720477435,0,0.0,0.0,0.0,0.0,0.0,0.0,0.0,0.0,0.0,0.9984704293288662,0.9984704293288662,0.0
2024-01-03,18:21:00.000000000,47.115,371.6022,,,,0,0.0,0.0,0.0,0.0,0.0,0.0,0.0,0.0,0.0,0.9984704293288662,0.9984704293288662,0.0
2024-01-03,18:22:00.000000000,47.115,371.63,,,,0,0.0,0.0,0.0,0.0,0.0,0.0,0.0,0.0,0.0,0.9984704293288662,0.9984704293288662,0.0
2024-01-03,18:23:00.000000000,47.125,371.65,0.20421217059601016,-28.770453202007175,-1.5935219135872623,0,0.0,0.0,0.0,0.0,0.0,0.0,0.0,0.0,0.0,0.9984704293288662,0.9984704293288662,0.0
2024-01-03,18:24:00.000000000,47.125,371.58,,,,0,0.0,0.0,0.0,0.0,0.0,0.0,0.0,0.0,0.0,0.9984704293288662,0.9984704293288662,0.0
2024-01-03,18:25:00.000000000,47.13,371.65,,,,0,0.0,0.0,0.0,0.0,0.0,0.0,0.0,0.0,0.0,0.9984704293288662,0.9984704293288662,0.0
2024-01-03,18:26:00.000000000,47.135,371.52,0.20474070576771491,-28.930267006821445,-1.584035291821626,0,0.0,0.0,0.0,0.0,0.0,0.0,0.0,0.0,0.0,0.9984704293288662,0.9984704293288662,0.0
2024-01-03,18:27:00.000000000,47.14,371.55,,,,0,0.0,0.0,0.0,0.0,0.0,0.0,0.0,0.0,0.0,0.9984704293288662,0.9984704293288662,0.0
2024-01-03,18:28:00.000000000,47.145,371.485,,,,0,0.0,0.0,0.0,0.0,0.0,0.0,0.0,0.0,0.0,0.9984704293288662,0.9984704293288662,0.0
2024-01-03,18:29:00.000000000,47.165,371.57,0.20524711864163045,-29.098671873670632,-1.575840052745738,0,0.0,0.0,0.0,0.0,0.0,0.0,0.0,0.0,0.0,0.9984704293288662,0.9984704293288662,0.0
2024-01-03,18:30:00.000000000,47.175,371.55,,,,0,0.0,0.0,0.0,0.0,0.0,0.0,0.0,0.0,0.0,0.9984704293288662,0.9984704293288662,0.0
2024-01-03,18:31:00.000000000,47.17,371.47,,,,0,0.0,0.0,0.0,0.0,0.0,0.0,0.0,0.0,0.0,0.9984704293288662,0.9984704293288662,0.0
2024-01-03,18:32:00.000000000,47.185,371.51,0.20574623467992378,-29.251783645938474,-1.5658321038733882,0,0.0,0.0,0.0,0.0,0.0,0.0,0.0,0.0,0.0,0.9984704293288662,0.9984704293288662,0.0
2024-01-03,18:33:00.000000000,47.175,371.5695,,,,0,0.0,0.0,0.0,0.0,0.0,0.0,0.0,0.0,0.0,0.9984704293288662,0.9984704293288662,0.0
2024-01-03,18:34:00.000000000,47.175,371.37,,,,0,0.0,0.0,0.0,0.0,0.0,0.0,0.0,0.0,0.0,0.9984704293288662,0.9984704293288662,0.0
2024-01-03,18:35:00.000000000,47.14,371.0204,0.20629904490344889,-29.401154159695565,-1.5552251986472798,0,0.0,0.0,0.0,0.0,0.0,0.0,0.0,0.0,0.0,0.9984704293288662,0.9984704293288662,0.0
2024-01-03,18:36:00.000000000,47.155,371.1,,,,0,0.0,0.0,0.0,0.0,0.0,0.0,0.0,0.0,0.0,0.9984704293288662,0.9984704293288662,0.0
2024-01-03,18:37:00.000000000,47.155,371.2019,,,,0,0.0,0.0,0.0,0.0,0.0,0.0,0.0,0.0,0.0,0.9984704293288662,0.9984704293288662,0.0
2024-01-03,18:38:00.000000000,47.175,371.25,0.20681660946644126,-29.605666264416314,-1.5543303664149546,0,0.0,0.0,0.0,0.0,0.0,0.0,0.0,0.0,0.0,0.9984704293288662,0.9984704293288662,0.0
2024-01-03,18:39:00.000000000,47.19,371.37,,,,0,0.0,0.0,0.0,0.0,0.0,0.0,0.0,0.0,0.0,0.9984704293288662,0.9984704293288662,0.0
2024-01-03,18:40:00.000000000,47.195,371.31,,,,0,0.0,0.0,0.0,0.0,0.0,0.0,0.0,0.0,0.0,0.9984704293288662,0.9984704293288662,0.0
2024-01-03,18:41:00.000000000,47.195,371.24,0.20732091010446035,-29.77081466717987,-1.5466087089188305,0,0.0,0.0,0.0,0.0,0.0,0.0,0.0,0.0,0.0,0.9984704293288662,0.9984704293288662,0.0
2024-01-03,18:42:00.000000000,47.195,371.29,,,,0,0.0,0.0,0.0,0.0,0.0,0.0,0.0,0.0,0.0,0.9984704293288662,0.9984704293288662,0.0
2024-01-03,18:43:00.000000000,47.165,371.1261,,,,0,0.0,0.0,0.0,0.0,0.0,0.0,0.0,0.0,0.0,0.9984704293288662,0.9984704293288662,0.0
2024-01-03,18:44:00.000000000,47.157,371.09,0.20785237601077491,-29.974938213838456,-1.547258623583226,0,0.0,0.0,0.0,0.0,0.0,0.0,0.0,0.0,0.0,0.9984704293288662,0.9984704293288662,0.0
2024-01-03,18:45:00.000000000,47.155,371.04,,,,0,0.0,0.0,0.0,0.0,0.0,0.0,0.0,0.0,0.0,0.9984704293288662,0.9984704293288662,0.0
2024-01-03,18:46:00.000000000,47.16,371.14,,,,0,0.0,0.0,0.0,0.0,0.0,0.0,0.0,0.0,0.0,0.9984704293288662,0.9984704293288662,0.0
2024-01-03,18:47:00.000000000,47.14,371.09,0.20839146599755087,-30.19198911703114,-1.5499430100551292,0,0.0,0.0,0.0,0.0,0.0,0.0,0.0,0.0,0.0,0.9984704293288662,0.9984704293288662,0.0
2024-01-03,18:48:00.000000000,47.135,371.07,,,,0,0.0,0.0,0.0,0.0,0.0,0.0,0.0,0.0,0.0,0.9984704293288662,0.9984704293288662,0.0
2024-01-03,18:49:00.000000000,47.135,371.13,,,,0,0.0,0.0,0.0,0.0,0.0,0.0,0.0,0.0,0.0,0.9984704293288662,0.9984704293288662,0.0
2024-01-03,18:50:00.000000000,47.14,371.2085,0.20892167407637452,-30.41350125137987,-1.5539480435240682,0,0.0,0.0,0.0,0.0,0.0,0.0,0.0,0.0,0.0,0.9984704293288662,0.9984704293288662,0.0
2024-01-03,18:51:00.000000000,47.125,371.3125,,,,0,0.0,0.0,0.0,0.0,0.0,0.0,0.0,0.0,0.0,0.9984704293288662,0.9984704293288662,0.0
2024-01-03,18:52:00.000000000,47.115,371.06,,,,0,0.0,0.0,0.0,0.0,0.0,0.0,0.0,0.0,0.0,0.9984704293288662,0.9984704293288662,0.0
2024-01-03,18:53:00.000000000,47.115,371.15,0.2094672530668278,-30.628770975753135,-1.5571470475079998,0,0.0,0.0,0.0,0.0,0.0,0.0,0.0,0.0,0.0,0.9984704293288662,0.9984704293288662,0.0
2024-01-03,18:54:00.000000000,47.125,371.08,,,,0,0.0,0.0,0.0,0.0,0.0,0.0,0.0,0.0,0.0,0.9984704293288662,0.9984704293288662,0.0
2024-01-03,18:55:00.000000000,47.13,371.19,,,,0,0.0,0.0,0.0,0.0,0.0,0.0,0.0,0.0,0.0,0.9984704293288662,0.9984704293288662,0.0
2024-01-03,18:56:00.000000000,47.13,371.12,0.2100030575366755,-30.806334713011005,-1.5534232502270453,0,0.0,0.0,0.0,0.0,0.0,0.0,0.0,0.0,0.0,0.9984704293288662,0.9984704293288662,0.0
2024-01-03,18:57:00.000000000,47.105,371.18,,,,0,0.0,0.0,0.0,0.0,0.0,0.0,0.0,0.0,0.0,0.9984704293288662,0.9984704293288662,0.0
2024-01-03,18:58:00.000000000,47.115,371.45,,,,0,0.0,0.0,0.0,0.0,0.0,0.0,0.0,0.0,0.0,0.9984704293288662,0.9984704293288662,0.0
2024-01-03,18:59:00.000000000,47.11,371.548,0.21051650688543166,-31.10698710026837,-1.5731492262354785,0,0.0,0.0,0.0,0.0,0.0,0.0,0.0,0.0,0.0,0.9984704293288662,0.9984704293288662,0.0
2024-01-03,19:00:00.000000000,47.11,371.1384,,,,0,0.0,0.0,0.0,0.0,0.0,0.0,0.0,0.0,0.0,0.9984704293288662,0.9984704293288662,0.0
2024-01-03,19:01:00.000000000,47.1,371.31,,,,0,0.0,0.0,0.0,0.0,0.0,0.0,0.0,0.0,0.0,0.9984704293288662,0.9984704293288662,0.0
2024-01-03,19:02:00.000000000,47.07,371.125,0.2110823230220852,-31.267927131571376,-1.5668276569731103,0,0.0,0.0,0.0,0.0,0.0,0.0,0.0,0.0,0.0,0.9984704293288662,0.9984704293288662,0.0
2024-01-03,19:03:00.000000000,47.08,371.14,,,,0,0.0,0.0,0.0,0.0,0.0,0.0,0.0,0.0,0.0,0.9984704293288662,0.9984704293288662,0.0
2024-01-03,19:04:00.000000000,47.05,370.945,,,,0,0.0,0.0,0.0,0.0,0.0,0.0,0.0,0.0,0.0,0.9984704293288662,0.9984704293288662,0.0
2024-01-03,19:05:00.000000000,46.99,370.61,0.211720887855308,-31.4758782480557,-1.5699910661440892,0,0.0,0.0,0.0,0.0,0.0,0.0,0.0,0.0,0.0,0.9984704293288662,0.9984704293288662,0.0
2024-01-03,19:06:00.000000000,47.06,370.94,,,,0,0.0,0.0,0.0,0.0,0.0,0.0,0.0,0.0,0.0,0.9984704293288662,0.9984704293288662,0.0
2024-01-03,19:07:00.000000000,47.1035,371.315,,,,0,0.0,0.0,0.0,0.0,0.0,0.0,0.0,0.0,0.0,0.9984704293288662,0.9984704293288662,0.0
2024-01-03,19:08:00.000000000,47.075,371.3,0.2122659417824331,-31.73934418381741,-1.5835115717106791,0,0.0,0.0,0.0,0.0,0.0,0.0,0.0,0.0,0.0,0.9984704293288662,0.9984704293288662,0.0
2024-01-03,19:09:00.000000000,47.08,371.3351,,,,0,0.0,0.0,0.0,0.0,0.0,0.0,0.0,0.0,0.0,0.9984704293288662,0.9984704293288662,0.0
2024-01-03,19:10:00.000000000,47.1,371.545,,,,0,0.0,0.0,0.0,0.0,0.0,0.0,0.0,0.0,0.0,0.9984704293288662,0.9984704293288662,0.0
2024-01-03,19:11:00.000000000,47.085,371.4901,0.2127875946570823,-31.96348481791896,-1.589494654802415,0,0.0,0.0,0.0,0.0,0.0,0.0,0.0,0.0,0.0,0.9984704293288662,0.9984704293288662,0.0
2024-01-03,19:12:00.000000000,47.07,371.38,,,,0,0.0,0.0,0.0,0.0,0.0,0.0,0.0,0.0,0.0,0.9984704293288662,0.9984704293288662,0.0
2024-01-03,19:13:00.000000000,47.05,371.065,,,,0,0.0,0.0,0.0,0.0,0.0,0.0,0.0,0.0,0.0,0.9984704293288662,0.9984704293288662,0.0
2024-01-03,19:14:00.000000000,47.035,371.04,0.21336821061569586,-32.133140866847796,-1.5853513458722237,0,0.0,0.0,0.0,0.0,0.0,0.0,0.0,0.0,0.0,0.9984704293288662,0.9984704293288662,0.0
2024-01-03,19:15:00.000000000,47.005,370.805,,,,0,0.0,0.0,0.0,0.0,0.0,0.0,0.0,0.0,0.0,0.9984704293288662,0.9984704293288662,0.0
2024-01-03,19:16:00.000000000,47.035,371.1698,,,,0,0.0,0.0,0.0,0.0,0.0,0.0,0.0,0.0,0.0,0.9984704293288662,0.9984704293288662,0.0
2024-01-03,19:17:00.000000000,47.025,370.9201,0.21395857879475025,-32.336537442406645,-1.5878568599921146,0,0.0,0.0,0.0,0.0,0.0,0.0,0.0,0.0,0.0,0.9984704293288662,0.9984704293288662,0.0
2024-01-03,19:18:00.000000000,47.03,371.24,,,,0,0.0,0.0,0.0,0.0,0.0,0.0,0.0,0.0,0.0,0.9984704293288662,0.9984704293288662,0.0
2024-01-03,19:19:00.000000000,47.055,371.13,,,,0,0.0,0.0,0.0,0.0,0.0,0.0,0.0,0.0,0.0,0.9984704293288662,0.9984704293288662,0.0
2024-01-03,19:20:00.000000000,47.025,371.0854,0.21453648123084776,-32.58635595214164,-1.5988289272465541,0,0.0,0.0,0.0,0.0,0.0,0.0,0.0,0.0,0.0,0.9984704293288662,0.9984704293288662,0.0
2024-01-03,19:21:00.000000000,47.02,371.115,,,,0,0.0,0.0,0.0,0.0,0.0,0.0,0.0,0.0,0.0,0.9984704293288662,0.9984704293288662,0.0
2024-01-03,19:22:00.000000000,47.055,371.36,,,,0,0.0,0.0,0.0,0.0,0.0,0.0,0.0,0.0,0.0,0.9984704293288662,0.9984704293288662,0.0
2024-01-03,19:23:00.000000000,47.06,371.24,0.21508143937221094,-32.78683355253959,-1.6005239302246033,0,0.0,0.0,0.0,0.0,0.0,0.0,0.0,0.0,0.0,0.9984704293288662,0.9984704293288662,0.0
2024-01-03,19:24:00.000000000,47.07,371.42,,,,0,0.0,0.0,0.0,0.0,0.0,0.0,0.0,0.0,0.0,0.9984704293288662,0.9984704293288662,0.0
2024-01-03,19:25:00.000000000,47.117,371.725,,,,0,0.0,0.0,0.0,0.0,0.0,0.0,0.0,0.0,0.0,0.9984704293288662,0.9984704293288662,0.0
2024-01-03,19:26:00.000000000,47.1524,372.0601,0.2155015114694885,-33.02711390748904,-1.6093100391919752,0,0.0,0.0,0.0,0.0,0.0,0.0,0.0,0.0,0.0,0.9984704293288662,0.9984704293288662,0.0
2024-01-03,19:27:00.000000000,47.175,372.13,,,,0,0.0,0.0,0.0,0.0,0.0,0.0,0.0,0.0,0.0,0.9984704293288662,0.9984704293288662,0.0
2024-01-03,19:28:00.000000000,47.175,372.08,,,,0,0.0,0.0,0.0,0.0,0.0,0.0,0.0,0.0,0.0,0.9984704293288662,0.9984704293288662,0.0
2024-01-03,19:29:00.000000000,47.155,372.102,0.2159139718419869,-33.187020750347,-1.6029094457289943,0,0.0,0.0,0.0,0.0,0.0,0.0,0.0,0.0,0.0,0.9984704293288662,0.9984704293288662,0.0
2024-01-03,19:30:00.000000000,47.175,372.05,,,,0,0.0,0.0,0.0,0.0,0.0,0.0,0.0,0.0,0.0,0.9984704293288662,0.9984704293288662,0.0
2024-01-03,19:31:00.000000000,47.185,372.055,,,,0,0.0,0.0,0.0,0.0,0.0,0.0,0.0,0.0,0.0,0.9984704293288662,0.9984704293288662,0.0
2024-01-03,19:32:00.000000000,47.13,371.61,0.2163884296691828,-33.28210434936502,-1.5847509669375888,0,0.0,0.0,0.0,0.0,0.0,0.0,0.0,0.0,0.0,0.9984704293288662,0.9984704293288662,0.0
2024-01-03,19:33:00.000000000,47.11,371.67,,,,0,0.0,0.0,0.0,0.0,0.0,0.0,0.0,0.0,0.0,0.9984704293288662,0.9984704293288662,0.0
2024-01-03,19:34:00.000000000,47.13,371.84,,,,0,0.0,0.0,0.0,0.0,0.0,0.0,0.0,0.0,0.0,0.9984704293288662,0.9984704293288662,0.0
2024-01-03,19:35:00.000000000,47.11,371.75,0.21685674912205996,-33.5064964861258,-1.591912116898077,0,0.0,0.0,0.0,0.0,0.0,0.0,0.0,0.0,0.0,0.9984704293288662,0.9984704293288662,0.0
2024-01-03,19:36:00.000000000,47.1,371.67,,,,0,0.0,0.0,0.0,0.0,0.0,0.0,0.0,0.0,0.0,0.9984704293288662,0.9984704293288662,0.0
2024-01-03,19:37:00.000000000,47.125,371.925,,,,0,0.0,0.0,0.0,0.0,0.0,0.0,0.0,0.0,0.0,0.9984704293288662,0.9984704293288662,0.0
2024-01-03,19:38:00.000000000,47.14,371.99,0.21728425000742158,-33.68756816026075,-1.5910049939705937,0,0.0,0.0,0.0,0.0,0.0,0.0,0.0,0.0,0.0,0.9984704293288662,0.9984704293288662,0.0
2024-01-03,19:39:00.000000000,47.145,371.9467,,,,0,0.0,0.0,0.0,0.0,0.0,0.0,0.0,0.0,0.0,0.9984704293288662,0.9984704293288662,0.0
2024-01-03,19:40:00.000000000,47.147,371.74,,,,0,0.0,0.0,0.0,0.0,0.0,0.0,0.0,0.0,0.0,0.9984704293288662,0.9984704293288662,0.0
2024-01-03,19:41:00.000000000,47.145,371.9325,0.21771503468521455,-33.83029713805856,-1.5832906343122686,0,0.0,0.0,0.0,0.0,0.0,0.0,0.0,0.0,0.0,0.9984704293288662,0.9984704293288662,0.0
2024-01-03,19:42:00.000000000,47.185,372.07,,,,0,0.0,0.0,0.0,0.0,0.0,0.0,0.0,0.0,0.0,0.9984704293288662,0.9984704293288662,0.0
2024-01-03,19:43:00.000000000,47.19,372.17,,,,0,0.0,0.0,0.0,0.0,0.0,0.0,0.0,0.0,0.0,0.9984704293288662,0.9984704293288662,0.0
2024-01-03,19:44:00.000000000,47.195,372.09,0.218107351982777,-33.960564599271486,-1.5734182575066984,0,0.0,0.0,0.0,0.0,0.0,0.0,0.0,0.0,0.0,0.9984704293288662,0.9984704293288662,0.0
2024-01-03,19:45:00.000000000,47.17,372.02,,,,0,0.0,0.0,0.0,0.0,0.0,0.0,0.0,0.0,0.0,0.9984704293288662,0.9984704293288662,0.0
2024-01-03,19:46:00.000000000,47.165,371.82,,,,0,0.0,0.0,0.0,0.0,0.0,0.0,0.0,0.0,0.0,0.9984704293288662,0.9984704293288662,0.0
2024-01-03,19:47:00.000000000,47.1899,371.84,0.21852664974449793,-34.067049440994104,-1.5596166664894948,0,0.0,0.0,0.0,0.0,0.0,0.0,0.0,0.0,0.0,0.9984704293288662,0.9984704293288662,0.0
2024-01-03,19:48:00.000000000,47.205,371.782,,,,0,0.0,0.0,0.0,0.0,0.0,0.0,0.0,0.0,0.0,0.9984704293288662,0.9984704293288662,0.0
2024-01-03,19:49:00.000000000,47.17,371.5525,,,,0,0.0,0.0,0.0,0.0,0.0,0.0,0.0,0.0,0.0,0.9984704293288662,0.9984704293288662,0.0
2024-01-03,19:50:00.000000000,47.155,371.54,0.21898513352704604,-34.20673651063869,-1.5529908851759302,0,0.0,0.0,0.0,0.0,0.0,0.0,0.0,0.0,0.0,0.9984704293288662,0.9984704293288662,0.0
2024-01-03,19:51:00.000000000,47.175,371.6882,,,,0,0.0,0.0,0.0,0.0,0.0,0.0,0.0,0.0,0.0,0.9984704293288662,0.9984704293288662,0.0
2024-01-03,19:52:00.000000000,47.18,371.63,,,,0,0.0,0.0,0.0,0.0,0.0,0.0,0.0,0.0,0.0,0.9984704293288662,0.9984704293288662,0.0
2024-01-03,19:53:00.000000000,47.175,371.675,0.21942223731542393,-34.37876005421019,-1.5529813701461963,0,0.0,0.0,0.0,0.0,0.0,0.0,0.0,0.0,0.0,0.9984704293288662,0.9984704293288662,0.0
2024-01-03,19:54:00.000000000,47.17,371.7157,,,,0,0.0,0.0,0.0,0.0,0.0,0.0,0.0,0.0,0.0,0.9984704293288662,0.9984704293288662,0.0
2024-01-03,19:55:00.000000000,47.145,371.67,,,,0,0.0,0.0,0.0,0.0,0.0,0.0,0.0,0.0,0.0,0.9984704293288662,0.9984704293288662,0.0
2024-01-03,19:56:00.000000000,47.13,371.7867,0.21986725515719507,-34.61372123295154,-1.5658167035748611,0,0.0,0.0,0.0,0.0,0.0,0.0,0.0,0.0,0.0,0.9984704293288662,0.9984704293288662,0.0
2024-01-03,19:57:00.000000000,47.105,371.73,,,,0,0.0,0.0,0.0,0.0,0.0,0.0,0.0,0.0,0.0,0.9984704293288662,0.9984704293288662,0.0
2024-01-03,19:58:00.000000000,47.11,371.69,,,,0,0.0,0.0,0.0,0.0,0.0,0.0,0.0,0.0,0.0,0.9984704293288662,0.9984704293288662,0.0
2024-01-03,19:59:00.000000000,47.09,371.6953,0.22033713992372556,-34.808279325091135,-1.5708446736518,1,0.0,0.0,0.0,0.0,0.0,0.0,0.0,0.0,0.0,0.9984704293288662,0.9984704293288662,0.0
2024-01-03,20:00:00.000000000,47.1,371.72,,,,0,0.0,0.0,0.0,0.0,0.0,0.0,0.0,0.0,0.0,0.9984704293288662,0.9984704293288662,0.0
2024-01-03,20:01:00.000000000,47.0425,371.54,,,,0,0.0,0.0,0.0,0.0,0.0,0.0,0.0,0.0,0.0,0.9984704293288662,0.9984704293288662,0.0
2024-01-03,20:02:00.000000000,47.1,371.78,0.22079233795843609,-34.986175406187364,-1.5734861402812035,0,0.0,0.0,0.0,0.0,0.0,0.0,0.0,0.0,0.0,0.9984704293288662,0.9984704293288662,0.0
2024-01-03,20:03:00.000000000,47.03,371.67,,,,0,0.0,0.0,0.0,0.0,0.0,0.0,0.0,0.0,0.0,0.9984704293288662,0.9984704293288662,0.0
2024-01-03,20:04:00.000000000,47.01,371.66,,,,0,0.0,0.0,0.0,0.0,0.0,0.0,0.0,0.0,0.0,0.9984704293288662,0.9984704293288662,0.0
2024-01-03,20:05:00.000000000,47.005,371.78,0.22128604060615664,-35.2647241765569,-1.596166699664164,0,0.0,0.0,0.0,0.0,0.0,0.0,0.0,0.0,0.0,0.9984704293288662,0.9984704293288662,0.0
2024-01-03,20:06:00.000000000,47.005,371.72,,,,0,0.0,0.0,0.0,0.0,0.0,0.0,0.0,0.0,0.0,0.9984704293288662,0.9984704293288662,0.0
2024-01-03,20:07:00.000000000,46.98,371.71,,,,0,0.0,0.0,0.0,0.0,0.0,0.0,0.0,0.0,0.0,0.9984704293288662,0.9984704293288662,0.0
2024-01-03,20:08:00.000000000,46.965,371.34,0.22184403660314744,-35.41456455221277,-1.59262880070061,0,0.0,0.0,0.0,0.0,0.0,0.0,0.0,0.0,0.0,0.9984704293288662,0.9984704293288662,0.0
2024-01-03,20:09:00.000000000,47.015,371.43,,,,0,0.0,0.0,0.0,0.0,0.0,0.0,0.0,0.0,0.0,0.9984704293288662,0.9984704293288662,0.0
2024-01-03,20:10:00.000000000,47.01,371.52,,,,0,0.0,0.0,0.0,0.0,0.0,0.0,0.0,0.0,0.0,0.9984704293288662,0.9984704293288662,0.0
2024-01-03,20:11:00.000000000,47.01,371.56,0.22235648479698444,-35.60877549116754,-1.597680839704006,0,0.0,0.0,0.0,0.0,0.0,0.0,0.0,0.0,0.0,0.9984704293288662,0.9984704293288662,0.0
2024-01-03,20:12:00.000000000,47.005,371.44,,,,0,0.0,0.0,0.0,0.0,0.0,0.0,0.0,0.0,0.0,0.9984704293288662,0.9984704293288662,0.0
2024-01-03,20:13:00.000000000,46.985,371.44,,,,0,0.0,0.0,0.0,0.0,0.0,0.0,0.0,0.0,0.0,0.9984704293288662,0.9984704293288662,0.0
2024-01-03,20:14:00.000000000,47.01,371.44,0.22287844959503264,-35.77597131757893,-1.597137193454737,0,0.0,0.0,0.0,0.0,0.0,0.0,0.0,0.0,0.0,0.9984704293288662,0.9984704293288662,0.0
2024-01-03,20:15:00.000000000,46.98,371.34,,,,0,0.0,0.0,0.0,0.0,0.0,0.0,0.0,0.0,0.0,0.9984704293288662,0.9984704293288662,0.0
2024-01-03,20:16:00.000000000,46.9833,371.43,,,,0,0.0,0.0,0.0,0.0,0.0,0.0,0.0,0.0,0.0,0.9984704293288662,0.9984704293288662,0.0
2024-01-03,20:17:00.000000000,46.985,371.22,0.223429126781667,-35.95636044389043,-1.5996540336478393,0,0.0,0.0,0.0,0.0,0.0,0.0,0.0,0.0,0.0,0.9984704293288662,0.9984704293288662,0.0
2024-01-03,20:18:00.000000000,47.0,371.2783,,,,0,0.0,0.0,0.0,0.0,0.0,0.0,0.0,0.0,0.0,0.9984704293288662,0.9984704293288662,0.0
2024-01-03,20:19:00.000000000,46.985,371.31,,,,0,0.0,0.0,0.0,0.0,0.0,0.0,0.0,0.0,0.0,0.9984704293288662,0.9984704293288662,0.0
2024-01-03,20:20:00.000000000,46.98,371.175,0.22398332151068565,-36.15700936172875,-1.606830327709531,0,0.0,0.0,0.0,0.0,0.0,0.0,0.0,0.0,0.0,0.9984704293288662,0.9984704293288662,0.0
2024-01-03,20:21:00.000000000,46.975,371.2193,,,,0,0.0,0.0,0.0,0.0,0.0,0.0,0.0,0.0,0.0,0.9984704293288662,0.9984704293288662,0.0
2024-01-03,20:22:00.000000000,46.995,371.32,,,,0,0.0,0.0,0.0,0.0,0.0,0.0,0.0,0.0,0.0,0.9984704293288662,0.9984704293288662,0.0
2024-01-03,20:23:00.000000000,47.005,371.34,0.22450959487819308,-36.364392962068216,-1.6157401088045007,0,0.0,0.0,0.0,0.0,0.0,0.0,0.0,0.0,0.0,0.9984704293288662,0.9984704293288662,0.0
2024-01-03,20:24:00.000000000,46.98,371.045,,,,0,0.0,0.0,0.0,0.0,0.0,0.0,0.0,0.0,0.0,0.9984704293288662,0.9984704293288662,0.0
2024-01-03,20:25:00.000000000,46.9712,371.05,,,,0,0.0,0.0,0.0,0.0,0.0,0.0,0.0,0.0,0.0,0.9984704293288662,0.9984704293288662,0.0
2024-01-03,20:26:00.000000000,46.951,371.04,0.22508395651355756,-36.5641512247904,-1.6227850595657842,0,0.0,0.0,0.0,0.0,0.0,0.0,0.0,0.0,0.0,0.9984704293288662,0.9984704293288662,0.0
2024-01-03,20:27:00.000000000,46.94,371.2,,,,0,0.0,0.0,0.0,0.0,0.0,0.0,0.0,0.0,0.0,0.9984704293288662,0.9984704293288662,0.0
2024-01-03,20:28:00.000000000,46.93,371.22,,,,0,0.0,0.0,0.0,0.0,0.0,0.0,0.0,0.0,0.0,0.9984704293288662,0.9984704293288662,0.0
2024-01-03,20:29:00.000000000,46.945,371.275,0.22564157830120107,-36.83007698377842,-1.643931993266404,0,0.0,0.0,0.0,0.0,0.0,0.0,0.0,0.0,0.0,0.9984704293288662,0.9984704293288662,0.0
2024-01-03,20:30:00.000000000,46.935,371.47,,,,0,0.0,0.0,0.0,0.0,0.0,0.0,0.0,0.0,0.0,0.9984704293288662,0.9984704293288662,0.0
2024-01-03,20:31:00.000000000,46.96,371.48,,,,0,0.0,0.0,0.0,0.0,0.0,0.0,0.0,0.0,0.0,0.9984704293288662,0.9984704293288662,0.0
2024-01-03,20:32:00.000000000,46.97,371.58,0.22615535213263674,-37.064805745445156,-1.658192785687009,0,0.0,0.0,0.0,0.0,0.0,0.0,0.0,0.0,0.0,0.9984704293288662,0.9984704293288662,0.0
2024-01-03,20:33:00.000000000,46.985,371.37,,,,0,0.0,0.0,0.0,0.0,0.0,0.0,0.0,0.0,0.0,0.9984704293288662,0.9984704293288662,0.0
2024-01-03,20:34:00.000000000,47.005,371.43,,,,0,0.0,0.0,0.0,0.0,0.0,0.0,0.0,0.0,0.0,0.9984704293288662,0.9984704293288662,0.0
2024-01-03,20:35:00.000000000,46.985,371.28,0.2266874949549302,-37.17953312686649,-1.6469243866252155,0,0.0,0.0,0.0,0.0,0.0,0.0,0.0,0.0,0.0,0.9984704293288662,0.9984704293288662,0.0
2024-01-03,20:36:00.000000000,46.97,371.31,,,,0,0.0,0.0,0.0,0.0,0.0,0.0,0.0,0.0,0.0,0.9984704293288662,0.9984704293288662,0.0
2024-01-03,20:37:00.000000000,46.9303,371.165,,,,0,0.0,0.0,0.0,0.0,0.0,0.0,0.0,0.0,0.0,0.9984704293288662,0.9984704293288662,0.0
2024-01-03,20:38:00.000000000,46.945,371.2,0.22724428842544248,-37.40807986352424,-1.6603287327325813,0,0.0,0.0,0.0,0.0,0.0,0.0,0.0,0.0,0.0,0.9984704293288662,0.9984704293288662,0.0
2024-01-03,20:39:00.000000000,46.95,371.24,,,,0,0.0,0.0,0.0,0.0,0.0,0.0,0.0,0.0,0.0,0.9984704293288662,0.9984704293288662,0.0
2024-01-03,20:40:00.000000000,46.95,371.29,,,,0,0.0,0.0,0.0,0.0,0.0,0.0,0.0,0.0,0.0,0.9984704293288662,0.9984704293288662,0.0
2024-01-03,20:41:00.000000000,46.931,371.15,0.22769387630700183,-37.57758219134372,-1.660816941316067,0,0.0,0.0,0.0,0.0,0.0,0.0,0.0,0.0,0.0,0.9984704293288662,0.9984704293288662,0.0
2024-01-03,20:42:00.000000000,46.92,371.0384,,,,0,0.0,0.0,0.0,0.0,0.0,0.0,0.0,0.0,0.0,0.9984704293288662,0.9984704293288662,0.0
2024-01-03,20:43:00.000000000,46.93,370.88,,,,0,0.0,0.0,0.0,0.0,0.0,0.0,0.0,0.0,0.0,0.9984704293288662,0.9984704293288662,0.0
2024-01-03,20:44:00.000000000,46.885,370.68,0.2282416155807142,-37.71960206345914,-1.6554050914588259,0,0.0,0.0,0.0,0.0,0.0,0.0,0.0,0.0,0.0,0.9984704293288662,0.9984704293288662,0.0
2024-01-03,20:45:00.000000000,46.9,370.7,,,,0,0.0,0.0,0.0,0.0,0.0,0.0,0.0,0.0,0.0,0.9984704293288662,0.9984704293288662,0.0
2024-01-03,20:46:00.000000000,46.885,370.53,,,,0,0.0,0.0,0.0,0.0,0.0,0.0,0.0,0.0,0.0,0.9984704293288662,0.9984704293288662,0.0
2024-01-03,20:47:00.000000000,46.86,370.56,0.22884475142763241,-37.940711089023466,-1.667093212105737,0,0.0,0.0,0.0,0.0,0.0,0.0,0.0,0.0,0.0,0.9984704293288662,0.9984704293288662,0.0
2024-01-03,20:48:00.000000000,46.86,370.59,,,,0,0.0,0.0,0.0,0.0,0.0,0.0,0.0,0.0,0.0,0.9984704293288662,0.9984704293288662,0.0
2024-01-03,20:49:00.000000000,46.841,370.55,,,,0,0.0,0.0,0.0,0.0,0.0,0.0,0.0,0.0,0.0,0.9984704293288662,0.9984704293288662,0.0
2024-01-03,20:50:00.000000000,46.78,370.295,0.2295380839956087,-38.21680481315393,-1.6902574747322234,0,0.0,0.0,0.0,0.0,0.0,0.0,0.0,0.0,0.0,0.9984704293288662,0.9984704293288662,0.0
2024-01-03,20:51:00.000000000,46.855,370.4585,,,,0,0.0,0.0,0.0,0.0,0.0,0.0,0.0,0.0,0.0,0.9984704293288662,0.9984704293288662,0.0
2024-01-03,20:52:00.000000000,46.875,370.5173,,,,0,0.0,0.0,0.0,0.0,0.0,0.0,0.0,0.0,0.0,0.9984704293288662,0.9984704293288662,0.0
2024-01-03,20:53:00.000000000,46.87,370.09,0.23030311921145694,-38.3628813889681,-1.6841743446578512,0,0.0,0.0,0.0,0.0,0.0,0.0,0.0,0.0,0.0,0.9984704293288662,0.9984704293288662,0.0
2024-01-03,20:54:00.000000000,46.865,370.15,,,,0,0.0,0.0,0.0,0.0,0.0,0.0,0.0,0.0,0.0,0.9984704293288662,0.9984704293288662,0.0
2024-01-03,20:55:00.000000000,46.875,370.77,,,,0,0.0,0.0,0.0,0.0,0.0,0.0,0.0,0.0,0.0,0.9984704293288662,0.9984704293288662,0.0
2024-01-03,20:56:00.000000000,46.855,370.62,0.23102935264587607,-38.769098677614586,-1.7339098053869155,0,0.0,0.0,0.0,0.0,0.0,0.0,0.0,0.0,0.0,0.9984704293288662,0.9984704293288662,0.0
2024-01-03,20:57:00.000000000,46.86,370.49,,,,0,0.0,0.0,0.0,0.0,0.0,0.0,0.0,0.0,0.0,0.9984704293288662,0.9984704293288662,0.0
2024-01-03,20:58:00.000000000,46.855,370.51,,,,0,0.0,0.0,0.0,0.0,0.0,0.0,0.0,0.0,0.0,0.9984704293288662,0.9984704293288662,0.0
2024-01-03,20:59:00.000000000,46.82,370.6,0.23178968656873522,-39.08125784237328,-1.7608252902686994,1,0.0,0.0,0.0,0.0,0.0,0.0,0.0,0.0,0.0,0.9984704293288662,0.9984704293288662,0.0
2024-01-04,14:29:00.000000000,46.83,370.86,0.2324302309126724,-39.36907543627369,-1.7810087218852724,0,0.0,0.0,0.0,0.0,0.0,0.0,0.0,0.0,0.0,0.9984704293288662,0.9984704293288662,0.0
2024-01-04,14:30:00.000000000,46.89,371.315,,,,0,0.0,0.0,0.0,0.0,0.0,0.0,0.0,0.0,0.0,0.9984704293288662,0.9984704293288662,0.0
2024-01-04,14:31:00.000000000,46.91,370.685,,,,0,0.0,0.0,0.0,0.0,0.0,0.0,0.0,0.0,0.0,0.9984704293288662,0.9984704293288662,0.0
2024-01-04,14:32:00.000000000,46.93,371.07,0.23296132908017386,-39.51496038178012,-1.76972355750346,0,0.0,0.0,0.0,0.0,0.0,0.0,0.0,0.0,0.0,0.9984704293288662,0.9984704293288662,0.0
2024-01-04,14:33:00.000000000,46.855,371.16,,,,0,0.0,0.0,0.0,0.0,0.0,0.0,0.0,0.0,0.0,0.9984704293288662,0.9984704293288662,0.0
2024-01-04,14:34:00.000000000,46.915,371.7962,,,,0,0.0,0.0,0.0,0.0,0.0,0.0,0.0,0.0,0.0,0.9984704293288662,0.9984704293288662,0.0
2024-01-04,14:35:00.000000000,47.0,372.3096,0.23331556134924752,-39.865623319713805,-1.802437083368045,0,0.0,0.0,0.0,0.0,0.0,0.0,0.0,0.0,0.0,0.9984704293288662,0.9984704293288662,0.0
2024-01-04,14:36:00.000000000,46.96,371.74,,,,0,0.0,0.0,0.0,0.0,0.0,0.0,0.0,0.0,0.0,0.9984704293288662,0.9984704293288662,0.0
2024-01-04,14:37:00.000000000,46.94,371.56,,,,0,0.0,0.0,0.0,0.0,0.0,0.0,0.0,0.0,0.0,0.9984704293288662,0.9984704293288662,0.0
2024-01-04,14:38:00.000000000,46.9303,371.32,0.23380644576746593,-39.88670944237545,-1.7618039513809476,0,0.0,0.0,0.0,0.0,0.0,0.0,0.0,0.0,0.0,0.9984704293288662,0.9984704293288662,0.0
2024-01-04,14:39:00.000000000,46.9543,371.86,,,,0,0.0,0.0,0.0,0.0,0.0,0.0,0.0,0.0,0.0,0.9984704293288662,0.9984704293288662,0.0
2024-01-04,14:40:00.000000000,46.902,371.585,,,,0,0.0,0.0,0.0,0.0,0.0,0.0,0.0,0.0,0.0,0.9984704293288662,0.9984704293288662,0.0
2024-01-04,14:41:00.000000000,46.96,371.96,0.23419187319807244,-40.15000915475502,-1.7751991542503263,0,0.0,0.0,0.0,0.0,0.0,0.0,0.0,0.0,0.0,0.9984704293288662,0.9984704293288662,0.0
2024-01-04,14:42:00.000000000,46.93,371.55,,,,0,0.0,0.0,0.0,0.0,0.0,0.0,0.0,0.0,0.0,0.9984704293288662,0.9984704293288662,0.0
2024-01-04,14:43:00.000000000,46.995,371.405,,,,0,0.0,0.0,0.0,0.0,0.0,0.0,0.0,0.0,0.0,0.9984704293288662,0.9984704293288662,0.0
2024-01-04,14:44:00.000000000,46.98,371.57,0.23462511092118835,-40.19965246498595,-1.7414469073119088,0,0.0,0.0,0.0,0.0,0.0,0.0,0.0,0.0,0.0,0.9984704293288662,0.9984704293288662,0.0
2024-01-04,14:45:00.000000000,46.945,372.0,,,,0,0.0,0.0,0.0,0.0,0.0,0.0,0.0,0.0,0.0,0.9984704293288662,0.9984704293288662,0.0
2024-01-04,14:46:00.000000000,46.93,371.86,,,,0,0.0,0.0,0.0,0.0,0.0,0.0,0.0,0.0,0.0,0.9984704293288662,0.9984704293288662,0.0
2024-01-04,14:47:00.000000000,46.835,371.49,0.23512412057827745,-40.51125955362429,-1.7660017251085622,0,0.0,0.0,0.0,0.0,0.0,0.0,0.0,0.0,0.0,0.9984704293288662,0.9984704293288662,0.0
2024-01-04,14:48:00.000000000,46.85,371.325,,,,0,0.0,0.0,0.0,0.0,0.0,0.0,0.0,0.0,0.0,0.9984704293288662,0.9984704293288662,0.0
2024-01-04,14:49:00.000000000,46.925,371.55,,,,0,0.0,0.0,0.0,0.0,0.0,0.0,0.0,0.0,0.0,0.9984704293288662,0.9984704293288662,0.0
2024-01-04,14:50:00.000000000,46.93,371.72,0.23555077320204207,-40.62893341466309,-1.7469522579937307,0,0.0,0.0,0.0,0.0,0.0,0.0,0.0,0.0,0.0,0.9984704293288662,0.9984704293288662,0.0
2024-01-04,14:51:00.000000000,46.935,372.1396,,,,0,0.0,0.0,0.0,0.0,0.0,0.0,0.0,0.0,0.0,0.9984704293288662,0.9984704293288662,0.0
2024-01-04,14:52:00.000000000,46.93,372.33,,,,0,0.0,0.0,0.0,0.0,0.0,0.0,0.0,0.0,0.0,0.9984704293288662,0.9984704293288662,0.0
2024-01-04,14:53:00.000000000,46.925,372.4193,0.23588555320253643,-40.923332603801384,-1.7667354278538008,0,0.0,0.0,0.0,0.0,0.0,0.0,0.0,0.0,0.0,0.9984704293288662,0.9984704293288662,0.0
2024-01-04,14:54:00.000000000,46.94,372.235,,,,0,0.0,0.0,0.0,0.0,0.0,0.0,0.0,0.0,0.0,0.9984704293288662,0.9984704293288662,0.0
2024-01-04,14:55:00.000000000,46.91,372.07,,,,0,0.0,0.0,0.0,0.0,0.0,0.0,0.0,0.0,0.0,0.9984704293288662,0.9984704293288662,0.0
2024-01-04,14:56:00.000000000,46.92,371.71,0.236340179860475,-40.93000825593715,-1.7231746351709654,0,0.0,0.0,0.0,0.0,0.0,0.0,0.0,0.0,0.0,0.9984704293288662,0.9984704293288662,0.0
2024-01-04,14:57:00.000000000,46.89,371.6,,,,0,0.0,0.0,0.0,0.0,0.0,0.0,0.0,0.0,0.0,0.9984704293288662,0.9984704293288662,0.0
2024-01-04,14:58:00.000000000,46.88,371.37,,,,0,0.0,0.0,0.0,0.0,0.0,0.0,0.0,0.0,0.0,0.9984704293288662,0.9984704293288662,0.0
2024-01-04,14:59:00.000000000,46.87,371.54,0.23684336873613357,-41.12678522022308,-1.7226056310036395,0,0.0,0.0,0.0,0.0,0.0,0.0,0.0,0.0,0.0,0.9984704293288662,0.9984704293288662,0.0
2024-01-04,15:00:00.000000000,46.85,371.71,,,,0,0.0,0.0,0.0,0.0,0.0,0.0,0.0,0.0,0.0,0.9984704293288662,0.9984704293288662,0.0
2024-01-04,15:01:00.000000000,46.91,371.92,,,,0,0.0,0.0,0.0,0.0,0.0,0.0,0.0,0.0,0.0,0.9984704293288662,0.9984704293288662,0.0
2024-01-04,15:02:00.000000000,46.95,371.515,0.23729974750841068,-41.21041569558719,-1.697297575022933,0,0.0,0.0,0.0,0.0,0.0,0.0,0.0,0.0,0.0,0.9984704293288662,0.9984704293288662,0.0
2024-01-04,15:03:00.000000000,46.955,371.825,,,,0,0.0,0.0,0.0,0.0,0.0,0.0,0.0,0.0,0.0,0.9984704293288662,0.9984704293288662,0.0
2024-01-04,15:04:00.000000000,47.0399,372.005,,,,0,0.0,0.0,0.0,0.0,0.0,0.0,0.0,0.0,0.0,0.9984704293288662,0.9984704293288662,0.0
2024-01-04,15:05:00.000000000,47.01,371.94,0.2377105480987567,-41.40406125985157,-1.6966531555753301,0,0.0,0.0,0.0,0.0,0.0,0.0,0.0,0.0,0.0,0.9984704293288662,0.9984704293288662,0.0
2024-01-04,15:06:00.000000000,47.01,371.76,,,,0,0.0,0.0,0.0,0.0,0.0,0.0,0.0,0.0,0.0,0.9984704293288662,0.9984704293288662,0.0
2024-01-04,15:07:00.000000000,47.03,371.903,,,,0,0.0,0.0,0.0,0.0,0.0,0.0,0.0,0.0,0.0,0.9984704293288662,0.9984704293288662,0.0
2024-01-04,15:08:00.000000000,47.07,371.82,0.2381044779568504,-41.46200699391611,-1.6664483551530043,0,0.0,0.0,0.0,0.0,0.0,0.0,0.0,0.0,0.0,0.9984704293288662,0.9984704293288662,0.0
2024-01-04,15:09:00.000000000,47.085,371.9501,,,,0,0.0,0.0,0.0,0.0,0.0,0.0,0.0,0.0,0.0,0.9984704293288662,0.9984704293288662,0.0
2024-01-04,15:10:00.000000000,47.05,371.835,,,,0,0.0,0.0,0.0,0.0,0.0,0.0,0.0,0.0,0.0,0.9984704293288662,0.9984704293288662,0.0
2024-01-04,15:11:00.000000000,47.05,372.1,0.23847081566148148,-41.684990507637266,-1.6729615132716056,0,0.0,0.0,0.0,0.0,0.0,0.0,0.0,0.0,0.0,0.9984704293288662,0.9984704293288662,0.0
2024-01-04,15:12:00.000000000,47.115,372.2327,,,,0,0.0,0.0,0.0,0.0,0.0,0.0,0.0,0.0,0.0,0.9984704293288662,0.9984704293288662,0.0
2024-01-04,15:13:00.000000000,47.12,372.15,,,,0,0.0,0.0,0.0,0.0,0.0,0.0,0.0,0.0,0.0,0.9984704293288662,0.9984704293288662,0.0
2024-01-04,15:14:00.000000000,47.15,372.21,0.2387875309783674,-41.72910690545813,-1.6403152545373116,0,0.0,0.0,0.0,0.0,0.0,0.0,0.0,0.0,0.0,0.9984704293288662,0.9984704293288662,0.0
2024-01-04,15:15:00.000000000,47.155,372.31,,,,0,0.0,0.0,0.0,0.0,0.0,0.0,0.0,0.0,0.0,0.9984704293288662,0.9984704293288662,0.0
2024-01-04,15:16:00.000000000,47.0901,372.41,,,,0,0.0,0.0,0.0,0.0,0.0,0.0,0.0,0.0,0.0,0.9984704293288662,0.9984704293288662,0.0
2024-01-04,15:17:00.000000000,47.0799,372.33,0.2391048382903804,-41.946004440657326,-1.6464643762113922,0,0.0,0.0,0.0,0.0,0.0,0.0,0.0,0.0,0.0,0.9984704293288662,0.9984704293288662,0.0
2024-01-04,15:18:00.000000000,47.05,371.965,,,,0,0.0,0.0,0.0,0.0,0.0,0.0,0.0,0.0,0.0,0.9984704293288662,0.9984704293288662,0.0
2024-01-04,15:19:00.000000000,47.03,371.87,,,,0,0.0,0.0,0.0,0.0,0.0,0.0,0.0,0.0,0.0,0.9984704293288662,0.9984704293288662,0.0
2024-01-04,15:20:00.000000000,47.0,371.77,0.23953834245922034,-42.05316957606435,-1.6285026816098795,0,0.0,0.0,0.0,0.0,0.0,0.0,0.0,0.0,0.0,0.9984704293288662,0.9984704293288662,0.0
2024-01-04,15:21:00.000000000,46.995,371.93,,,,0,0.0,0.0,0.0,0.0,0.0,0.0,0.0,0.0,0.0,0.9984704293288662,0.9984704293288662,0.0
2024-01-04,15:22:00.000000000,47.005,371.79,,,,0,0.0,0.0,0.0,0.0,0.0,0.0,0.0,0.0,0.0,0.9984704293288662,0.9984704293288662,0.0
2024-01-04,15:23:00.000000000,46.995,371.67,0.23993675210918328,-42.18229265642015,-1.6165065445624685,0,0.0,0.0,0.0,0.0,0.0,0.0,0.0,0.0,0.0,0.9984704293288662,0.9984704293288662,0.0
2024-01-04,15:24:00.000000000,47.01,371.88,,,,0,0.0,0.0,0.0,0.0,0.0,0.0,0.0,0.0,0.0,0.9984704293288662,0.9984704293288662,0.0
2024-01-04,15:25:00.000000000,46.99,371.71,,,,0,0.0,0.0,0.0,0.0,0.0,0.0,0.0,0.0,0.0,0.9984704293288662,0.9984704293288662,0.0
2024-01-04,15:26:00.000000000,46.99,371.61,0.24033957964708366,-42.32259119265276,-1.607587179576798,0,0.0,0.0,0.0,0.0,0.0,0.0,0.0,0.0,0.0,0.9984704293288662,0.9984704293288662,0.0
2024-01-04,15:27:00.000000000,47.005,371.83,,,,0,0.0,0.0,0.0,0.0,0.0,0.0,0.0,0.0,0.0,0.9984704293288662,0.9984704293288662,0.0
2024-01-04,15:28:00.000000000,47.005,371.91,,,,0,0.0,0.0,0.0,0.0,0.0,0.0,0.0,0.0,0.0,0.9984704293288662,0.9984704293288662,0.0
2024-01-04,15:29:00.000000000,47.02,371.94,0.2406844230118579,-42.50016429503042,-1.6073524758852495,0,0.0,0.0,0.0,0.0,0.0,0.0,0.0,0.0,0.0,0.9984704293288662,0.9984704293288662,0.0
2024-01-04,15:30:00.000000000,46.975,371.935,,,,0,0.0,0.0,0.0,0.0,0.0,0.0,0.0,0.0,0.0,0.9984704293288662,0.9984704293288662,0.0
2024-01-04,15:31:00.000000000,46.99,372.09,,,,0,0.0,0.0,0.0,0.0,0.0,0.0,0.0,0.0,0.0,0.9984704293288662,0.9984704293288662,0.0
2024-01-04,15:32:00.000000000,47.01,371.9882,0.24102416489614356,-42.64814525621963,-1.6008850732094992,0,0.0,0.0,0.0,0.0,0.0,0.0,0.0,0.0,0.0,0.9984704293288662,0.9984704293288662,0.0
2024-01-04,15:33:00.000000000,47.045,372.07,,,,0,0.0,0.0,0.0,0.0,0.0,0.0,0.0,0.0,0.0,0.9984704293288662,0.9984704293288662,0.0
2024-01-04,15:34:00.000000000,47.04,372.0576,,,,0,0.0,0.0,0.0,0.0,0.0,0.0,0.0,0.0,0.0,0.9984704293288662,0.9984704293288662,0.0
2024-01-04,15:35:00.000000000,47.015,371.9612,0.24135498209012676,-42.75968876422206,-1.5869148412533023,0,0.0,0.0,0.0,0.0,0.0,0.0,0.0,0.0,0.0,0.9984704293288662,0.9984704293288662,0.0
2024-01-04,15:36:00.000000000,47.07,372.165,,,,0,0.0,0.0,0.0,0.0,0.0,0.0,0.0,0.0,0.0,0.9984704293288662,0.9984704293288662,0.0
2024-01-04,15:37:00.000000000,47.015,371.83,,,,0,0.0,0.0,0.0,0.0,0.0,0.0,0.0,0.0,0.0,0.9984704293288662,0.9984704293288662,0.0
2024-01-04,15:38:00.000000000,47.005,371.9,0.2417061577602455,-42.885520071035295,-1.5769755288733132,0,0.0,0.0,0.0,0.0,0.0,0.0,0.0,0.0,0.0,0.9984704293288662,0.9984704293288662,0.0
2024-01-04,15:39:00.000000000,46.98,371.89,,,,0,0.0,0.0,0.0,0.0,0.0,0.0,0.0,0.0,0.0,0.9984704293288662,0.9984704293288662,0.0
2024-01-04,15:40:00.000000000,46.98,371.835,,,,0,0.0,0.0,0.0,0.0,0.0,0.0,0.0,0.0,0.0,0.9984704293288662,0.9984704293288662,0.0
2024-01-04,15:41:00.000000000,46.985,371.93,0.24204928109819493,-43.040389118851635,-1.5741684061597385,0,0.0,0.0,0.0,0.0,0.0,0.0,0.0,0.0,0.0,0.9984704293288662,0.9984704293288662,0.0
2024-01-04,15:42:00.000000000,46.965,371.71,,,,0,0.0,0.0,0.0,0.0,0.0,0.0,0.0,0.0,0.0,0.9984704293288662,0.9984704293288662,0.0
2024-01-04,15:43:00.000000000,47.0,371.9,,,,0,0.0,0.0,0.0,0.0,0.0,0.0,0.0,0.0,0.0,0.9984704293288662,0.9984704293288662,0.0
2024-01-04,15:44:00.000000000,47.015,371.93,0.24237869715156987,-43.13290883158338,-1.5580451940995508,0,0.0,0.0,0.0,0.0,0.0,0.0,0.0,0.0,0.0,0.9984704293288662,0.9984704293288662,0.0
2024-01-04,15:45:00.000000000,47.04,371.84,,,,0,0.0,0.0,0.0,0.0,0.0,0.0,0.0,0.0,0.0,0.9984704293288662,0.9984704293288662,0.0
2024-01-04,15:46:00.000000000,47.01,371.87,,,,0,0.0,0.0,0.0,0.0,0.0,0.0,0.0,0.0,0.0,0.9984704293288662,0.9984704293288662,0.0
2024-01-04,15:47:00.000000000,47.015,371.86,0.24271068281131736,-43.23939451021647,-1.5459753023227187,0,0.0,0.0,0.0,0.0,0.0,0.0,0.0,0.0,0.0,0.9984704293288662,0.9984704293288662,0.0
2024-01-04,15:48:00.000000000,46.98,371.96,,,,0,0.0,0.0,0.0,0.0,0.0,0.0,0.0,0.0,0.0,0.9984704293288662,0.9984704293288662,0.0
2024-01-04,15:49:00.000000000,46.96,372.1901,,,,0,0.0,0.0,0.0,0.0,0.0,0.0,0.0,0.0,0.0,0.9984704293288662,0.9984704293288662,0.0
2024-01-04,15:50:00.000000000,46.99,372.16,0.2430096024098909,-43.448453632865004,-1.5574360534549514,0,0.0,0.0,0.0,0.0,0.0,0.0,0.0,0.0,0.0,0.9984704293288662,0.9984704293288662,0.0
2024-01-04,15:51:00.000000000,46.99,372.2702,,,,0,0.0,0.0,0.0,0.0,0.0,0.0,0.0,0.0,0.0,0.9984704293288662,0.9984704293288662,0.0
2024-01-04,15:52:00.000000000,46.95,372.055,,,,0,0.0,0.0,0.0,0.0,0.0,0.0,0.0,0.0,0.0,0.9984704293288662,0.9984704293288662,0.0
2024-01-04,15:53:00.000000000,46.93,371.9,0.2433620548398805,-43.57634819495156,-1.550857386688745,0,0.0,0.0,0.0,0.0,0.0,0.0,0.0,0.0,0.0,0.9984704293288662,0.9984704293288662,0.0
2024-01-04,15:54:00.000000000,46.97,371.88,,,,0,0.0,0.0,0.0,0.0,0.0,0.0,0.0,0.0,0.0,0.9984704293288662,0.9984704293288662,0.0
2024-01-04,15:55:00.000000000,46.96,371.9191,,,,0,0.0,0.0,0.0,0.0,0.0,0.0,0.0,0.0,0.0,0.9984704293288662,0.9984704293288662,0.0
2024-01-04,15:56:00.000000000,46.935,371.98,0.2436968542150528,-43.71535583091534,-1.5474942312721527,0,0.0,0.0,0.0,0.0,0.0,0.0,0.0,0.0,0.0,0.9984704293288662,0.9984704293288662,0.0
2024-01-04,15:57:00.000000000,46.98,372.04,,,,0,0.0,0.0,0.0,0.0,0.0,0.0,0.0,0.0,0.0,0.9984704293288662,0.9984704293288662,0.0
2024-01-04,15:58:00.000000000,46.975,371.75,,,,0,0.0,0.0,0.0,0.0,0.0,0.0,0.0,0.0,0.0,0.9984704293288662,0.9984704293288662,0.0
2024-01-04,15:59:00.000000000,46.98,371.76,0.2440412113733523,-43.74476074015745,-1.5198345611745614,0,0.0,0.0,0.0,0.0,0.0,0.0,0.0,0.0,0.0,0.9984704293288662,0.9984704293288662,0.0
2024-01-04,16:00:00.000000000,46.995,372.16,,,,0,0.0,0.0,0.0,0.0,0.0,0.0,0.0,0.0,0.0,0.9984704293288662,0.9984704293288662,0.0
2024-01-04,16:01:00.000000000,47.005,372.3,,,,0,0.0,0.0,0.0,0.0,0.0,0.0,0.0,0.0,0.0,0.9984704293288662,0.9984704293288662,0.0
2024-01-04,16:02:00.000000000,47.01,372.1,0.2443337775087924,-43.90659861102166,-1.5235058253967773,0,0.0,0.0,0.0,0.0,0.0,0.0,0.0,0.0,0.0,0.9984704293288662,0.9984704293288662,0.0
2024-01-04,16:03:00.000000000,47.0192,372.235,,,,0,0.0,0.0,0.0,0.0,0.0,0.0,0.0,0.0,0.0,0.9984704293288662,0.9984704293288662,0.0
2024-01-04,16:04:00.000000000,47.015,372.25,,,,0,0.0,0.0,0.0,0.0,0.0,0.0,0.0,0.0,0.0,0.9984704293288662,0.9984704293288662,0.0
2024-01-04,16:05:00.000000000,47.01,372.29,0.24459653260047537,-44.05084312183099,-1.5233335068541511,0,0.0,0.0,0.0,0.0,0.0,0.0,0.0,0.0,0.0,0.9984704293288662,0.9984704293288662,0.0
2024-01-04,16:06:00.000000000,47.01,372.28,,,,0,0.0,0.0,0.0,0.0,0.0,0.0,0.0,0.0,0.0,0.9984704293288662,0.9984704293288662,0.0
2024-01-04,16:07:00.000000000,47.015,372.33,,,,0,0.0,0.0,0.0,0.0,0.0,0.0,0.0,0.0,0.0,0.9984704293288662,0.9984704293288662,0.0
2024-01-04,16:08:00.000000000,47.01,372.37,0.24484249567109956,-44.16200011304735,-1.5158059076234414,0,0.0,0.0,0.0,0.0,0.0,0.0,0.0,0.0,0.0,0.9984704293288662,0.9984704293288662,0.0
2024-01-04,16:09:00.000000000,46.985,372.43,,,,0,0.0,0.0,0.0,0.0,0.0,0.0,0.0,0.0,0.0,0.9984704293288662,0.9984704293288662,0.0
2024-01-04,16:10:00.000000000,47.01,372.6769,,,,0,0.0,0.0,0.0,0.0,0.0,0.0,0.0,0.0,0.0,0.9984704293288662,0.9984704293288662,0.0
2024-01-04,16:11:00.000000000,47.03,372.7634,0.24501551309325018,-44.30281571338445,-1.5155284531479845,0,0.0,0.0,0.0,0.0,0.0,0.0,0.0,0.0,0.0,0.9984704293288662,0.9984704293288662,0.0
2024-01-04,16:12:00.000000000,47.03,372.7952,,,,0,0.0,0.0,0.0,0.0,0.0,0.0,0.0,0.0,0.0,0.9984704293288662,0.9984704293288662,0.0
2024-01-04,16:13:00.000000000,47.0509,372.8601,,,,0,0.0,0.0,0.0,0.0,0.0,0.0,0.0,0.0,0.0,0.9984704293288662,0.9984704293288662,0.0
2024-01-04,16:14:00.000000000,47.07,372.98,0.2451447438714179,-44.36408656916145,-1.4970534593401532,0,0.0,0.0,0.0,0.0,0.0,0.0,0.0,0.0,0.0,0.9984704293288662,0.9984704293288662,0.0
2024-01-04,16:15:00.000000000,47.085,372.89,,,,0,0.0,0.0,0.0,0.0,0.0,0.0,0.0,0.0,0.0,0.9984704293288662,0.9984704293288662,0.0
2024-01-04,16:16:00.000000000,47.065,372.975,,,,0,0.0,0.0,0.0,0.0,0.0,0.0,0.0,0.0,0.0,0.9984704293288662,0.9984704293288662,0.0
2024-01-04,16:17:00.000000000,47.04,373.02,0.2452682453561157,-44.449960882738274,-1.4853009429174098,0,0.0,0.0,0.0,0.0,0.0,0.0,0.0,0.0,0.0,0.9984704293288662,0.9984704293288662,0.0
2024-01-04,16:18:00.000000000,47.0301,372.85,,,,0,0.0,0.0,0.0,0.0,0.0,0.0,0.0,0.0,0.0,0.9984704293288662,0.9984704293288662,0.0
2024-01-04,16:19:00.000000000,47.04,372.96,,,,0,0.0,0.0,0.0,0.0,0.0,0.0,0.0,0.0,0.0,0.9984704293288662,0.9984704293288662,0.0
2024-01-04,16:20:00.000000000,47.08,372.85,0.24541906017143106,-44.424496584918074,-1.4474905494036994,0,0.0,0.0,0.0,0.0,0.0,0.0,0.0,0.0,0.0,0.9984704293288662,0.9984704293288662,0.0
2024-01-04,16:21:00.000000000,47.075,372.715,,,,0,0.0,0.0,0.0,0.0,0.0,0.0,0.0,0.0,0.0,0.9984704293288662,0.9984704293288662,0.0
2024-01-04,16:22:00.000000000,47.08,372.68,,,,0,0.0,0.0,0.0,0.0,0.0,0.0,0.0,0.0,0.0,0.9984704293288662,0.9984704293288662,0.0
2024-01-04,16:23:00.000000000,47.08,372.66,0.2456046313354684,-44.447021913475666,-1.4225614958973818,0,0.0,0.0,0.0,0.0,0.0,0.0,0.0,0.0,0.0,0.9984704293288662,0.9984704293288662,0.0
2024-01-04,16:24:00.000000000,47.095,372.65,,,,0,0.0,0.0,0.0,0.0,0.0,0.0,0.0,0.0,0.0,0.9984704293288662,0.9984704293288662,0.0
2024-01-04,16:25:00.000000000,47.1099,372.64,,,,0,0.0,0.0,0.0,0.0,0.0,0.0,0.0,0.0,0.0,0.9984704293288662,0.9984704293288662,0.0
2024-01-04,16:26:00.000000000,47.1494,372.56,0.24579304117823553,-44.42325542136342,-1.3874383030424031,0,0.0,0.0,0.0,0.0,0.0,0.0,0.0,0.0,0.0,0.9984704293288662,0.9984704293288662,0.0
2024-01-04,16:27:00.000000000,47.13,372.418,,,,0,0.0,0.0,0.0,0.0,0.0,0.0,0.0,0.0,0.0,0.9984704293288662,0.9984704293288662,0.0
2024-01-04,16:28:00.000000000,47.12,372.37,,,,0,0.0,0.0,0.0,0.0,0.0,0.0,0.0,0.0,0.0,0.9984704293288662,0.9984704293288662,0.0
2024-01-04,16:29:00.000000000,47.08,372.1071,0.24606162525220146,-44.48127779388345,-1.3728936044005782,0,0.0,0.0,0.0,0.0,0.0,0.0,0.0,0.0,0.0,0.9984704293288662,0.9984704293288662,0.0
2024-01-04,16:30:00.000000000,47.01,371.9599,,,,0,0.0,0.0,0.0,0.0,0.0,0.0,0.0,0.0,0.0,0.9984704293288662,0.9984704293288662,0.0
2024-01-04,16:31:00.000000000,47.0,371.87,,,,0,0.0,0.0,0.0,0.0,0.0,0.0,0.0,0.0,0.0,0.9984704293288662,0.9984704293288662,0.0
2024-01-04,16:32:00.000000000,47.01,372.0413,0.24635370415166485,-44.64375235240079,-1.3843740838316867,0,0.0,0.0,0.0,0.0,0.0,0.0,0.0,0.0,0.0,0.9984704293288662,0.9984704293288662,0.0
2024-01-04,16:33:00.000000000,47.005,372.1999,,,,0,0.0,0.0,0.0,0.0,0.0,0.0,0.0,0.0,0.0,0.9984704293288662,0.9984704293288662,0.0
2024-01-04,16:34:00.000000000,47.0075,372.11,,,,0,0.0,0.0,0.0,0.0,0.0,0.0,0.0,0.0,0.0,0.9984704293288662,0.9984704293288662,0.0
2024-01-04,16:35:00.000000000,47.025,372.19,0.2466235408376047,-44.765815664348104,-1.3861757149696596,0,0.0,0.0,0.0,0.0,0.0,0.0,0.0,0.0,0.0,0.9984704293288662,0.9984704293288662,0.0
2024-01-04,16:36:00.000000000,47.03,372.3656,,,,0,0.0,0.0,0.0,0.0,0.0,0.0,0.0,0.0,0.0,0.9984704293288662,0.9984704293288662,0.0
2024-01-04,16:37:00.000000000,47.07,372.31,,,,0,0.0,0.0,0.0,0.0,0.0,0.0,0.0,0.0,0.0,0.9984704293288662,0.9984704293288662,0.0
2024-01-04,16:38:00.000000000,47.015,372.02,0.2469173230318506,-44.84318251430905,-1.3771935878364334,0,0.0,0.0,0.0,0.0,0.0,0.0,0.0,0.0,0.0,0.9984704293288662,0.9984704293288662,0.0
2024-01-04,16:39:00.000000000,47.0086,371.97,,,,0,0.0,0.0,0.0,0.0,0.0,0.0,0.0,0.0,0.0,0.9984704293288662,0.9984704293288662,0.0
2024-01-04,16:40:00.000000000,47.005,371.98,,,,0,0.0,0.0,0.0,0.0,0.0,0.0,0.0,0.0,0.0,0.9984704293288662,0.9984704293288662,0.0
2024-01-04,16:41:00.000000000,47.0226,371.98,0.24721484335504207,-44.936377431208555,-1.372463689974003,0,0.0,0.0,0.0,0.0,0.0,0.0,0.0,0.0,0.0,0.9984704293288662,0.9984704293288662,0.0
2024-01-04,16:42:00.000000000,47.01,371.98,,,,0,0.0,0.0,0.0,0.0,0.0,0.0,0.0,0.0,0.0,0.9984704293288662,0.9984704293288662,0.0
2024-01-04,16:43:00.000000000,47.0104,372.04,,,,0,0.0,0.0,0.0,0.0,0.0,0.0,0.0,0.0,0.0,0.9984704293288662,0.9984704293288662,0.0
2024-01-04,16:44:00.000000000,47.0,372.0,0.24751637897009637,-45.076092976875856,-1.3799301009908231,0,0.0,0.0,0.0,0.0,0.0,0.0,0.0,0.0,0.0,0.9984704293288662,0.9984704293288662,0.0
2024-01-04,16:45:00.000000000,46.995,371.975,,,,0,0.0,0.0,0.0,0.0,0.0,0.0,0.0,0.0,0.0,0.9984704293288662,0.9984704293288662,0.0
2024-01-04,16:46:00.000000000,46.99,371.74,,,,0,0.0,0.0,0.0,0.0,0.0,0.0,0.0,0.0,0.0,0.9984704293288662,0.9984704293288662,0.0
2024-01-04,16:47:00.000000000,47.005,371.86,0.2478334773108493,-45.15435687281242,-1.3717100388196872,0,0.0,0.0,0.0,0.0,0.0,0.0,0.0,0.0,0.0,0.9984704293288662,0.9984704293288662,0.0
2024-01-04,16:48:00.000000000,47.01,371.8069,,,,0,0.0,0.0,0.0,0.0,0.0,0.0,0.0,0.0,0.0,0.9984704293288662,0.9984704293288662,0.0
2024-01-04,16:49:00.000000000,47.02,371.78,,,,0,0.0,0.0,0.0,0.0,0.0,0.0,0.0,0.0,0.0,0.9984704293288662,0.9984704293288662,0.0
2024-01-04,16:50:00.000000000,47.015,371.59,0.24816352127220453,-45.20008286953848,-1.3558178698203587,0,0.0,0.0,0.0,0.0,0.0,0.0,0.0,0.0,0.0,0.9984704293288662,0.9984704293288662,0.0
2024-01-04,16:51:00.000000000,47.03,371.52,,,,0,0.0,0.0,0.0,0.0,0.0,0.0,0.0,0.0,0.0,0.9984704293288662,0.9984704293288662,0.0
2024-01-04,16:52:00.000000000,46.97,371.16,,,,0,0.0,0.0,0.0,0.0,0.0,0.0,0.0,0.0,0.0,0.9984704293288662,0.9984704293288662,0.0
2024-01-04,16:53:00.000000000,46.9877,371.205,0.2485237102102875,-45.265543848609774,-1.3462641919932976,0,0.0,0.0,0.0,0.0,0.0,0.0,0.0,0.0,0.0,0.9984704293288662,0.9984704293288662,0.0
2024-01-04,16:54:00.000000000,47.015,371.1961,,,,0,0.0,0.0,0.0,0.0,0.0,0.0,0.0,0.0,0.0,0.9984704293288662,0.9984704293288662,0.0
2024-01-04,16:55:00.000000000,47.015,371.18,,,,0,0.0,0.0,0.0,0.0,0.0,0.0,0.0,0.0,0.0,0.9984704293288662,0.9984704293288662,0.0
2024-01-04,16:56:00.000000000,47.015,371.2028,0.24886833418975168,-45.36562248257157,-1.3462495792556524,0,0.0,0.0,0.0,0.0,0.0,0.0,0.0,0.0,0.0,0.9984704293288662,0.9984704293288662,0.0
2024-01-04,16:57:00.000000000,47.01,371.1554,,,,0,0.0,0.0,0.0,0.0,0.0,0.0,0.0,0.0,0.0,0.9984704293288662,0.9984704293288662,0.0
2024-01-04,16:58:00.000000000,47.02,371.065,,,,0,0.0,0.0,0.0,0.0,0.0,0.0,0.0,0.0,0.0,0.9984704293288662,0.9984704293288662,0.0
2024-01-04,16:59:00.000000000,47.01,371.02,0.24922028725203618,-45.455710976250465,-1.3440892378047835,0,0.0,0.0,0.0,0.0,0.0,0.0,0.0,0.0,0.0,0.9984704293288662,0.9984704293288662,0.0
2024-01-04,17:00:00.000000000,47.0294,371.22,,,,0,0.0,0.0,0.0,0.0,0.0,0.0,0.0,0.0,0.0,0.9984704293288662,0.9984704293288662,0.0
2024-01-04,17:01:00.000000000,47.01,371.3084,,,,0,0.0,0.0,0.0,0.0,0.0,0.0,0.0,0.0,0.0,0.9984704293288662,0.9984704293288662,0.0
2024-01-04,17:02:00.000000000,47.0,371.1106,0.24957337520239176,-45.61932501538472,-1.36247438894085,0,0.0,0.0,0.0,0.0,0.0,0.0,0.0,0.0,0.0,0.9984704293288662,0.9984704293288662,0.0
2024-01-04,17:03:00.000000000,47.01,371.125,,,,0,0.0,0.0,0.0,0.0,0.0,0.0,0.0,0.0,0.0,0.9984704293288662,0.9984704293288662,0.0
2024-01-04,17:04:00.000000000,47.015,371.2,,,,0,0.0,0.0,0.0,0.0,0.0,0.0,0.0,0.0,0.0,0.9984704293288662,0.9984704293288662,0.0
2024-01-04,17:05:00.000000000,47.02,371.18,0.24991116850611989,-45.74202752610157,-1.3703298042250407,0,0.0,0.0,0.0,0.0,0.0,0.0,0.0,0.0,0.0,0.9984704293288662,0.9984704293288662,0.0
2024-01-04,17:06:00.000000000,46.99,371.09,,,,0,0.0,0.0,0.0,0.0,0.0,0.0,0.0,0.0,0.0,0.9984704293288662,0.9984704293288662,0.0
2024-01-04,17:07:00.000000000,46.985,371.0552,,,,0,0.0,0.0,0.0,0.0,0.0,0.0,0.0,0.0,0.0,0.9984704293288662,0.9984704293288662,0.0
2024-01-04,17:08:00.000000000,46.9899,371.015,0.25026876542358434,-45.86356600363114,-1.3788348133228125,0,0.0,0.0,0.0,0.0,0.0,0.0,0.0,0.0,0.0,0.9984704293288662,0.9984704293288662,0.0
2024-01-04,17:09:00.000000000,46.9584,370.932,,,,0,0.0,0.0,0.0,0.0,0.0,0.0,0.0,0.0,0.0,0.9984704293288662,0.9984704293288662,0.0
2024-01-04,17:10:00.000000000,46.935,370.8813,,,,0,0.0,0.0,0.0,0.0,0.0,0.0,0.0,0.0,0.0,0.9984704293288662,0.9984704293288662,0.0
2024-01-04,17:11:00.000000000,46.98,370.94,0.25062595955538525,-45.98719343747461,-1.3887586669089442,0,0.0,0.0,0.0,0.0,0.0,0.0,0.0,0.0,0.0,0.9984704293288662,0.9984704293288662,0.0
2024-01-04,17:12:00.000000000,46.98,370.97,,,,0,0.0,0.0,0.0,0.0,0.0,0.0,0.0,0.0,0.0,0.9984704293288662,0.9984704293288662,0.0
2024-01-04,17:13:00.000000000,46.9794,370.91,,,,0,0.0,0.0,0.0,0.0,0.0,0.0,0.0,0.0,0.0,0.9984704293288662,0.9984704293288662,0.0
2024-01-04,17:14:00.000000000,46.9626,370.9,0.2509917853272155,-46.130253177864226,-1.4048225012374131,0,0.0,0.0,0.0,0.0,0.0,0.0,0.0,0.0,0.0,0.9984704293288662,0.9984704293288662,0.0
2024-01-04,17:15:00.000000000,46.94,370.86,,,,0,0.0,0.0,0.0,0.0,0.0,0.0,0.0,0.0,0.0,0.9984704293288662,0.9984704293288662,0.0
2024-01-04,17:16:00.000000000,46.92,370.775,,,,0,0.0,0.0,0.0,0.0,0.0,0.0,0.0,0.0,0.0,0.9984704293288662,0.9984704293288662,0.0
2024-01-04,17:17:00.000000000,46.91,370.7678,0.2513843204837558,-46.29521146025708,-1.4272771153779744,0,0.0,0.0,0.0,0.0,0.0,0.0,0.0,0.0,0.0,0.9984704293288662,0.9984704293288662,0.0
2024-01-04,17:18:00.000000000,46.92,370.8965,,,,0,0.0,0.0,0.0,0.0,0.0,0.0,0.0,0.0,0.0,0.9984704293288662,0.9984704293288662,0.0
2024-01-04,17:19:00.000000000,46.925,371.085,,,,0,0.0,0.0,0.0,0.0,0.0,0.0,0.0,0.0,0.0,0.9984704293288662,0.9984704293288662,0.0
2024-01-04,17:20:00.000000000,46.975,371.3,0.2517241664513262,-46.49018300337743,-1.4586842578271215,0,0.0,0.0,0.0,0.0,0.0,0.0,0.0,0.0,0.0,0.9984704293288662,0.9984704293288662,0.0
2024-01-04,17:21:00.000000000,46.95,371.215,,,,0,0.0,0.0,0.0,0.0,0.0,0.0,0.0,0.0,0.0,0.9984704293288662,0.9984704293288662,0.0
2024-01-04,17:22:00.000000000,46.94,371.11,,,,0,0.0,0.0,0.0,0.0,0.0,0.0,0.0,0.0,0.0,0.9984704293288662,0.9984704293288662,0.0
2024-01-04,17:23:00.000000000,46.93,371.21,0.2520880390449382,-46.64760097387151,-1.4793580149324626,0,0.0,0.0,0.0,0.0,0.0,0.0,0.0,0.0,0.0,0.9984704293288662,0.9984704293288662,0.0
2024-01-04,17:24:00.000000000,46.925,371.0,,,,0,0.0,0.0,0.0,0.0,0.0,0.0,0.0,0.0,0.0,0.9984704293288662,0.9984704293288662,0.0
2024-01-04,17:25:00.000000000,46.96,370.895,,,,0,0.0,0.0,0.0,0.0,0.0,0.0,0.0,0.0,0.0,0.9984704293288662,0.9984704293288662,0.0
2024-01-04,17:26:00.000000000,46.959,370.88,0.25244472106721916,-46.66769814941024,-1.4590222337687322,0,0.0,0.0,0.0,0.0,0.0,0.0,0.0,0.0,0.0,0.9984704293288662,0.9984704293288662,0.0
2024-01-04,17:27:00.000000000,46.96,370.9673,,,,0,0.0,0.0,0.0,0.0,0.0,0.0,0.0,0.0,0.0,0.9984704293288662,0.9984704293288662,0.0
2024-01-04,17:28:00.000000000,46.97,370.88,,,,0,0.0,0.0,0.0,0.0,0.0,0.0,0.0,0.0,0.0,0.9984704293288662,0.9984704293288662,0.0
2024-01-04,17:29:00.000000000,46.98,370.975,0.25278587432779,-46.7972397287519,-1.4727598515814022,0,0.0,0.0,0.0,0.0,0.0,0.0,0.0,0.0,0.0,0.9984704293288662,0.9984704293288662,0.0
2024-01-04,17:30:00.000000000,46.96,370.63,,,,0,0.0,0.0,0.0,0.0,0.0,0.0,0.0,0.0,0.0,0.9984704293288662,0.9984704293288662,0.0
2024-01-04,17:31:00.000000000,46.97,370.81,,,,0,0.0,0.0,0.0,0.0,0.0,0.0,0.0,0.0,0.0,0.9984704293288662,0.9984704293288662,0.0
2024-01-04,17:32:00.000000000,46.97,370.751,0.2531280696311036,-46.87748494380129,-1.4719509856169737,0,0.0,0.0,0.0,0.0,0.0,0.0,0.0,0.0,0.0,0.9984704293288662,0.9984704293288662,0.0
2024-01-04,17:33:00.000000000,46.995,370.7,,,,0,0.0,0.0,0.0,0.0,0.0,0.0,0.0,0.0,0.0,0.9984704293288662,0.9984704293288662,0.0
2024-01-04,17:34:00.000000000,46.985,370.62,,,,0,0.0,0.0,0.0,0.0,0.0,0.0,0.0,0.0,0.0,0.9984704293288662,0.9984704293288662,0.0
2024-01-04,17:35:00.000000000,46.99,370.73,0.25345769270878665,-46.974370417928476,-1.4771502344265952,0,0.0,0.0,0.0,0.0,0.0,0.0,0.0,0.0,0.0,0.9984704293288662,0.9984704293288662,0.0
2024-01-04,17:36:00.000000000,47.01,370.9437,,,,0,0.0,0.0,0.0,0.0,0.0,0.0,0.0,0.0,0.0,0.9984704293288662,0.9984704293288662,0.0
2024-01-04,17:37:00.000000000,47.015,370.8,,,,0,0.0,0.0,0.0,0.0,0.0,0.0,0.0,0.0,0.0,0.9984704293288662,0.9984704293288662,0.0
2024-01-04,17:38:00.000000000,47.06,370.7636,0.253749345401087,-47.02102079855047,-1.4674003541401295,0,0.0,0.0,0.0,0.0,0.0,0.0,0.0,0.0,0.0,0.9984704293288662,0.9984704293288662,0.0
2024-01-04,17:39:00.000000000,47.06,370.73,,,,0,0.0,0.0,0.0,0.0,0.0,0.0,0.0,0.0,0.0,0.9984704293288662,0.9984704293288662,0.0
2024-01-04,17:40:00.000000000,47.03,370.61,,,,0,0.0,0.0,0.0,0.0,0.0,0.0,0.0,0.0,0.0,0.9984704293288662,0.9984704293288662,0.0
2024-01-04,17:41:00.000000000,47.035,370.76,0.25405133428455673,-47.15707269934225,-1.4867158542528145,0,0.0,0.0,0.0,0.0,0.0,0.0,0.0,0.0,0.0,0.9984704293288662,0.9984704293288662,0.0
2024-01-04,17:42:00.000000000,47.03,370.68,,,,0,0.0,0.0,0.0,0.0,0.0,0.0,0.0,0.0,0.0,0.9984704293288662,0.9984704293288662,0.0
2024-01-04,17:43:00.000000000,47.005,370.4801,,,,0,0.0,0.0,0.0,0.0,0.0,0.0,0.0,0.0,0.0,0.9984704293288662,0.9984704293288662,0.0
2024-01-04,17:44:00.000000000,46.9908,370.42,0.2543699413716696,-47.232913682893845,-1.4870126808175932,0,0.0,0.0,0.0,0.0,0.0,0.0,0.0,0.0,0.0,0.9984704293288662,0.9984704293288662,0.0
2024-01-04,17:45:00.000000000,46.93,370.14,,,,0,0.0,0.0,0.0,0.0,0.0,0.0,0.0,0.0,0.0,0.9984704293288662,0.9984704293288662,0.0
2024-01-04,17:46:00.000000000,46.95,370.2,,,,0,0.0,0.0,0.0,0.0,0.0,0.0,0.0,0.0,0.0,0.9984704293288662,0.9984704293288662,0.0
2024-01-04,17:47:00.000000000,46.955,370.21,0.25469689893751585,-47.33633895565774,-1.4969223344221685,0,0.0,0.0,0.0,0.0,0.0,0.0,0.0,0.0,0.0,0.9984704293288662,0.9984704293288662,0.0
2024-01-04,17:48:00.000000000,46.915,370.14,,,,0,0.0,0.0,0.0,0.0,0.0,0.0,0.0,0.0,0.0,0.9984704293288662,0.9984704293288662,0.0
2024-01-04,17:49:00.000000000,46.95,370.26,,,,0,0.0,0.0,0.0,0.0,0.0,0.0,0.0,0.0,0.0,0.9984704293288662,0.9984704293288662,0.0
2024-01-04,17:50:00.000000000,46.945,370.12,0.255017658771358,-47.44213586445503,-1.5074379969969895,0,0.0,0.0,0.0,0.0,0.0,0.0,0.0,0.0,0.0,0.9984704293288662,0.9984704293288662,0.0
2024-01-04,17:51:00.000000000,46.955,370.13,,,,0,0.0,0.0,0.0,0.0,0.0,0.0,0.0,0.0,0.0,0.9984704293288662,0.9984704293288662,0.0
2024-01-04,17:52:00.000000000,46.98,370.16,,,,0,0.0,0.0,0.0,0.0,0.0,0.0,0.0,0.0,0.0,0.9984704293288662,0.9984704293288662,0.0
2024-01-04,17:53:00.000000000,47.01,370.26,0.2552971515423672,-47.51632333007688,-1.5074169997176965,0,0.0,0.0,0.0,0.0,0.0,0.0,0.0,0.0,0.0,0.9984704293288662,0.9984704293288662,0.0
2024-01-04,17:54:00.000000000,47.02,370.21,,,,0,0.0,0.0,0.0,0.0,0.0,0.0,0.0,0.0,0.0,0.9984704293288662,0.9984704293288662,0.0
2024-01-04,17:55:00.000000000,46.985,370.05,,,,0,0.0,0.0,0.0,0.0,0.0,0.0,0.0,0.0,0.0,0.9984704293288662,0.9984704293288662,0.0
2024-01-04,17:56:00.000000000,46.99,370.0151,0.25557605101545255,-47.576998074087776,-1.5042115206613862,0,0.0,0.0,0.0,0.0,0.0,0.0,0.0,0.0,0.0,0.9984704293288662,0.9984704293288662,0.0
2024-01-04,17:57:00.000000000,46.975,370.31,,,,0,0.0,0.0,0.0,0.0,0.0,0.0,0.0,0.0,0.0,0.9984704293288662,0.9984704293288662,0.0
2024-01-04,17:58:00.000000000,46.98,370.3101,,,,0,0.0,0.0,0.0,0.0,0.0,0.0,0.0,0.0,0.0,0.9984704293288662,0.9984704293288662,0.0
2024-01-04,17:59:00.000000000,46.98,370.365,0.25588201756890894,-47.78974343690897,-1.553647624436694,0,0.0,0.0,0.0,0.0,0.0,0.0,0.0,0.0,0.0,0.9984704293288662,0.9984704293288662,0.0
2024-01-04,18:00:00.000000000,46.96,370.29,,,,0,0.0,0.0,0.0,0.0,0.0,0.0,0.0,0.0,0.0,0.9984704293288662,0.9984704293288662,0.0
2024-01-04,18:01:00.000000000,46.965,370.47,,,,0,0.0,0.0,0.0,0.0,0.0,0.0,0.0,0.0,0.0,0.9984704293288662,0.9984704293288662,0.0
2024-01-04,18:02:00.000000000,46.965,370.4025,0.2561894942661614,-47.92822914992183,-1.5772077045548103,0,0.0,0.0,0.0,0.0,0.0,0.0,0.0,0.0,0.0,0.9984704293288662,0.9984704293288662,0.0
2024-01-04,18:03:00.000000000,46.96,370.37,,,,0,0.0,0.0,0.0,0.0,0.0,0.0,0.0,0.0,0.0,0.9984704293288662,0.9984704293288662,0.0
2024-01-04,18:04:00.000000000,46.975,370.5,,,,0,0.0,0.0,0.0,0.0,0.0,0.0,0.0,0.0,0.0,0.9984704293288662,0.9984704293288662,0.0
2024-01-04,18:05:00.000000000,46.95,370.395,0.25649983949804,-48.05625805087652,-1.5978429123851026,0,0.0,0.0,0.0,0.0,0.0,0.0,0.0,0.0,0.0,0.9984704293288662,0.9984704293288662,0.0
2024-01-04,18:06:00.000000000,46.955,370.41,,,,0,0.0,0.0,0.0,0.0,0.0,0.0,0.0,0.0,0.0,0.9984704293288662,0.9984704293288662,0.0
2024-01-04,18:07:00.000000000,46.945,370.315,,,,0,0.0,0.0,0.0,0.0,0.0,0.0,0.0,0.0,0.0,0.9984704293288662,0.9984704293288662,0.0
2024-01-04,18:08:00.000000000,46.955,370.37,0.25680196831621227,-48.15674500527554,-1.6085139015128944,0,0.0,0.0,0.0,0.0,0.0,0.0,0.0,0.0,0.0,0.9984704293288662,0.9984704293288662,0.0
2024-01-04,18:09:00.000000000,46.952,370.45,,,,0,0.0,0.0,0.0,0.0,0.0,0.0,0.0,0.0,0.0,0.9984704293288662,0.9984704293288662,0.0
2024-01-04,18:10:00.000000000,46.945,370.435,,,,0,0.0,0.0,0.0,0.0,0.0,0.0,0.0,0.0,0.0,0.9984704293288662,0.9984704293288662,0.0
2024-01-04,18:11:00.000000000,46.93,370.37,0.2571105704797844,-48.29604198859776,-1.6325077787352797,0,0.0,0.0,0.0,0.0,0.0,0.0,0.0,0.0,0.0,0.9984704293288662,0.9984704293288662,0.0
2024-01-04,18:12:00.000000000,46.895,370.27,,,,0,0.0,0.0,0.0,0.0,0.0,0.0,0.0,0.0,0.0,0.9984704293288662,0.9984704293288662,0.0
2024-01-04,18:13:00.000000000,46.9,370.44,,,,0,0.0,0.0,0.0,0.0,0.0,0.0,0.0,0.0,0.0,0.9984704293288662,0.9984704293288662,0.0
2024-01-04,18:14:00.000000000,46.905,370.4,0.25743927272905087,-48.450506618840436,-1.6625066689341583,0,0.0,0.0,0.0,0.0,0.0,0.0,0.0,0.0,0.0,0.9984704293288662,0.9984704293288662,0.0
2024-01-04,18:15:00.000000000,46.905,370.265,,,,0,0.0,0.0,0.0,0.0,0.0,0.0,0.0,0.0,0.0,0.9984704293288662,0.9984704293288662,0.0
2024-01-04,18:16:00.000000000,46.905,370.45,,,,0,0.0,0.0,0.0,0.0,0.0,0.0,0.0,0.0,0.0,0.9984704293288662,0.9984704293288662,0.0
2024-01-04,18:17:00.000000000,46.905,370.61,0.2577718089571139,-48.62781011759597,-1.6976824505981114,0,0.0,0.0,0.0,0.0,0.0,0.0,0.0,0.0,0.0,0.9984704293288662,0.9984704293288662,0.0
2024-01-04,18:18:00.000000000,46.915,370.5315,,,,0,0.0,0.0,0.0,0.0,0.0,0.0,0.0,0.0,0.0,0.9984704293288662,0.9984704293288662,0.0
2024-01-04,18:19:00.000000000,46.895,370.44,,,,0,0.0,0.0,0.0,0.0,0.0,0.0,0.0,0.0,0.0,0.9984704293288662,0.9984704293288662,0.0
2024-01-04,18:20:00.000000000,46.905,370.56,0.25810752765662054,-48.73932544843731,-1.705773147999217,0,0.0,0.0,0.0,0.0,0.0,0.0,0.0,0.0,0.0,0.9984704293288662,0.9984704293288662,0.0
2024-01-04,18:21:00.000000000,46.905,370.54,,,,0,0.0,0.0,0.0,0.0,0.0,0.0,0.0,0.0,0.0,0.9984704293288662,0.9984704293288662,0.0
2024-01-04,18:22:00.000000000,46.915,370.515,,,,0,0.0,0.0,0.0,0.0,0.0,0.0,0.0,0.0,0.0,0.9984704293288662,0.9984704293288662,0.0
2024-01-04,18:23:00.000000000,46.93,370.47,0.25842987493957925,-48.81051576886593,-1.697181135235135,0,0.0,0.0,0.0,0.0,0.0,0.0,0.0,0.0,0.0,0.9984704293288662,0.9984704293288662,0.0
2024-01-04,18:24:00.000000000,46.905,370.415,,,,0,0.0,0.0,0.0,0.0,0.0,0.0,0.0,0.0,0.0,0.9984704293288662,0.9984704293288662,0.0
2024-01-04,18:25:00.000000000,46.905,370.4646,,,,0,0.0,0.0,0.0,0.0,0.0,0.0,0.0,0.0,0.0,0.9984704293288662,0.9984704293288662,0.0
2024-01-04,18:26:00.000000000,46.915,370.508,0.25875246928998763,-48.95485989169473,-1.7166989065095402,0,0.0,0.0,0.0,0.0,0.0,0.0,0.0,0.0,0.0,0.9984704293288662,0.9984704293288662,0.0
2024-01-04,18:27:00.000000000,46.91,370.515,,,,0,0.0,0.0,0.0,0.0,0.0,0.0,0.0,0.0,0.0,0.9984704293288662,0.9984704293288662,0.0
2024-01-04,18:28:00.000000000,46.91,370.515,,,,0,0.0,0.0,0.0,0.0,0.0,0.0,0.0,0.0,0.0,0.9984704293288662,0.9984704293288662,0.0
2024-01-04,18:29:00.000000000,46.91,370.6,0.2590778305664674,-49.10424400793282,-1.7350368963219907,0,0.0,0.0,0.0,0.0,0.0,0.0,0.0,0.0,0.0,0.9984704293288662,0.9984704293288662,0.0
2024-01-04,18:30:00.000000000,46.94,370.585,,,,0,0.0,0.0,0.0,0.0,0.0,0.0,0.0,0.0,0.0,0.9984704293288662,0.9984704293288662,0.0
2024-01-04,18:31:00.000000000,46.96,370.49,,,,0,0.0,0.0,0.0,0.0,0.0,0.0,0.0,0.0,0.0,0.9984704293288662,0.9984704293288662,0.0
2024-01-04,18:32:00.000000000,46.96,370.4999,0.2593763858154223,-49.13892500697538,-1.710750027645813,0,0.0,0.0,0.0,0.0,0.0,0.0,0.0,0.0,0.0,0.9984704293288662,0.9984704293288662,0.0
2024-01-04,18:33:00.000000000,46.97,370.4803,,,,0,0.0,0.0,0.0,0.0,0.0,0.0,0.0,0.0,0.0,0.9984704293288662,0.9984704293288662,0.0
2024-01-04,18:34:00.000000000,46.945,370.57,,,,0,0.0,0.0,0.0,0.0,0.0,0.0,0.0,0.0,0.0,0.9984704293288662,0.9984704293288662,0.0
2024-01-04,18:35:00.000000000,46.9491,370.61,0.25968566848270436,-49.29300559637507,-1.7315865618041546,0,0.0,0.0,0.0,0.0,0.0,0.0,0.0,0.0,0.0,0.9984704293288662,0.9984704293288662,0.0
2024-01-04,18:36:00.000000000,46.965,370.695,,,,0,0.0,0.0,0.0,0.0,0.0,0.0,0.0,0.0,0.0,0.9984704293288662,0.9984704293288662,0.0
2024-01-04,18:37:00.000000000,46.95,370.64,,,,0,0.0,0.0,0.0,0.0,0.0,0.0,0.0,0.0,0.0,0.9984704293288662,0.9984704293288662,0.0
2024-01-04,18:38:00.000000000,46.93,370.5705,0.26001415236920866,-49.42357445053383,-1.7437189477928654,0,0.0,0.0,0.0,0.0,0.0,0.0,0.0,0.0,0.0,0.9984704293288662,0.9984704293288662,0.0
2024-01-04,18:39:00.000000000,46.93,370.605,,,,0,0.0,0.0,0.0,0.0,0.0,0.0,0.0,0.0,0.0,0.9984704293288662,0.9984704293288662,0.0
2024-01-04,18:40:00.000000000,46.935,370.7009,,,,0,0.0,0.0,0.0,0.0,0.0,0.0,0.0,0.0,0.0,0.9984704293288662,0.9984704293288662,0.0
2024-01-04,18:41:00.000000000,46.9492,370.51,0.26031415287435455,-49.49979678147711,-1.7325386367156017,0,0.0,0.0,0.0,0.0,0.0,0.0,0.0,0.0,0.0,0.9984704293288662,0.9984704293288662,0.0
2024-01-04,18:42:00.000000000,46.955,370.54,,,,0,0.0,0.0,0.0,0.0,0.0,0.0,0.0,0.0,0.0,0.9984704293288662,0.9984704293288662,0.0
2024-01-04,18:43:00.000000000,46.9488,370.6007,,,,0,0.0,0.0,0.0,0.0,0.0,0.0,0.0,0.0,0.0,0.9984704293288662,0.9984704293288662,0.0
2024-01-04,18:44:00.000000000,46.96,370.6001,0.2606026552747029,-49.61937010507041,-1.7387073908501072,0,0.0,0.0,0.0,0.0,0.0,0.0,0.0,0.0,0.0,0.9984704293288662,0.9984704293288662,0.0
2024-01-04,18:45:00.000000000,46.94,370.51,,,,0,0.0,0.0,0.0,0.0,0.0,0.0,0.0,0.0,0.0,0.9984704293288662,0.9984704293288662,0.0
2024-01-04,18:46:00.000000000,46.91,370.5113,,,,0,0.0,0.0,0.0,0.0,0.0,0.0,0.0,0.0,0.0,0.9984704293288662,0.9984704293288662,0.0
2024-01-04,18:47:00.000000000,46.915,370.52,0.26091471692341284,-49.75912091446292,-1.7504334020951058,0,0.0,0.0,0.0,0.0,0.0,0.0,0.0,0.0,0.0,0.9984704293288662,0.9984704293288662,0.0
2024-01-04,18:48:00.000000000,46.94,370.563,,,,0,0.0,0.0,0.0,0.0,0.0,0.0,0.0,0.0,0.0,0.9984704293288662,0.9984704293288662,0.0
2024-01-04,18:49:00.000000000,46.935,370.515,,,,0,0.0,0.0,0.0,0.0,0.0,0.0,0.0,0.0,0.0,0.9984704293288662,0.9984704293288662,0.0
2024-01-04,18:50:00.000000000,46.945,370.465,0.26119523930831356,-49.81869433035438,-1.732108574877971,0,0.0,0.0,0.0,0.0,0.0,0.0,0.0,0.0,0.0,0.9984704293288662,0.9984704293288662,0.0
2024-01-04,18:51:00.000000000,46.9,370.31,,,,0,0.0,0.0,0.0,0.0,0.0,0.0,0.0,0.0,0.0,0.9984704293288662,0.9984704293288662,0.0
2024-01-04,18:52:00.000000000,46.915,370.5,,,,0,0.0,0.0,0.0,0.0,0.0,0.0,0.0,0.0,0.0,0.9984704293288662,0.9984704293288662,0.0
2024-01-04,18:53:00.000000000,46.908,370.4301,0.26149854026317826,-49.95893041954314,-1.7449220713133804,0,0.0,0.0,0.0,0.0,0.0,0.0,0.0,0.0,0.0,0.9984704293288662,0.9984704293288662,0.0
2024-01-04,18:54:00.000000000,46.905,370.34,,,,0,0.0,0.0,0.0,0.0,0.0,0.0,0.0,0.0,0.0,0.9984704293288662,0.9984704293288662,0.0
2024-01-04,18:55:00.000000000,46.92,370.3999,,,,0,0.0,0.0,0.0,0.0,0.0,0.0,0.0,0.0,0.0,0.9984704293288662,0.9984704293288662,0.0
2024-01-04,18:56:00.000000000,46.945,370.42,0.2617637730803173,-50.01753682441113,-1.726114262841222,0,0.0,0.0,0.0,0.0,0.0,0.0,0.0,0.0,0.0,0.9984704293288662,0.9984704293288662,0.0
2024-01-04,18:57:00.000000000,46.975,370.48,,,,0,0.0,0.0,0.0,0.0,0.0,0.0,0.0,0.0,0.0,0.9984704293288662,0.9984704293288662,0.0
2024-01-04,18:58:00.000000000,46.935,370.41,,,,0,0.0,0.0,0.0,0.0,0.0,0.0,0.0,0.0,0.0,0.9984704293288662,0.9984704293288662,0.0
2024-01-04,18:59:00.000000000,46.945,370.3,0.2620149065561844,-50.0791198977551,-1.7085990760623453,0,0.0,0.0,0.0,0.0,0.0,0.0,0.0,0.0,0.0,0.9984704293288662,0.9984704293288662,0.0
2024-01-04,19:00:00.000000000,46.96,370.31,,,,0,0.0,0.0,0.0,0.0,0.0,0.0,0.0,0.0,0.0,0.9984704293288662,0.9984704293288662,0.0
2024-01-04,19:01:00.000000000,46.975,370.4,,,,0,0.0,0.0,0.0,0.0,0.0,0.0,0.0,0.0,0.0,0.9984704293288662,0.9984704293288662,0.0
2024-01-04,19:02:00.000000000,46.96,370.31,0.2622456424313699,-50.15218384876058,-1.697096810425156,0,0.0,0.0,0.0,0.0,0.0,0.0,0.0,0.0,0.0,0.9984704293288662,0.9984704293288662,0.0
2024-01-04,19:03:00.000000000,46.96,370.2224,,,,0,0.0,0.0,0.0,0.0,0.0,0.0,0.0,0.0,0.0,0.9984704293288662,0.9984704293288662,0.0
2024-01-04,19:04:00.000000000,46.93,370.1553,,,,0,0.0,0.0,0.0,0.0,0.0,0.0,0.0,0.0,0.0,0.9984704293288662,0.9984704293288662,0.0
2024-01-04,19:05:00.000000000,46.92,370.27,0.2624906815005156,-50.27242463919589,-1.7033981233383784,0,0.0,0.0,0.0,0.0,0.0,0.0,0.0,0.0,0.0,0.9984704293288662,0.9984704293288662,0.0
2024-01-04,19:06:00.000000000,46.94,370.33,,,,0,0.0,0.0,0.0,0.0,0.0,0.0,0.0,0.0,0.0,0.9984704293288662,0.9984704293288662,0.0
2024-01-04,19:07:00.000000000,46.955,370.39,,,,0,0.0,0.0,0.0,0.0,0.0,0.0,0.0,0.0,0.0,0.9984704293288662,0.9984704293288662,0.0
2024-01-04,19:08:00.000000000,46.945,370.35,0.26272409065849733,-50.3548669753745,-1.695563998281221,0,0.0,0.0,0.0,0.0,0.0,0.0,0.0,0.0,0.0,0.9984704293288662,0.9984704293288662,0.0
2024-01-04,19:09:00.000000000,46.94,370.35,,,,0,0.0,0.0,0.0,0.0,0.0,0.0,0.0,0.0,0.0,0.9984704293288662,0.9984704293288662,0.0
2024-01-04,19:10:00.000000000,46.91,370.23,,,,0,0.0,0.0,0.0,0.0,0.0,0.0,0.0,0.0,0.0,0.9984704293288662,0.9984704293288662,0.0
2024-01-04,19:11:00.000000000,46.915,370.3651,0.2629691209643537,-50.47958478287496,-1.7035607546192306,0,0.0,0.0,0.0,0.0,0.0,0.0,0.0,0.0,0.0,0.9984704293288662,0.9984704293288662,0.0
2024-01-04,19:12:00.000000000,46.945,370.44,,,,0,0.0,0.0,0.0,0.0,0.0,0.0,0.0,0.0,0.0,0.9984704293288662,0.9984704293288662,0.0
2024-01-04,19:13:00.000000000,46.96,370.5,,,,0,0.0,0.0,0.0,0.0,0.0,0.0,0.0,0.0,0.0,0.9984704293288662,0.9984704293288662,0.0
2024-01-04,19:14:00.000000000,46.965,370.52,0.26318778560882866,-50.551338323783185,-1.6906491028383428,0,0.0,0.0,0.0,0.0,0.0,0.0,0.0,0.0,0.0,0.9984704293288662,0.9984704293288662,0.0
2024-01-04,19:15:00.000000000,46.97,370.7,,,,0,0.0,0.0,0.0,0.0,0.0,0.0,0.0,0.0,0.0,0.9984704293288662,0.9984704293288662,0.0
2024-01-04,19:16:00.000000000,46.955,370.59,,,,0,0.0,0.0,0.0,0.0,0.0,0.0,0.0,0.0,0.0,0.9984704293288662,0.9984704293288662,0.0
2024-01-04,19:17:00.000000000,46.945,370.65,0.26341866830459715,-50.69112940709892,-1.7047989198179194,0,0.0,0.0,0.0,0.0,0.0,0.0,0.0,0.0,0.0,0.9984704293288662,0.9984704293288662,0.0
2024-01-04,19:18:00.000000000,46.955,370.7124,,,,0,0.0,0.0,0.0,0.0,0.0,0.0,0.0,0.0,0.0,0.9984704293288662,0.9984704293288662,0.0
2024-01-04,19:19:00.000000000,46.92,370.43,,,,0,0.0,0.0,0.0,0.0,0.0,0.0,0.0,0.0,0.0,0.9984704293288662,0.9984704293288662,0.0
2024-01-04,19:20:00.000000000,46.9175,370.39,0.26365606332489006,-50.73806929490603,-1.6817444690391412,0,0.0,0.0,0.0,0.0,0.0,0.0,0.0,0.0,0.0,0.9984704293288662,0.9984704293288662,0.0
2024-01-04,19:21:00.000000000,46.93,370.4315,,,,0,0.0,0.0,0.0,0.0,0.0,0.0,0.0,0.0,0.0,0.9984704293288662,0.9984704293288662,0.0
2024-01-04,19:22:00.000000000,46.93,370.34,,,,0,0.0,0.0,0.0,0.0,0.0,0.0,0.0,0.0,0.0,0.9984704293288662,0.9984704293288662,0.0
2024-01-04,19:23:00.000000000,46.92,370.3,0.26388554702112843,-50.79681806192386,-1.663763557401907,0,0.0,0.0,0.0,0.0,0.0,0.0,0.0,0.0,0.0,0.9984704293288662,0.9984704293288662,0.0
2024-01-04,19:24:00.000000000,46.905,370.2998,,,,0,0.0,0.0,0.0,0.0,0.0,0.0,0.0,0.0,0.0,0.9984704293288662,0.9984704293288662,0.0
2024-01-04,19:25:00.000000000,46.93,370.3698,,,,0,0.0,0.0,0.0,0.0,0.0,0.0,0.0,0.0,0.0,0.9984704293288662,0.9984704293288662,0.0
2024-01-04,19:26:00.000000000,46.925,370.2599,0.2640952108717093,-50.858866367838004,-1.6475701926741733,0,0.0,0.0,0.0,0.0,0.0,0.0,0.0,0.0,0.0,0.9984704293288662,0.9984704293288662,0.0
2024-01-04,19:27:00.000000000,46.94,370.19,,,,0,0.0,0.0,0.0,0.0,0.0,0.0,0.0,0.0,0.0,0.9984704293288662,0.9984704293288662,0.0
2024-01-04,19:28:00.000000000,46.965,370.23,,,,0,0.0,0.0,0.0,0.0,0.0,0.0,0.0,0.0,0.0,0.9984704293288662,0.9984704293288662,0.0
2024-01-04,19:29:00.000000000,46.93,370.085,0.26429091963751494,-50.88010499404971,-1.6160885278094075,0,0.0,0.0,0.0,0.0,0.0,0.0,0.0,0.0,0.0,0.9984704293288662,0.9984704293288662,0.0
2024-01-04,19:30:00.000000000,46.895,369.98,,,,0,0.0,0.0,0.0,0.0,0.0,0.0,0.0,0.0,0.0,0.9984704293288662,0.9984704293288662,0.0
2024-01-04,19:31:00.000000000,46.895,369.99,,,,0,0.0,0.0,0.0,0.0,0.0,0.0,0.0,0.0,0.0,0.9984704293288662,0.9984704293288662,0.0
2024-01-04,19:32:00.000000000,46.915,369.9101,0.2644809312658942,-50.919167732660064,-1.5929055976640158,0,0.0,0.0,0.0,0.0,0.0,0.0,0.0,0.0,0.0,0.9984704293288662,0.9984704293288662,0.0
2024-01-04,19:33:00.000000000,46.925,370.03,,,,0,0.0,0.0,0.0,0.0,0.0,0.0,0.0,0.0,0.0,0.9984704293288662,0.9984704293288662,0.0
2024-01-04,19:34:00.000000000,46.925,369.99,,,,0,0.0,0.0,0.0,0.0,0.0,0.0,0.0,0.0,0.0,0.9984704293288662,0.9984704293288662,0.0
2024-01-04,19:35:00.000000000,46.95,370.0,0.264648101175173,-50.96979743481401,-1.5749285941203295,0,0.0,0.0,0.0,0.0,0.0,0.0,0.0,0.0,0.0,0.9984704293288662,0.9984704293288662,0.0
2024-01-04,19:36:00.000000000,46.94,370.0,,,,0,0.0,0.0,0.0,0.0,0.0,0.0,0.0,0.0,0.0,0.9984704293288662,0.9984704293288662,0.0
2024-01-04,19:37:00.000000000,46.94,369.96,,,,0,0.0,0.0,0.0,0.0,0.0,0.0,0.0,0.0,0.0,0.9984704293288662,0.9984704293288662,0.0
2024-01-04,19:38:00.000000000,46.945,369.965,0.26480584869072776,-51.02389581086509,-1.5592896661834315,0,0.0,0.0,0.0,0.0,0.0,0.0,0.0,0.0,0.0,0.9984704293288662,0.9984704293288662,0.0
2024-01-04,19:39:00.000000000,46.915,370.08,,,,0,0.0,0.0,0.0,0.0,0.0,0.0,0.0,0.0,0.0,0.9984704293288662,0.9984704293288662,0.0
2024-01-04,19:40:00.000000000,46.915,369.9824,,,,0,0.0,0.0,0.0,0.0,0.0,0.0,0.0,0.0,0.0,0.9984704293288662,0.9984704293288662,0.0
2024-01-04,19:41:00.000000000,46.9,369.93,0.2649866140458979,-51.126498133999014,-1.563702425173756,0,0.0,0.0,0.0,0.0,0.0,0.0,0.0,0.0,0.0,0.9984704293288662,0.9984704293288662,0.0
2024-01-04,19:42:00.000000000,46.91,369.99,,,,0,0.0,0.0,0.0,0.0,0.0,0.0,0.0,0.0,0.0,0.9984704293288662,0.9984704293288662,0.0
2024-01-04,19:43:00.000000000,46.894,369.82,,,,0,0.0,0.0,0.0,0.0,0.0,0.0,0.0,0.0,0.0,0.9984704293288662,0.9984704293288662,0.0
2024-01-04,19:44:00.000000000,46.905,369.71,0.2651360984031244,-51.118466940619115,-1.5230097966901106,0,0.0,0.0,0.0,0.0,0.0,0.0,0.0,0.0,0.0,0.9984704293288662,0.9984704293288662,0.0
2024-01-04,19:45:00.000000000,46.88,369.51,,,,0,0.0,0.0,0.0,0.0,0.0,0.0,0.0,0.0,0.0,0.9984704293288662,0.9984704293288662,0.0
2024-01-04,19:46:00.000000000,46.88,369.33,,,,0,0.0,0.0,0.0,0.0,0.0,0.0,0.0,0.0,0.0,0.9984704293288662,0.9984704293288662,0.0
2024-01-04,19:47:00.000000000,46.9,369.2,0.26522834746698987,-51.02230588481266,-1.4483543016829272,0,0.0,0.0,0.0,0.0,0.0,0.0,0.0,0.0,0.0,0.9984704293288662,0.9984704293288662,0.0
2024-01-04,19:48:00.000000000,46.91,369.23,,,,0,0.0,0.0,0.0,0.0,0.0,0.0,0.0,0.0,0.0,0.9984704293288662,0.9984704293288662,0.0
2024-01-04,19:49:00.000000000,46.91,369.39,,,,0,0.0,0.0,0.0,0.0,0.0,0.0,0.0,0.0,0.0,0.9984704293288662,0.9984704293288662,0.0
2024-01-04,19:50:00.000000000,46.94,369.52,0.2653351977063165,-51.10666225643806,-1.448906630826436,0,0.0,0.0,0.0,0.0,0.0,0.0,0.0,0.0,0.0,0.9984704293288662,0.9984704293288662,0.0
2024-01-04,19:51:00.000000000,46.935,369.52,,,,0,0.0,0.0,0.0,0.0,0.0,0.0,0.0,0.0,0.0,0.9984704293288662,0.9984704293288662,0.0
2024-01-04,19:52:00.000000000,46.935,369.565,,,,0,0.0,0.0,0.0,0.0,0.0,0.0,0.0,0.0,0.0,0.9984704293288662,0.9984704293288662,0.0
2024-01-04,19:53:00.000000000,46.89,369.24,0.2654336054900912,-51.11870449116128,-1.420855172282674,0,0.0,0.0,0.0,0.0,0.0,0.0,0.0,0.0,0.0,0.9984704293288662,0.9984704293288662,0.0
2024-01-04,19:54:00.000000000,46.895,369.43,,,,0,0.0,0.0,0.0,0.0,0.0,0.0,0.0,0.0,0.0,0.9984704293288662,0.9984704293288662,0.0
2024-01-04,19:55:00.000000000,46.91,369.437,,,,0,0.0,0.0,0.0,0.0,0.0,0.0,0.0,0.0,0.0,0.9984704293288662,0.9984704293288662,0.0
2024-01-04,19:56:00.000000000,46.915,369.4,0.26553676827137107,-51.17428219944447,-1.4111664075351127,0,0.0,0.0,0.0,0.0,0.0,0.0,0.0,0.0,0.0,0.9984704293288662,0.9984704293288662,0.0
2024-01-04,19:57:00.000000000,46.915,369.38,,,,0,0.0,0.0,0.0,0.0,0.0,0.0,0.0,0.0,0.0,0.9984704293288662,0.9984704293288662,0.0
2024-01-04,19:58:00.000000000,46.88,369.3,,,,0,0.0,0.0,0.0,0.0,0.0,0.0,0.0,0.0,0.0,0.9984704293288662,0.9984704293288662,0.0
2024-01-04,19:59:00.000000000,46.855,369.27,0.26566482294558663,-51.24704916911677,-1.4086935505934903,1,0.0,0.0,0.0,0.0,0.0,0.0,0.0,0.0,0.0,0.9984704293288662,0.9984704293288662,0.0
2024-01-04,20:00:00.000000000,46.84,369.28,,,,0,0.0,0.0,0.0,0.0,0.0,0.0,0.0,0.0,0.0,0.9984704293288662,0.9984704293288662,0.0
2024-01-04,20:01:00.000000000,46.825,369.165,,,,0,0.0,0.0,0.0,0.0,0.0,0.0,0.0,0.0,0.0,0.9984704293288662,0.9984704293288662,0.0
2024-01-04,20:02:00.000000000,46.83,369.11,0.2657836804909235,-51.27341430600478,-1.3873155540283437,0,0.0,0.0,0.0,0.0,0.0,0.0,0.0,0.0,0.0,0.9984704293288662,0.9984704293288662,0.0
2024-01-04,20:03:00.000000000,46.79,368.8968,,,,0,0.0,0.0,0.0,0.0,0.0,0.0,0.0,0.0,0.0,0.9984704293288662,0.9984704293288662,0.0
2024-01-04,20:04:00.000000000,46.795,368.95,,,,0,0.0,0.0,0.0,0.0,0.0,0.0,0.0,0.0,0.0,0.9984704293288662,0.9984704293288662,0.0
2024-01-04,20:05:00.000000000,46.805,368.925,0.26587763893562955,-51.28390794432713,-1.3598903164930227,0,0.0,0.0,0.0,0.0,0.0,0.0,0.0,0.0,0.0,0.9984704293288662,0.9984704293288662,0.0
2024-01-04,20:06:00.000000000,46.83,369.09,,,,0,0.0,0.0,0.0,0.0,0.0,0.0,0.0,0.0,0.0,0.9984704293288662,0.9984704293288662,0.0
2024-01-04,20:07:00.000000000,46.825,369.035,,,,0,0.0,0.0,0.0,0.0,0.0,0.0,0.0,0.0,0.0,0.9984704293288662,0.9984704293288662,0.0
2024-01-04,20:08:00.000000000,46.86,369.185,0.265972147397655,-51.33292723700326,-1.349710151416067,0,0.0,0.0,0.0,0.0,0.0,0.0,0.0,0.0,0.0,0.9984704293288662,0.9984704293288662,0.0
2024-01-04,20:09:00.000000000,46.86,369.17,,,,0,0.0,0.0,0.0,0.0,0.0,0.0,0.0,0.0,0.0,0.9984704293288662,0.9984704293288662,0.0
2024-01-04,20:10:00.000000000,46.8554,369.1441,,,,0,0.0,0.0,0.0,0.0,0.0,0.0,0.0,0.0,0.0,0.9984704293288662,0.9984704293288662,0.0
2024-01-04,20:11:00.000000000,46.835,368.89,0.26603343988471867,-51.30207563907387,-1.3066349296929793,0,0.0,0.0,0.0,0.0,0.0,0.0,0.0,0.0,0.0,0.9984704293288662,0.9984704293288662,0.0
2024-01-04,20:12:00.000000000,46.825,368.66,,,,0,0.0,0.0,0.0,0.0,0.0,0.0,0.0,0.0,0.0,0.9984704293288662,0.9984704293288662,0.0
2024-01-04,20:13:00.000000000,46.825,368.5898,,,,0,0.0,0.0,0.0,0.0,0.0,0.0,0.0,0.0,0.0,0.9984704293288662,0.9984704293288662,0.0
2024-01-04,20:14:00.000000000,46.795,368.34,0.2660177353383368,-51.18997263452296,-1.2311290979852554,0,0.0,0.0,0.0,0.0,0.0,0.0,0.0,0.0,0.0,0.9984704293288662,0.9984704293288662,0.0
2024-01-04,20:15:00.000000000,46.83,368.16,,,,0,0.0,0.0,0.0,0.0,0.0,0.0,0.0,0.0,0.0,0.9984704293288662,0.9984704293288662,0.0
2024-01-04,20:16:00.000000000,46.79,368.221,,,,0,0.0,0.0,0.0,0.0,0.0,0.0,0.0,0.0,0.0,0.9984704293288662,0.9984704293288662,0.0
2024-01-04,20:17:00.000000000,46.79,368.38,0.2660208499477143,-51.206760703738986,-1.2128383167539096,0,0.0,0.0,0.0,0.0,0.0,0.0,0.0,0.0,0.0,0.9984704293288662,0.9984704293288662,0.0
2024-01-04,20:18:00.000000000,46.785,368.35,,,,0,0.0,0.0,0.0,0.0,0.0,0.0,0.0,0.0,0.0,0.9984704293288662,0.9984704293288662,0.0
2024-01-04,20:19:00.000000000,46.795,368.43,,,,0,0.0,0.0,0.0,0.0,0.0,0.0,0.0,0.0,0.0,0.9984704293288662,0.9984704293288662,0.0
2024-01-04,20:20:00.000000000,46.78,368.51,0.26606247255330695,-51.266681760619136,-1.2147926477258508,0,0.0,0.0,0.0,0.0,0.0,0.0,0.0,0.0,0.0,0.9984704293288662,0.9984704293288662,0.0
2024-01-04,20:21:00.000000000,46.785,368.48,,,,0,0.0,0.0,0.0,0.0,0.0,0.0,0.0,0.0,0.0,0.9984704293288662,0.9984704293288662,0.0
2024-01-04,20:22:00.000000000,46.765,368.4338,,,,0,0.0,0.0,0.0,0.0,0.0,0.0,0.0,0.0,0.0,0.9984704293288662,0.9984704293288662,0.0
2024-01-04,20:23:00.000000000,46.785,368.47,0.26608892097278763,-51.26078471084307,-1.1886478088792103,0,0.0,0.0,0.0,0.0,0.0,0.0,0.0,0.0,0.0,0.9984704293288662,0.9984704293288662,0.0
2024-01-04,20:24:00.000000000,46.77,368.35,,,,0,0.0,0.0,0.0,0.0,0.0,0.0,0.0,0.0,0.0,0.9984704293288662,0.9984704293288662,0.0
2024-01-04,20:25:00.000000000,46.775,368.33,,,,0,0.0,0.0,0.0,0.0,0.0,0.0,0.0,0.0,0.0,0.9984704293288662,0.9984704293288662,0.0
2024-01-04,20:26:00.000000000,46.765,368.17,0.26605461328224944,-51.18832697212578,-1.1330304057870635,0,0.0,0.0,0.0,0.0,0.0,0.0,0.0,0.0,0.0,0.9984704293288662,0.9984704293288662,0.0
2024-01-04,20:27:00.000000000,46.755,368.24,,,,0,0.0,0.0,0.0,0.0,0.0,0.0,0.0,0.0,0.0,0.9984704293288662,0.9984704293288662,0.0
2024-01-04,20:28:00.000000000,46.745,368.21,,,,0,0.0,0.0,0.0,0.0,0.0,0.0,0.0,0.0,0.0,0.9984704293288662,0.9984704293288662,0.0
2024-01-04,20:29:00.000000000,46.76,368.32,0.26606610527548685,-51.23746789506732,-1.1330960116368787,0,0.0,0.0,0.0,0.0,0.0,0.0,0.0,0.0,0.0,0.9984704293288662,0.9984704293288662,0.0
2024-01-04,20:30:00.000000000,46.76,368.1732,,,,0,0.0,0.0,0.0,0.0,0.0,0.0,0.0,0.0,0.0,0.9984704293288662,0.9984704293288662,0.0
2024-01-04,20:31:00.000000000,46.76,368.71,,,,0,0.0,0.0,0.0,0.0,0.0,0.0,0.0,0.0,0.0,0.9984704293288662,0.9984704293288662,0.0
2024-01-04,20:32:00.000000000,46.775,368.88,0.26617389265027724,-51.41122552083427,-1.1911629162043453,0,0.0,0.0,0.0,0.0,0.0,0.0,0.0,0.0,0.0,0.9984704293288662,0.9984704293288662,0.0
2024-01-04,20:33:00.000000000,46.765,368.95,,,,0,0.0,0.0,0.0,0.0,0.0,0.0,0.0,0.0,0.0,0.9984704293288662,0.9984704293288662,0.0
2024-01-04,20:34:00.000000000,46.7675,368.7545,,,,0,0.0,0.0,0.0,0.0,0.0,0.0,0.0,0.0,0.0,0.9984704293288662,0.9984704293288662,0.0
2024-01-04,20:35:00.000000000,46.78,368.69,0.2662520951947472,-51.384484977351335,-1.156350423829664,0,0.0,0.0,0.0,0.0,0.0,0.0,0.0,0.0,0.0,0.9984704293288662,0.9984704293288662,0.0
2024-01-04,20:36:00.000000000,46.785,368.685,,,,0,0.0,0.0,0.0,0.0,0.0,0.0,0.0,0.0,0.0,0.9984704293288662,0.9984704293288662,0.0
2024-01-04,20:37:00.000000000,46.79,368.59,,,,0,0.0,0.0,0.0,0.0,0.0,0.0,0.0,0.0,0.0,0.9984704293288662,0.9984704293288662,0.0
2024-01-04,20:38:00.000000000,46.805,368.63,0.2662907841734858,-51.357771769872066,-1.1218934143439063,0,0.0,0.0,0.0,0.0,0.0,0.0,0.0,0.0,0.0,0.9984704293288662,0.9984704293288662,0.0
2024-01-04,20:39:00.000000000,46.83,368.645,,,,0,0.0,0.0,0.0,0.0,0.0,0.0,0.0,0.0,0.0,0.9984704293288662,0.9984704293288662,0.0
2024-01-04,20:40:00.000000000,46.805,368.48,,,,0,0.0,0.0,0.0,0.0,0.0,0.0,0.0,0.0,0.0,0.9984704293288662,0.9984704293288662,0.0
2024-01-04,20:41:00.000000000,46.805,368.425,0.2663444894039695,-51.32296850865746,-1.0842555153278566,0,0.0,0.0,0.0,0.0,0.0,0.0,0.0,0.0,0.0,0.9984704293288662,0.9984704293288662,0.0
2024-01-04,20:42:00.000000000,46.795,368.27,,,,0,0.0,0.0,0.0,0.0,0.0,0.0,0.0,0.0,0.0,0.9984704293288662,0.9984704293288662,0.0
2024-01-04,20:43:00.000000000,46.805,368.3575,,,,0,0.0,0.0,0.0,0.0,0.0,0.0,0.0,0.0,0.0,0.9984704293288662,0.9984704293288662,0.0
2024-01-04,20:44:00.000000000,46.795,368.31,0.26632824418686607,-51.29635561646464,-1.0514899566478426,0,0.0,0.0,0.0,0.0,0.0,0.0,0.0,0.0,0.0,0.9984704293288662,0.9984704293288662,0.0
2024-01-04,20:45:00.000000000,46.8,368.285,,,,0,0.0,0.0,0.0,0.0,0.0,0.0,0.0,0.0,0.0,0.9984704293288662,0.9984704293288662,0.0
2024-01-04,20:46:00.000000000,46.83,368.47,,,,0,0.0,0.0,0.0,0.0,0.0,0.0,0.0,0.0,0.0,0.9984704293288662,0.9984704293288662,0.0
2024-01-04,20:47:00.000000000,46.8,368.38,0.26632917443140874,-51.310341277042355,-1.0397661513224652,0,0.0,0.0,0.0,0.0,0.0,0.0,0.0,0.0,0.0,0.9984704293288662,0.9984704293288662,0.0
2024-01-04,20:48:00.000000000,46.785,368.081,,,,0,0.0,0.0,0.0,0.0,0.0,0.0,0.0,0.0,0.0,0.9984704293288662,0.9984704293288662,0.0
2024-01-04,20:49:00.000000000,46.785,367.96,,,,0,0.0,0.0,0.0,0.0,0.0,0.0,0.0,0.0,0.0,0.9984704293288662,0.9984704293288662,0.0
2024-01-04,20:50:00.000000000,46.725,367.39,0.26618998774091596,-51.07053959613511,-0.8982931786765022,0,0.0,0.0,0.0,0.0,0.0,0.0,0.0,0.0,0.0,0.9984704293288662,0.9984704293288662,0.0
2024-01-04,20:51:00.000000000,46.745,367.72,,,,0,0.0,0.0,0.0,0.0,0.0,0.0,0.0,0.0,0.0,0.9984704293288662,0.9984704293288662,0.0
2024-01-04,20:52:00.000000000,46.715,367.5667,,,,0,0.0,0.0,0.0,0.0,0.0,0.0,0.0,0.0,0.0,0.9984704293288662,0.9984704293288662,0.0
2024-01-04,20:53:00.000000000,46.725,367.65,0.2661257617090467,-51.11613629233103,-0.9049926224395293,0,0.0,0.0,0.0,0.0,0.0,0.0,0.0,0.0,0.0,0.9984704293288662,0.9984704293288662,0.0
2024-01-04,20:54:00.000000000,46.72,367.74,,,,0,0.0,0.0,0.0,0.0,0.0,0.0,0.0,0.0,0.0,0.9984704293288662,0.9984704293288662,0.0
2024-01-04,20:55:00.000000000,46.645,367.657,,,,0,0.0,0.0,0.0,0.0,0.0,0.0,0.0,0.0,0.0,0.9984704293288662,0.9984704293288662,0.0
2024-01-04,20:56:00.000000000,46.695,367.73,0.26610296817401224,-51.15904448662953,-0.9108029691095343,0,0.0,0.0,0.0,0.0,0.0,0.0,0.0,0.0,0.0,0.9984704293288662,0.9984704293288662,0.0
2024-01-04,20:57:00.000000000,46.66,367.71,,,,0,0.0,0.0,0.0,0.0,0.0,0.0,0.0,0.0,0.0,0.9984704293288662,0.9984704293288662,0.0
2024-01-04,20:58:00.000000000,46.66,367.79,,,,0,0.0,0.0,0.0,0.0,0.0,0.0,0.0,0.0,0.0,0.9984704293288662,0.9984704293288662,0.0
2024-01-04,20:59:00.000000000,46.65,367.95,0.2661725221023919,-51.2881795075751,-0.9650199476755178,1,0.0,0.0,0.0,0.0,0.0,0.0,0.0,0.0,0.0,0.9984704293288662,0.9984704293288662,0.0
2024-01-05,14:29:00.000000000,46.29,369.01,0.2666649421156116,-52.112030290081826,-1.4090840804041653,0,0.0,0.0,0.0,0.0,0.0,0.0,0.0,0.0,0.0,0.9984704293288662,0.9984704293288662,0.0
2024-01-05,14:30:00.000000000,46.34,369.21,,,,0,0.0,0.0,0.0,0.0,0.0,0.0,0.0,0.0,0.0,0.9984704293288662,0.9984704293288662,0.0
2024-01-05,14:31:00.000000000,46.58,369.02,,,,0,0.0,0.0,0.0,0.0,0.0,0.0,0.0,0.0,0.0,0.9984704293288662,0.9984704293288662,0.0
2024-01-05,14:32:00.000000000,46.545,369.14,0.2669848777808115,-52.00979778400874,-1.3302690585528574,0,0.0,0.0,0.0,0.0,0.0,0.0,0.0,0.0,0.0,0.9984704293288662,0.9984704293288662,0.0
2024-01-05,14:33:00.000000000,46.59,369.045,,,,0,0.0,0.0,0.0,0.0,0.0,0.0,0.0,0.0,0.0,0.9984704293288662,0.9984704293288662,0.0
2024-01-05,14:34:00.000000000,46.679,369.63,,,,0,0.0,0.0,0.0,0.0,0.0,0.0,0.0,0.0,0.0,0.9984704293288662,0.9984704293288662,0.0
2024-01-05,14:35:00.000000000,46.58,370.28,0.26731449892383513,-52.40121266151766,-1.5347017865902468,0,0.0,0.0,0.0,0.0,0.0,0.0,0.0,0.0,0.0,0.9984704293288662,0.9984704293288662,0.0
2024-01-05,14:36:00.000000000,46.56,370.3,,,,0,0.0,0.0,0.0,0.0,0.0,0.0,0.0,0.0,0.0,0.9984704293288662,0.9984704293288662,0.0
2024-01-05,14:37:00.000000000,46.57,370.215,,,,0,0.0,0.0,0.0,0.0,0.0,0.0,0.0,0.0,0.0,0.9984704293288662,0.9984704293288662,0.0
2024-01-05,14:38:00.000000000,46.56,370.235,0.26766154224602134,-52.537671093455714,-1.5885562719838737,0,0.0,0.0,0.0,0.0,0.0,0.0,0.0,0.0,0.0,0.9984704293288662,0.9984704293288662,0.0
2024-01-05,14:39:00.000000000,46.47,370.04,,,,0,0.0,0.0,0.0,0.0,0.0,0.0,0.0,0.0,0.0,0.9984704293288662,0.9984704293288662,0.0
2024-01-05,14:40:00.000000000,46.44,370.1,,,,0,0.0,0.0,0.0,0.0,0.0,0.0,0.0,0.0,0.0,0.9984704293288662,0.9984704293288662,0.0
2024-01-05,14:41:00.000000000,46.4,369.9343,0.26808771600565523,-52.774841559150865,-1.6983917716321129,0,0.0,0.0,0.0,0.0,0.0,0.0,0.0,0.0,0.0,0.9984704293288662,0.9984704293288662,0.0
2024-01-05,14:42:00.000000000,46.4399,370.04,,,,0,0.0,0.0,0.0,0.0,0.0,0.0,0.0,0.0,0.0,0.9984704293288662,0.9984704293288662,0.0
2024-01-05,14:43:00.000000000,46.41,369.9788,,,,0,0.0,0.0,0.0,0.0,0.0,0.0,0.0,0.0,0.0,0.9984704293288662,0.9984704293288662,0.0
2024-01-05,14:44:00.000000000,46.42,369.78,0.2684960534823344,-52.864470656697605,-1.7180123361808504,0,0.0,0.0,0.0,0.0,0.0,0.0,0.0,0.0,0.0,0.9984704293288662,0.9984704293288662,0.0
2024-01-05,14:45:00.000000000,46.45,370.06,,,,0,0.0,0.0,0.0,0.0,0.0,0.0,0.0,0.0,0.0,0.9984704293288662,0.9984704293288662,0.0
2024-01-05,14:46:00.000000000,46.44,370.06,,,,0,0.0,0.0,0.0,0.0,0.0,0.0,0.0,0.0,0.0,0.9984704293288662,0.9984704293288662,0.0
2024-01-05,14:47:00.000000000,46.47,370.188,0.26887072557148456,-53.06271615785673,-1.8025315659236325,0,0.0,0.0,0.0,0.0,0.0,0.0,0.0,0.0,0.0,0.9984704293288662,0.9984704293288662,0.0
2024-01-05,14:48:00.000000000,46.44,370.06,,,,0,0.0,0.0,0.0,0.0,0.0,0.0,0.0,0.0,0.0,0.9984704293288662,0.9984704293288662,0.0
2024-01-05,14:49:00.000000000,46.44,370.16,,,,0,0.0,0.0,0.0,0.0,0.0,0.0,0.0,0.0,0.0,0.9984704293288662,0.9984704293288662,0.0
2024-01-05,14:50:00.000000000,46.4,370.02,0.26929437945635293,-53.2443062864397,-1.8733293176708927,0,0.0,0.0,0.0,0.0,0.0,0.0,0.0,0.0,0.0,0.9984704293288662,0.9984704293288662,0.0
2024-01-05,14:51:00.000000000,46.35,370.03,,,,0,0.0,0.0,0.0,0.0,0.0,0.0,0.0,0.0,0.0,0.9984704293288662,0.9984704293288662,0.0
2024-01-05,14:52:00.000000000,46.34,370.02,,,,0,0.0,0.0,0.0,0.0,0.0,0.0,0.0,0.0,0.0,0.9984704293288662,0.9984704293288662,0.0
2024-01-05,14:53:00.000000000,46.405,369.99,0.26978768377025164,-53.413745118155404,-1.9341188993653713,0,0.0,0.0,0.0,0.0,0.0,0.0,0.0,0.0,0.0,0.9984704293288662,0.9984704293288662,0.0
2024-01-05,14:54:00.000000000,46.37,370.11,,,,0,0.0,0.0,0.0,0.0,0.0,0.0,0.0,0.0,0.0,0.9984704293288662,0.9984704293288662,0.0
2024-01-05,14:55:00.000000000,46.34,369.755,,,,0,0.0,0.0,0.0,0.0,0.0,0.0,0.0,0.0,0.0,0.9984704293288662,0.9984704293288662,0.0
2024-01-05,14:56:00.000000000,46.31,369.69,0.2702926571158054,-53.6144924091421,-2.0099423847768576,0,0.0,0.0,0.0,0.0,0.0,0.0,0.0,0.0,0.0,0.9984704293288662,0.9984704293288662,0.0
2024-01-05,14:57:00.000000000,46.31,369.63,,,,0,0.0,0.0,0.0,0.0,0.0,0.0,0.0,0.0,0.0,0.9984704293288662,0.9984704293288662,0.0
2024-01-05,14:58:00.000000000,46.31,369.66,,,,0,0.0,0.0,0.0,0.0,0.0,0.0,0.0,0.0,0.0,0.9984704293288662,0.9984704293288662,0.0
2024-01-05,14:59:00.000000000,46.29,369.66,0.27084212653294915,-53.829500494169984,-2.0905080803096587,0,0.0,0.0,0.0,0.0,0.0,0.0,0.0,0.0,0.0,0.9984704293288662,0.9984704293288662,0.0
2024-01-05,15:00:00.000000000,46.35,369.78,,,,0,0.0,0.0,0.0,0.0,0.0,0.0,0.0,0.0,0.0,0.9984704293288662,0.9984704293288662,0.0
2024-01-05,15:01:00.000000000,46.45,369.8001,,,,0,0.0,0.0,0.0,0.0,0.0,0.0,0.0,0.0,0.0,0.9984704293288662,0.9984704293288662,0.0
2024-01-05,15:02:00.000000000,46.57,370.23,0.27120711850685214,-53.839011484791875,-2.0447427679334105,0,0.0,0.0,0.0,0.0,0.0,0.0,0.0,0.0,0.0,0.9984704293288662,0.9984704293288662,0.0
2024-01-05,15:03:00.000000000,46.58,370.54,,,,0,0.0,0.0,0.0,0.0,0.0,0.0,0.0,0.0,0.0,0.9984704293288662,0.9984704293288662,0.0
2024-01-05,15:04:00.000000000,46.6,370.54,,,,0,0.0,0.0,0.0,0.0,0.0,0.0,0.0,0.0,0.0,0.9984704293288662,0.9984704293288662,0.0
2024-01-05,15:05:00.000000000,46.59,370.315,0.2715675500966898,-53.975537314055686,-2.0764309945137596,0,0.0,0.0,0.0,0.0,0.0,0.0,0.0,0.0,0.0,0.9984704293288662,0.9984704293288662,0.0
2024-01-05,15:06:00.000000000,46.63,370.64,,,,0,0.0,0.0,0.0,0.0,0.0,0.0,0.0,0.0,0.0,0.9984704293288662,0.9984704293288662,0.0
2024-01-05,15:07:00.000000000,46.57,370.54,,,,0,0.0,0.0,0.0,0.0,0.0,0.0,0.0,0.0,0.0,0.9984704293288662,0.9984704293288662,0.0
2024-01-05,15:08:00.000000000,46.54,370.33,0.271947651483009,-54.170373773702714,-2.139250868025533,0,0.0,0.0,0.0,0.0,0.0,0.0,0.0,0.0,0.0,0.9984704293288662,0.9984704293288662,0.0
2024-01-05,15:09:00.000000000,46.52,370.76,,,,0,0.0,0.0,0.0,0.0,0.0,0.0,0.0,0.0,0.0,0.9984704293288662,0.9984704293288662,0.0
2024-01-05,15:10:00.000000000,46.53,370.65,,,,0,0.0,0.0,0.0,0.0,0.0,0.0,0.0,0.0,0.0,0.9984704293288662,0.9984704293288662,0.0
2024-01-05,15:11:00.000000000,46.5,370.52,0.2723265386533233,-54.40242910182934,-2.2176715070615005,0,0.0,0.0,0.0,0.0,0.0,0.0,0.0,0.0,0.0,0.9984704293288662,0.9984704293288662,0.0
2024-01-05,15:12:00.000000000,46.48,370.71,,,,0,0.0,0.0,0.0,0.0,0.0,0.0,0.0,0.0,0.0,0.9984704293288662,0.9984704293288662,0.0
2024-01-05,15:13:00.000000000,46.44,370.68,,,,0,0.0,0.0,0.0,0.0,0.0,0.0,0.0,0.0,0.0,0.9984704293288662,0.9984704293288662,0.0
2024-01-05,15:14:00.000000000,46.44,370.6872,0.2727443400819368,-54.66283574082094,-2.3048794455828974,0,0.0,0.0,0.0,0.0,0.0,0.0,0.0,0.0,0.0,0.9984704293288662,0.9984704293288662,0.0
2024-01-05,15:15:00.000000000,46.42,370.255,,,,0,0.0,0.0,0.0,0.0,0.0,0.0,0.0,0.0,0.0,0.9984704293288662,0.9984704293288662,0.0
2024-01-05,15:16:00.000000000,46.38,370.35,,,,0,0.0,0.0,0.0,0.0,0.0,0.0,0.0,0.0,0.0,0.9984704293288662,0.9984704293288662,0.0
2024-01-05,15:17:00.000000000,46.36,370.32,0.27320131842832385,-54.811912240376884,-2.320898097512183,0,0.0,0.0,0.0,0.0,0.0,0.0,0.0,0.0,0.0,0.9984704293288662,0.9984704293288662,0.0
2024-01-05,15:18:00.000000000,46.4025,370.3899,,,,0,0.0,0.0,0.0,0.0,0.0,0.0,0.0,0.0,0.0,0.9984704293288662,0.9984704293288662,0.0
2024-01-05,15:19:00.000000000,46.46,370.41,,,,0,0.0,0.0,0.0,0.0,0.0,0.0,0.0,0.0,0.0,0.9984704293288662,0.9984704293288662,0.0
2024-01-05,15:20:00.000000000,46.43,370.205,0.27363113969537295,-54.86961607092554,-2.279647438105174,0,0.0,0.0,0.0,0.0,0.0,0.0,0.0,0.0,0.0,0.9984704293288662,0.9984704293288662,0.0
2024-01-05,15:21:00.000000000,46.46,370.45,,,,0,0.0,0.0,0.0,0.0,0.0,0.0,0.0,0.0,0.0,0.9984704293288662,0.9984704293288662,0.0
2024-01-05,15:22:00.000000000,46.4388,370.78,,,,0,0.0,0.0,0.0,0.0,0.0,0.0,0.0,0.0,0.0,0.9984704293288662,0.9984704293288662,0.0
2024-01-05,15:23:00.000000000,46.45,370.95,0.27402290874052365,-55.19879799729725,-2.388711134066665,0,0.0,0.0,0.0,0.0,0.0,0.0,0.0,0.0,0.0,0.9984704293288662,0.9984704293288662,0.0
2024-01-05,15:24:00.000000000,46.45,371.0893,,,,0,0.0,0.0,0.0,0.0,0.0,0.0,0.0,0.0,0.0,0.9984704293288662,0.9984704293288662,0.0
2024-01-05,15:25:00.000000000,46.51,371.36,,,,0,0.0,0.0,0.0,0.0,0.0,0.0,0.0,0.0,0.0,0.9984704293288662,0.9984704293288662,0.0
2024-01-05,15:26:00.000000000,46.48,371.46,0.2743430249201597,-55.427460036842525,-2.4280251141736215,0,0.0,0.0,0.0,0.0,0.0,0.0,0.0,0.0,0.0,0.9984704293288662,0.9984704293288662,0.0
2024-01-05,15:27:00.000000000,46.495,371.18,,,,0,0.0,0.0,0.0,0.0,0.0,0.0,0.0,0.0,0.0,0.9984704293288662,0.9984704293288662,0.0
2024-01-05,15:28:00.000000000,46.49,371.28,,,,0,0.0,0.0,0.0,0.0,0.0,0.0,0.0,0.0,0.0,0.9984704293288662,0.9984704293288662,0.0
2024-01-05,15:29:00.000000000,46.48,371.3993,0.27469305531000765,-55.54080845699813,-2.398971934270534,0,0.0,0.0,0.0,0.0,0.0,0.0,0.0,0.0,0.0,0.9984704293288662,0.9984704293288662,0.0
2024-01-05,15:30:00.000000000,46.43,371.175,,,,0,0.0,0.0,0.0,0.0,0.0,0.0,0.0,0.0,0.0,0.9984704293288662,0.9984704293288662,0.0
2024-01-05,15:31:00.000000000,46.48,371.6,,,,0,0.0,0.0,0.0,0.0,0.0,0.0,0.0,0.0,0.0,0.9984704293288662,0.9984704293288662,0.0
2024-01-05,15:32:00.000000000,46.505,371.475,0.2749992217114069,-55.65033588524488,-2.3674844169723017,0,0.0,0.0,0.0,0.0,0.0,0.0,0.0,0.0,0.0,0.9984704293288662,0.9984704293288662,0.0
2024-01-05,15:33:00.000000000,46.5,371.47,,,,0,0.0,0.0,0.0,0.0,0.0,0.0,0.0,0.0,0.0,0.9984704293288662,0.9984704293288662,0.0
2024-01-05,15:34:00.000000000,46.5099,371.61,,,,0,0.0,0.0,0.0,0.0,0.0,0.0,0.0,0.0,0.0,0.9984704293288662,0.9984704293288662,0.0
2024-01-05,15:35:00.000000000,46.48,371.425,0.2753060913185157,-55.7755649679797,-2.3436165488850627,0,0.0,0.0,0.0,0.0,0.0,0.0,0.0,0.0,0.0,0.9984704293288662,0.9984704293288662,0.0
2024-01-05,15:36:00.000000000,46.51,371.46,,,,0,0.0,0.0,0.0,0.0,0.0,0.0,0.0,0.0,0.0,0.9984704293288662,0.9984704293288662,0.0
2024-01-05,15:37:00.000000000,46.51,371.37,,,,0,0.0,0.0,0.0,0.0,0.0,0.0,0.0,0.0,0.0,0.9984704293288662,0.9984704293288662,0.0
2024-01-05,15:38:00.000000000,46.52,371.5365,0.27556961929218954,-55.86417185815257,-2.2996754613400983,0,0.0,0.0,0.0,0.0,0.0,0.0,0.0,0.0,0.0,0.9984704293288662,0.9984704293288662,0.0
2024-01-05,15:39:00.000000000,46.48,371.335,,,,0,0.0,0.0,0.0,0.0,0.0,0.0,0.0,0.0,0.0,0.9984704293288662,0.9984704293288662,0.0
2024-01-05,15:40:00.000000000,46.45,371.3,,,,0,0.0,0.0,0.0,0.0,0.0,0.0,0.0,0.0,0.0,0.9984704293288662,0.9984704293288662,0.0
2024-01-05,15:41:00.000000000,46.44,371.2699,0.27588811824333936,-55.98895407139278,-2.275710533806481,0,0.0,0.0,0.0,0.0,0.0,0.0,0.0,0.0,0.0,0.9984704293288662,0.9984704293288662,0.0
2024-01-05,15:42:00.000000000,46.48,371.5,,,,0,0.0,0.0,0.0,0.0,0.0,0.0,0.0,0.0,0.0,0.9984704293288662,0.9984704293288662,0.0
2024-01-05,15:43:00.000000000,46.475,371.6257,,,,0,0.0,0.0,0.0,0.0,0.0,0.0,0.0,0.0,0.0,0.9984704293288662,0.9984704293288662,0.0
2024-01-05,15:44:00.000000000,46.45,371.41,0.27618315090812917,-56.12718407878826,-2.258903310719282,0,0.0,0.0,0.0,0.0,0.0,0.0,0.0,0.0,0.0,0.9984704293288662,0.9984704293288662,0.0
2024-01-05,15:45:00.000000000,46.4847,371.56,,,,0,0.0,0.0,0.0,0.0,0.0,0.0,0.0,0.0,0.0,0.9984704293288662,0.9984704293288662,0.0
2024-01-05,15:46:00.000000000,46.47,371.39,,,,0,0.0,0.0,0.0,0.0,0.0,0.0,0.0,0.0,0.0,0.9984704293288662,0.9984704293288662,0.0
2024-01-05,15:47:00.000000000,46.49,371.4,0.27647792377423325,-56.19390088975022,-2.206422868677317,0,0.0,0.0,0.0,0.0,0.0,0.0,0.0,0.0,0.0,0.9984704293288662,0.9984704293288662,0.0
2024-01-05,15:48:00.000000000,46.47,371.42,,,,0,0.0,0.0,0.0,0.0,0.0,0.0,0.0,0.0,0.0,0.9984704293288662,0.9984704293288662,0.0
2024-01-05,15:49:00.000000000,46.48,371.46,,,,0,0.0,0.0,0.0,0.0,0.0,0.0,0.0,0.0,0.0,0.9984704293288662,0.9984704293288662,0.0
2024-01-05,15:50:00.000000000,46.45,371.115,0.2768051008688326,-56.2765250089368,-2.1639914525903188,0,0.0,0.0,0.0,0.0,0.0,0.0,0.0,0.0,0.0,0.9984704293288662,0.9984704293288662,0.0
2024-01-05,15:51:00.000000000,46.455,371.1595,,,,0,0.0,0.0,0.0,0.0,0.0,0.0,0.0,0.0,0.0,0.9984704293288662,0.9984704293288662,0.0
2024-01-05,15:52:00.000000000,46.5,371.24,,,,0,0.0,0.0,0.0,0.0,0.0,0.0,0.0,0.0,0.0,0.9984704293288662,0.9984704293288662,0.0
2024-01-05,15:53:00.000000000,46.5,371.08,0.27712390559714295,-56.3351388889878,-2.1135187469863834,0,0.0,0.0,0.0,0.0,0.0,0.0,0.0,0.0,0.0,0.9984704293288662,0.9984704293288662,0.0
2024-01-05,15:54:00.000000000,46.51,371.15,,,,0,0.0,0.0,0.0,0.0,0.0,0.0,0.0,0.0,0.0,0.9984704293288662,0.9984704293288662,0.0
2024-01-05,15:55:00.000000000,46.535,371.275,,,,0,0.0,0.0,0.0,0.0,0.0,0.0,0.0,0.0,0.0,0.9984704293288662,0.9984704293288662,0.0
2024-01-05,15:56:00.000000000,46.49,371.26,0.27742985384053187,-56.50860753683586,-2.118274171476231,0,0.0,0.0,0.0,0.0,0.0,0.0,0.0,0.0,0.0,0.9984704293288662,0.9984704293288662,0.0
2024-01-05,15:57:00.000000000,46.47,371.2997,,,,0,0.0,0.0,0.0,0.0,0.0,0.0,0.0,0.0,0.0,0.9984704293288662,0.9984704293288662,0.0
2024-01-05,15:58:00.000000000,46.48,371.44,,,,0,0.0,0.0,0.0,0.0,0.0,0.0,0.0,0.0,0.0,0.9984704293288662,0.9984704293288662,0.0
2024-01-05,15:59:00.000000000,46.49,371.6712,0.27769031824480384,-56.719493810428126,-2.1370468663004347,0,0.0,0.0,0.0,0.0,0.0,0.0,0.0,0.0,0.0,0.9984704293288662,0.9984704293288662,0.0
2024-01-05,16:00:00.000000000,46.48,371.635,,,,0,0.0,0.0,0.0,0.0,0.0,0.0,0.0,0.0,0.0,0.9984704293288662,0.9984704293288662,0.0
2024-01-05,16:01:00.000000000,46.52,371.81,,,,0,0.0,0.0,0.0,0.0,0.0,0.0,0.0,0.0,0.0,0.9984704293288662,0.9984704293288662,0.0
2024-01-05,16:02:00.000000000,46.51,371.8053,0.2779158746367329,-56.82059514407286,-2.1034066342758115,0,0.0,0.0,0.0,0.0,0.0,0.0,0.0,0.0,0.0,0.9984704293288662,0.9984704293288662,0.0
2024-01-05,16:03:00.000000000,46.49,371.795,,,,0,0.0,0.0,0.0,0.0,0.0,0.0,0.0,0.0,0.0,0.9984704293288662,0.9984704293288662,0.0
2024-01-05,16:04:00.000000000,46.48,371.82,,,,0,0.0,0.0,0.0,0.0,0.0,0.0,0.0,0.0,0.0,0.9984704293288662,0.9984704293288662,0.0
2024-01-05,16:05:00.000000000,46.49,371.7295,0.2781751661135909,-56.91591541182208,-2.068472587580537,0,0.0,0.0,0.0,0.0,0.0,0.0,0.0,0.0,0.0,0.9984704293288662,0.9984704293288662,0.0
2024-01-05,16:06:00.000000000,46.49,371.6727,,,,0,0.0,0.0,0.0,0.0,0.0,0.0,0.0,0.0,0.0,0.9984704293288662,0.9984704293288662,0.0
2024-01-05,16:07:00.000000000,46.49,371.64,,,,0,0.0,0.0,0.0,0.0,0.0,0.0,0.0,0.0,0.0,0.9984704293288662,0.9984704293288662,0.0
2024-01-05,16:08:00.000000000,46.48,371.825,0.278398022157901,-57.03534458886154,-2.045122949607809,0,0.0,0.0,0.0,0.0,0.0,0.0,0.0,0.0,0.0,0.9984704293288662,0.9984704293288662,0.0
2024-01-05,16:09:00.000000000,46.5,371.79,,,,0,0.0,0.0,0.0,0.0,0.0,0.0,0.0,0.0,0.0,0.9984704293288662,0.9984704293288662,0.0
2024-01-05,16:10:00.000000000,46.49,371.77,,,,0,0.0,0.0,0.0,0.0,0.0,0.0,0.0,0.0,0.0,0.9984704293288662,0.9984704293288662,0.0
2024-01-05,16:11:00.000000000,46.545,371.97,0.27858665517856573,-57.0808781267711,-1.9913455476446318,0,0.0,0.0,0.0,0.0,0.0,0.0,0.0,0.0,0.0,0.9984704293288662,0.9984704293288662,0.0
2024-01-05,16:12:00.000000000,46.551,372.0,,,,0,0.0,0.0,0.0,0.0,0.0,0.0,0.0,0.0,0.0,0.9984704293288662,0.9984704293288662,0.0
2024-01-05,16:13:00.000000000,46.55,371.88,,,,0,0.0,0.0,0.0,0.0,0.0,0.0,0.0,0.0,0.0,0.9984704293288662,0.9984704293288662,0.0
2024-01-05,16:14:00.000000000,46.55,371.91,0.278763336827491,-57.12487259951219,-1.9399673640246369,0,0.0,0.0,0.0,0.0,0.0,0.0,0.0,0.0,0.0,0.9984704293288662,0.9984704293288662,0.0
2024-01-05,16:15:00.000000000,46.56,371.88,,,,0,0.0,0.0,0.0,0.0,0.0,0.0,0.0,0.0,0.0,0.9984704293288662,0.9984704293288662,0.0
2024-01-05,16:16:00.000000000,46.54,371.93,,,,0,0.0,0.0,0.0,0.0,0.0,0.0,0.0,0.0,0.0,0.9984704293288662,0.9984704293288662,0.0
2024-01-05,16:17:00.000000000,46.5,371.78,0.27896387474720136,-57.21318935351451,-1.9104084093093159,0,0.0,0.0,0.0,0.0,0.0,0.0,0.0,0.0,0.0,0.9984704293288662,0.9984704293288662,0.0
2024-01-05,16:18:00.000000000,46.43,371.39,,,,0,0.0,0.0,0.0,0.0,0.0,0.0,0.0,0.0,0.0,0.9984704293288662,0.9984704293288662,0.0
2024-01-05,16:19:00.000000000,46.44,371.1563,,,,0,0.0,0.0,0.0,0.0,0.0,0.0,0.0,0.0,0.0,0.9984704293288662,0.9984704293288662,0.0
2024-01-05,16:20:00.000000000,46.43,370.8571,0.2792764995304028,-57.141672713996535,-1.8168793205218887,0,0.0,0.0,0.0,0.0,0.0,0.0,0.0,0.0,0.0,0.9984704293288662,0.9984704293288662,0.0
2024-01-05,16:21:00.000000000,46.445,370.93,,,,0,0.0,0.0,0.0,0.0,0.0,0.0,0.0,0.0,0.0,0.9984704293288662,0.9984704293288662,0.0
2024-01-05,16:22:00.000000000,46.42,370.9,,,,0,0.0,0.0,0.0,0.0,0.0,0.0,0.0,0.0,0.0,0.9984704293288662,0.9984704293288662,0.0
2024-01-05,16:23:00.000000000,46.395,370.73,0.27960243628853587,-57.2620112052489,-1.8077465962127408,0,0.0,0.0,0.0,0.0,0.0,0.0,0.0,0.0,0.0,0.9984704293288662,0.9984704293288662,0.0
2024-01-05,16:24:00.000000000,46.425,370.8364,,,,0,0.0,0.0,0.0,0.0,0.0,0.0,0.0,0.0,0.0,0.9984704293288662,0.9984704293288662,0.0
2024-01-05,16:25:00.000000000,46.43,370.9,,,,0,0.0,0.0,0.0,0.0,0.0,0.0,0.0,0.0,0.0,0.9984704293288662,0.9984704293288662,0.0
2024-01-05,16:26:00.000000000,46.41,370.91,0.27990615722832535,-57.40999277755816,-1.809298786632462,0,0.0,0.0,0.0,0.0,0.0,0.0,0.0,0.0,0.0,0.9984704293288662,0.9984704293288662,0.0
2024-01-05,16:27:00.000000000,46.42,370.815,,,,0,0.0,0.0,0.0,0.0,0.0,0.0,0.0,0.0,0.0,0.9984704293288662,0.9984704293288662,0.0
2024-01-05,16:28:00.000000000,46.39,370.76,,,,0,0.0,0.0,0.0,0.0,0.0,0.0,0.0,0.0,0.0,0.9984704293288662,0.9984704293288662,0.0
2024-01-05,16:29:00.000000000,46.389,370.77,0.28022760954945497,-57.510990792651405,-1.7912164452896935,0,0.0,0.0,0.0,0.0,0.0,0.0,0.0,0.0,0.0,0.9984704293288662,0.9984704293288662,0.0
2024-01-05,16:30:00.000000000,46.42,370.985,,,,0,0.0,0.0,0.0,0.0,0.0,0.0,0.0,0.0,0.0,0.9984704293288662,0.9984704293288662,0.0
2024-01-05,16:31:00.000000000,46.38,370.92,,,,0,0.0,0.0,0.0,0.0,0.0,0.0,0.0,0.0,0.0,0.9984704293288662,0.9984704293288662,0.0
2024-01-05,16:32:00.000000000,46.3934,371.025,0.28052827165548766,-57.68960199097731,-1.8038209404374788,0,0.0,0.0,0.0,0.0,0.0,0.0,0.0,0.0,0.0,0.9984704293288662,0.9984704293288662,0.0
2024-01-05,16:33:00.000000000,46.4,371.04,,,,0,0.0,0.0,0.0,0.0,0.0,0.0,0.0,0.0,0.0,0.9984704293288662,0.9984704293288662,0.0
2024-01-05,16:34:00.000000000,46.38,371.08,,,,0,0.0,0.0,0.0,0.0,0.0,0.0,0.0,0.0,0.0,0.9984704293288662,0.9984704293288662,0.0
2024-01-05,16:35:00.000000000,46.39,371.165,0.2808141916798547,-57.83839945485329,-1.8030692055238464,0,0.0,0.0,0.0,0.0,0.0,0.0,0.0,0.0,0.0,0.9984704293288662,0.9984704293288662,0.0
2024-01-05,16:36:00.000000000,46.3999,371.01,,,,0,0.0,0.0,0.0,0.0,0.0,0.0,0.0,0.0,0.0,0.9984704293288662,0.9984704293288662,0.0
2024-01-05,16:37:00.000000000,46.4,371.01,,,,0,0.0,0.0,0.0,0.0,0.0,0.0,0.0,0.0,0.0,0.9984704293288662,0.9984704293288662,0.0
2024-01-05,16:38:00.000000000,46.38,371.02,0.2811194357617235,-57.920933056314645,-1.7758706358428968,0,0.0,0.0,0.0,0.0,0.0,0.0,0.0,0.0,0.0,0.9984704293288662,0.9984704293288662,0.0
2024-01-05,16:39:00.000000000,46.4,371.125,,,,0,0.0,0.0,0.0,0.0,0.0,0.0,0.0,0.0,0.0,0.9984704293288662,0.9984704293288662,0.0
2024-01-05,16:40:00.000000000,46.4,371.085,,,,0,0.0,0.0,0.0,0.0,0.0,0.0,0.0,0.0,0.0,0.9984704293288662,0.9984704293288662,0.0
2024-01-05,16:41:00.000000000,46.43,371.06,0.2814071053160599,-57.98892049857718,-1.744596258014998,0,0.0,0.0,0.0,0.0,0.0,0.0,0.0,0.0,0.0,0.9984704293288662,0.9984704293288662,0.0
2024-01-05,16:42:00.000000000,46.46,371.09,,,,0,0.0,0.0,0.0,0.0,0.0,0.0,0.0,0.0,0.0,0.9984704293288662,0.9984704293288662,0.0
2024-01-05,16:43:00.000000000,46.42,370.95,,,,0,0.0,0.0,0.0,0.0,0.0,0.0,0.0,0.0,0.0,0.9984704293288662,0.9984704293288662,0.0
2024-01-05,16:44:00.000000000,46.41,370.75,0.281718450283058,-58.03711544244375,-1.7075725125965295,0,0.0,0.0,0.0,0.0,0.0,0.0,0.0,0.0,0.0,0.9984704293288662,0.9984704293288662,0.0
2024-01-05,16:45:00.000000000,46.429,370.66,,,,0,0.0,0.0,0.0,0.0,0.0,0.0,0.0,0.0,0.0,0.9984704293288662,0.9984704293288662,0.0
2024-01-05,16:46:00.000000000,46.44,370.7011,,,,0,0.0,0.0,0.0,0.0,0.0,0.0,0.0,0.0,0.0,0.9984704293288662,0.9984704293288662,0.0
2024-01-05,16:47:00.000000000,46.435,370.52,0.2820322616745857,-58.0635935956675,-1.66451101044249,0,0.0,0.0,0.0,0.0,0.0,0.0,0.0,0.0,0.0,0.9984704293288662,0.9984704293288662,0.0
2024-01-05,16:48:00.000000000,46.4,370.41,,,,0,0.0,0.0,0.0,0.0,0.0,0.0,0.0,0.0,0.0,0.9984704293288662,0.9984704293288662,0.0
2024-01-05,16:49:00.000000000,46.4,370.2683,,,,0,0.0,0.0,0.0,0.0,0.0,0.0,0.0,0.0,0.0,0.9984704293288662,0.9984704293288662,0.0
2024-01-05,16:50:00.000000000,46.45,370.48,0.2823314604508389,-58.1481594678268,-1.6453871518683905,0,0.0,0.0,0.0,0.0,0.0,0.0,0.0,0.0,0.0,0.9984704293288662,0.9984704293288662,0.0
2024-01-05,16:51:00.000000000,46.46,370.41,,,,0,0.0,0.0,0.0,0.0,0.0,0.0,0.0,0.0,0.0,0.9984704293288662,0.9984704293288662,0.0
2024-01-05,16:52:00.000000000,46.47,370.53,,,,0,0.0,0.0,0.0,0.0,0.0,0.0,0.0,0.0,0.0,0.9984704293288662,0.9984704293288662,0.0
2024-01-05,16:53:00.000000000,46.48,370.555,0.28261440199847515,-58.24417973254497,-1.6313459653211984,0,0.0,0.0,0.0,0.0,0.0,0.0,0.0,0.0,0.0,0.9984704293288662,0.9984704293288662,0.0
2024-01-05,16:54:00.000000000,46.48,370.68,,,,0,0.0,0.0,0.0,0.0,0.0,0.0,0.0,0.0,0.0,0.9984704293288662,0.9984704293288662,0.0
2024-01-05,16:55:00.000000000,46.4597,370.75,,,,0,0.0,0.0,0.0,0.0,0.0,0.0,0.0,0.0,0.0,0.9984704293288662,0.9984704293288662,0.0
2024-01-05,16:56:00.000000000,46.45,370.66,0.28289908508178446,-58.40937487641423,-1.642857006714139,0,0.0,0.0,0.0,0.0,0.0,0.0,0.0,0.0,0.0,0.9984704293288662,0.9984704293288662,0.0
2024-01-05,16:57:00.000000000,46.435,370.78,,,,0,0.0,0.0,0.0,0.0,0.0,0.0,0.0,0.0,0.0,0.9984704293288662,0.9984704293288662,0.0
2024-01-05,16:58:00.000000000,46.43,370.77,,,,0,0.0,0.0,0.0,0.0,0.0,0.0,0.0,0.0,0.0,0.9984704293288662,0.9984704293288662,0.0
2024-01-05,16:59:00.000000000,46.44,370.765,0.28318544687480757,-58.55525221053803,-1.6463144565255305,0,0.0,0.0,0.0,0.0,0.0,0.0,0.0,0.0,0.0,0.9984704293288662,0.9984704293288662,0.0
2024-01-05,17:00:00.000000000,46.42,370.59,,,,0,0.0,0.0,0.0,0.0,0.0,0.0,0.0,0.0,0.0,0.9984704293288662,0.9984704293288662,0.0
2024-01-05,17:01:00.000000000,46.4197,370.49,,,,0,0.0,0.0,0.0,0.0,0.0,0.0,0.0,0.0,0.0,0.9984704293288662,0.9984704293288662,0.0
2024-01-05,17:02:00.000000000,46.45,370.45,0.2834746016652568,-58.563166186894364,-1.5999453040633025,0,0.0,0.0,0.0,0.0,0.0,0.0,0.0,0.0,0.0,0.9984704293288662,0.9984704293288662,0.0
2024-01-05,17:03:00.000000000,46.4693,370.5296,,,,0,0.0,0.0,0.0,0.0,0.0,0.0,0.0,0.0,0.0,0.9984704293288662,0.9984704293288662,0.0
2024-01-05,17:04:00.000000000,46.4728,370.52,,,,0,0.0,0.0,0.0,0.0,0.0,0.0,0.0,0.0,0.0,0.9984704293288662,0.9984704293288662,0.0
2024-01-05,17:05:00.000000000,46.4521,370.38,0.2837622206505637,-58.647751284555795,-1.5834249603280992,0,0.0,0.0,0.0,0.0,0.0,0.0,0.0,0.0,0.0,0.9984704293288662,0.9984704293288662,0.0
2024-01-05,17:06:00.000000000,46.45,370.17,,,,0,0.0,0.0,0.0,0.0,0.0,0.0,0.0,0.0,0.0,0.9984704293288662,0.9984704293288662,0.0
2024-01-05,17:07:00.000000000,46.41,370.0,,,,0,0.0,0.0,0.0,0.0,0.0,0.0,0.0,0.0,0.0,0.9984704293288662,0.9984704293288662,0.0
2024-01-05,17:08:00.000000000,46.375,369.51,0.28407335183114085,-58.59294423512485,-1.5192636750245503,0,0.0,0.0,0.0,0.0,0.0,0.0,0.0,0.0,0.0,0.9984704293288662,0.9984704293288662,0.0
2024-01-05,17:09:00.000000000,46.33,369.37,,,,0,0.0,0.0,0.0,0.0,0.0,0.0,0.0,0.0,0.0,0.9984704293288662,0.9984704293288662,0.0
2024-01-05,17:10:00.000000000,46.35,369.4,,,,0,0.0,0.0,0.0,0.0,0.0,0.0,0.0,0.0,0.0,0.9984704293288662,0.9984704293288662,0.0
2024-01-05,17:11:00.000000000,46.3603,369.45,0.2843777033567793,-58.70304250516211,-1.516049200110617,0,0.0,0.0,0.0,0.0,0.0,0.0,0.0,0.0,0.0,0.9984704293288662,0.9984704293288662,0.0
2024-01-05,17:12:00.000000000,46.37,369.45,,,,0,0.0,0.0,0.0,0.0,0.0,0.0,0.0,0.0,0.0,0.9984704293288662,0.9984704293288662,0.0
2024-01-05,17:13:00.000000000,46.38,369.48,,,,0,0.0,0.0,0.0,0.0,0.0,0.0,0.0,0.0,0.0,0.9984704293288662,0.9984704293288662,0.0
2024-01-05,17:14:00.000000000,46.385,369.28,0.28465689498988567,-58.73309818186497,-1.4851356755161467,0,0.0,0.0,0.0,0.0,0.0,0.0,0.0,0.0,0.0,0.9984704293288662,0.9984704293288662,0.0
2024-01-05,17:15:00.000000000,46.395,369.3799,,,,0,0.0,0.0,0.0,0.0,0.0,0.0,0.0,0.0,0.0,0.9984704293288662,0.9984704293288662,0.0
2024-01-05,17:16:00.000000000,46.42,369.3,,,,0,0.0,0.0,0.0,0.0,0.0,0.0,0.0,0.0,0.0,0.9984704293288662,0.9984704293288662,0.0
2024-01-05,17:17:00.000000000,46.4,369.27,0.28492209960814374,-58.813183722299236,-1.4731156956409936,0,0.0,0.0,0.0,0.0,0.0,0.0,0.0,0.0,0.0,0.9984704293288662,0.9984704293288662,0.0
2024-01-05,17:18:00.000000000,46.4,369.31,,,,0,0.0,0.0,0.0,0.0,0.0,0.0,0.0,0.0,0.0,0.9984704293288662,0.9984704293288662,0.0
2024-01-05,17:19:00.000000000,46.38,369.25,,,,0,0.0,0.0,0.0,0.0,0.0,0.0,0.0,0.0,0.0,0.9984704293288662,0.9984704293288662,0.0
2024-01-05,17:20:00.000000000,46.38,369.26,0.28521614647947596,-58.93891424901128,-1.4774252664207486,0,0.0,0.0,0.0,0.0,0.0,0.0,0.0,0.0,0.0,0.9984704293288662,0.9984704293288662,0.0
2024-01-05,17:21:00.000000000,46.39,369.2481,,,,0,0.0,0.0,0.0,0.0,0.0,0.0,0.0,0.0,0.0,0.9984704293288662,0.9984704293288662,0.0
2024-01-05,17:22:00.000000000,46.4,369.24,,,,0,0.0,0.0,0.0,0.0,0.0,0.0,0.0,0.0,0.0,0.9984704293288662,0.9984704293288662,0.0
2024-01-05,17:23:00.000000000,46.4,369.2,0.28549192669001217,-59.00361933395249,-1.4605289878279064,0,0.0,0.0,0.0,0.0,0.0,0.0,0.0,0.0,0.0,0.9984704293288662,0.9984704293288662,0.0
2024-01-05,17:24:00.000000000,46.366,369.12,,,,0,0.0,0.0,0.0,0.0,0.0,0.0,0.0,0.0,0.0,0.9984704293288662,0.9984704293288662,0.0
2024-01-05,17:25:00.000000000,46.375,369.075,,,,0,0.0,0.0,0.0,0.0,0.0,0.0,0.0,0.0,0.0,0.9984704293288662,0.9984704293288662,0.0
2024-01-05,17:26:00.000000000,46.37,368.97,0.2857521648910767,-59.063976279860576,-1.4431341676182556,0,0.0,0.0,0.0,0.0,0.0,0.0,0.0,0.0,0.0,0.9984704293288662,0.9984704293288662,0.0
2024-01-05,17:27:00.000000000,46.38,369.0,,,,0,0.0,0.0,0.0,0.0,0.0,0.0,0.0,0.0,0.0,0.9984704293288662,0.9984704293288662,0.0
2024-01-05,17:28:00.000000000,46.38,368.98,,,,0,0.0,0.0,0.0,0.0,0.0,0.0,0.0,0.0,0.0,0.9984704293288662,0.9984704293288662,0.0
2024-01-05,17:29:00.000000000,46.38,368.92,0.28600806696219294,-59.13409606369222,-1.4299786050012493,0,0.0,0.0,0.0,0.0,0.0,0.0,0.0,0.0,0.0,0.9984704293288662,0.9984704293288662,0.0
2024-01-05,17:30:00.000000000,46.3867,368.84,,,,0,0.0,0.0,0.0,0.0,0.0,0.0,0.0,0.0,0.0,0.9984704293288662,0.9984704293288662,0.0
2024-01-05,17:31:00.000000000,46.41,369.2301,,,,0,0.0,0.0,0.0,0.0,0.0,0.0,0.0,0.0,0.0,0.9984704293288662,0.9984704293288662,0.0
2024-01-05,17:32:00.000000000,46.421,369.34,0.2862787942707944,-59.3132098759752,-1.4554861164419786,0,0.0,0.0,0.0,0.0,0.0,0.0,0.0,0.0,0.0,0.9984704293288662,0.9984704293288662,0.0
2024-01-05,17:33:00.000000000,46.4,369.155,,,,0,0.0,0.0,0.0,0.0,0.0,0.0,0.0,0.0,0.0,0.9984704293288662,0.9984704293288662,0.0
2024-01-05,17:34:00.000000000,46.39,369.025,,,,0,0.0,0.0,0.0,0.0,0.0,0.0,0.0,0.0,0.0,0.9984704293288662,0.9984704293288662,0.0
2024-01-05,17:35:00.000000000,46.415,369.04,0.28652785847592943,-59.325240891957,-1.4233977266050575,0,0.0,0.0,0.0,0.0,0.0,0.0,0.0,0.0,0.0,0.9984704293288662,0.9984704293288662,0.0
2024-01-05,17:36:00.000000000,46.43,369.205,,,,0,0.0,0.0,0.0,0.0,0.0,0.0,0.0,0.0,0.0,0.9984704293288662,0.9984704293288662,0.0
2024-01-05,17:37:00.000000000,46.4878,369.22,,,,0,0.0,0.0,0.0,0.0,0.0,0.0,0.0,0.0,0.0,0.9984704293288662,0.9984704293288662,0.0
2024-01-05,17:38:00.000000000,46.46,368.99,0.2867429904971884,-59.34529606355755,-1.3957723397196171,0,0.0,0.0,0.0,0.0,0.0,0.0,0.0,0.0,0.0,0.9984704293288662,0.9984704293288662,0.0
2024-01-05,17:39:00.000000000,46.45,368.95,,,,0,0.0,0.0,0.0,0.0,0.0,0.0,0.0,0.0,0.0,0.9984704293288662,0.9984704293288662,0.0
2024-01-05,17:40:00.000000000,46.455,369.1,,,,0,0.0,0.0,0.0,0.0,0.0,0.0,0.0,0.0,0.0,0.9984704293288662,0.9984704293288662,0.0
2024-01-05,17:41:00.000000000,46.47,369.18,0.28694671926509435,-59.464989818287535,-1.404012010536467,0,0.0,0.0,0.0,0.0,0.0,0.0,0.0,0.0,0.0,0.9984704293288662,0.9984704293288662,0.0
2024-01-05,17:42:00.000000000,46.45,369.12,,,,0,0.0,0.0,0.0,0.0,0.0,0.0,0.0,0.0,0.0,0.9984704293288662,0.9984704293288662,0.0
2024-01-05,17:43:00.000000000,46.445,369.14,,,,0,0.0,0.0,0.0,0.0,0.0,0.0,0.0,0.0,0.0,0.9984704293288662,0.9984704293288662,0.0
2024-01-05,17:44:00.000000000,46.447,369.1285,0.2871460321231193,-59.54678411855883,-1.3995526400506715,0,0.0,0.0,0.0,0.0,0.0,0.0,0.0,0.0,0.0,0.9984704293288662,0.9984704293288662,0.0
2024-01-05,17:45:00.000000000,46.45,369.0877,,,,0,0.0,0.0,0.0,0.0,0.0,0.0,0.0,0.0,0.0,0.9984704293288662,0.9984704293288662,0.0
2024-01-05,17:46:00.000000000,46.415,369.07,,,,0,0.0,0.0,0.0,0.0,0.0,0.0,0.0,0.0,0.0,0.9984704293288662,0.9984704293288662,0.0
2024-01-05,17:47:00.000000000,46.41,369.06,0.28732469952787415,-59.63005360775723,-1.3970286317297211,0,0.0,0.0,0.0,0.0,0.0,0.0,0.0,0.0,0.0,0.9984704293288662,0.9984704293288662,0.0
2024-01-05,17:48:00.000000000,46.4,369.04,,,,0,0.0,0.0,0.0,0.0,0.0,0.0,0.0,0.0,0.0,0.9984704293288662,0.9984704293288662,0.0
2024-01-05,17:49:00.000000000,46.39,368.89,,,,0,0.0,0.0,0.0,0.0,0.0,0.0,0.0,0.0,0.0,0.9984704293288662,0.9984704293288662,0.0
2024-01-05,17:50:00.000000000,46.4199,369.03,0.28749074016685483,-59.672807843774436,-1.380995529296334,0,0.0,0.0,0.0,0.0,0.0,0.0,0.0,0.0,0.0,0.9984704293288662,0.9984704293288662,0.0
2024-01-05,17:51:00.000000000,46.42,369.01,,,,0,0.0,0.0,0.0,0.0,0.0,0.0,0.0,0.0,0.0,0.9984704293288662,0.9984704293288662,0.0
2024-01-05,17:52:00.000000000,46.41,368.95,,,,0,0.0,0.0,0.0,0.0,0.0,0.0,0.0,0.0,0.0,0.9984704293288662,0.9984704293288662,0.0
2024-01-05,17:53:00.000000000,46.42,369.09,0.28768025510952805,-59.759905358375704,-1.3809928471591861,0,0.0,0.0,0.0,0.0,0.0,0.0,0.0,0.0,0.0,0.9984704293288662,0.9984704293288662,0.0
2024-01-05,17:54:00.000000000,46.41,369.07,,,,0,0.0,0.0,0.0,0.0,0.0,0.0,0.0,0.0,0.0,0.9984704293288662,0.9984704293288662,0.0
2024-01-05,17:55:00.000000000,46.4,369.05,,,,0,0.0,0.0,0.0,0.0,0.0,0.0,0.0,0.0,0.0,0.9984704293288662,0.9984704293288662,0.0
2024-01-05,17:56:00.000000000,46.415,369.0676,0.28786053142953233,-59.82499546942207,-1.3743647464606796,0,0.0,0.0,0.0,0.0,0.0,0.0,0.0,0.0,0.0,0.9984704293288662,0.9984704293288662,0.0
2024-01-05,17:57:00.000000000,46.4,368.88,,,,0,0.0,0.0,0.0,0.0,0.0,0.0,0.0,0.0,0.0,0.9984704293288662,0.9984704293288662,0.0
2024-01-05,17:58:00.000000000,46.41,369.02,,,,0,0.0,0.0,0.0,0.0,0.0,0.0,0.0,0.0,0.0,0.9984704293288662,0.9984704293288662,0.0
2024-01-05,17:59:00.000000000,46.41,368.9359,0.2880322322817938,-59.855430845892656,-1.356809606588879,0,0.0,0.0,0.0,0.0,0.0,0.0,0.0,0.0,0.0,0.9984704293288662,0.9984704293288662,0.0
2024-01-05,18:00:00.000000000,46.395,368.83,,,,0,0.0,0.0,0.0,0.0,0.0,0.0,0.0,0.0,0.0,0.9984704293288662,0.9984704293288662,0.0
2024-01-05,18:01:00.000000000,46.39,368.725,,,,0,0.0,0.0,0.0,0.0,0.0,0.0,0.0,0.0,0.0,0.9984704293288662,0.9984704293288662,0.0
2024-01-05,18:02:00.000000000,46.38,368.52,0.2881728606823838,-59.81746261867206,-1.316308321578932,0,0.0,0.0,0.0,0.0,0.0,0.0,0.0,0.0,0.0,0.9984704293288662,0.9984704293288662,0.0
2024-01-05,18:03:00.000000000,46.36,368.37,,,,0,0.0,0.0,0.0,0.0,0.0,0.0,0.0,0.0,0.0,0.9984704293288662,0.9984704293288662,0.0
2024-01-05,18:04:00.000000000,46.38,368.3503,,,,0,0.0,0.0,0.0,0.0,0.0,0.0,0.0,0.0,0.0,0.9984704293288662,0.9984704293288662,0.0
2024-01-05,18:05:00.000000000,46.41,368.425,0.2882831862894413,-59.80073290868741,-1.2858383864696472,0,0.0,0.0,0.0,0.0,0.0,0.0,0.0,0.0,0.0,0.9984704293288662,0.9984704293288662,0.0
2024-01-05,18:06:00.000000000,46.39,368.42,,,,0,0.0,0.0,0.0,0.0,0.0,0.0,0.0,0.0,0.0,0.9984704293288662,0.9984704293288662,0.0
2024-01-05,18:07:00.000000000,46.39,368.5065,,,,0,0.0,0.0,0.0,0.0,0.0,0.0,0.0,0.0,0.0,0.9984704293288662,0.9984704293288662,0.0
2024-01-05,18:08:00.000000000,46.39,368.455,0.28840940661388287,-59.875887913918206,-1.2916082582627655,0,0.0,0.0,0.0,0.0,0.0,0.0,0.0,0.0,0.0,0.9984704293288662,0.9984704293288662,0.0
2024-01-05,18:09:00.000000000,46.3725,368.505,,,,0,0.0,0.0,0.0,0.0,0.0,0.0,0.0,0.0,0.0,0.9984704293288662,0.9984704293288662,0.0
2024-01-05,18:10:00.000000000,46.36,368.37,,,,0,0.0,0.0,0.0,0.0,0.0,0.0,0.0,0.0,0.0,0.9984704293288662,0.9984704293288662,0.0
2024-01-05,18:11:00.000000000,46.34,368.2731,0.28854074860585077,-59.92179596539734,-1.290368578205256,0,0.0,0.0,0.0,0.0,0.0,0.0,0.0,0.0,0.0,0.9984704293288662,0.9984704293288662,0.0
2024-01-05,18:12:00.000000000,46.35,368.28,,,,0,0.0,0.0,0.0,0.0,0.0,0.0,0.0,0.0,0.0,0.9984704293288662,0.9984704293288662,0.0
2024-01-05,18:13:00.000000000,46.34,368.18,,,,0,0.0,0.0,0.0,0.0,0.0,0.0,0.0,0.0,0.0,0.9984704293288662,0.9984704293288662,0.0
2024-01-05,18:14:00.000000000,46.3,368.13,0.2886684765090376,-59.96752625727201,-1.2911722276886097,0,0.0,0.0,0.0,0.0,0.0,0.0,0.0,0.0,0.0,0.9984704293288662,0.9984704293288662,0.0
2024-01-05,18:15:00.000000000,46.31,368.095,,,,0,0.0,0.0,0.0,0.0,0.0,0.0,0.0,0.0,0.0,0.9984704293288662,0.9984704293288662,0.0
2024-01-05,18:16:00.000000000,46.3,368.1705,,,,0,0.0,0.0,0.0,0.0,0.0,0.0,0.0,0.0,0.0,0.9984704293288662,0.9984704293288662,0.0
2024-01-05,18:17:00.000000000,46.32,368.24,0.288798919337932,-60.027314057000076,-1.3000332762753017,0,0.0,0.0,0.0,0.0,0.0,0.0,0.0,0.0,0.0,0.9984704293288662,0.9984704293288662,0.0
2024-01-05,18:18:00.000000000,46.3,368.06,,,,0,0.0,0.0,0.0,0.0,0.0,0.0,0.0,0.0,0.0,0.9984704293288662,0.9984704293288662,0.0
2024-01-05,18:19:00.000000000,46.29,368.069,,,,0,0.0,0.0,0.0,0.0,0.0,0.0,0.0,0.0,0.0,0.9984704293288662,0.9984704293288662,0.0
2024-01-05,18:20:00.000000000,46.31,368.26,0.28893526700299904,-60.09330142652442,-1.3132972267648755,0,0.0,0.0,0.0,0.0,0.0,0.0,0.0,0.0,0.0,0.9984704293288662,0.9984704293288662,0.0
2024-01-05,18:21:00.000000000,46.31,368.07,,,,0,0.0,0.0,0.0,0.0,0.0,0.0,0.0,0.0,0.0,0.9984704293288662,0.9984704293288662,0.0
2024-01-05,18:22:00.000000000,46.32,368.15,,,,0,0.0,0.0,0.0,0.0,0.0,0.0,0.0,0.0,0.0,0.9984704293288662,0.9984704293288662,0.0
2024-01-05,18:23:00.000000000,46.31,368.2101,0.28905596768618,-60.12332676732511,-1.3055217698361758,0,0.0,0.0,0.0,0.0,0.0,0.0,0.0,0.0,0.0,0.9984704293288662,0.9984704293288662,0.0
2024-01-05,18:24:00.000000000,46.33,368.4128,,,,0,0.0,0.0,0.0,0.0,0.0,0.0,0.0,0.0,0.0,0.9984704293288662,0.9984704293288662,0.0
2024-01-05,18:25:00.000000000,46.35,368.625,,,,0,0.0,0.0,0.0,0.0,0.0,0.0,0.0,0.0,0.0,0.9984704293288662,0.9984704293288662,0.0
2024-01-05,18:26:00.000000000,46.37,368.62,0.28919795718413244,-60.2341509772149,-1.3357108430529758,0,0.0,0.0,0.0,0.0,0.0,0.0,0.0,0.0,0.0,0.9984704293288662,0.9984704293288662,0.0
2024-01-05,18:27:00.000000000,46.355,368.67,,,,0,0.0,0.0,0.0,0.0,0.0,0.0,0.0,0.0,0.0,0.9984704293288662,0.9984704293288662,0.0
2024-01-05,18:28:00.000000000,46.37,368.85,,,,0,0.0,0.0,0.0,0.0,0.0,0.0,0.0,0.0,0.0,0.9984704293288662,0.9984704293288662,0.0
2024-01-05,18:29:00.000000000,46.38,369.0,0.2893694235498168,-60.3973172898824,-1.3868690157090986,0,0.0,0.0,0.0,0.0,0.0,0.0,0.0,0.0,0.0,0.9984704293288662,0.9984704293288662,0.0
2024-01-05,18:30:00.000000000,46.45,369.11,,,,0,0.0,0.0,0.0,0.0,0.0,0.0,0.0,0.0,0.0,0.9984704293288662,0.9984704293288662,0.0
2024-01-05,18:31:00.000000000,46.45,369.12,,,,0,0.0,0.0,0.0,0.0,0.0,0.0,0.0,0.0,0.0,0.9984704293288662,0.9984704293288662,0.0
2024-01-05,18:32:00.000000000,46.43,369.0,0.28951123112428245,-60.39964428486022,-1.368047577827493,0,0.0,0.0,0.0,0.0,0.0,0.0,0.0,0.0,0.0,0.9984704293288662,0.9984704293288662,0.0
2024-01-05,18:33:00.000000000,46.415,368.88,,,,0,0.0,0.0,0.0,0.0,0.0,0.0,0.0,0.0,0.0,0.9984704293288662,0.9984704293288662,0.0
2024-01-05,18:34:00.000000000,46.44,368.9599,,,,0,0.0,0.0,0.0,0.0,0.0,0.0,0.0,0.0,0.0,0.9984704293288662,0.9984704293288662,0.0
2024-01-05,18:35:00.000000000,46.43,368.86,0.2896396134584569,-60.406467820286416,-1.3510325524708382,0,0.0,0.0,0.0,0.0,0.0,0.0,0.0,0.0,0.0,0.9984704293288662,0.9984704293288662,0.0
2024-01-05,18:36:00.000000000,46.435,368.92,,,,0,0.0,0.0,0.0,0.0,0.0,0.0,0.0,0.0,0.0,0.9984704293288662,0.9984704293288662,0.0
2024-01-05,18:37:00.000000000,46.45,368.925,,,,0,0.0,0.0,0.0,0.0,0.0,0.0,0.0,0.0,0.0,0.9984704293288662,0.9984704293288662,0.0
2024-01-05,18:38:00.000000000,46.46,368.95,0.28975896895591113,-60.44657159628341,-1.3507875972507342,0,0.0,0.0,0.0,0.0,0.0,0.0,0.0,0.0,0.0,0.9984704293288662,0.9984704293288662,0.0
2024-01-05,18:39:00.000000000,46.49,369.03,,,,0,0.0,0.0,0.0,0.0,0.0,0.0,0.0,0.0,0.0,0.9984704293288662,0.9984704293288662,0.0
2024-01-05,18:40:00.000000000,46.47,368.67,,,,0,0.0,0.0,0.0,0.0,0.0,0.0,0.0,0.0,0.0,0.9984704293288662,0.9984704293288662,0.0
2024-01-05,18:41:00.000000000,46.47,368.76,0.2898876643393961,-60.428975101795714,-1.3237898963972745,0,0.0,0.0,0.0,0.0,0.0,0.0,0.0,0.0,0.0,0.9984704293288662,0.9984704293288662,0.0
2024-01-05,18:42:00.000000000,46.47,368.6686,,,,0,0.0,0.0,0.0,0.0,0.0,0.0,0.0,0.0,0.0,0.9984704293288662,0.9984704293288662,0.0
2024-01-05,18:43:00.000000000,46.465,368.59,,,,0,0.0,0.0,0.0,0.0,0.0,0.0,0.0,0.0,0.0,0.9984704293288662,0.9984704293288662,0.0
2024-01-05,18:44:00.000000000,46.46,368.72,0.29002436513285934,-60.4777839117879,-1.3288123523810325,0,0.0,0.0,0.0,0.0,0.0,0.0,0.0,0.0,0.0,0.9984704293288662,0.9984704293288662,0.0
2024-01-05,18:45:00.000000000,46.46,368.75,,,,0,0.0,0.0,0.0,0.0,0.0,0.0,0.0,0.0,0.0,0.9984704293288662,0.9984704293288662,0.0
2024-01-05,18:46:00.000000000,46.47,368.88,,,,0,0.0,0.0,0.0,0.0,0.0,0.0,0.0,0.0,0.0,0.9984704293288662,0.9984704293288662,0.0
2024-01-05,18:47:00.000000000,46.49,368.725,0.29012184018693554,-60.48517552292781,-1.3141941542189277,0,0.0,0.0,0.0,0.0,0.0,0.0,0.0,0.0,0.0,0.9984704293288662,0.9984704293288662,0.0
2024-01-05,18:48:00.000000000,46.48,368.725,,,,0,0.0,0.0,0.0,0.0,0.0,0.0,0.0,0.0,0.0,0.9984704293288662,0.9984704293288662,0.0
2024-01-05,18:49:00.000000000,46.46,368.7,,,,0,0.0,0.0,0.0,0.0,0.0,0.0,0.0,0.0,0.0,0.9984704293288662,0.9984704293288662,0.0
2024-01-05,18:50:00.000000000,46.45,368.57,0.2902404098664637,-60.523907864482524,-1.315188974656307,0,0.0,0.0,0.0,0.0,0.0,0.0,0.0,0.0,0.0,0.9984704293288662,0.9984704293288662,0.0
2024-01-05,18:51:00.000000000,46.44,368.6499,,,,0,0.0,0.0,0.0,0.0,0.0,0.0,0.0,0.0,0.0,0.9984704293288662,0.9984704293288662,0.0
2024-01-05,18:52:00.000000000,46.46,368.6099,,,,0,0.0,0.0,0.0,0.0,0.0,0.0,0.0,0.0,0.0,0.9984704293288662,0.9984704293288662,0.0
2024-01-05,18:53:00.000000000,46.47,368.56,0.29035783193945136,-60.5442825396042,-1.3066922477051883,0,0.0,0.0,0.0,0.0,0.0,0.0,0.0,0.0,0.0,0.9984704293288662,0.9984704293288662,0.0
2024-01-05,18:54:00.000000000,46.47,368.51,,,,0,0.0,0.0,0.0,0.0,0.0,0.0,0.0,0.0,0.0,0.9984704293288662,0.9984704293288662,0.0
2024-01-05,18:55:00.000000000,46.485,368.61,,,,0,0.0,0.0,0.0,0.0,0.0,0.0,0.0,0.0,0.0,0.9984704293288662,0.9984704293288662,0.0
2024-01-05,18:56:00.000000000,46.47,368.37,0.29043793751089153,-60.51862304088712,-1.2767766716122755,0,0.0,0.0,0.0,0.0,0.0,0.0,0.0,0.0,0.0,0.9984704293288662,0.9984704293288662,0.0
2024-01-05,18:57:00.000000000,46.48,368.41,,,,0,0.0,0.0,0.0,0.0,0.0,0.0,0.0,0.0,0.0,0.9984704293288662,0.9984704293288662,0.0
2024-01-05,18:58:00.000000000,46.485,368.47,,,,0,0.0,0.0,0.0,0.0,0.0,0.0,0.0,0.0,0.0,0.9984704293288662,0.9984704293288662,0.0
2024-01-05,18:59:00.000000000,46.485,368.4,0.29048365384991126,-60.5291780783073,-1.2667720909630638,0,0.0,0.0,0.0,0.0,0.0,0.0,0.0,0.0,0.0,0.9984704293288662,0.9984704293288662,0.0
2024-01-05,19:00:00.000000000,46.51,368.555,,,,0,0.0,0.0,0.0,0.0,0.0,0.0,0.0,0.0,0.0,0.9984704293288662,0.9984704293288662,0.0
2024-01-05,19:01:00.000000000,46.5189,368.44,,,,0,0.0,0.0,0.0,0.0,0.0,0.0,0.0,0.0,0.0,0.9984704293288662,0.9984704293288662,0.0
2024-01-05,19:02:00.000000000,46.51,368.43,0.2905082566322538,-60.52195699102128,-1.2471176385335987,0,0.0,0.0,0.0,0.0,0.0,0.0,0.0,0.0,0.0,0.9984704293288662,0.9984704293288662,0.0
2024-01-05,19:03:00.000000000,46.515,368.45,,,,0,0.0,0.0,0.0,0.0,0.0,0.0,0.0,0.0,0.0,0.9984704293288662,0.9984704293288662,0.0
2024-01-05,19:04:00.000000000,46.495,368.5599,,,,0,0.0,0.0,0.0,0.0,0.0,0.0,0.0,0.0,0.0,0.9984704293288662,0.9984704293288662,0.0
2024-01-05,19:05:00.000000000,46.5,368.66,0.29057929311005626,-60.62496219795335,-1.2882392977649741,0,0.0,0.0,0.0,0.0,0.0,0.0,0.0,0.0,0.0,0.9984704293288662,0.9984704293288662,0.0
2024-01-05,19:06:00.000000000,46.5,368.6,,,,0,0.0,0.0,0.0,0.0,0.0,0.0,0.0,0.0,0.0,0.9984704293288662,0.9984704293288662,0.0
2024-01-05,19:07:00.000000000,46.5,368.65,,,,0,0.0,0.0,0.0,0.0,0.0,0.0,0.0,0.0,0.0,0.9984704293288662,0.9984704293288662,0.0
2024-01-05,19:08:00.000000000,46.485,368.6012,0.29065804644004023,-60.65190470745456,-1.2854060163160856,0,0.0,0.0,0.0,0.0,0.0,0.0,0.0,0.0,0.0,0.9984704293288662,0.9984704293288662,0.0
2024-01-05,19:09:00.000000000,46.47,368.64,,,,0,0.0,0.0,0.0,0.0,0.0,0.0,0.0,0.0,0.0,0.9984704293288662,0.9984704293288662,0.0
2024-01-05,19:10:00.000000000,46.505,368.76,,,,0,0.0,0.0,0.0,0.0,0.0,0.0,0.0,0.0,0.0,0.9984704293288662,0.9984704293288662,0.0
2024-01-05,19:11:00.000000000,46.49,368.7129,0.2907528883944192,-60.71434066328265,-1.3035454516344618,0,0.0,0.0,0.0,0.0,0.0,0.0,0.0,0.0,0.0,0.9984704293288662,0.9984704293288662,0.0
2024-01-05,19:12:00.000000000,46.49,368.61,,,,0,0.0,0.0,0.0,0.0,0.0,0.0,0.0,0.0,0.0,0.9984704293288662,0.9984704293288662,0.0
2024-01-05,19:13:00.000000000,46.48,368.63,,,,0,0.0,0.0,0.0,0.0,0.0,0.0,0.0,0.0,0.0,0.9984704293288662,0.9984704293288662,0.0
2024-01-05,19:14:00.000000000,46.51,368.75,0.2908421664011261,-60.738048860415255,-1.3006647235606241,0,0.0,0.0,0.0,0.0,0.0,0.0,0.0,0.0,0.0,0.9984704293288662,0.9984704293288662,0.0
2024-01-05,19:15:00.000000000,46.5283,368.62,,,,0,0.0,0.0,0.0,0.0,0.0,0.0,0.0,0.0,0.0,0.9984704293288662,0.9984704293288662,0.0
2024-01-05,19:16:00.000000000,46.51,368.6131,,,,0,0.0,0.0,0.0,0.0,0.0,0.0,0.0,0.0,0.0,0.9984704293288662,0.9984704293288662,0.0
2024-01-05,19:17:00.000000000,46.51,368.56,0.29091001026193897,-60.70779338214023,-1.2628118677721807,0,0.0,0.0,0.0,0.0,0.0,0.0,0.0,0.0,0.0,0.9984704293288662,0.9984704293288662,0.0
2024-01-05,19:18:00.000000000,46.47,368.36,,,,0,0.0,0.0,0.0,0.0,0.0,0.0,0.0,0.0,0.0,0.9984704293288662,0.9984704293288662,0.0
2024-01-05,19:19:00.000000000,46.49,368.29,,,,0,0.0,0.0,0.0,0.0,0.0,0.0,0.0,0.0,0.0,0.9984704293288662,0.9984704293288662,0.0
2024-01-05,19:20:00.000000000,46.49,368.455,0.29098477101131737,-60.724793802974936,-1.2529675485000376,0,0.0,0.0,0.0,0.0,0.0,0.0,0.0,0.0,0.0,0.9984704293288662,0.9984704293288662,0.0
2024-01-05,19:21:00.000000000,46.516,368.5584,,,,0,0.0,0.0,0.0,0.0,0.0,0.0,0.0,0.0,0.0,0.9984704293288662,0.9984704293288662,0.0
2024-01-05,19:22:00.000000000,46.53,368.58,,,,0,0.0,0.0,0.0,0.0,0.0,0.0,0.0,0.0,0.0,0.9984704293288662,0.9984704293288662,0.0
2024-01-05,19:23:00.000000000,46.53,368.53,0.2910530305542024,-60.7317733501402,-1.237346038701686,0,0.0,0.0,0.0,0.0,0.0,0.0,0.0,0.0,0.0,0.9984704293288662,0.9984704293288662,0.0
2024-01-05,19:24:00.000000000,46.53,368.6482,,,,0,0.0,0.0,0.0,0.0,0.0,0.0,0.0,0.0,0.0,0.9984704293288662,0.9984704293288662,0.0
2024-01-05,19:25:00.000000000,46.53,368.5505,,,,0,0.0,0.0,0.0,0.0,0.0,0.0,0.0,0.0,0.0,0.9984704293288662,0.9984704293288662,0.0
2024-01-05,19:26:00.000000000,46.545,368.58,0.29110221869980235,-60.74945576837314,-1.2290823611147548,0,0.0,0.0,0.0,0.0,0.0,0.0,0.0,0.0,0.0,0.9984704293288662,0.9984704293288662,0.0
2024-01-05,19:27:00.000000000,46.55,368.415,,,,0,0.0,0.0,0.0,0.0,0.0,0.0,0.0,0.0,0.0,0.9984704293288662,0.9984704293288662,0.0
2024-01-05,19:28:00.000000000,46.56,368.38,,,,0,0.0,0.0,0.0,0.0,0.0,0.0,0.0,0.0,0.0,0.9984704293288662,0.9984704293288662,0.0
2024-01-05,19:29:00.000000000,46.55,368.38,0.29111722061968265,-60.6917617318787,-1.17197384793305,0,0.0,0.0,0.0,0.0,0.0,0.0,0.0,0.0,0.0,0.9984704293288662,0.9984704293288662,0.0
2024-01-05,19:30:00.000000000,46.56,368.34,,,,0,0.0,0.0,0.0,0.0,0.0,0.0,0.0,0.0,0.0,0.9984704293288662,0.9984704293288662,0.0
2024-01-05,19:31:00.000000000,46.5529,368.36,,,,0,0.0,0.0,0.0,0.0,0.0,0.0,0.0,0.0,0.0,0.9984704293288662,0.9984704293288662,0.0
2024-01-05,19:32:00.000000000,46.545,368.24,0.29112158624543005,-60.65761291901717,-1.1308653594121236,0,0.0,0.0,0.0,0.0,0.0,0.0,0.0,0.0,0.0,0.9984704293288662,0.9984704293288662,0.0
2024-01-05,19:33:00.000000000,46.5589,368.3,,,,0,0.0,0.0,0.0,0.0,0.0,0.0,0.0,0.0,0.0,0.9984704293288662,0.9984704293288662,0.0
2024-01-05,19:34:00.000000000,46.55,368.34,,,,0,0.0,0.0,0.0,0.0,0.0,0.0,0.0,0.0,0.0,0.9984704293288662,0.9984704293288662,0.0
2024-01-05,19:35:00.000000000,46.57,368.34,0.29111568522823356,-60.659551496967545,-1.114238551170002,0,0.0,0.0,0.0,0.0,0.0,0.0,0.0,0.0,0.0,0.9984704293288662,0.9984704293288662,0.0
2024-01-05,19:36:00.000000000,46.59,368.285,,,,0,0.0,0.0,0.0,0.0,0.0,0.0,0.0,0.0,0.0,0.9984704293288662,0.9984704293288662,0.0
2024-01-05,19:37:00.000000000,46.57,368.1,,,,0,0.0,0.0,0.0,0.0,0.0,0.0,0.0,0.0,0.0,0.9984704293288662,0.9984704293288662,0.0
2024-01-05,19:38:00.000000000,46.57,368.07,0.29104806612109047,-60.55606169718977,-1.0239942686195203,0,0.0,0.0,0.0,0.0,0.0,0.0,0.0,0.0,0.0,0.9984704293288662,0.9984704293288662,0.0
2024-01-05,19:39:00.000000000,46.57,367.97,,,,0,0.0,0.0,0.0,0.0,0.0,0.0,0.0,0.0,0.0,0.9984704293288662,0.9984704293288662,0.0
2024-01-05,19:40:00.000000000,46.5725,367.83,,,,0,0.0,0.0,0.0,0.0,0.0,0.0,0.0,0.0,0.0,0.9984704293288662,0.9984704293288662,0.0
2024-01-05,19:41:00.000000000,46.575,367.7221,0.2908935263728223,-60.3929783942196,-0.8901242951085502,0,0.0,0.0,0.0,0.0,0.0,0.0,0.0,0.0,0.0,0.9984704293288662,0.9984704293288662,0.0
2024-01-05,19:42:00.000000000,46.58,367.9337,,,,0,0.0,0.0,0.0,0.0,0.0,0.0,0.0,0.0,0.0,0.9984704293288662,0.9984704293288662,0.0
2024-01-05,19:43:00.000000000,46.55,367.93,,,,0,0.0,0.0,0.0,0.0,0.0,0.0,0.0,0.0,0.0,0.9984704293288662,0.9984704293288662,0.0
2024-01-05,19:44:00.000000000,46.55,367.91,0.290808158410347,-60.441229560750784,-0.9093180330809715,0,0.0,0.0,0.0,0.0,0.0,0.0,0.0,0.0,0.0,0.9984704293288662,0.9984704293288662,0.0
2024-01-05,19:45:00.000000000,46.53,367.77,,,,0,0.0,0.0,0.0,0.0,0.0,0.0,0.0,0.0,0.0,0.9984704293288662,0.9984704293288662,0.0
2024-01-05,19:46:00.000000000,46.55,367.92,,,,0,0.0,0.0,0.0,0.0,0.0,0.0,0.0,0.0,0.0,0.9984704293288662,0.9984704293288662,0.0
2024-01-05,19:47:00.000000000,46.565,367.8402,0.2906812080639535,-60.35923371048625,-0.8314481059999356,0,0.0,0.0,0.0,0.0,0.0,0.0,0.0,0.0,0.0,0.9984704293288662,0.9984704293288662,0.0
2024-01-05,19:48:00.000000000,46.53,367.74,,,,0,0.0,0.0,0.0,0.0,0.0,0.0,0.0,0.0,0.0,0.9984704293288662,0.9984704293288662,0.0
2024-01-05,19:49:00.000000000,46.53,367.6501,,,,0,0.0,0.0,0.0,0.0,0.0,0.0,0.0,0.0,0.0,0.9984704293288662,0.9984704293288662,0.0
2024-01-05,19:50:00.000000000,46.505,367.41,0.29049566029318924,-60.226010548320666,-0.7108098297007285,0,0.0,0.0,0.0,0.0,0.0,0.0,0.0,0.0,0.0,0.9984704293288662,0.9984704293288662,0.0
2024-01-05,19:51:00.000000000,46.46,367.02,,,,0,0.0,0.0,0.0,0.0,0.0,0.0,0.0,0.0,0.0,0.9984704293288662,0.9984704293288662,0.0
2024-01-05,19:52:00.000000000,46.44,367.27,,,,0,0.0,0.0,0.0,0.0,0.0,0.0,0.0,0.0,0.0,0.9984704293288662,0.9984704293288662,0.0
2024-01-05,19:53:00.000000000,46.435,367.22,0.29032612128025437,-60.17855825653501,-0.6547721839824774,0,0.0,0.0,0.0,0.0,0.0,0.0,0.0,0.0,0.0,0.9984704293288662,0.9984704293288662,0.0
2024-01-05,19:54:00.000000000,46.4325,367.13,,,,0,0.0,0.0,0.0,0.0,0.0,0.0,0.0,0.0,0.0,0.9984704293288662,0.9984704293288662,0.0
2024-01-05,19:55:00.000000000,46.485,367.1,,,,0,0.0,0.0,0.0,0.0,0.0,0.0,0.0,0.0,0.0,0.9984704293288662,0.9984704293288662,0.0
2024-01-05,19:56:00.000000000,46.525,367.2838,0.29009940899549325,-60.02381331361894,-0.5082207833827033,0,0.0,0.0,0.0,0.0,0.0,0.0,0.0,0.0,0.0,0.9984704293288662,0.9984704293288662,0.0
2024-01-05,19:57:00.000000000,46.485,367.15,,,,0,0.0,0.0,0.0,0.0,0.0,0.0,0.0,0.0,0.0,0.9984704293288662,0.9984704293288662,0.0
2024-01-05,19:58:00.000000000,46.495,367.185,,,,0,0.0,0.0,0.0,0.0,0.0,0.0,0.0,0.0,0.0,0.9984704293288662,0.9984704293288662,0.0
2024-01-05,19:59:00.000000000,46.5,367.19,0.289863689585162,-59.93504817877563,-0.4124972087963274,1,0.0,0.0,0.0,0.0,0.0,0.0,0.0,0.0,0.0,0.9984704293288662,0.9984704293288662,0.0
2024-01-05,20:00:00.000000000,46.535,367.355,,,,0,0.0,0.0,0.0,0.0,0.0,0.0,0.0,0.0,0.0,0.9984704293288662,0.9984704293288662,0.0
2024-01-05,20:01:00.000000000,46.53,367.35,,,,0,0.0,0.0,0.0,0.0,0.0,0.0,0.0,0.0,0.0,0.9984704293288662,0.9984704293288662,0.0
2024-01-05,20:02:00.000000000,46.53,367.39,0.28966236009221713,-59.88905447427965,-0.3508569294791912,0,0.0,0.0,0.0,0.0,0.0,0.0,0.0,0.0,0.0,0.9984704293288662,0.9984704293288662,0.0
2024-01-05,20:03:00.000000000,46.5225,367.36,,,,0,0.0,0.0,0.0,0.0,0.0,0.0,0.0,0.0,0.0,0.9984704293288662,0.9984704293288662,0.0
2024-01-05,20:04:00.000000000,46.525,367.33,,,,0,0.0,0.0,0.0,0.0,0.0,0.0,0.0,0.0,0.0,0.9984704293288662,0.9984704293288662,0.0
2024-01-05,20:05:00.000000000,46.54,367.35,0.28945799688312224,-59.792395155014965,-0.24067121436693936,0,0.0,0.0,0.0,0.0,0.0,0.0,0.0,0.0,0.0,0.9984704293288662,0.9984704293288662,0.0
2024-01-05,20:06:00.000000000,46.56,367.38,,,,0,0.0,0.0,0.0,0.0,0.0,0.0,0.0,0.0,0.0,0.9984704293288662,0.9984704293288662,0.0
2024-01-05,20:07:00.000000000,46.565,367.34,,,,0,0.0,0.0,0.0,0.0,0.0,0.0,0.0,0.0,0.0,0.9984704293288662,0.9984704293288662,0.0
2024-01-05,20:08:00.000000000,46.56,367.37,0.2892308614954818,-59.69474158759513,-0.12415710824260921,0,0.0,0.0,0.0,0.0,0.0,0.0,0.0,0.0,0.0,0.9984704293288662,0.9984704293288662,0.0
2024-01-05,20:09:00.000000000,46.56,367.37,,,,0,0.0,0.0,0.0,0.0,0.0,0.0,0.0,0.0,0.0,0.9984704293288662,0.9984704293288662,0.0
2024-01-05,20:10:00.000000000,46.525,367.12,,,,0,0.0,0.0,0.0,0.0,0.0,0.0,0.0,0.0,0.0,0.9984704293288662,0.9984704293288662,0.0
2024-01-05,20:11:00.000000000,46.54,367.08,0.28895569539400784,-59.529856665232394,0.0638075192871535,0,0.0,0.0,0.0,0.0,0.0,0.0,0.0,0.0,0.0,0.9984704293288662,0.9984704293288662,0.0
2024-01-05,20:12:00.000000000,46.535,367.165,,,,0,0.0,0.0,0.0,0.0,0.0,0.0,0.0,0.0,0.0,0.9984704293288662,0.9984704293288662,0.0
2024-01-05,20:13:00.000000000,46.505,367.36,,,,0,0.0,0.0,0.0,0.0,0.0,0.0,0.0,0.0,0.0,0.9984704293288662,0.9984704293288662,0.0
2024-01-05,20:14:00.000000000,46.495,367.26,0.28874009638626535,-59.547687798819815,0.07981287547407165,0,0.0,0.0,0.0,0.0,0.0,0.0,0.0,0.0,0.0,0.9984704293288662,0.9984704293288662,0.0
2024-01-05,20:15:00.000000000,46.48,367.2892,,,,0,0.0,0.0,0.0,0.0,0.0,0.0,0.0,0.0,0.0,0.9984704293288662,0.9984704293288662,0.0
2024-01-05,20:16:00.000000000,46.47,367.23,,,,0,0.0,0.0,0.0,0.0,0.0,0.0,0.0,0.0,0.0,0.9984704293288662,0.9984704293288662,0.0
2024-01-05,20:17:00.000000000,46.455,367.19,0.2885393966579842,-59.49378105884523,0.17147429693324068,0,0.0,0.0,0.0,0.0,0.0,0.0,0.0,0.0,0.0,0.9984704293288662,0.9984704293288662,0.0
2024-01-05,20:18:00.000000000,46.43,367.21,,,,0,0.0,0.0,0.0,0.0,0.0,0.0,0.0,0.0,0.0,0.9984704293288662,0.9984704293288662,0.0
2024-01-05,20:19:00.000000000,46.415,367.0999,,,,0,0.0,0.0,0.0,0.0,0.0,0.0,0.0,0.0,0.0,0.9984704293288662,0.9984704293288662,0.0
2024-01-05,20:20:00.000000000,46.42,367.22,0.28838984751676083,-59.482519805104914,0.22046744875006277,0,0.0,0.0,0.0,0.0,0.0,0.0,0.0,0.0,0.0,0.9984704293288662,0.9984704293288662,0.0
2024-01-05,20:21:00.000000000,46.425,367.06,,,,0,0.0,0.0,0.0,0.0,0.0,0.0,0.0,0.0,0.0,0.9984704293288662,0.9984704293288662,0.0
2024-01-05,20:22:00.000000000,46.435,367.04,,,,0,0.0,0.0,0.0,0.0,0.0,0.0,0.0,0.0,0.0,0.9984704293288662,0.9984704293288662,0.0
2024-01-05,20:23:00.000000000,46.43,367.07,0.2881992233835228,-59.359288927389706,0.39936386785365147,0,0.0,0.0,0.0,0.0,0.0,0.0,0.0,0.0,0.0,0.9984704293288662,0.9984704293288662,0.0
2024-01-05,20:24:00.000000000,46.41,366.94,,,,0,0.0,0.0,0.0,0.0,0.0,0.0,0.0,0.0,0.0,0.9984704293288662,0.9984704293288662,0.0
2024-01-05,20:25:00.000000000,46.405,366.9,,,,0,0.0,0.0,0.0,0.0,0.0,0.0,0.0,0.0,0.0,0.9984704293288662,0.9984704293288662,0.0
2024-01-05,20:26:00.000000000,46.425,366.89,0.287976194372272,-59.23058595324288,0.5915403213395083,0,0.0,0.0,0.0,0.0,0.0,0.0,0.0,0.0,0.0,0.9984704293288662,0.9984704293288662,0.0
2024-01-05,20:27:00.000000000,46.41,366.725,,,,0,0.0,0.0,0.0,0.0,0.0,0.0,0.0,0.0,0.0,0.9984704293288662,0.9984704293288662,0.0
2024-01-05,20:28:00.000000000,46.41,366.8985,,,,0,0.0,0.0,0.0,0.0,0.0,0.0,0.0,0.0,0.0,0.9984704293288662,0.9984704293288662,0.0
2024-01-05,20:29:00.000000000,46.455,367.0,0.28776114604497594,-59.153340598506176,0.7267912592178314,0,0.0,0.0,0.0,0.0,0.0,0.0,0.0,0.0,0.0,0.9984704293288662,0.9984704293288662,0.0
2024-01-05,20:30:00.000000000,46.415,366.85,,,,0,0.0,0.0,0.0,0.0,0.0,0.0,0.0,0.0,0.0,0.9984704293288662,0.9984704293288662,0.0
2024-01-05,20:31:00.000000000,46.417,366.81,,,,0,0.0,0.0,0.0,0.0,0.0,0.0,0.0,0.0,0.0,0.9984704293288662,0.9984704293288662,0.0
2024-01-05,20:32:00.000000000,46.4,366.671,0.28749334067955123,-59.01547072031173,0.9413178881669214,0,0.0,0.0,0.0,0.0,0.0,0.0,0.0,0.0,0.0,0.9984704293288662,0.9984704293288662,0.0
2024-01-05,20:33:00.000000000,46.405,366.79,,,,0,0.0,0.0,0.0,0.0,0.0,0.0,0.0,0.0,0.0,0.9984704293288662,0.9984704293288662,0.0
2024-01-05,20:34:00.000000000,46.425,366.92,,,,0,0.0,0.0,0.0,0.0,0.0,0.0,0.0,0.0,0.0,0.9984704293288662,0.9984704293288662,0.0
2024-01-05,20:35:00.000000000,46.43,366.96,0.2872663361272015,-58.98525470523786,1.0237890728094239,0,0.0,0.0,0.0,0.0,0.0,0.0,0.0,0.0,0.0,0.9984704293288662,0.9984704293288662,0.0
2024-01-05,20:36:00.000000000,46.44,367.0984,,,,0,0.0,0.0,0.0,0.0,0.0,0.0,0.0,0.0,0.0,0.9984704293288662,0.9984704293288662,0.0
2024-01-05,20:37:00.000000000,46.44,367.025,,,,0,0.0,0.0,0.0,0.0,0.0,0.0,0.0,0.0,0.0,0.9984704293288662,0.9984704293288662,0.0
2024-01-05,20:38:00.000000000,46.48,367.07,0.28700188045283254,-58.86978025782124,1.2190384630871325,0,0.0,0.0,0.0,0.0,0.0,0.0,0.0,0.0,0.0,0.9984704293288662,0.9984704293288662,0.0
2024-01-05,20:39:00.000000000,46.475,366.98,,,,0,0.0,0.0,0.0,0.0,0.0,0.0,0.0,0.0,0.0,0.9984704293288662,0.9984704293288662,0.0
2024-01-05,20:40:00.000000000,46.475,366.97,,,,0,0.0,0.0,0.0,0.0,0.0,0.0,0.0,0.0,0.0,0.9984704293288662,0.9984704293288662,0.0
2024-01-05,20:41:00.000000000,46.495,367.0,0.2867085374840793,-58.727033256657116,1.4536268778021968,0,0.0,0.0,0.0,0.0,0.0,0.0,0.0,0.0,0.0,0.9984704293288662,0.9984704293288662,0.0
2024-01-05,20:42:00.000000000,46.505,367.11,,,,0,0.0,0.0,0.0,0.0,0.0,0.0,0.0,0.0,0.0,0.9984704293288662,0.9984704293288662,0.0
2024-01-05,20:43:00.000000000,46.515,367.13,,,,0,0.0,0.0,0.0,0.0,0.0,0.0,0.0,0.0,0.0,0.9984704293288662,0.9984704293288662,0.0
2024-01-05,20:44:00.000000000,46.55,367.3,0.2865069335992948,-58.68399671102098,1.5502317440182507,0,0.0,0.0,0.0,0.0,0.0,0.0,0.0,0.0,0.0,0.9984704293288662,0.9984704293288662,0.0
2024-01-05,20:45:00.000000000,46.58,367.4,,,,0,0.0,0.0,0.0,0.0,0.0,0.0,0.0,0.0,0.0,0.9984704293288662,0.9984704293288662,0.0
2024-01-05,20:46:00.000000000,46.54,367.24,,,,0,0.0,0.0,0.0,0.0,0.0,0.0,0.0,0.0,0.0,0.9984704293288662,0.9984704293288662,0.0
2024-01-05,20:47:00.000000000,46.53,367.19,0.2862653294894034,-58.58376633521404,1.7168886989283287,0,0.0,0.0,0.0,0.0,0.0,0.0,0.0,0.0,0.0,0.9984704293288662,0.9984704293288662,0.0
2024-01-05,20:48:00.000000000,46.54,367.23,,,,0,0.0,0.0,0.0,0.0,0.0,0.0,0.0,0.0,0.0,0.9984704293288662,0.9984704293288662,0.0
2024-01-05,20:49:00.000000000,46.585,367.53,,,,0,0.0,0.0,0.0,0.0,0.0,0.0,0.0,0.0,0.0,0.9984704293288662,0.9984704293288662,0.0
2024-01-05,20:50:00.000000000,46.55,367.67,0.2861153790046334,-58.64604139863357,1.6460374614865987,0,0.0,0.0,0.0,0.0,0.0,0.0,0.0,0.0,0.0,0.9984704293288662,0.9984704293288662,0.0
2024-01-05,20:51:00.000000000,46.525,367.71,,,,0,0.0,0.0,0.0,0.0,0.0,0.0,0.0,0.0,0.0,0.9984704293288662,0.9984704293288662,0.0
2024-01-05,20:52:00.000000000,46.53,367.81,,,,0,0.0,0.0,0.0,0.0,0.0,0.0,0.0,0.0,0.0,0.9984704293288662,0.9984704293288662,0.0
2024-01-05,20:53:00.000000000,46.565,367.7343,0.28599386288998613,-58.60475297414503,1.7085122237784784,0,0.0,0.0,0.0,0.0,0.0,0.0,0.0,0.0,0.0,0.9984704293288662,0.9984704293288662,0.0
2024-01-05,20:54:00.000000000,46.63,367.8,,,,0,0.0,0.0,0.0,0.0,0.0,0.0,0.0,0.0,0.0,0.9984704293288662,0.9984704293288662,0.0
2024-01-05,20:55:00.000000000,46.56,367.72,,,,0,0.0,0.0,0.0,0.0,0.0,0.0,0.0,0.0,0.0,0.9984704293288662,0.9984704293288662,0.0
2024-01-05,20:56:00.000000000,46.565,367.71,0.2859116668140701,-58.56757900420172,1.76191170017813,0,0.0,0.0,0.0,0.0,0.0,0.0,0.0,0.0,0.0,0.9984704293288662,0.9984704293288662,0.0
2024-01-05,20:57:00.000000000,46.555,367.73,,,,0,0.0,0.0,0.0,0.0,0.0,0.0,0.0,0.0,0.0,0.9984704293288662,0.9984704293288662,0.0
2024-01-05,20:58:00.000000000,46.5525,367.96,,,,0,0.0,0.0,0.0,0.0,0.0,0.0,0.0,0.0,0.0,0.9984704293288662,0.9984704293288662,0.0
2024-01-05,20:59:00.000000000,46.56,367.72,0.28579496748286565,-58.53252544279937,1.8032002644981295,1,0.0,0.0,0.0,0.0,0.0,0.0,0.0,0.0,0.0,0.9984704293288662,0.9984704293288662,0.0
2024-01-06,14:29:00.000000000,46.61,367.7,0.2856188425798506,-58.41204841661106,1.9592328929330358,0,0.0,0.0,0.0,0.0,0.0,0.0,0.0,0.0,0.0,0.9984704293288662,0.9984704293288662,0.0
2024-01-06,14:30:00.000000000,46.61,367.7,,,,0,0.0,0.0,0.0,0.0,0.0,0.0,0.0,0.0,0.0,0.9984704293288662,0.9984704293288662,0.0
2024-01-06,14:31:00.000000000,46.61,367.7,,,,0,0.0,0.0,0.0,0.0,0.0,0.0,0.0,0.0,0.0,0.9984704293288662,0.9984704293288662,0.0
2024-01-06,14:32:00.000000000,46.61,367.7,0.2854393955085287,-58.346065728485996,2.0223651270562444,0,0.0,0.0,0.0,0.0,0.0,0.0,0.0,0.0,0.0,0.9984704293288662,0.9984704293288662,0.0
2024-01-06,14:33:00.000000000,46.61,367.7,,,,0,0.0,0.0,0.0,0.0,0.0,0.0,0.0,0.0,0.0,0.9984704293288662,0.9984704293288662,0.0
2024-01-06,14:34:00.000000000,46.61,367.7,,,,0,0.0,0.0,0.0,0.0,0.0,0.0,0.0,0.0,0.0,0.9984704293288662,0.9984704293288662,0.0
2024-01-06,14:35:00.000000000,46.61,367.7,0.2852421521854647,-58.27353935859537,2.084444100139125,0,0.0,0.0,0.0,0.0,0.0,0.0,0.0,0.0,0.0,0.9984704293288662,0.9984704293288662,0.0
2024-01-06,14:36:00.000000000,46.61,367.7,,,,0,0.0,0.0,0.0,0.0,0.0,0.0,0.0,0.0,0.0,0.9984704293288662,0.9984704293288662,0.0
2024-01-06,14:37:00.000000000,46.61,367.7,,,,0,0.0,0.0,0.0,0.0,0.0,0.0,0.0,0.0,0.0,0.9984704293288662,0.9984704293288662,0.0
2024-01-06,14:38:00.000000000,46.61,367.7,0.2850505607578798,-58.20309119067241,2.1302465872683545,0,0.0,0.0,0.0,0.0,0.0,0.0,0.0,0.0,0.0,0.9984704293288662,0.9984704293288662,0.0
2024-01-06,14:39:00.000000000,46.61,367.7,,,,0,0.0,0.0,0.0,0.0,0.0,0.0,0.0,0.0,0.0,0.9984704293288662,0.9984704293288662,0.0
2024-01-06,14:40:00.000000000,46.61,367.7,,,,0,0.0,0.0,0.0,0.0,0.0,0.0,0.0,0.0,0.0,0.9984704293288662,0.9984704293288662,0.0
2024-01-06,14:41:00.000000000,46.61,367.7,0.2848526561333231,-58.130321660222904,2.1637298096645114,0,0.0,0.0,0.0,0.0,0.0,0.0,0.0,0.0,0.0,0.9984704293288662,0.9984704293288662,0.0
2024-01-06,14:42:00.000000000,46.61,367.7,,,,0,0.0,0.0,0.0,0.0,0.0,0.0,0.0,0.0,0.0,0.9984704293288662,0.9984704293288662,0.0
2024-01-06,14:43:00.000000000,46.61,367.7,,,,0,0.0,0.0,0.0,0.0,0.0,0.0,0.0,0.0,0.0,0.9984704293288662,0.9984704293288662,0.0
2024-01-06,14:44:00.000000000,46.61,367.7,0.28466536167893425,-58.06145348934412,2.1821625688407496,0,0.0,0.0,0.0,0.0,0.0,0.0,0.0,0.0,0.0,0.9984704293288662,0.9984704293288662,0.0
2024-01-06,14:45:00.000000000,46.61,367.7,,,,0,0.0,0.0,0.0,0.0,0.0,0.0,0.0,0.0,0.0,0.9984704293288662,0.9984704293288662,0.0
2024-01-06,14:46:00.000000000,46.61,367.7,,,,0,0.0,0.0,0.0,0.0,0.0,0.0,0.0,0.0,0.0,0.9984704293288662,0.9984704293288662,0.0
2024-01-06,14:47:00.000000000,46.61,367.7,0.284479011286335,-57.99293244998539,2.191825187640937,0,0.0,0.0,0.0,0.0,0.0,0.0,0.0,0.0,0.0,0.9984704293288662,0.9984704293288662,0.0
2024-01-06,14:48:00.000000000,46.61,367.7,,,,0,0.0,0.0,0.0,0.0,0.0,0.0,0.0,0.0,0.0,0.9984704293288662,0.9984704293288662,0.0
2024-01-06,14:49:00.000000000,46.61,367.7,,,,0,0.0,0.0,0.0,0.0,0.0,0.0,0.0,0.0,0.0,0.9984704293288662,0.9984704293288662,0.0
2024-01-06,14:50:00.000000000,46.61,367.7,0.2842988522144233,-57.92668795924345,2.1913899967688955,0,0.0,0.0,0.0,0.0,0.0,0.0,0.0,0.0,0.0,0.9984704293288662,0.9984704293288662,0.0
2024-01-06,14:51:00.000000000,46.61,367.7,,,,0,0.0,0.0,0.0,0.0,0.0,0.0,0.0,0.0,0.0,0.9984704293288662,0.9984704293288662,0.0
2024-01-06,14:52:00.000000000,46.61,367.7,,,,0,0.0,0.0,0.0,0.0,0.0,0.0,0.0,0.0,0.0,0.9984704293288662,0.9984704293288662,0.0
2024-01-06,14:53:00.000000000,46.61,367.7,0.2841091940280102,-57.856950644099356,2.185246515792796,0,0.0,0.0,0.0,0.0,0.0,0.0,0.0,0.0,0.0,0.9984704293288662,0.9984704293288662,0.0
2024-01-06,14:54:00.000000000,46.61,367.7,,,,0,0.0,0.0,0.0,0.0,0.0,0.0,0.0,0.0,0.0,0.9984704293288662,0.9984704293288662,0.0
2024-01-06,14:55:00.000000000,46.61,367.7,,,,0,0.0,0.0,0.0,0.0,0.0,0.0,0.0,0.0,0.0,0.9984704293288662,0.9984704293288662,0.0
2024-01-06,14:56:00.000000000,46.61,367.7,0.2839070364116515,-57.78261728856425,2.1810273097909896,0,0.0,0.0,0.0,0.0,0.0,0.0,0.0,0.0,0.0,0.9984704293288662,0.9984704293288662,0.0
2024-01-06,14:57:00.000000000,46.61,367.7,,,,0,0.0,0.0,0.0,0.0,0.0,0.0,0.0,0.0,0.0,0.9984704293288662,0.9984704293288662,0.0
2024-01-06,14:58:00.000000000,46.61,367.7,,,,0,0.0,0.0,0.0,0.0,0.0,0.0,0.0,0.0,0.0,0.9984704293288662,0.9984704293288662,0.0
2024-01-06,14:59:00.000000000,46.61,367.7,0.2837063024202954,-57.7088073999426,2.1729362772193936,0,0.0,0.0,0.0,0.0,0.0,0.0,0.0,0.0,0.0,0.9984704293288662,0.9984704293288662,0.0
2024-01-06,15:00:00.000000000,46.61,367.7,,,,0,0.0,0.0,0.0,0.0,0.0,0.0,0.0,0.0,0.0,0.9984704293288662,0.9984704293288662,0.0
2024-01-06,15:01:00.000000000,46.61,367.7,,,,0,0.0,0.0,0.0,0.0,0.0,0.0,0.0,0.0,0.0,0.9984704293288662,0.9984704293288662,0.0
2024-01-06,15:02:00.000000000,46.61,367.7,0.2835061340902976,-57.63520550500243,2.159796209274715,0,0.0,0.0,0.0,0.0,0.0,0.0,0.0,0.0,0.0,0.9984704293288662,0.9984704293288662,0.0
2024-01-06,15:03:00.000000000,46.61,367.7,,,,0,0.0,0.0,0.0,0.0,0.0,0.0,0.0,0.0,0.0,0.9984704293288662,0.9984704293288662,0.0
2024-01-06,15:04:00.000000000,46.61,367.7,,,,0,0.0,0.0,0.0,0.0,0.0,0.0,0.0,0.0,0.0,0.9984704293288662,0.9984704293288662,0.0
2024-01-06,15:05:00.000000000,46.61,367.7,0.28330320049987967,-57.56058682380575,2.1447795979937423,0,0.0,0.0,0.0,0.0,0.0,0.0,0.0,0.0,0.0,0.9984704293288662,0.9984704293288662,0.0
2024-01-06,15:06:00.000000000,46.61,367.7,,,,0,0.0,0.0,0.0,0.0,0.0,0.0,0.0,0.0,0.0,0.9984704293288662,0.9984704293288662,0.0
2024-01-06,15:07:00.000000000,46.61,367.7,,,,0,0.0,0.0,0.0,0.0,0.0,0.0,0.0,0.0,0.0,0.9984704293288662,0.9984704293288662,0.0
2024-01-06,15:08:00.000000000,46.61,367.7,0.28309248559088923,-57.48310695176997,2.130233885818652,0,0.0,0.0,0.0,0.0,0.0,0.0,0.0,0.0,0.0,0.9984704293288662,0.9984704293288662,0.0
2024-01-06,15:09:00.000000000,46.61,367.7,,,,0,0.0,0.0,0.0,0.0,0.0,0.0,0.0,0.0,0.0,0.9984704293288662,0.9984704293288662,0.0
2024-01-06,15:10:00.000000000,46.61,367.7,,,,0,0.0,0.0,0.0,0.0,0.0,0.0,0.0,0.0,0.0,0.9984704293288662,0.9984704293288662,0.0
2024-01-06,15:11:00.000000000,46.61,367.7,0.2828850611113243,-57.40683697063393,2.1130855865180376,0,0.0,0.0,0.0,0.0,0.0,0.0,0.0,0.0,0.0,0.9984704293288662,0.9984704293288662,0.0
2024-01-06,15:12:00.000000000,46.61,367.7,,,,0,0.0,0.0,0.0,0.0,0.0,0.0,0.0,0.0,0.0,0.9984704293288662,0.9984704293288662,0.0
2024-01-06,15:13:00.000000000,46.61,367.7,,,,0,0.0,0.0,0.0,0.0,0.0,0.0,0.0,0.0,0.0,0.9984704293288662,0.9984704293288662,0.0
2024-01-06,15:14:00.000000000,46.61,367.7,0.2826741842530468,-57.32929754984531,2.0957588016235302,0,0.0,0.0,0.0,0.0,0.0,0.0,0.0,0.0,0.0,0.9984704293288662,0.9984704293288662,0.0
2024-01-06,15:15:00.000000000,46.61,367.7,,,,0,0.0,0.0,0.0,0.0,0.0,0.0,0.0,0.0,0.0,0.9984704293288662,0.9984704293288662,0.0
2024-01-06,15:16:00.000000000,46.61,367.7,,,,0,0.0,0.0,0.0,0.0,0.0,0.0,0.0,0.0,0.0,0.9984704293288662,0.9984704293288662,0.0
2024-01-06,15:17:00.000000000,46.61,367.7,0.282461956951471,-57.25126157105589,2.0780425393742648,0,0.0,0.0,0.0,0.0,0.0,0.0,0.0,0.0,0.0,0.9984704293288662,0.9984704293288662,0.0
2024-01-06,15:18:00.000000000,46.61,367.7,,,,0,0.0,0.0,0.0,0.0,0.0,0.0,0.0,0.0,0.0,0.9984704293288662,0.9984704293288662,0.0
2024-01-06,15:19:00.000000000,46.61,367.7,,,,0,0.0,0.0,0.0,0.0,0.0,0.0,0.0,0.0,0.0,0.9984704293288662,0.9984704293288662,0.0
2024-01-06,15:20:00.000000000,46.61,367.7,0.2822642880802123,-57.17857872709406,2.055409347577243,0,0.0,0.0,0.0,0.0,0.0,0.0,0.0,0.0,0.0,0.9984704293288662,0.9984704293288662,0.0
2024-01-06,15:21:00.000000000,46.61,367.7,,,,0,0.0,0.0,0.0,0.0,0.0,0.0,0.0,0.0,0.0,0.9984704293288662,0.9984704293288662,0.0
2024-01-06,15:22:00.000000000,46.61,367.7,,,,0,0.0,0.0,0.0,0.0,0.0,0.0,0.0,0.0,0.0,0.9984704293288662,0.9984704293288662,0.0
2024-01-06,15:23:00.000000000,46.61,367.7,0.2820686258393978,-57.106633721146565,2.0326339735143186,0,0.0,0.0,0.0,0.0,0.0,0.0,0.0,0.0,0.0,0.9984704293288662,0.9984704293288662,0.0
2024-01-06,15:24:00.000000000,46.61,367.7,,,,0,0.0,0.0,0.0,0.0,0.0,0.0,0.0,0.0,0.0,0.9984704293288662,0.9984704293288662,0.0
2024-01-06,15:25:00.000000000,46.61,367.7,,,,0,0.0,0.0,0.0,0.0,0.0,0.0,0.0,0.0,0.0,0.9984704293288662,0.9984704293288662,0.0
2024-01-06,15:26:00.000000000,46.61,367.7,0.28187479406609656,-57.035361778103706,2.0097791667542877,0,0.0,0.0,0.0,0.0,0.0,0.0,0.0,0.0,0.0,0.9984704293288662,0.9984704293288662,0.0
2024-01-06,15:27:00.000000000,46.61,367.7,,,,0,0.0,0.0,0.0,0.0,0.0,0.0,0.0,0.0,0.0,0.9984704293288662,0.9984704293288662,0.0
2024-01-06,15:28:00.000000000,46.61,367.7,,,,0,0.0,0.0,0.0,0.0,0.0,0.0,0.0,0.0,0.0,0.9984704293288662,0.9984704293288662,0.0
2024-01-06,15:29:00.000000000,46.61,367.7,0.28170138364282493,-56.97159876546672,1.9813953175881414,0,0.0,0.0,0.0,0.0,0.0,0.0,0.0,0.0,0.0,0.9984704293288662,0.9984704293288662,0.0
2024-01-06,15:30:00.000000000,46.61,367.7,,,,0,0.0,0.0,0.0,0.0,0.0,0.0,0.0,0.0,0.0,0.9984704293288662,0.9984704293288662,0.0
2024-01-06,15:31:00.000000000,46.61,367.7,,,,0,0.0,0.0,0.0,0.0,0.0,0.0,0.0,0.0,0.0,0.9984704293288662,0.9984704293288662,0.0
2024-01-06,15:32:00.000000000,46.61,367.7,0.2815246598695349,-56.90661743402798,1.9550751877719708,0,0.0,0.0,0.0,0.0,0.0,0.0,0.0,0.0,0.0,0.9984704293288662,0.9984704293288662,0.0
2024-01-06,15:33:00.000000000,46.61,367.7,,,,0,0.0,0.0,0.0,0.0,0.0,0.0,0.0,0.0,0.0,0.9984704293288662,0.9984704293288662,0.0
2024-01-06,15:34:00.000000000,46.61,367.7,,,,0,0.0,0.0,0.0,0.0,0.0,0.0,0.0,0.0,0.0,0.9984704293288662,0.9984704293288662,0.0
2024-01-06,15:35:00.000000000,46.61,367.7,0.28137115659973067,-56.85017428172097,1.9234373259026678,0,0.0,0.0,0.0,0.0,0.0,0.0,0.0,0.0,0.0,0.9984704293288662,0.9984704293288662,0.0
2024-01-06,15:36:00.000000000,46.61,367.7,,,,0,0.0,0.0,0.0,0.0,0.0,0.0,0.0,0.0,0.0,0.9984704293288662,0.9984704293288662,0.0
2024-01-06,15:37:00.000000000,46.61,367.7,,,,0,0.0,0.0,0.0,0.0,0.0,0.0,0.0,0.0,0.0,0.9984704293288662,0.9984704293288662,0.0
2024-01-06,15:38:00.000000000,46.61,367.7,0.28121768967614963,-56.793744493920215,1.8934921780258203,0,0.0,0.0,0.0,0.0,0.0,0.0,0.0,0.0,0.0,0.9984704293288662,0.9984704293288662,0.0
2024-01-06,15:39:00.000000000,46.61,367.7,,,,0,0.0,0.0,0.0,0.0,0.0,0.0,0.0,0.0,0.0,0.9984704293288662,0.9984704293288662,0.0
2024-01-06,15:40:00.000000000,46.61,367.7,,,,0,0.0,0.0,0.0,0.0,0.0,0.0,0.0,0.0,0.0,0.9984704293288662,0.9984704293288662,0.0
2024-01-06,15:41:00.000000000,46.61,367.7,0.2810464495876051,-56.73077951336239,1.869884455335816,0,0.0,0.0,0.0,0.0,0.0,0.0,0.0,0.0,0.0,0.9984704293288662,0.9984704293288662,0.0
2024-01-06,15:42:00.000000000,46.61,367.7,,,,0,0.0,0.0,0.0,0.0,0.0,0.0,0.0,0.0,0.0,0.9984704293288662,0.9984704293288662,0.0
2024-01-06,15:43:00.000000000,46.61,367.7,,,,0,0.0,0.0,0.0,0.0,0.0,0.0,0.0,0.0,0.0,0.9984704293288662,0.9984704293288662,0.0
2024-01-06,15:44:00.000000000,46.61,367.7,0.2808678046638987,-56.66509177491555,1.8492440287563958,0,0.0,0.0,0.0,0.0,0.0,0.0,0.0,0.0,0.0,0.9984704293288662,0.9984704293288662,0.0
2024-01-06,15:45:00.000000000,46.61,367.7,,,,0,0.0,0.0,0.0,0.0,0.0,0.0,0.0,0.0,0.0,0.9984704293288662,0.9984704293288662,0.0
2024-01-06,15:46:00.000000000,46.61,367.7,,,,0,0.0,0.0,0.0,0.0,0.0,0.0,0.0,0.0,0.0,0.9984704293288662,0.9984704293288662,0.0
2024-01-06,15:47:00.000000000,46.61,367.7,0.28068017537707474,-56.59610048615038,1.8320878364004503,0,0.0,0.0,0.0,0.0,0.0,0.0,0.0,0.0,0.0,0.9984704293288662,0.9984704293288662,0.0
2024-01-06,15:48:00.000000000,46.61,367.7,,,,0,0.0,0.0,0.0,0.0,0.0,0.0,0.0,0.0,0.0,0.9984704293288662,0.9984704293288662,0.0
2024-01-06,15:49:00.000000000,46.61,367.7,,,,0,0.0,0.0,0.0,0.0,0.0,0.0,0.0,0.0,0.0,0.9984704293288662,0.9984704293288662,0.0
2024-01-06,15:50:00.000000000,46.61,367.7,0.28048804384155057,-56.52545372053814,1.8175794513563401,0,0.0,0.0,0.0,0.0,0.0,0.0,0.0,0.0,0.0,0.9984704293288662,0.9984704293288662,0.0
2024-01-06,15:51:00.000000000,46.61,367.7,,,,0,0.0,0.0,0.0,0.0,0.0,0.0,0.0,0.0,0.0,0.9984704293288662,0.9984704293288662,0.0
2024-01-06,15:52:00.000000000,46.61,367.7,,,,0,0.0,0.0,0.0,0.0,0.0,0.0,0.0,0.0,0.0,0.9984704293288662,0.9984704293288662,0.0
2024-01-06,15:53:00.000000000,46.61,367.7,0.2802981818354807,-56.455641460906264,1.8029788498101904,0,0.0,0.0,0.0,0.0,0.0,0.0,0.0,0.0,0.0,0.9984704293288662,0.9984704293288662,0.0
2024-01-06,15:54:00.000000000,46.61,367.7,,,,0,0.0,0.0,0.0,0.0,0.0,0.0,0.0,0.0,0.0,0.9984704293288662,0.9984704293288662,0.0
2024-01-06,15:55:00.000000000,46.61,367.7,,,,0,0.0,0.0,0.0,0.0,0.0,0.0,0.0,0.0,0.0,0.9984704293288662,0.9984704293288662,0.0
2024-01-06,15:56:00.000000000,46.61,367.7,0.28009468096032525,-56.38081418911159,1.7922334017192019,0,0.0,0.0,0.0,0.0,0.0,0.0,0.0,0.0,0.0,0.9984704293288662,0.9984704293288662,0.0
2024-01-06,15:57:00.000000000,46.61,367.7,,,,0,0.0,0.0,0.0,0.0,0.0,0.0,0.0,0.0,0.0,0.9984704293288662,0.9984704293288662,0.0
2024-01-06,15:58:00.000000000,46.61,367.7,,,,0,0.0,0.0,0.0,0.0,0.0,0.0,0.0,0.0,0.0,0.9984704293288662,0.9984704293288662,0.0
2024-01-06,15:59:00.000000000,46.61,367.7,0.27989450258186316,-56.307208599351085,1.7812340329422551,0,0.0,0.0,0.0,0.0,0.0,0.0,0.0,0.0,0.0,0.9984704293288662,0.9984704293288662,0.0
2024-01-06,16:00:00.000000000,46.61,367.7,,,,0,0.0,0.0,0.0,0.0,0.0,0.0,0.0,0.0,0.0,0.9984704293288662,0.9984704293288662,0.0
2024-01-06,16:01:00.000000000,46.61,367.7,,,,0,0.0,0.0,0.0,0.0,0.0,0.0,0.0,0.0,0.0,0.9984704293288662,0.9984704293288662,0.0
2024-01-06,16:02:00.000000000,46.61,367.7,0.2796826652371059,-56.229316007683835,1.77316425874039,0,0.0,0.0,0.0,0.0,0.0,0.0,0.0,0.0,0.0,0.9984704293288662,0.9984704293288662,0.0
2024-01-06,16:03:00.000000000,46.61,367.7,,,,0,0.0,0.0,0.0,0.0,0.0,0.0,0.0,0.0,0.0,0.9984704293288662,0.9984704293288662,0.0
2024-01-06,16:04:00.000000000,46.61,367.7,,,,0,0.0,0.0,0.0,0.0,0.0,0.0,0.0,0.0,0.0,0.9984704293288662,0.9984704293288662,0.0
2024-01-06,16:05:00.000000000,46.61,367.7,0.2794788722455377,-56.15438132468421,1.7637494199577701,0,0.0,0.0,0.0,0.0,0.0,0.0,0.0,0.0,0.0,0.9984704293288662,0.9984704293288662,0.0
2024-01-06,16:06:00.000000000,46.61,367.7,,,,0,0.0,0.0,0.0,0.0,0.0,0.0,0.0,0.0,0.0,0.9984704293288662,0.9984704293288662,0.0
2024-01-06,16:07:00.000000000,46.61,367.7,,,,0,0.0,0.0,0.0,0.0,0.0,0.0,0.0,0.0,0.0,0.9984704293288662,0.9984704293288662,0.0
2024-01-06,16:08:00.000000000,46.61,367.7,0.2792812800933898,-56.08172669033944,1.7532821672339904,0,0.0,0.0,0.0,0.0,0.0,0.0,0.0,0.0,0.0,0.9984704293288662,0.9984704293288662,0.0
2024-01-06,16:09:00.000000000,46.61,367.7,,,,0,0.0,0.0,0.0,0.0,0.0,0.0,0.0,0.0,0.0,0.9984704293288662,0.9984704293288662,0.0
2024-01-06,16:10:00.000000000,46.61,367.7,,,,0,0.0,0.0,0.0,0.0,0.0,0.0,0.0,0.0,0.0,0.9984704293288662,0.9984704293288662,0.0
2024-01-06,16:11:00.000000000,46.61,367.7,0.2790817975212719,-56.008376948571666,1.7440491030442458,0,0.0,0.0,0.0,0.0,0.0,0.0,0.0,0.0,0.0,0.9984704293288662,0.9984704293288662,0.0
2024-01-06,16:12:00.000000000,46.61,367.7,,,,0,0.0,0.0,0.0,0.0,0.0,0.0,0.0,0.0,0.0,0.9984704293288662,0.9984704293288662,0.0
2024-01-06,16:13:00.000000000,46.61,367.7,,,,0,0.0,0.0,0.0,0.0,0.0,0.0,0.0,0.0,0.0,0.9984704293288662,0.9984704293288662,0.0
2024-01-06,16:14:00.000000000,46.61,367.7,0.2788838740051726,-55.935600471701974,1.7351005469829495,0,0.0,0.0,0.0,0.0,0.0,0.0,0.0,0.0,0.0,0.9984704293288662,0.9984704293288662,0.0
2024-01-06,16:15:00.000000000,46.61,367.7,,,,0,0.0,0.0,0.0,0.0,0.0,0.0,0.0,0.0,0.0,0.9984704293288662,0.9984704293288662,0.0
2024-01-06,16:16:00.000000000,46.61,367.7,,,,0,0.0,0.0,0.0,0.0,0.0,0.0,0.0,0.0,0.0,0.9984704293288662,0.9984704293288662,0.0
2024-01-06,16:17:00.000000000,46.61,367.7,0.27868943308101407,-55.86410454388887,1.7256039726662864,0,0.0,0.0,0.0,0.0,0.0,0.0,0.0,0.0,0.0,0.9984704293288662,0.9984704293288662,0.0
2024-01-06,16:18:00.000000000,46.61,367.7,,,,0,0.0,0.0,0.0,0.0,0.0,0.0,0.0,0.0,0.0,0.9984704293288662,0.9984704293288662,0.0
2024-01-06,16:19:00.000000000,46.61,367.7,,,,0,0.0,0.0,0.0,0.0,0.0,0.0,0.0,0.0,0.0,0.9984704293288662,0.9984704293288662,0.0
2024-01-06,16:20:00.000000000,46.61,367.7,0.27848673541343666,-55.789572611520654,1.7185929083553046,0,0.0,0.0,0.0,0.0,0.0,0.0,0.0,0.0,0.0,0.9984704293288662,0.9984704293288662,0.0
2024-01-06,16:21:00.000000000,46.61,367.7,,,,0,0.0,0.0,0.0,0.0,0.0,0.0,0.0,0.0,0.0,0.9984704293288662,0.9984704293288662,0.0
2024-01-06,16:22:00.000000000,46.61,367.7,,,,0,0.0,0.0,0.0,0.0,0.0,0.0,0.0,0.0,0.0,0.9984704293288662,0.9984704293288662,0.0
2024-01-06,16:23:00.000000000,46.61,367.7,0.2782754695395895,-55.711890149707045,1.7138324837117724,0,0.0,0.0,0.0,0.0,0.0,0.0,0.0,0.0,0.0,0.9984704293288662,0.9984704293288662,0.0
2024-01-06,16:24:00.000000000,46.61,367.7,,,,0,0.0,0.0,0.0,0.0,0.0,0.0,0.0,0.0,0.0,0.9984704293288662,0.9984704293288662,0.0
2024-01-06,16:25:00.000000000,46.61,367.7,,,,0,0.0,0.0,0.0,0.0,0.0,0.0,0.0,0.0,0.0,0.9984704293288662,0.9984704293288662,0.0
2024-01-06,16:26:00.000000000,46.61,367.7,0.27806648715121624,-55.635047325502214,1.7100560717228106,0,0.0,0.0,0.0,0.0,0.0,0.0,0.0,0.0,0.0,0.9984704293288662,0.9984704293288662,0.0
2024-01-06,16:27:00.000000000,46.61,367.7,,,,0,0.0,0.0,0.0,0.0,0.0,0.0,0.0,0.0,0.0,0.9984704293288662,0.9984704293288662,0.0
2024-01-06,16:28:00.000000000,46.61,367.7,,,,0,0.0,0.0,0.0,0.0,0.0,0.0,0.0,0.0,0.0,0.9984704293288662,0.9984704293288662,0.0
2024-01-06,16:29:00.000000000,46.61,367.7,0.2778672249226146,-55.56177860404539,1.7049645516578984,0,0.0,0.0,0.0,0.0,0.0,0.0,0.0,0.0,0.0,0.9984704293288662,0.9984704293288662,0.0
2024-01-06,16:30:00.000000000,46.61,367.7,,,,0,0.0,0.0,0.0,0.0,0.0,0.0,0.0,0.0,0.0,0.9984704293288662,0.9984704293288662,0.0
2024-01-06,16:31:00.000000000,46.61,367.7,,,,0,0.0,0.0,0.0,0.0,0.0,0.0,0.0,0.0,0.0,0.9984704293288662,0.9984704293288662,0.0
2024-01-06,16:32:00.000000000,46.61,367.7,0.2776642542380867,-55.48714628334449,1.7021338478985346,0,0.0,0.0,0.0,0.0,0.0,0.0,0.0,0.0,0.0,0.9984704293288662,0.9984704293288662,0.0
2024-01-06,16:33:00.000000000,46.61,367.7,,,,0,0.0,0.0,0.0,0.0,0.0,0.0,0.0,0.0,0.0,0.9984704293288662,0.9984704293288662,0.0
2024-01-06,16:34:00.000000000,46.61,367.7,,,,0,0.0,0.0,0.0,0.0,0.0,0.0,0.0,0.0,0.0,0.9984704293288662,0.9984704293288662,0.0
2024-01-06,16:35:00.000000000,46.61,367.7,0.27745662991131476,-55.41080281839044,1.7013314511322786,0,0.0,0.0,0.0,0.0,0.0,0.0,0.0,0.0,0.0,0.9984704293288662,0.9984704293288662,0.0
2024-01-06,16:36:00.000000000,46.61,367.7,,,,0,0.0,0.0,0.0,0.0,0.0,0.0,0.0,0.0,0.0,0.9984704293288662,0.9984704293288662,0.0
2024-01-06,16:37:00.000000000,46.61,367.7,,,,0,0.0,0.0,0.0,0.0,0.0,0.0,0.0,0.0,0.0,0.9984704293288662,0.9984704293288662,0.0
2024-01-06,16:38:00.000000000,46.61,367.7,0.27725694999161976,-55.33738051191858,1.69912121169948,0,0.0,0.0,0.0,0.0,0.0,0.0,0.0,0.0,0.0,0.9984704293288662,0.9984704293288662,0.0
2024-01-06,16:39:00.000000000,46.61,367.7,,,,0,0.0,0.0,0.0,0.0,0.0,0.0,0.0,0.0,0.0,0.9984704293288662,0.9984704293288662,0.0
2024-01-06,16:40:00.000000000,46.61,367.7,,,,0,0.0,0.0,0.0,0.0,0.0,0.0,0.0,0.0,0.0,0.9984704293288662,0.9984704293288662,0.0
2024-01-06,16:41:00.000000000,46.61,367.7,0.27706402612569825,-55.266442406419245,1.696563297254176,0,0.0,0.0,0.0,0.0,0.0,0.0,0.0,0.0,0.0,0.9984704293288662,0.9984704293288662,0.0
2024-01-06,16:42:00.000000000,46.61,367.7,,,,0,0.0,0.0,0.0,0.0,0.0,0.0,0.0,0.0,0.0,0.9984704293288662,0.9984704293288662,0.0
2024-01-06,16:43:00.000000000,46.61,367.7,,,,0,0.0,0.0,0.0,0.0,0.0,0.0,0.0,0.0,0.0,0.9984704293288662,0.9984704293288662,0.0
2024-01-06,16:44:00.000000000,46.61,367.7,0.27688196681033056,-55.19949919615854,1.6927989015869096,0,0.0,0.0,0.0,0.0,0.0,0.0,0.0,0.0,0.0,0.9984704293288662,0.9984704293288662,0.0
2024-01-06,16:45:00.000000000,46.61,367.7,,,,0,0.0,0.0,0.0,0.0,0.0,0.0,0.0,0.0,0.0,0.9984704293288662,0.9984704293288662,0.0
2024-01-06,16:46:00.000000000,46.61,367.7,,,,0,0.0,0.0,0.0,0.0,0.0,0.0,0.0,0.0,0.0,0.9984704293288662,0.9984704293288662,0.0
2024-01-06,16:47:00.000000000,46.61,367.7,0.27670876596762833,-55.135813246296934,1.6886284584538476,0,0.0,0.0,0.0,0.0,0.0,0.0,0.0,0.0,0.0,0.9984704293288662,0.9984704293288662,0.0
2024-01-06,16:48:00.000000000,46.61,367.7,,,,0,0.0,0.0,0.0,0.0,0.0,0.0,0.0,0.0,0.0,0.9984704293288662,0.9984704293288662,0.0
2024-01-06,16:49:00.000000000,46.61,367.7,,,,0,0.0,0.0,0.0,0.0,0.0,0.0,0.0,0.0,0.0,0.9984704293288662,0.9984704293288662,0.0
2024-01-06,16:50:00.000000000,46.61,367.7,0.27652745763189435,-55.06914617124755,1.6866730092675146,0,0.0,0.0,0.0,0.0,0.0,0.0,0.0,0.0,0.0,0.9984704293288662,0.9984704293288662,0.0
2024-01-06,16:51:00.000000000,46.61,367.7,,,,0,0.0,0.0,0.0,0.0,0.0,0.0,0.0,0.0,0.0,0.9984704293288662,0.9984704293288662,0.0
2024-01-06,16:52:00.000000000,46.61,367.7,,,,0,0.0,0.0,0.0,0.0,0.0,0.0,0.0,0.0,0.0,0.9984704293288662,0.9984704293288662,0.0
2024-01-06,16:53:00.000000000,46.61,367.7,0.2763497801474742,-55.003814160226256,1.6847109209834334,0,0.0,0.0,0.0,0.0,0.0,0.0,0.0,0.0,0.0,0.9984704293288662,0.9984704293288662,0.0
2024-01-06,16:54:00.000000000,46.61,367.7,,,,0,0.0,0.0,0.0,0.0,0.0,0.0,0.0,0.0,0.0,0.9984704293288662,0.9984704293288662,0.0
2024-01-06,16:55:00.000000000,46.61,367.7,,,,0,0.0,0.0,0.0,0.0,0.0,0.0,0.0,0.0,0.0,0.9984704293288662,0.9984704293288662,0.0
2024-01-06,16:56:00.000000000,46.61,367.7,0.2761724846259113,-54.938622596947596,1.6841209078769972,0,0.0,0.0,0.0,0.0,0.0,0.0,0.0,0.0,0.0,0.9984704293288662,0.9984704293288662,0.0
2024-01-06,16:57:00.000000000,46.61,367.7,,,,0,0.0,0.0,0.0,0.0,0.0,0.0,0.0,0.0,0.0,0.9984704293288662,0.9984704293288662,0.0
2024-01-06,16:58:00.000000000,46.61,367.7,,,,0,0.0,0.0,0.0,0.0,0.0,0.0,0.0,0.0,0.0,0.9984704293288662,0.9984704293288662,0.0
2024-01-06,16:59:00.000000000,46.61,367.7,0.27600068896152913,-54.87545333115426,1.6820910787575982,0,0.0,0.0,0.0,0.0,0.0,0.0,0.0,0.0,0.0,0.9984704293288662,0.9984704293288662,0.0
2024-01-06,17:00:00.000000000,46.61,367.7,,,,0,0.0,0.0,0.0,0.0,0.0,0.0,0.0,0.0,0.0,0.9984704293288662,0.9984704293288662,0.0
2024-01-06,17:01:00.000000000,46.61,367.7,,,,0,0.0,0.0,0.0,0.0,0.0,0.0,0.0,0.0,0.0,0.9984704293288662,0.9984704293288662,0.0
2024-01-06,17:02:00.000000000,46.61,367.7,0.2758212624012941,-54.80947818495585,1.6805242890154777,0,0.0,0.0,0.0,0.0,0.0,0.0,0.0,0.0,0.0,0.9984704293288662,0.9984704293288662,0.0
2024-01-06,17:03:00.000000000,46.61,367.7,,,,0,0.0,0.0,0.0,0.0,0.0,0.0,0.0,0.0,0.0,0.9984704293288662,0.9984704293288662,0.0
2024-01-06,17:04:00.000000000,46.61,367.7,,,,0,0.0,0.0,0.0,0.0,0.0,0.0,0.0,0.0,0.0,0.9984704293288662,0.9984704293288662,0.0
2024-01-06,17:05:00.000000000,46.61,367.7,0.27563825672511366,-54.74218699782429,1.681897720076758,0,0.0,0.0,0.0,0.0,0.0,0.0,0.0,0.0,0.0,0.9984704293288662,0.9984704293288662,0.0
2024-01-06,17:06:00.000000000,46.61,367.7,,,,0,0.0,0.0,0.0,0.0,0.0,0.0,0.0,0.0,0.0,0.9984704293288662,0.9984704293288662,0.0
2024-01-06,17:07:00.000000000,46.61,367.7,,,,0,0.0,0.0,0.0,0.0,0.0,0.0,0.0,0.0,0.0,0.9984704293288662,0.9984704293288662,0.0
2024-01-06,17:08:00.000000000,46.61,367.7,0.27545035758522013,-54.673096484085434,1.684382469633849,0,0.0,0.0,0.0,0.0,0.0,0.0,0.0,0.0,0.0,0.9984704293288662,0.9984704293288662,0.0
2024-01-06,17:09:00.000000000,46.61,367.7,,,,0,0.0,0.0,0.0,0.0,0.0,0.0,0.0,0.0,0.0,0.9984704293288662,0.9984704293288662,0.0
2024-01-06,17:10:00.000000000,46.61,367.7,,,,0,0.0,0.0,0.0,0.0,0.0,0.0,0.0,0.0,0.0,0.9984704293288662,0.9984704293288662,0.0
2024-01-06,17:11:00.000000000,46.61,367.7,0.27526253473081347,-54.6040340205201,1.6859620535891207,0,0.0,0.0,0.0,0.0,0.0,0.0,0.0,0.0,0.0,0.9984704293288662,0.9984704293288662,0.0
2024-01-06,17:12:00.000000000,46.61,367.7,,,,0,0.0,0.0,0.0,0.0,0.0,0.0,0.0,0.0,0.0,0.9984704293288662,0.9984704293288662,0.0
2024-01-06,17:13:00.000000000,46.61,367.7,,,,0,0.0,0.0,0.0,0.0,0.0,0.0,0.0,0.0,0.0,0.9984704293288662,0.9984704293288662,0.0
2024-01-06,17:14:00.000000000,46.61,367.7,0.275081455300978,-54.53745111416961,1.6865970093198266,0,0.0,0.0,0.0,0.0,0.0,0.0,0.0,0.0,0.0,0.9984704293288662,0.9984704293288662,0.0
2024-01-06,17:15:00.000000000,46.61,367.7,,,,0,0.0,0.0,0.0,0.0,0.0,0.0,0.0,0.0,0.0,0.9984704293288662,0.9984704293288662,0.0
2024-01-06,17:16:00.000000000,46.61,367.7,,,,0,0.0,0.0,0.0,0.0,0.0,0.0,0.0,0.0,0.0,0.9984704293288662,0.9984704293288662,0.0
2024-01-06,17:17:00.000000000,46.61,367.7,0.2749117427185888,-54.47504779762511,1.6835419872199515,0,0.0,0.0,0.0,0.0,0.0,0.0,0.0,0.0,0.0,0.9984704293288662,0.9984704293288662,0.0
2024-01-06,17:18:00.000000000,46.61,367.7,,,,0,0.0,0.0,0.0,0.0,0.0,0.0,0.0,0.0,0.0,0.9984704293288662,0.9984704293288662,0.0
2024-01-06,17:19:00.000000000,46.61,367.7,,,,0,0.0,0.0,0.0,0.0,0.0,0.0,0.0,0.0,0.0,0.9984704293288662,0.9984704293288662,0.0
2024-01-06,17:20:00.000000000,46.61,367.7,0.27474110783767275,-54.412305351912266,1.6806655102421373,0,0.0,0.0,0.0,0.0,0.0,0.0,0.0,0.0,0.0,0.9984704293288662,0.9984704293288662,0.0
2024-01-06,17:21:00.000000000,46.61,367.7,,,,0,0.0,0.0,0.0,0.0,0.0,0.0,0.0,0.0,0.0,0.9984704293288662,0.9984704293288662,0.0
2024-01-06,17:22:00.000000000,46.61,367.7,,,,0,0.0,0.0,0.0,0.0,0.0,0.0,0.0,0.0,0.0,0.9984704293288662,0.9984704293288662,0.0
2024-01-06,17:23:00.000000000,46.61,367.7,0.27458076676978,-54.3533479412481,1.6761834861045137,0,0.0,0.0,0.0,0.0,0.0,0.0,0.0,0.0,0.0,0.9984704293288662,0.9984704293288662,0.0
2024-01-06,17:24:00.000000000,46.61,367.7,,,,0,0.0,0.0,0.0,0.0,0.0,0.0,0.0,0.0,0.0,0.9984704293288662,0.9984704293288662,0.0
2024-01-06,17:25:00.000000000,46.61,367.7,,,,0,0.0,0.0,0.0,0.0,0.0,0.0,0.0,0.0,0.0,0.9984704293288662,0.9984704293288662,0.0
2024-01-06,17:26:00.000000000,46.61,367.7,0.2744103900965645,-54.29070043850676,1.6738471606561722,0,0.0,0.0,0.0,0.0,0.0,0.0,0.0,0.0,0.0,0.9984704293288662,0.9984704293288662,0.0
2024-01-06,17:27:00.000000000,46.61,367.7,,,,0,0.0,0.0,0.0,0.0,0.0,0.0,0.0,0.0,0.0,0.9984704293288662,0.9984704293288662,0.0
2024-01-06,17:28:00.000000000,46.61,367.7,,,,0,0.0,0.0,0.0,0.0,0.0,0.0,0.0,0.0,0.0,0.9984704293288662,0.9984704293288662,0.0
2024-01-06,17:29:00.000000000,46.61,367.7,0.27424891971540577,-54.2313277793547,1.66934793643524,0,0.0,0.0,0.0,0.0,0.0,0.0,0.0,0.0,0.0,0.9984704293288662,0.9984704293288662,0.0
2024-01-06,17:30:00.000000000,46.61,367.7,,,,0,0.0,0.0,0.0,0.0,0.0,0.0,0.0,0.0,0.0,0.9984704293288662,0.9984704293288662,0.0
2024-01-06,17:31:00.000000000,46.61,367.7,,,,0,0.0,0.0,0.0,0.0,0.0,0.0,0.0,0.0,0.0,0.9984704293288662,0.9984704293288662,0.0
2024-01-06,17:32:00.000000000,46.61,367.7,0.2740901756454045,-54.17295758481524,1.6630801950460439,0,0.0,0.0,0.0,0.0,0.0,0.0,0.0,0.0,0.0,0.9984704293288662,0.9984704293288662,0.0
2024-01-06,17:33:00.000000000,46.61,367.7,,,,0,0.0,0.0,0.0,0.0,0.0,0.0,0.0,0.0,0.0,0.9984704293288662,0.9984704293288662,0.0
2024-01-06,17:34:00.000000000,46.61,367.7,,,,0,0.0,0.0,0.0,0.0,0.0,0.0,0.0,0.0,0.0,0.9984704293288662,0.9984704293288662,0.0
2024-01-06,17:35:00.000000000,46.61,367.7,0.27392384078894977,-54.11179625809683,1.660148540755323,0,0.0,0.0,0.0,0.0,0.0,0.0,0.0,0.0,0.0,0.9984704293288662,0.9984704293288662,0.0
2024-01-06,17:36:00.000000000,46.61,367.7,,,,0,0.0,0.0,0.0,0.0,0.0,0.0,0.0,0.0,0.0,0.9984704293288662,0.9984704293288662,0.0
2024-01-06,17:37:00.000000000,46.61,367.7,,,,0,0.0,0.0,0.0,0.0,0.0,0.0,0.0,0.0,0.0,0.9984704293288662,0.9984704293288662,0.0
2024-01-06,17:38:00.000000000,46.61,367.7,0.2737622850250899,-54.05239220372556,1.6566705073942698,0,0.0,0.0,0.0,0.0,0.0,0.0,0.0,0.0,0.0,0.9984704293288662,0.9984704293288662,0.0
2024-01-06,17:39:00.000000000,46.61,367.7,,,,0,0.0,0.0,0.0,0.0,0.0,0.0,0.0,0.0,0.0,0.9984704293288662,0.9984704293288662,0.0
2024-01-06,17:40:00.000000000,46.61,367.7,,,,0,0.0,0.0,0.0,0.0,0.0,0.0,0.0,0.0,0.0,0.9984704293288662,0.9984704293288662,0.0
2024-01-06,17:41:00.000000000,46.61,367.7,0.27360777151309484,-53.99557758536497,1.6529037536296078,0,0.0,0.0,0.0,0.0,0.0,0.0,0.0,0.0,0.0,0.9984704293288662,0.9984704293288662,0.0
2024-01-06,17:42:00.000000000,46.61,367.7,,,,0,0.0,0.0,0.0,0.0,0.0,0.0,0.0,0.0,0.0,0.9984704293288662,0.9984704293288662,0.0
2024-01-06,17:43:00.000000000,46.61,367.7,,,,0,0.0,0.0,0.0,0.0,0.0,0.0,0.0,0.0,0.0,0.9984704293288662,0.9984704293288662,0.0
2024-01-06,17:44:00.000000000,46.61,367.7,0.2734493205616921,-53.93731517053418,1.649544719486194,0,0.0,0.0,0.0,0.0,0.0,0.0,0.0,0.0,0.0,0.9984704293288662,0.9984704293288662,0.0
2024-01-06,17:45:00.000000000,46.61,367.7,,,,0,0.0,0.0,0.0,0.0,0.0,0.0,0.0,0.0,0.0,0.9984704293288662,0.9984704293288662,0.0
2024-01-06,17:46:00.000000000,46.61,367.7,,,,0,0.0,0.0,0.0,0.0,0.0,0.0,0.0,0.0,0.0,0.9984704293288662,0.9984704293288662,0.0
2024-01-06,17:47:00.000000000,46.61,367.7,0.27328834439846544,-53.87812423531574,1.6461346386706066,0,0.0,0.0,0.0,0.0,0.0,0.0,0.0,0.0,0.0,0.9984704293288662,0.9984704293288662,0.0
2024-01-06,17:48:00.000000000,46.61,367.7,,,,0,0.0,0.0,0.0,0.0,0.0,0.0,0.0,0.0,0.0,0.9984704293288662,0.9984704293288662,0.0
2024-01-06,17:49:00.000000000,46.61,367.7,,,,0,0.0,0.0,0.0,0.0,0.0,0.0,0.0,0.0,0.0,0.9984704293288662,0.9984704293288662,0.0
2024-01-06,17:50:00.000000000,46.61,367.7,0.2731369685578824,-53.82246333873336,1.6407270444049111,0,0.0,0.0,0.0,0.0,0.0,0.0,0.0,0.0,0.0,0.9984704293288662,0.9984704293288662,0.0
2024-01-06,17:51:00.000000000,46.61,367.7,,,,0,0.0,0.0,0.0,0.0,0.0,0.0,0.0,0.0,0.0,0.9984704293288662,0.9984704293288662,0.0
2024-01-06,17:52:00.000000000,46.61,367.7,,,,0,0.0,0.0,0.0,0.0,0.0,0.0,0.0,0.0,0.0,0.9984704293288662,0.9984704293288662,0.0
2024-01-06,17:53:00.000000000,46.61,367.7,0.2729911188365744,-53.768834396208405,1.6333881697519952,0,0.0,0.0,0.0,0.0,0.0,0.0,0.0,0.0,0.0,0.9984704293288662,0.9984704293288662,0.0
2024-01-06,17:54:00.000000000,46.61,367.7,,,,0,0.0,0.0,0.0,0.0,0.0,0.0,0.0,0.0,0.0,0.9984704293288662,0.9984704293288662,0.0
2024-01-06,17:55:00.000000000,46.61,367.7,,,,0,0.0,0.0,0.0,0.0,0.0,0.0,0.0,0.0,0.0,0.9984704293288662,0.9984704293288662,0.0
2024-01-06,17:56:00.000000000,46.61,367.7,0.2728502100117723,-53.71702222132866,1.6259044432786702,0,0.0,0.0,0.0,0.0,0.0,0.0,0.0,0.0,0.0,0.9984704293288662,0.9984704293288662,0.0
2024-01-06,17:57:00.000000000,46.61,367.7,,,,0,0.0,0.0,0.0,0.0,0.0,0.0,0.0,0.0,0.0,0.9984704293288662,0.9984704293288662,0.0
2024-01-06,17:58:00.000000000,46.61,367.7,,,,0,0.0,0.0,0.0,0.0,0.0,0.0,0.0,0.0,0.0,0.9984704293288662,0.9984704293288662,0.0
2024-01-06,17:59:00.000000000,46.61,367.7,0.2727238321396033,-53.67055307773212,1.614894199769352,0,0.0,0.0,0.0,0.0,0.0,0.0,0.0,0.0,0.0,0.9984704293288662,0.9984704293288662,0.0
2024-01-06,18:00:00.000000000,46.61,367.7,,,,0,0.0,0.0,0.0,0.0,0.0,0.0,0.0,0.0,0.0,0.9984704293288662,0.9984704293288662,0.0
2024-01-06,18:01:00.000000000,46.61,367.7,,,,0,0.0,0.0,0.0,0.0,0.0,0.0,0.0,0.0,0.0,0.9984704293288662,0.9984704293288662,0.0
2024-01-06,18:02:00.000000000,46.61,367.7,0.27259657374310076,-53.62376016533814,1.6035685152869488,0,0.0,0.0,0.0,0.0,0.0,0.0,0.0,0.0,0.0,0.9984704293288662,0.9984704293288662,0.0
2024-01-06,18:03:00.000000000,46.61,367.7,,,,0,0.0,0.0,0.0,0.0,0.0,0.0,0.0,0.0,0.0,0.9984704293288662,0.9984704293288662,0.0
2024-01-06,18:04:00.000000000,46.61,367.7,,,,0,0.0,0.0,0.0,0.0,0.0,0.0,0.0,0.0,0.0,0.9984704293288662,0.9984704293288662,0.0
2024-01-06,18:05:00.000000000,46.61,367.7,0.2724723631428364,-53.57808792762094,1.5924090135137954,0,0.0,0.0,0.0,0.0,0.0,0.0,0.0,0.0,0.0,0.9984704293288662,0.9984704293288662,0.0
2024-01-06,18:06:00.000000000,46.61,367.7,,,,0,0.0,0.0,0.0,0.0,0.0,0.0,0.0,0.0,0.0,0.9984704293288662,0.9984704293288662,0.0
2024-01-06,18:07:00.000000000,46.61,367.7,,,,0,0.0,0.0,0.0,0.0,0.0,0.0,0.0,0.0,0.0,0.9984704293288662,0.9984704293288662,0.0
2024-01-06,18:08:00.000000000,46.61,367.7,0.2723432872067696,-53.53062670592918,1.5824228636441693,0,0.0,0.0,0.0,0.0,0.0,0.0,0.0,0.0,0.0,0.9984704293288662,0.9984704293288662,0.0
2024-01-06,18:09:00.000000000,46.61,367.7,,,,0,0.0,0.0,0.0,0.0,0.0,0.0,0.0,0.0,0.0,0.9984704293288662,0.9984704293288662,0.0
2024-01-06,18:10:00.000000000,46.61,367.7,,,,0,0.0,0.0,0.0,0.0,0.0,0.0,0.0,0.0,0.0,0.9984704293288662,0.9984704293288662,0.0
2024-01-06,18:11:00.000000000,46.61,367.7,0.2722157859343021,-53.48374448804289,1.5743609626341855,0,0.0,0.0,0.0,0.0,0.0,0.0,0.0,0.0,0.0,0.9984704293288662,0.9984704293288662,0.0
2024-01-06,18:12:00.000000000,46.61,367.7,,,,0,0.0,0.0,0.0,0.0,0.0,0.0,0.0,0.0,0.0,0.9984704293288662,0.9984704293288662,0.0
2024-01-06,18:13:00.000000000,46.61,367.7,,,,0,0.0,0.0,0.0,0.0,0.0,0.0,0.0,0.0,0.0,0.9984704293288662,0.9984704293288662,0.0
2024-01-06,18:14:00.000000000,46.61,367.7,0.2720783550122629,-53.43321113800907,1.569442737014925,0,0.0,0.0,0.0,0.0,0.0,0.0,0.0,0.0,0.0,0.9984704293288662,0.9984704293288662,0.0
2024-01-06,18:15:00.000000000,46.61,367.7,,,,0,0.0,0.0,0.0,0.0,0.0,0.0,0.0,0.0,0.0,0.9984704293288662,0.9984704293288662,0.0
2024-01-06,18:16:00.000000000,46.61,367.7,,,,0,0.0,0.0,0.0,0.0,0.0,0.0,0.0,0.0,0.0,0.9984704293288662,0.9984704293288662,0.0
2024-01-06,18:17:00.000000000,46.61,367.7,0.2719346407023849,-53.38036738626691,1.5668366449569473,0,0.0,0.0,0.0,0.0,0.0,0.0,0.0,0.0,0.0,0.9984704293288662,0.9984704293288662,0.0
2024-01-06,18:18:00.000000000,46.61,367.7,,,,0,0.0,0.0,0.0,0.0,0.0,0.0,0.0,0.0,0.0,0.9984704293288662,0.9984704293288662,0.0
2024-01-06,18:19:00.000000000,46.61,367.7,,,,0,0.0,0.0,0.0,0.0,0.0,0.0,0.0,0.0,0.0,0.9984704293288662,0.9984704293288662,0.0
2024-01-06,18:20:00.000000000,46.61,367.7,0.27178317457902557,-53.3246732927077,1.5668939090270242,0,0.0,0.0,0.0,0.0,0.0,0.0,0.0,0.0,0.0,0.9984704293288662,0.9984704293288662,0.0
2024-01-06,18:21:00.000000000,46.61,367.7,,,,0,0.0,0.0,0.0,0.0,0.0,0.0,0.0,0.0,0.0,0.9984704293288662,0.9984704293288662,0.0
2024-01-06,18:22:00.000000000,46.61,367.7,,,,0,0.0,0.0,0.0,0.0,0.0,0.0,0.0,0.0,0.0,0.9984704293288662,0.9984704293288662,0.0
2024-01-06,18:23:00.000000000,46.61,367.7,0.27163789240418273,-53.271253037017985,1.5650469343356597,0,0.0,0.0,0.0,0.0,0.0,0.0,0.0,0.0,0.0,0.9984704293288662,0.9984704293288662,0.0
2024-01-06,18:24:00.000000000,46.61,367.7,,,,0,0.0,0.0,0.0,0.0,0.0,0.0,0.0,0.0,0.0,0.9984704293288662,0.9984704293288662,0.0
2024-01-06,18:25:00.000000000,46.61,367.7,,,,0,0.0,0.0,0.0,0.0,0.0,0.0,0.0,0.0,0.0,0.9984704293288662,0.9984704293288662,0.0
2024-01-06,18:26:00.000000000,46.61,367.7,0.27147440354308133,-53.211138182791004,1.5677705165562155,0,0.0,0.0,0.0,0.0,0.0,0.0,0.0,0.0,0.0,0.9984704293288662,0.9984704293288662,0.0
2024-01-06,18:27:00.000000000,46.61,367.7,,,,0,0.0,0.0,0.0,0.0,0.0,0.0,0.0,0.0,0.0,0.9984704293288662,0.9984704293288662,0.0
2024-01-06,18:28:00.000000000,46.61,367.7,,,,0,0.0,0.0,0.0,0.0,0.0,0.0,0.0,0.0,0.0,0.9984704293288662,0.9984704293288662,0.0
2024-01-06,18:29:00.000000000,46.61,367.7,0.27131944289981297,-53.15415915426122,1.5686340909839638,0,0.0,0.0,0.0,0.0,0.0,0.0,0.0,0.0,0.0,0.9984704293288662,0.9984704293288662,0.0
2024-01-06,18:30:00.000000000,46.61,367.7,,,,0,0.0,0.0,0.0,0.0,0.0,0.0,0.0,0.0,0.0,0.9984704293288662,0.9984704293288662,0.0
2024-01-06,18:31:00.000000000,46.61,367.7,,,,0,0.0,0.0,0.0,0.0,0.0,0.0,0.0,0.0,0.0,0.9984704293288662,0.9984704293288662,0.0
2024-01-06,18:32:00.000000000,46.61,367.7,0.27118654957616045,-53.105294279154194,1.5645851080278772,0,0.0,0.0,0.0,0.0,0.0,0.0,0.0,0.0,0.0,0.9984704293288662,0.9984704293288662,0.0
2024-01-06,18:33:00.000000000,46.61,367.7,,,,0,0.0,0.0,0.0,0.0,0.0,0.0,0.0,0.0,0.0,0.9984704293288662,0.9984704293288662,0.0
2024-01-06,18:34:00.000000000,46.61,367.7,,,,0,0.0,0.0,0.0,0.0,0.0,0.0,0.0,0.0,0.0,0.9984704293288662,0.9984704293288662,0.0
2024-01-06,18:35:00.000000000,46.61,367.7,0.27103022631602425,-53.04781421640212,1.5663709918790722,0,0.0,0.0,0.0,0.0,0.0,0.0,0.0,0.0,0.0,0.9984704293288662,0.9984704293288662,0.0
2024-01-06,18:36:00.000000000,46.61,367.7,,,,0,0.0,0.0,0.0,0.0,0.0,0.0,0.0,0.0,0.0,0.9984704293288662,0.9984704293288662,0.0
2024-01-06,18:37:00.000000000,46.61,367.7,,,,0,0.0,0.0,0.0,0.0,0.0,0.0,0.0,0.0,0.0,0.9984704293288662,0.9984704293288662,0.0
2024-01-06,18:38:00.000000000,46.61,367.7,0.27087656239875807,-52.991311994023334,1.5677497115968932,0,0.0,0.0,0.0,0.0,0.0,0.0,0.0,0.0,0.0,0.9984704293288662,0.9984704293288662,0.0
2024-01-06,18:39:00.000000000,46.61,367.7,,,,0,0.0,0.0,0.0,0.0,0.0,0.0,0.0,0.0,0.0,0.9984704293288662,0.9984704293288662,0.0
2024-01-06,18:40:00.000000000,46.61,367.7,,,,0,0.0,0.0,0.0,0.0,0.0,0.0,0.0,0.0,0.0,0.9984704293288662,0.9984704293288662,0.0
2024-01-06,18:41:00.000000000,46.61,367.7,0.27071932268245186,-52.93349495033755,1.5702133545390256,0,0.0,0.0,0.0,0.0,0.0,0.0,0.0,0.0,0.0,0.9984704293288662,0.9984704293288662,0.0
2024-01-06,18:42:00.000000000,46.61,367.7,,,,0,0.0,0.0,0.0,0.0,0.0,0.0,0.0,0.0,0.0,0.9984704293288662,0.9984704293288662,0.0
2024-01-06,18:43:00.000000000,46.61,367.7,,,,0,0.0,0.0,0.0,0.0,0.0,0.0,0.0,0.0,0.0,0.9984704293288662,0.9984704293288662,0.0
2024-01-06,18:44:00.000000000,46.61,367.7,0.2705541322747612,-52.87275443742969,1.5748047474764009,0,0.0,0.0,0.0,0.0,0.0,0.0,0.0,0.0,0.0,0.9984704293288662,0.9984704293288662,0.0
2024-01-06,18:45:00.000000000,46.61,367.7,,,,0,0.0,0.0,0.0,0.0,0.0,0.0,0.0,0.0,0.0,0.9984704293288662,0.9984704293288662,0.0
2024-01-06,18:46:00.000000000,46.61,367.7,,,,0,0.0,0.0,0.0,0.0,0.0,0.0,0.0,0.0,0.0,0.9984704293288662,0.9984704293288662,0.0
2024-01-06,18:47:00.000000000,46.61,367.7,0.2703954768353219,-52.81441683234786,1.577961931204531,0,0.0,0.0,0.0,0.0,0.0,0.0,0.0,0.0,0.0,0.9984704293288662,0.9984704293288662,0.0
2024-01-06,18:48:00.000000000,46.61,367.7,,,,0,0.0,0.0,0.0,0.0,0.0,0.0,0.0,0.0,0.0,0.9984704293288662,0.9984704293288662,0.0
2024-01-06,18:49:00.000000000,46.61,367.7,,,,0,0.0,0.0,0.0,0.0,0.0,0.0,0.0,0.0,0.0,0.9984704293288662,0.9984704293288662,0.0
2024-01-06,18:50:00.000000000,46.61,367.7,0.27025269058743223,-52.76191432899883,1.5774258786850917,0,0.0,0.0,0.0,0.0,0.0,0.0,0.0,0.0,0.0,0.9984704293288662,0.9984704293288662,0.0
2024-01-06,18:51:00.000000000,46.61,367.7,,,,0,0.0,0.0,0.0,0.0,0.0,0.0,0.0,0.0,0.0,0.9984704293288662,0.9984704293288662,0.0
2024-01-06,18:52:00.000000000,46.61,367.7,,,,0,0.0,0.0,0.0,0.0,0.0,0.0,0.0,0.0,0.0,0.9984704293288662,0.9984704293288662,0.0
2024-01-06,18:53:00.000000000,46.61,367.7,0.2701028499820693,-52.70681793840687,1.5788192088264452,0,0.0,0.0,0.0,0.0,0.0,0.0,0.0,0.0,0.0,0.9984704293288662,0.9984704293288662,0.0
2024-01-06,18:54:00.000000000,46.61,367.7,,,,0,0.0,0.0,0.0,0.0,0.0,0.0,0.0,0.0,0.0,0.9984704293288662,0.9984704293288662,0.0
2024-01-06,18:55:00.000000000,46.61,367.7,,,,0,0.0,0.0,0.0,0.0,0.0,0.0,0.0,0.0,0.0,0.9984704293288662,0.9984704293288662,0.0
2024-01-06,18:56:00.000000000,46.61,367.7,0.2699562086983961,-52.652897938400244,1.5796096044548462,0,0.0,0.0,0.0,0.0,0.0,0.0,0.0,0.0,0.0,0.9984704293288662,0.9984704293288662,0.0
2024-01-06,18:57:00.000000000,46.61,367.7,,,,0,0.0,0.0,0.0,0.0,0.0,0.0,0.0,0.0,0.0,0.9984704293288662,0.9984704293288662,0.0
2024-01-06,18:58:00.000000000,46.61,367.7,,,,0,0.0,0.0,0.0,0.0,0.0,0.0,0.0,0.0,0.0,0.9984704293288662,0.9984704293288662,0.0
2024-01-06,18:59:00.000000000,46.61,367.7,0.2697924974959547,-52.59270132926254,1.5847044403547301,0,0.0,0.0,0.0,0.0,0.0,0.0,0.0,0.0,0.0,0.9984704293288662,0.9984704293288662,0.0
2024-01-06,19:00:00.000000000,46.61,367.7,,,,0,0.0,0.0,0.0,0.0,0.0,0.0,0.0,0.0,0.0,0.9984704293288662,0.9984704293288662,0.0
2024-01-06,19:01:00.000000000,46.61,367.7,,,,0,0.0,0.0,0.0,0.0,0.0,0.0,0.0,0.0,0.0,0.9984704293288662,0.9984704293288662,0.0
2024-01-06,19:02:00.000000000,46.61,367.7,0.269633244299228,-52.53414392882614,1.588668632450589,0,0.0,0.0,0.0,0.0,0.0,0.0,0.0,0.0,0.0,0.9984704293288662,0.9984704293288662,0.0
2024-01-06,19:03:00.000000000,46.61,367.7,,,,0,0.0,0.0,0.0,0.0,0.0,0.0,0.0,0.0,0.0,0.9984704293288662,0.9984704293288662,0.0
2024-01-06,19:04:00.000000000,46.61,367.7,,,,0,0.0,0.0,0.0,0.0,0.0,0.0,0.0,0.0,0.0,0.9984704293288662,0.9984704293288662,0.0
2024-01-06,19:05:00.000000000,46.61,367.7,0.2694752052502059,-52.47603297050071,1.5923374407430337,0,0.0,0.0,0.0,0.0,0.0,0.0,0.0,0.0,0.0,0.9984704293288662,0.9984704293288662,0.0
2024-01-06,19:06:00.000000000,46.61,367.7,,,,0,0.0,0.0,0.0,0.0,0.0,0.0,0.0,0.0,0.0,0.9984704293288662,0.9984704293288662,0.0
2024-01-06,19:07:00.000000000,46.61,367.7,,,,0,0.0,0.0,0.0,0.0,0.0,0.0,0.0,0.0,0.0,0.9984704293288662,0.9984704293288662,0.0
2024-01-06,19:08:00.000000000,46.61,367.7,0.26931871869053986,-52.4184928625115,1.5956017030976695,0,0.0,0.0,0.0,0.0,0.0,0.0,0.0,0.0,0.0,0.9984704293288662,0.9984704293288662,0.0
2024-01-06,19:09:00.000000000,46.61,367.7,,,,0,0.0,0.0,0.0,0.0,0.0,0.0,0.0,0.0,0.0,0.9984704293288662,0.9984704293288662,0.0
2024-01-06,19:10:00.000000000,46.61,367.7,,,,0,0.0,0.0,0.0,0.0,0.0,0.0,0.0,0.0,0.0,0.9984704293288662,0.9984704293288662,0.0
2024-01-06,19:11:00.000000000,46.61,367.7,0.26914969120113263,-52.35634145465647,1.6019221988376007,0,0.0,0.0,0.0,0.0,0.0,0.0,0.0,0.0,0.0,0.9984704293288662,0.9984704293288662,0.0
2024-01-06,19:12:00.000000000,46.61,367.7,,,,0,0.0,0.0,0.0,0.0,0.0,0.0,0.0,0.0,0.0,0.9984704293288662,0.9984704293288662,0.0
2024-01-06,19:13:00.000000000,46.61,367.7,,,,0,0.0,0.0,0.0,0.0,0.0,0.0,0.0,0.0,0.0,0.9984704293288662,0.9984704293288662,0.0
2024-01-06,19:14:00.000000000,46.61,367.7,0.26899180239722087,-52.298285741458116,1.6054114152681018,0,0.0,0.0,0.0,0.0,0.0,0.0,0.0,0.0,0.0,0.9984704293288662,0.9984704293288662,0.0
2024-01-06,19:15:00.000000000,46.61,367.7,,,,0,0.0,0.0,0.0,0.0,0.0,0.0,0.0,0.0,0.0,0.9984704293288662,0.9984704293288662,0.0
2024-01-06,19:16:00.000000000,46.61,367.7,,,,0,0.0,0.0,0.0,0.0,0.0,0.0,0.0,0.0,0.0,0.9984704293288662,0.9984704293288662,0.0
2024-01-06,19:17:00.000000000,46.61,367.7,0.26885311885213053,-52.2472918019284,1.6041671239028525,0,0.0,0.0,0.0,0.0,0.0,0.0,0.0,0.0,0.0,0.9984704293288662,0.9984704293288662,0.0
2024-01-06,19:18:00.000000000,46.61,367.7,,,,0,0.0,0.0,0.0,0.0,0.0,0.0,0.0,0.0,0.0,0.9984704293288662,0.9984704293288662,0.0
2024-01-06,19:19:00.000000000,46.61,367.7,,,,0,0.0,0.0,0.0,0.0,0.0,0.0,0.0,0.0,0.0,0.9984704293288662,0.9984704293288662,0.0
2024-01-06,19:20:00.000000000,46.61,367.7,0.2687156838256453,-52.196756942689774,1.6028387906011736,0,0.0,0.0,0.0,0.0,0.0,0.0,0.0,0.0,0.0,0.9984704293288662,0.9984704293288662,0.0
2024-01-06,19:21:00.000000000,46.61,367.7,,,,0,0.0,0.0,0.0,0.0,0.0,0.0,0.0,0.0,0.0,0.9984704293288662,0.9984704293288662,0.0
2024-01-06,19:22:00.000000000,46.61,367.7,,,,0,0.0,0.0,0.0,0.0,0.0,0.0,0.0,0.0,0.0,0.9984704293288662,0.9984704293288662,0.0
2024-01-06,19:23:00.000000000,46.61,367.7,0.2685785578240535,-52.14633571190447,1.6017991556854205,0,0.0,0.0,0.0,0.0,0.0,0.0,0.0,0.0,0.0,0.9984704293288662,0.9984704293288662,0.0
2024-01-06,19:24:00.000000000,46.61,367.7,,,,0,0.0,0.0,0.0,0.0,0.0,0.0,0.0,0.0,0.0,0.9984704293288662,0.9984704293288662,0.0
2024-01-06,19:25:00.000000000,46.61,367.7,,,,0,0.0,0.0,0.0,0.0,0.0,0.0,0.0,0.0,0.0,0.9984704293288662,0.9984704293288662,0.0
2024-01-06,19:26:00.000000000,46.61,367.7,0.2684275649238657,-52.09081562250542,1.6045941285233656,0,0.0,0.0,0.0,0.0,0.0,0.0,0.0,0.0,0.0,0.9984704293288662,0.9984704293288662,0.0
2024-01-06,19:27:00.000000000,46.61,367.7,,,,0,0.0,0.0,0.0,0.0,0.0,0.0,0.0,0.0,0.0,0.9984704293288662,0.9984704293288662,0.0
2024-01-06,19:28:00.000000000,46.61,367.7,,,,0,0.0,0.0,0.0,0.0,0.0,0.0,0.0,0.0,0.0,0.9984704293288662,0.9984704293288662,0.0
2024-01-06,19:29:00.000000000,46.61,367.7,0.2682680428549373,-52.03215935776045,1.6099118494990763,0,0.0,0.0,0.0,0.0,0.0,0.0,0.0,0.0,0.0,0.9984704293288662,0.9984704293288662,0.0
2024-01-06,19:30:00.000000000,46.61,367.7,,,,0,0.0,0.0,0.0,0.0,0.0,0.0,0.0,0.0,0.0,0.9984704293288662,0.9984704293288662,0.0
2024-01-06,19:31:00.000000000,46.61,367.7,,,,0,0.0,0.0,0.0,0.0,0.0,0.0,0.0,0.0,0.0,0.9984704293288662,0.9984704293288662,0.0
2024-01-06,19:32:00.000000000,46.61,367.7,0.2681090047045472,-51.97368102986199,1.6154012207029542,0,0.0,0.0,0.0,0.0,0.0,0.0,0.0,0.0,0.0,0.9984704293288662,0.9984704293288662,0.0
2024-01-06,19:33:00.000000000,46.61,367.7,,,,0,0.0,0.0,0.0,0.0,0.0,0.0,0.0,0.0,0.0,0.9984704293288662,0.9984704293288662,0.0
2024-01-06,19:34:00.000000000,46.61,367.7,,,,0,0.0,0.0,0.0,0.0,0.0,0.0,0.0,0.0,0.0,0.9984704293288662,0.9984704293288662,0.0
2024-01-06,19:35:00.000000000,46.61,367.7,0.26796330437021093,-51.92010701692655,1.6176708352818654,0,0.0,0.0,0.0,0.0,0.0,0.0,0.0,0.0,0.0,0.9984704293288662,0.9984704293288662,0.0
2024-01-06,19:36:00.000000000,46.61,367.7,,,,0,0.0,0.0,0.0,0.0,0.0,0.0,0.0,0.0,0.0,0.9984704293288662,0.9984704293288662,0.0
2024-01-06,19:37:00.000000000,46.61,367.7,,,,0,0.0,0.0,0.0,0.0,0.0,0.0,0.0,0.0,0.0,0.9984704293288662,0.9984704293288662,0.0
2024-01-06,19:38:00.000000000,46.61,367.7,0.2678134717666117,-51.86501356858311,1.6212644790520616,0,0.0,0.0,0.0,0.0,0.0,0.0,0.0,0.0,0.0,0.9984704293288662,0.9984704293288662,0.0
2024-01-06,19:39:00.000000000,46.61,367.7,,,,0,0.0,0.0,0.0,0.0,0.0,0.0,0.0,0.0,0.0,0.9984704293288662,0.9984704293288662,0.0
2024-01-06,19:40:00.000000000,46.61,367.7,,,,0,0.0,0.0,0.0,0.0,0.0,0.0,0.0,0.0,0.0,0.9984704293288662,0.9984704293288662,0.0
2024-01-06,19:41:00.000000000,46.61,367.7,0.26764798942558465,-51.804165711787476,1.6290464111899872,0,0.0,0.0,0.0,0.0,0.0,0.0,0.0,0.0,0.0,0.9984704293288662,0.9984704293288662,0.0
2024-01-06,19:42:00.000000000,46.61,367.7,,,,0,0.0,0.0,0.0,0.0,0.0,0.0,0.0,0.0,0.0,0.9984704293288662,0.9984704293288662,0.0
2024-01-06,19:43:00.000000000,46.61,367.7,,,,0,0.0,0.0,0.0,0.0,0.0,0.0,0.0,0.0,0.0,0.9984704293288662,0.9984704293288662,0.0
2024-01-06,19:44:00.000000000,46.61,367.7,0.26748932393219443,-51.74582440986789,1.6350176697430818,0,0.0,0.0,0.0,0.0,0.0,0.0,0.0,0.0,0.0,0.9984704293288662,0.9984704293288662,0.0
2024-01-06,19:45:00.000000000,46.61,367.7,,,,0,0.0,0.0,0.0,0.0,0.0,0.0,0.0,0.0,0.0,0.9984704293288662,0.9984704293288662,0.0
2024-01-06,19:46:00.000000000,46.61,367.7,,,,0,0.0,0.0,0.0,0.0,0.0,0.0,0.0,0.0,0.0,0.9984704293288662,0.9984704293288662,0.0
2024-01-06,19:47:00.000000000,46.61,367.7,0.2673259347465052,-51.68574620628995,1.6422472278653428,0,0.0,0.0,0.0,0.0,0.0,0.0,0.0,0.0,0.0,0.9984704293288662,0.9984704293288662,0.0
2024-01-06,19:48:00.000000000,46.61,367.7,,,,0,0.0,0.0,0.0,0.0,0.0,0.0,0.0,0.0,0.0,0.9984704293288662,0.9984704293288662,0.0
2024-01-06,19:49:00.000000000,46.61,367.7,,,,0,0.0,0.0,0.0,0.0,0.0,0.0,0.0,0.0,0.0,0.9984704293288662,0.9984704293288662,0.0
2024-01-06,19:50:00.000000000,46.61,367.7,0.2671546277636599,-51.62275662869774,1.6514095101214876,0,0.0,0.0,0.0,0.0,0.0,0.0,0.0,0.0,0.0,0.9984704293288662,0.9984704293288662,0.0
2024-01-06,19:51:00.000000000,46.61,367.7,,,,0,0.0,0.0,0.0,0.0,0.0,0.0,0.0,0.0,0.0,0.9984704293288662,0.9984704293288662,0.0
2024-01-06,19:52:00.000000000,46.61,367.7,,,,0,0.0,0.0,0.0,0.0,0.0,0.0,0.0,0.0,0.0,0.9984704293288662,0.9984704293288662,0.0
2024-01-06,19:53:00.000000000,46.61,367.7,0.2669845303467459,-51.560211808498465,1.660037827939776,0,0.0,0.0,0.0,0.0,0.0,0.0,0.0,0.0,0.0,0.9984704293288662,0.9984704293288662,0.0
2024-01-06,19:54:00.000000000,46.61,367.7,,,,0,0.0,0.0,0.0,0.0,0.0,0.0,0.0,0.0,0.0,0.9984704293288662,0.9984704293288662,0.0
2024-01-06,19:55:00.000000000,46.61,367.7,,,,0,0.0,0.0,0.0,0.0,0.0,0.0,0.0,0.0,0.0,0.9984704293288662,0.9984704293288662,0.0
2024-01-06,19:56:00.000000000,46.61,367.7,0.2668083292917226,-51.49542268056639,1.6699577471306033,0,0.0,0.0,0.0,0.0,0.0,0.0,0.0,0.0,0.0,0.9984704293288662,0.9984704293288662,0.0
2024-01-06,19:57:00.000000000,46.61,367.7,,,,0,0.0,0.0,0.0,0.0,0.0,0.0,0.0,0.0,0.0,0.9984704293288662,0.9984704293288662,0.0
2024-01-06,19:58:00.000000000,46.61,367.7,,,,0,0.0,0.0,0.0,0.0,0.0,0.0,0.0,0.0,0.0,0.9984704293288662,0.9984704293288662,0.0
2024-01-06,19:59:00.000000000,46.61,367.7,0.2666351156555572,-51.431732026548374,1.6787389023365253,1,0.0,0.0,0.0,0.0,0.0,0.0,0.0,0.0,0.0,0.9984704293288662,0.9984704293288662,0.0
2024-01-06,20:00:00.000000000,46.61,367.7,,,,0,0.0,0.0,0.0,0.0,0.0,0.0,0.0,0.0,0.0,0.9984704293288662,0.9984704293288662,0.0
2024-01-06,20:01:00.000000000,46.61,367.7,,,,0,0.0,0.0,0.0,0.0,0.0,0.0,0.0,0.0,0.0,0.9984704293288662,0.9984704293288662,0.0
2024-01-06,20:02:00.000000000,46.61,367.7,0.26646900745998325,-51.37065404303584,1.685347781847521,0,0.0,0.0,0.0,0.0,0.0,0.0,0.0,0.0,0.0,0.9984704293288662,0.9984704293288662,0.0
2024-01-06,20:03:00.000000000,46.61,367.7,,,,0,0.0,0.0,0.0,0.0,0.0,0.0,0.0,0.0,0.0,0.9984704293288662,0.9984704293288662,0.0
2024-01-06,20:04:00.000000000,46.61,367.7,,,,0,0.0,0.0,0.0,0.0,0.0,0.0,0.0,0.0,0.0,0.9984704293288662,0.9984704293288662,0.0
2024-01-06,20:05:00.000000000,46.61,367.7,0.2662881870777839,-51.304166388501145,1.695629231090984,0,0.0,0.0,0.0,0.0,0.0,0.0,0.0,0.0,0.0,0.9984704293288662,0.9984704293288662,0.0
2024-01-06,20:06:00.000000000,46.61,367.7,,,,0,0.0,0.0,0.0,0.0,0.0,0.0,0.0,0.0,0.0,0.9984704293288662,0.9984704293288662,0.0
2024-01-06,20:07:00.000000000,46.61,367.7,,,,0,0.0,0.0,0.0,0.0,0.0,0.0,0.0,0.0,0.0,0.9984704293288662,0.9984704293288662,0.0
2024-01-06,20:08:00.000000000,46.61,367.7,0.2661116949247421,-51.239270223827674,1.7043306524883899,0,0.0,0.0,0.0,0.0,0.0,0.0,0.0,0.0,0.0,0.9984704293288662,0.9984704293288662,0.0
2024-01-06,20:09:00.000000000,46.61,367.7,,,,0,0.0,0.0,0.0,0.0,0.0,0.0,0.0,0.0,0.0,0.9984704293288662,0.9984704293288662,0.0
2024-01-06,20:10:00.000000000,46.61,367.7,,,,0,0.0,0.0,0.0,0.0,0.0,0.0,0.0,0.0,0.0,0.9984704293288662,0.9984704293288662,0.0
2024-01-06,20:11:00.000000000,46.61,367.7,0.26595007081880806,-51.179841040075715,1.708695330045375,0,0.0,0.0,0.0,0.0,0.0,0.0,0.0,0.0,0.0,0.9984704293288662,0.9984704293288662,0.0
2024-01-06,20:12:00.000000000,46.61,367.7,,,,0,0.0,0.0,0.0,0.0,0.0,0.0,0.0,0.0,0.0,0.9984704293288662,0.9984704293288662,0.0
2024-01-06,20:13:00.000000000,46.61,367.7,,,,0,0.0,0.0,0.0,0.0,0.0,0.0,0.0,0.0,0.0,0.9984704293288662,0.9984704293288662,0.0
2024-01-06,20:14:00.000000000,46.61,367.7,0.265779692038757,-51.117192762650944,1.7151463542742913,0,0.0,0.0,0.0,0.0,0.0,0.0,0.0,0.0,0.0,0.9984704293288662,0.9984704293288662,0.0
2024-01-06,20:15:00.000000000,46.61,367.7,,,,0,0.0,0.0,0.0,0.0,0.0,0.0,0.0,0.0,0.0,0.9984704293288662,0.9984704293288662,0.0
2024-01-06,20:16:00.000000000,46.61,367.7,,,,0,0.0,0.0,0.0,0.0,0.0,0.0,0.0,0.0,0.0,0.9984704293288662,0.9984704293288662,0.0
2024-01-06,20:17:00.000000000,46.61,367.7,0.26562022711110234,-51.05855750875233,1.7182090445486968,0,0.0,0.0,0.0,0.0,0.0,0.0,0.0,0.0,0.0,0.9984704293288662,0.9984704293288662,0.0
2024-01-06,20:18:00.000000000,46.61,367.7,,,,0,0.0,0.0,0.0,0.0,0.0,0.0,0.0,0.0,0.0,0.9984704293288662,0.9984704293288662,0.0
2024-01-06,20:19:00.000000000,46.61,367.7,,,,0,0.0,0.0,0.0,0.0,0.0,0.0,0.0,0.0,0.0,0.9984704293288662,0.9984704293288662,0.0
2024-01-06,20:20:00.000000000,46.61,367.7,0.2654412609370068,-50.9927516465374,1.72619589297482,0,0.0,0.0,0.0,0.0,0.0,0.0,0.0,0.0,0.0,0.9984704293288662,0.9984704293288662,0.0
2024-01-06,20:21:00.000000000,46.61,367.7,,,,0,0.0,0.0,0.0,0.0,0.0,0.0,0.0,0.0,0.0,0.9984704293288662,0.9984704293288662,0.0
2024-01-06,20:22:00.000000000,46.61,367.7,,,,0,0.0,0.0,0.0,0.0,0.0,0.0,0.0,0.0,0.0,0.9984704293288662,0.9984704293288662,0.0
2024-01-06,20:23:00.000000000,46.61,367.7,0.265283739017843,-50.93483083686088,1.7278903030280477,0,0.0,0.0,0.0,0.0,0.0,0.0,0.0,0.0,0.0,0.9984704293288662,0.9984704293288662,0.0
2024-01-06,20:24:00.000000000,46.61,367.7,,,,0,0.0,0.0,0.0,0.0,0.0,0.0,0.0,0.0,0.0,0.9984704293288662,0.9984704293288662,0.0
2024-01-06,20:25:00.000000000,46.61,367.7,,,,0,0.0,0.0,0.0,0.0,0.0,0.0,0.0,0.0,0.0,0.9984704293288662,0.9984704293288662,0.0
2024-01-06,20:26:00.000000000,46.61,367.7,0.26510016818872406,-50.867331842993835,1.736331202643444,0,0.0,0.0,0.0,0.0,0.0,0.0,0.0,0.0,0.0,0.9984704293288662,0.9984704293288662,0.0
2024-01-06,20:27:00.000000000,46.61,367.7,,,,0,0.0,0.0,0.0,0.0,0.0,0.0,0.0,0.0,0.0,0.9984704293288662,0.9984704293288662,0.0
2024-01-06,20:28:00.000000000,46.61,367.7,,,,0,0.0,0.0,0.0,0.0,0.0,0.0,0.0,0.0,0.0,0.9984704293288662,0.9984704293288662,0.0
2024-01-06,20:29:00.000000000,46.61,367.7,0.2649093937900902,-50.797184096616164,1.7460224973944376,0,0.0,0.0,0.0,0.0,0.0,0.0,0.0,0.0,0.0,0.9984704293288662,0.9984704293288662,0.0
2024-01-06,20:30:00.000000000,46.61,367.7,,,,0,0.0,0.0,0.0,0.0,0.0,0.0,0.0,0.0,0.0,0.9984704293288662,0.9984704293288662,0.0
2024-01-06,20:31:00.000000000,46.61,367.7,,,,0,0.0,0.0,0.0,0.0,0.0,0.0,0.0,0.0,0.0,0.9984704293288662,0.9984704293288662,0.0
2024-01-06,20:32:00.000000000,46.61,367.7,0.2647445332802004,-50.73656488712969,1.7479816797503087,0,0.0,0.0,0.0,0.0,0.0,0.0,0.0,0.0,0.0,0.9984704293288662,0.9984704293288662,0.0
2024-01-06,20:33:00.000000000,46.61,367.7,,,,0,0.0,0.0,0.0,0.0,0.0,0.0,0.0,0.0,0.0,0.9984704293288662,0.9984704293288662,0.0
2024-01-06,20:34:00.000000000,46.61,367.7,,,,0,0.0,0.0,0.0,0.0,0.0,0.0,0.0,0.0,0.0,0.9984704293288662,0.9984704293288662,0.0
2024-01-06,20:35:00.000000000,46.61,367.7,0.2645545781862516,-50.666718399084715,1.7563766866941468,0,0.0,0.0,0.0,0.0,0.0,0.0,0.0,0.0,0.0,0.9984704293288662,0.9984704293288662,0.0
2024-01-06,20:36:00.000000000,46.61,367.7,,,,0,0.0,0.0,0.0,0.0,0.0,0.0,0.0,0.0,0.0,0.9984704293288662,0.9984704293288662,0.0
2024-01-06,20:37:00.000000000,46.61,367.7,,,,0,0.0,0.0,0.0,0.0,0.0,0.0,0.0,0.0,0.0,0.9984704293288662,0.9984704293288662,0.0
2024-01-06,20:38:00.000000000,46.61,367.7,0.2643463613344778,-50.59015706268748,1.7690643207639558,0,0.0,0.0,0.0,0.0,0.0,0.0,0.0,0.0,0.0,0.9984704293288662,0.9984704293288662,0.0
2024-01-06,20:39:00.000000000,46.61,367.7,,,,0,0.0,0.0,0.0,0.0,0.0,0.0,0.0,0.0,0.0,0.9984704293288662,0.9984704293288662,0.0
2024-01-06,20:40:00.000000000,46.61,367.7,,,,0,0.0,0.0,0.0,0.0,0.0,0.0,0.0,0.0,0.0,0.9984704293288662,0.9984704293288662,0.0
2024-01-06,20:41:00.000000000,46.61,367.7,0.2641688185339763,-50.52487457494307,1.772667218377235,0,0.0,0.0,0.0,0.0,0.0,0.0,0.0,0.0,0.0,0.9984704293288662,0.9984704293288662,0.0
2024-01-06,20:42:00.000000000,46.61,367.7,,,,0,0.0,0.0,0.0,0.0,0.0,0.0,0.0,0.0,0.0,0.9984704293288662,0.9984704293288662,0.0
2024-01-06,20:43:00.000000000,46.61,367.7,,,,0,0.0,0.0,0.0,0.0,0.0,0.0,0.0,0.0,0.0,0.9984704293288662,0.9984704293288662,0.0
2024-01-06,20:44:00.000000000,46.61,367.7,0.2640085948436074,-50.46596032399444,1.771192523693328,0,0.0,0.0,0.0,0.0,0.0,0.0,0.0,0.0,0.0,0.9984704293288662,0.9984704293288662,0.0
2024-01-06,20:45:00.000000000,46.61,367.7,,,,0,0.0,0.0,0.0,0.0,0.0,0.0,0.0,0.0,0.0,0.9984704293288662,0.9984704293288662,0.0
2024-01-06,20:46:00.000000000,46.61,367.7,,,,0,0.0,0.0,0.0,0.0,0.0,0.0,0.0,0.0,0.0,0.9984704293288662,0.9984704293288662,0.0
2024-01-06,20:47:00.000000000,46.61,367.7,0.2638005758428754,-50.38947173742528,1.782413417920018,0,0.0,0.0,0.0,0.0,0.0,0.0,0.0,0.0,0.0,0.9984704293288662,0.9984704293288662,0.0
2024-01-06,20:48:00.000000000,46.61,367.7,,,,0,0.0,0.0,0.0,0.0,0.0,0.0,0.0,0.0,0.0,0.9984704293288662,0.9984704293288662,0.0
2024-01-06,20:49:00.000000000,46.61,367.7,,,,0,0.0,0.0,0.0,0.0,0.0,0.0,0.0,0.0,0.0,0.9984704293288662,0.9984704293288662,0.0
2024-01-06,20:50:00.000000000,46.61,367.7,0.263578331167243,-50.307752370195246,1.7965581726215172,0,0.0,0.0,0.0,0.0,0.0,0.0,0.0,0.0,0.0,0.9984704293288662,0.9984704293288662,0.0
2024-01-06,20:51:00.000000000,46.61,367.7,,,,0,0.0,0.0,0.0,0.0,0.0,0.0,0.0,0.0,0.0,0.9984704293288662,0.9984704293288662,0.0
2024-01-06,20:52:00.000000000,46.61,367.7,,,,0,0.0,0.0,0.0,0.0,0.0,0.0,0.0,0.0,0.0,0.9984704293288662,0.9984704293288662,0.0
2024-01-06,20:53:00.000000000,46.61,367.7,0.26345217723063435,-50.261365567704246,1.783967625460094,0,0.0,0.0,0.0,0.0,0.0,0.0,0.0,0.0,0.0,0.9984704293288662,0.9984704293288662,0.0
2024-01-06,20:54:00.000000000,46.61,367.7,,,,0,0.0,0.0,0.0,0.0,0.0,0.0,0.0,0.0,0.0,0.9984704293288662,0.9984704293288662,0.0
2024-01-06,20:55:00.000000000,46.61,367.7,,,,0,0.0,0.0,0.0,0.0,0.0,0.0,0.0,0.0,0.0,0.9984704293288662,0.9984704293288662,0.0
2024-01-06,20:56:00.000000000,46.61,367.7,0.263290762757099,-50.2020134657853,1.7812159807249197,0,0.0,0.0,0.0,0.0,0.0,0.0,0.0,0.0,0.0,0.9984704293288662,0.9984704293288662,0.0
2024-01-06,20:57:00.000000000,46.61,367.7,,,,0,0.0,0.0,0.0,0.0,0.0,0.0,0.0,0.0,0.0,0.9984704293288662,0.9984704293288662,0.0
2024-01-06,20:58:00.000000000,46.61,367.7,,,,0,0.0,0.0,0.0,0.0,0.0,0.0,0.0,0.0,0.0,0.9984704293288662,0.9984704293288662,0.0
2024-01-06,20:59:00.000000000,46.61,367.7,0.26311599556063464,-50.13775156764535,1.78185066482929,1,0.0,0.0,0.0,0.0,0.0,0.0,0.0,0.0,0.0,0.9984704293288662,0.9984704293288662,0.0
2024-01-08,14:29:00.000000000,46.61,369.54,0.26319704451430354,-50.65183582981574,1.357997737633134,0,0.0,0.0,0.0,0.0,0.0,0.0,0.0,0.0,0.0,0.9984704293288662,0.9984704293288662,0.0
2024-01-08,14:30:00.000000000,46.81,369.39,,,,0,0.0,0.0,0.0,0.0,0.0,0.0,0.0,0.0,0.0,0.9984704293288662,0.9984704293288662,0.0
2024-01-08,14:31:00.000000000,46.65,369.46,,,,0,0.0,0.0,0.0,0.0,0.0,0.0,0.0,0.0,0.0,0.9984704293288662,0.9984704293288662,0.0
2024-01-08,14:32:00.000000000,46.68,369.6224,0.26329325770199036,-50.63908581562817,1.338260736011264,0,0.0,0.0,0.0,0.0,0.0,0.0,0.0,0.0,0.0,0.9984704293288662,0.9984704293288662,0.0
2024-01-08,14:33:00.000000000,46.685,369.9,,,,0,0.0,0.0,0.0,0.0,0.0,0.0,0.0,0.0,0.0,0.9984704293288662,0.9984704293288662,0.0
2024-01-08,14:34:00.000000000,46.68,369.76,,,,0,0.0,0.0,0.0,0.0,0.0,0.0,0.0,0.0,0.0,0.9984704293288662,0.9984704293288662,0.0
2024-01-08,14:35:00.000000000,46.7,369.8392,0.26338250136443947,-50.709173598623195,1.256518220952698,0,0.0,0.0,0.0,0.0,0.0,0.0,0.0,0.0,0.0,0.9984704293288662,0.9984704293288662,0.0
2024-01-08,14:36:00.000000000,46.7,369.6299,,,,0,0.0,0.0,0.0,0.0,0.0,0.0,0.0,0.0,0.0,0.9984704293288662,0.9984704293288662,0.0
2024-01-08,14:37:00.000000000,46.74,369.94,,,,0,0.0,0.0,0.0,0.0,0.0,0.0,0.0,0.0,0.0,0.9984704293288662,0.9984704293288662,0.0
2024-01-08,14:38:00.000000000,46.76,369.93,0.26341905929435966,-50.686612604762466,1.2471969051185368,0,0.0,0.0,0.0,0.0,0.0,0.0,0.0,0.0,0.0,0.9984704293288662,0.9984704293288662,0.0
2024-01-08,14:39:00.000000000,46.73,370.0,,,,0,0.0,0.0,0.0,0.0,0.0,0.0,0.0,0.0,0.0,0.9984704293288662,0.9984704293288662,0.0
2024-01-08,14:40:00.000000000,46.665,369.965,,,,0,0.0,0.0,0.0,0.0,0.0,0.0,0.0,0.0,0.0,0.9984704293288662,0.9984704293288662,0.0
2024-01-08,14:41:00.000000000,46.595,370.06,0.2634495068204317,-50.89712449396896,1.0576937928005206,0,0.0,0.0,0.0,0.0,0.0,0.0,0.0,0.0,0.0,0.9984704293288662,0.9984704293288662,0.0
2024-01-08,14:42:00.000000000,46.67,370.26,,,,0,0.0,0.0,0.0,0.0,0.0,0.0,0.0,0.0,0.0,0.9984704293288662,0.9984704293288662,0.0
2024-01-08,14:43:00.000000000,46.71,370.1786,,,,0,0.0,0.0,0.0,0.0,0.0,0.0,0.0,0.0,0.0,0.9984704293288662,0.9984704293288662,0.0
2024-01-08,14:44:00.000000000,46.7,370.29,0.26347833144268157,-50.86339134991056,1.0616337885825722,0,0.0,0.0,0.0,0.0,0.0,0.0,0.0,0.0,0.0,0.9984704293288662,0.9984704293288662,0.0
2024-01-08,14:45:00.000000000,46.7,370.72,,,,0,0.0,0.0,0.0,0.0,0.0,0.0,0.0,0.0,0.0,0.9984704293288662,0.9984704293288662,0.0
2024-01-08,14:46:00.000000000,46.74,370.805,,,,0,0.0,0.0,0.0,0.0,0.0,0.0,0.0,0.0,0.0,0.9984704293288662,0.9984704293288662,0.0
2024-01-08,14:47:00.000000000,46.77,370.7,0.2634985432121564,-50.908909968746364,1.0026594919809735,0,0.0,0.0,0.0,0.0,0.0,0.0,0.0,0.0,0.0,0.9984704293288662,0.9984704293288662,0.0
2024-01-08,14:48:00.000000000,46.82,370.44,,,,0,0.0,0.0,0.0,0.0,0.0,0.0,0.0,0.0,0.0,0.9984704293288662,0.9984704293288662,0.0
2024-01-08,14:49:00.000000000,46.88,370.605,,,,0,0.0,0.0,0.0,0.0,0.0,0.0,0.0,0.0,0.0,0.9984704293288662,0.9984704293288662,0.0
2024-01-08,14:50:00.000000000,46.83,370.33,0.2634879370620904,-50.747487732203936,1.1113941036090949,0,0.0,0.0,0.0,0.0,0.0,0.0,0.0,0.0,0.0,0.9984704293288662,0.9984704293288662,0.0
2024-01-08,14:51:00.000000000,46.825,370.315,,,,0,0.0,0.0,0.0,0.0,0.0,0.0,0.0,0.0,0.0,0.9984704293288662,0.9984704293288662,0.0
2024-01-08,14:52:00.000000000,46.74,370.06,,,,0,0.0,0.0,0.0,0.0,0.0,0.0,0.0,0.0,0.0,0.9984704293288662,0.9984704293288662,0.0
2024-01-08,14:53:00.000000000,46.755,370.035,0.2635226306231886,-50.7575966226516,1.0799645993948488,0,0.0,0.0,0.0,0.0,0.0,0.0,0.0,0.0,0.0,0.9984704293288662,0.9984704293288662,0.0
2024-01-08,14:54:00.000000000,46.75,370.46,,,,0,0.0,0.0,0.0,0.0,0.0,0.0,0.0,0.0,0.0,0.9984704293288662,0.9984704293288662,0.0
2024-01-08,14:55:00.000000000,46.74,370.24,,,,0,0.0,0.0,0.0,0.0,0.0,0.0,0.0,0.0,0.0,0.9984704293288662,0.9984704293288662,0.0
2024-01-08,14:56:00.000000000,46.7,369.98,0.26354298830133477,-50.80563481172784,1.0175551395203701,0,0.0,0.0,0.0,0.0,0.0,0.0,0.0,0.0,0.0,0.9984704293288662,0.9984704293288662,0.0
2024-01-08,14:57:00.000000000,46.79,370.03,,,,0,0.0,0.0,0.0,0.0,0.0,0.0,0.0,0.0,0.0,0.9984704293288662,0.9984704293288662,0.0
2024-01-08,14:58:00.000000000,46.815,370.315,,,,0,0.0,0.0,0.0,0.0,0.0,0.0,0.0,0.0,0.0,0.9984704293288662,0.9984704293288662,0.0
2024-01-08,14:59:00.000000000,46.8487,370.56,0.26350529406068895,-50.79582176712889,1.004146708330244,0,0.0,0.0,0.0,0.0,0.0,0.0,0.0,0.0,0.0,0.9984704293288662,0.9984704293288662,0.0
2024-01-08,15:00:00.000000000,46.86,370.4501,,,,0,0.0,0.0,0.0,0.0,0.0,0.0,0.0,0.0,0.0,0.9984704293288662,0.9984704293288662,0.0
2024-01-08,15:01:00.000000000,46.805,370.465,,,,0,0.0,0.0,0.0,0.0,0.0,0.0,0.0,0.0,0.0,0.9984704293288662,0.9984704293288662,0.0
2024-01-08,15:02:00.000000000,46.845,370.7025,0.2634841621138507,-50.82923760600973,0.9542093370304848,0,0.0,0.0,0.0,0.0,0.0,0.0,0.0,0.0,0.0,0.9984704293288662,0.9984704293288662,0.0
2024-01-08,15:03:00.000000000,46.88,370.615,,,,0,0.0,0.0,0.0,0.0,0.0,0.0,0.0,0.0,0.0,0.9984704293288662,0.9984704293288662,0.0
2024-01-08,15:04:00.000000000,46.9,370.74,,,,0,0.0,0.0,0.0,0.0,0.0,0.0,0.0,0.0,0.0,0.9984704293288662,0.9984704293288662,0.0
2024-01-08,15:05:00.000000000,46.87,370.6943,0.2634289788498852,-50.781620914473,0.9747564610642816,0,0.0,0.0,0.0,0.0,0.0,0.0,0.0,0.0,0.0,0.9984704293288662,0.9984704293288662,0.0
2024-01-08,15:06:00.000000000,46.92,370.86,,,,0,0.0,0.0,0.0,0.0,0.0,0.0,0.0,0.0,0.0,0.9984704293288662,0.9984704293288662,0.0
2024-01-08,15:07:00.000000000,46.925,370.68,,,,0,0.0,0.0,0.0,0.0,0.0,0.0,0.0,0.0,0.0,0.9984704293288662,0.9984704293288662,0.0
2024-01-08,15:08:00.000000000,46.95,370.63,0.2634294187759583,-50.68484548093343,1.0389905651815776,0,0.0,0.0,0.0,0.0,0.0,0.0,0.0,0.0,0.0,0.9984704293288662,0.9984704293288662,0.0
2024-01-08,15:09:00.000000000,47.0,370.52,,,,0,0.0,0.0,0.0,0.0,0.0,0.0,0.0,0.0,0.0,0.9984704293288662,0.9984704293288662,0.0
2024-01-08,15:10:00.000000000,46.97,370.48,,,,0,0.0,0.0,0.0,0.0,0.0,0.0,0.0,0.0,0.0,0.9984704293288662,0.9984704293288662,0.0
2024-01-08,15:11:00.000000000,46.94,370.24,0.2634224988644933,-50.589545979590014,1.1023651279714228,0,0.0,0.0,0.0,0.0,0.0,0.0,0.0,0.0,0.0,0.9984704293288662,0.9984704293288662,0.0
2024-01-08,15:12:00.000000000,46.915,370.1904,,,,0,0.0,0.0,0.0,0.0,0.0,0.0,0.0,0.0,0.0,0.9984704293288662,0.9984704293288662,0.0
2024-01-08,15:13:00.000000000,46.89,370.09,,,,0,0.0,0.0,0.0,0.0,0.0,0.0,0.0,0.0,0.0,0.9984704293288662,0.9984704293288662,0.0
2024-01-08,15:14:00.000000000,46.885,370.065,0.263388088736343,-50.58571305821477,1.0837394478558717,0,0.0,0.0,0.0,0.0,0.0,0.0,0.0,0.0,0.0,0.9984704293288662,0.9984704293288662,0.0
2024-01-08,15:15:00.000000000,46.95,370.28,,,,0,0.0,0.0,0.0,0.0,0.0,0.0,0.0,0.0,0.0,0.9984704293288662,0.9984704293288662,0.0
2024-01-08,15:16:00.000000000,46.93,370.333,,,,0,0.0,0.0,0.0,0.0,0.0,0.0,0.0,0.0,0.0,0.9984704293288662,0.9984704293288662,0.0
2024-01-08,15:17:00.000000000,46.945,370.65,0.2633300227994978,-50.65827295063385,0.9956094647100472,0,0.0,0.0,0.0,0.0,0.0,0.0,0.0,0.0,0.0,0.9984704293288662,0.9984704293288662,0.0
2024-01-08,15:18:00.000000000,46.935,370.36,,,,0,0.0,0.0,0.0,0.0,0.0,0.0,0.0,0.0,0.0,0.9984704293288662,0.9984704293288662,0.0
2024-01-08,15:19:00.000000000,46.975,370.44,,,,0,0.0,0.0,0.0,0.0,0.0,0.0,0.0,0.0,0.0,0.9984704293288662,0.9984704293288662,0.0
2024-01-08,15:20:00.000000000,46.96,370.62,0.2632558460993428,-50.607881681338434,1.0222306047124359,0,0.0,0.0,0.0,0.0,0.0,0.0,0.0,0.0,0.0,0.9984704293288662,0.9984704293288662,0.0
2024-01-08,15:21:00.000000000,46.91,370.44,,,,0,0.0,0.0,0.0,0.0,0.0,0.0,0.0,0.0,0.0,0.9984704293288662,0.9984704293288662,0.0
2024-01-08,15:22:00.000000000,46.905,370.28,,,,0,0.0,0.0,0.0,0.0,0.0,0.0,0.0,0.0,0.0,0.9984704293288662,0.9984704293288662,0.0
2024-01-08,15:23:00.000000000,46.905,370.2,0.2632217369675832,-50.5396870253993,1.066448375635771,0,0.0,0.0,0.0,0.0,0.0,0.0,0.0,0.0,0.0,0.9984704293288662,0.9984704293288662,0.0
2024-01-08,15:24:00.000000000,46.87,370.105,,,,0,0.0,0.0,0.0,0.0,0.0,0.0,0.0,0.0,0.0,0.9984704293288662,0.9984704293288662,0.0
2024-01-08,15:25:00.000000000,46.86,370.035,,,,0,0.0,0.0,0.0,0.0,0.0,0.0,0.0,0.0,0.0,0.9984704293288662,0.9984704293288662,0.0
2024-01-08,15:26:00.000000000,46.9,370.105,0.26313598663682275,-50.48794433422129,1.0957007253823636,0,0.0,0.0,0.0,0.0,0.0,0.0,0.0,0.0,0.0,0.9984704293288662,0.9984704293288662,0.0
2024-01-08,15:27:00.000000000,46.9,369.95,,,,0,0.0,0.0,0.0,0.0,0.0,0.0,0.0,0.0,0.0,0.9984704293288662,0.9984704293288662,0.0
2024-01-08,15:28:00.000000000,46.9,370.0,,,,0,0.0,0.0,0.0,0.0,0.0,0.0,0.0,0.0,0.0,0.9984704293288662,0.9984704293288662,0.0
2024-01-08,15:29:00.000000000,46.895,370.1056,0.26302799969146273,-50.45313564260862,1.1092211875783464,0,0.0,0.0,0.0,0.0,0.0,0.0,0.0,0.0,0.0,0.9984704293288662,0.9984704293288662,0.0
2024-01-08,15:30:00.000000000,46.89,370.165,,,,0,0.0,0.0,0.0,0.0,0.0,0.0,0.0,0.0,0.0,0.9984704293288662,0.9984704293288662,0.0
2024-01-08,15:31:00.000000000,46.895,370.1601,,,,0,0.0,0.0,0.0,0.0,0.0,0.0,0.0,0.0,0.0,0.9984704293288662,0.9984704293288662,0.0
2024-01-08,15:32:00.000000000,46.905,370.323,0.26292695567667196,-50.46289900705219,1.0792766778459892,0,0.0,0.0,0.0,0.0,0.0,0.0,0.0,0.0,0.0,0.9984704293288662,0.9984704293288662,0.0
2024-01-08,15:33:00.000000000,46.881,370.23,,,,0,0.0,0.0,0.0,0.0,0.0,0.0,0.0,0.0,0.0,0.9984704293288662,0.9984704293288662,0.0
2024-01-08,15:34:00.000000000,46.885,370.49,,,,0,0.0,0.0,0.0,0.0,0.0,0.0,0.0,0.0,0.0,0.9984704293288662,0.9984704293288662,0.0
2024-01-08,15:35:00.000000000,46.87,370.69,0.2627903419123436,-50.54375184348664,0.9776530511554326,0,0.0,0.0,0.0,0.0,0.0,0.0,0.0,0.0,0.0,0.9984704293288662,0.9984704293288662,0.0
2024-01-08,15:36:00.000000000,46.875,370.6,,,,0,0.0,0.0,0.0,0.0,0.0,0.0,0.0,0.0,0.0,0.9984704293288662,0.9984704293288662,0.0
2024-01-08,15:37:00.000000000,46.86,370.46,,,,0,0.0,0.0,0.0,0.0,0.0,0.0,0.0,0.0,0.0,0.9984704293288662,0.9984704293288662,0.0
2024-01-08,15:38:00.000000000,46.86,370.37,0.2626994929697317,-50.43601121119954,1.0706442965574778,0,0.0,0.0,0.0,0.0,0.0,0.0,0.0,0.0,0.0,0.9984704293288662,0.9984704293288662,0.0
2024-01-08,15:39:00.000000000,46.86,370.31,,,,0,0.0,0.0,0.0,0.0,0.0,0.0,0.0,0.0,0.0,0.9984704293288662,0.9984704293288662,0.0
2024-01-08,15:40:00.000000000,46.865,370.4,,,,0,0.0,0.0,0.0,0.0,0.0,0.0,0.0,0.0,0.0,0.9984704293288662,0.9984704293288662,0.0
2024-01-08,15:41:00.000000000,46.885,370.4,0.2626211195592338,-50.38986268474019,1.100362831283268,0,0.0,0.0,0.0,0.0,0.0,0.0,0.0,0.0,0.0,0.9984704293288662,0.9984704293288662,0.0
2024-01-08,15:42:00.000000000,46.865,370.42,,,,0,0.0,0.0,0.0,0.0,0.0,0.0,0.0,0.0,0.0,0.9984704293288662,0.9984704293288662,0.0
2024-01-08,15:43:00.000000000,46.87,370.005,,,,0,0.0,0.0,0.0,0.0,0.0,0.0,0.0,0.0,0.0,0.9984704293288662,0.9984704293288662,0.0
2024-01-08,15:44:00.000000000,46.86,369.96,0.26252724069655037,-50.264577968095765,1.215680655752518,0,0.0,0.0,0.0,0.0,0.0,0.0,0.0,0.0,0.0,0.9984704293288662,0.9984704293288662,0.0
2024-01-08,15:45:00.000000000,46.865,369.88,,,,0,0.0,0.0,0.0,0.0,0.0,0.0,0.0,0.0,0.0,0.9984704293288662,0.9984704293288662,0.0
2024-01-08,15:46:00.000000000,46.89,369.965,,,,0,0.0,0.0,0.0,0.0,0.0,0.0,0.0,0.0,0.0,0.9984704293288662,0.9984704293288662,0.0
2024-01-08,15:47:00.000000000,46.8989,370.07,0.2623996426470738,-50.20733575440261,1.258034128936569,0,0.0,0.0,0.0,0.0,0.0,0.0,0.0,0.0,0.0,0.9984704293288662,0.9984704293288662,0.0
2024-01-08,15:48:00.000000000,46.915,370.11,,,,0,0.0,0.0,0.0,0.0,0.0,0.0,0.0,0.0,0.0,0.9984704293288662,0.9984704293288662,0.0
2024-01-08,15:49:00.000000000,46.955,370.25,,,,0,0.0,0.0,0.0,0.0,0.0,0.0,0.0,0.0,0.0,0.9984704293288662,0.9984704293288662,0.0
2024-01-08,15:50:00.000000000,46.96,370.295,0.2622756787199972,-50.15937245162136,1.2908647490924292,0,0.0,0.0,0.0,0.0,0.0,0.0,0.0,0.0,0.0,0.9984704293288662,0.9984704293288662,0.0
2024-01-08,15:51:00.000000000,46.9786,370.37,,,,0,0.0,0.0,0.0,0.0,0.0,0.0,0.0,0.0,0.0,0.9984704293288662,0.9984704293288662,0.0
2024-01-08,15:52:00.000000000,46.985,370.315,,,,0,0.0,0.0,0.0,0.0,0.0,0.0,0.0,0.0,0.0,0.9984704293288662,0.9984704293288662,0.0
2024-01-08,15:53:00.000000000,46.96,370.245,0.2621097279067117,-50.08481620882048,1.3543380998108212,0,0.0,0.0,0.0,0.0,0.0,0.0,0.0,0.0,0.0,0.9984704293288662,0.9984704293288662,0.0
2024-01-08,15:54:00.000000000,46.95,370.31,,,,0,0.0,0.0,0.0,0.0,0.0,0.0,0.0,0.0,0.0,0.9984704293288662,0.9984704293288662,0.0
2024-01-08,15:55:00.000000000,46.965,370.44,,,,0,0.0,0.0,0.0,0.0,0.0,0.0,0.0,0.0,0.0,0.9984704293288662,0.9984704293288662,0.0
2024-01-08,15:56:00.000000000,46.962,370.4587,0.2619655166888323,-50.08540475737311,1.3328264566712,0,0.0,0.0,0.0,0.0,0.0,0.0,0.0,0.0,0.0,0.9984704293288662,0.9984704293288662,0.0
2024-01-08,15:57:00.000000000,46.96,370.38,,,,0,0.0,0.0,0.0,0.0,0.0,0.0,0.0,0.0,0.0,0.9984704293288662,0.9984704293288662,0.0
2024-01-08,15:58:00.000000000,46.95,370.3782,,,,0,0.0,0.0,0.0,0.0,0.0,0.0,0.0,0.0,0.0,0.9984704293288662,0.9984704293288662,0.0
2024-01-08,15:59:00.000000000,46.935,370.28,0.26180537012740196,-50.00629245077438,1.4043413562937148,0,0.0,0.0,0.0,0.0,0.0,0.0,0.0,0.0,0.0,0.9984704293288662,0.9984704293288662,0.0
2024-01-08,16:00:00.000000000,46.94,370.105,,,,0,0.0,0.0,0.0,0.0,0.0,0.0,0.0,0.0,0.0,0.9984704293288662,0.9984704293288662,0.0
2024-01-08,16:01:00.000000000,46.94,370.19,,,,0,0.0,0.0,0.0,0.0,0.0,0.0,0.0,0.0,0.0,0.9984704293288662,0.9984704293288662,0.0
2024-01-08,16:02:00.000000000,46.915,370.05,0.2616379453306272,-49.90412166959859,1.5029612167284532,0,0.0,0.0,0.0,0.0,0.0,0.0,0.0,0.0,0.0,0.9984704293288662,0.9984704293288662,0.0
2024-01-08,16:03:00.000000000,46.915,370.1357,,,,0,0.0,0.0,0.0,0.0,0.0,0.0,0.0,0.0,0.0,0.9984704293288662,0.9984704293288662,0.0
2024-01-08,16:04:00.000000000,46.89,370.21,,,,0,0.0,0.0,0.0,0.0,0.0,0.0,0.0,0.0,0.0,0.9984704293288662,0.9984704293288662,0.0
2024-01-08,16:05:00.000000000,46.895,370.26,0.2614881321600887,-49.92359581359444,1.456548471140213,0,0.0,0.0,0.0,0.0,0.0,0.0,0.0,0.0,0.0,0.9984704293288662,0.9984704293288662,0.0
2024-01-08,16:06:00.000000000,46.9,370.35,,,,0,0.0,0.0,0.0,0.0,0.0,0.0,0.0,0.0,0.0,0.9984704293288662,0.9984704293288662,0.0
2024-01-08,16:07:00.000000000,46.905,370.5,,,,0,0.0,0.0,0.0,0.0,0.0,0.0,0.0,0.0,0.0,0.9984704293288662,0.9984704293288662,0.0
2024-01-08,16:08:00.000000000,46.905,370.79,0.26133857778525654,-49.996731256995275,1.3459358239988337,0,0.0,0.0,0.0,0.0,0.0,0.0,0.0,0.0,0.0,0.9984704293288662,0.9984704293288662,0.0
2024-01-08,16:09:00.000000000,46.86,370.4,,,,0,0.0,0.0,0.0,0.0,0.0,0.0,0.0,0.0,0.0,0.9984704293288662,0.9984704293288662,0.0
2024-01-08,16:10:00.000000000,46.855,370.44,,,,0,0.0,0.0,0.0,0.0,0.0,0.0,0.0,0.0,0.0,0.9984704293288662,0.9984704293288662,0.0
2024-01-08,16:11:00.000000000,46.83,370.25,0.2612075507509581,-49.88209566554224,1.4685454715087272,0,0.0,0.0,0.0,0.0,0.0,0.0,0.0,0.0,0.0,0.9984704293288662,0.9984704293288662,0.0
2024-01-08,16:12:00.000000000,46.835,370.27,,,,0,0.0,0.0,0.0,0.0,0.0,0.0,0.0,0.0,0.0,0.9984704293288662,0.9984704293288662,0.0
2024-01-08,16:13:00.000000000,46.83,370.31,,,,0,0.0,0.0,0.0,0.0,0.0,0.0,0.0,0.0,0.0,0.9984704293288662,0.9984704293288662,0.0
2024-01-08,16:14:00.000000000,46.84,370.25,0.26106426070328637,-49.81904252539178,1.526260237671001,0,0.0,0.0,0.0,0.0,0.0,0.0,0.0,0.0,0.0,0.9984704293288662,0.9984704293288662,0.0
2024-01-08,16:15:00.000000000,46.83,370.165,,,,0,0.0,0.0,0.0,0.0,0.0,0.0,0.0,0.0,0.0,0.9984704293288662,0.9984704293288662,0.0
2024-01-08,16:16:00.000000000,46.825,370.14,,,,0,0.0,0.0,0.0,0.0,0.0,0.0,0.0,0.0,0.0,0.9984704293288662,0.9984704293288662,0.0
2024-01-08,16:17:00.000000000,46.845,370.13,0.2609274507678168,-49.732077352692045,1.6141943416253663,0,0.0,0.0,0.0,0.0,0.0,0.0,0.0,0.0,0.0,0.9984704293288662,0.9984704293288662,0.0
2024-01-08,16:18:00.000000000,46.855,370.28,,,,0,0.0,0.0,0.0,0.0,0.0,0.0,0.0,0.0,0.0,0.9984704293288662,0.9984704293288662,0.0
2024-01-08,16:19:00.000000000,46.8613,370.38,,,,0,0.0,0.0,0.0,0.0,0.0,0.0,0.0,0.0,0.0,0.9984704293288662,0.9984704293288662,0.0
2024-01-08,16:20:00.000000000,46.9,370.5211,0.26076985214801446,-49.72073246471968,1.6040904936734202,0,0.0,0.0,0.0,0.0,0.0,0.0,0.0,0.0,0.0,0.9984704293288662,0.9984704293288662,0.0
2024-01-08,16:21:00.000000000,46.85,370.41,,,,0,0.0,0.0,0.0,0.0,0.0,0.0,0.0,0.0,0.0,0.9984704293288662,0.9984704293288662,0.0
2024-01-08,16:22:00.000000000,46.8312,370.275,,,,0,0.0,0.0,0.0,0.0,0.0,0.0,0.0,0.0,0.0,0.9984704293288662,0.9984704293288662,0.0
2024-01-08,16:23:00.000000000,46.81,370.4127,0.2606217742067936,-49.72761506272877,1.570895403546668,0,0.0,0.0,0.0,0.0,0.0,0.0,0.0,0.0,0.0,0.9984704293288662,0.9984704293288662,0.0
2024-01-08,16:24:00.000000000,46.81,370.43,,,,0,0.0,0.0,0.0,0.0,0.0,0.0,0.0,0.0,0.0,0.9984704293288662,0.9984704293288662,0.0
2024-01-08,16:25:00.000000000,46.7987,370.4001,,,,0,0.0,0.0,0.0,0.0,0.0,0.0,0.0,0.0,0.0,0.9984704293288662,0.9984704293288662,0.0
2024-01-08,16:26:00.000000000,46.79,370.3,0.2604769226050304,-49.66460444064277,1.6311183822714963,0,0.0,0.0,0.0,0.0,0.0,0.0,0.0,0.0,0.0,0.9984704293288662,0.9984704293288662,0.0
2024-01-08,16:27:00.000000000,46.78,370.24,,,,0,0.0,0.0,0.0,0.0,0.0,0.0,0.0,0.0,0.0,0.9984704293288662,0.9984704293288662,0.0
2024-01-08,16:28:00.000000000,46.76,370.25,,,,0,0.0,0.0,0.0,0.0,0.0,0.0,0.0,0.0,0.0,0.9984704293288662,0.9984704293288662,0.0
2024-01-08,16:29:00.000000000,46.785,370.14,0.26032597293677573,-49.57205562281817,1.7298078255156184,0,0.0,0.0,0.0,0.0,0.0,0.0,0.0,0.0,0.0,0.9984704293288662,0.9984704293288662,0.0
2024-01-08,16:30:00.000000000,46.8,370.2,,,,0,0.0,0.0,0.0,0.0,0.0,0.0,0.0,0.0,0.0,0.9984704293288662,0.9984704293288662,0.0
2024-01-08,16:31:00.000000000,46.83,370.43,,,,0,0.0,0.0,0.0,0.0,0.0,0.0,0.0,0.0,0.0,0.9984704293288662,0.9984704293288662,0.0
2024-01-08,16:32:00.000000000,46.815,370.29,0.260183360770213,-49.52829665960218,1.7600278133743787,0,0.0,0.0,0.0,0.0,0.0,0.0,0.0,0.0,0.0,0.9984704293288662,0.9984704293288662,0.0
2024-01-08,16:33:00.000000000,46.82,370.48,,,,0,0.0,0.0,0.0,0.0,0.0,0.0,0.0,0.0,0.0,0.9984704293288662,0.9984704293288662,0.0
2024-01-08,16:34:00.000000000,46.81,370.5,,,,0,0.0,0.0,0.0,0.0,0.0,0.0,0.0,0.0,0.0,0.9984704293288662,0.9984704293288662,0.0
2024-01-08,16:35:00.000000000,46.795,370.43,0.260017684444718,-49.52335084885689,1.7366830057709668,0,0.0,0.0,0.0,0.0,0.0,0.0,0.0,0.0,0.0,0.9984704293288662,0.9984704293288662,0.0
2024-01-08,16:36:00.000000000,46.79,370.3936,,,,0,0.0,0.0,0.0,0.0,0.0,0.0,0.0,0.0,0.0,0.9984704293288662,0.9984704293288662,0.0
2024-01-08,16:37:00.000000000,46.795,370.21,,,,0,0.0,0.0,0.0,0.0,0.0,0.0,0.0,0.0,0.0,0.9984704293288662,0.9984704293288662,0.0
2024-01-08,16:38:00.000000000,46.8,370.4,0.25984954620495754,-49.448271914316265,1.8107681217218552,0,0.0,0.0,0.0,0.0,0.0,0.0,0.0,0.0,0.0,0.9984704293288662,0.9984704293288662,0.0
2024-01-08,16:39:00.000000000,46.79,370.2322,,,,0,0.0,0.0,0.0,0.0,0.0,0.0,0.0,0.0,0.0,0.9984704293288662,0.9984704293288662,0.0
2024-01-08,16:40:00.000000000,46.765,370.2,,,,0,0.0,0.0,0.0,0.0,0.0,0.0,0.0,0.0,0.0,0.9984704293288662,0.9984704293288662,0.0
2024-01-08,16:41:00.000000000,46.77,370.4299,0.25968272046153845,-49.42424417229564,1.8119442663016023,0,0.0,0.0,0.0,0.0,0.0,0.0,0.0,0.0,0.0,0.9984704293288662,0.9984704293288662,0.0
2024-01-08,16:42:00.000000000,46.78,370.515,,,,0,0.0,0.0,0.0,0.0,0.0,0.0,0.0,0.0,0.0,0.9984704293288662,0.9984704293288662,0.0
2024-01-08,16:43:00.000000000,46.8,370.66,,,,0,0.0,0.0,0.0,0.0,0.0,0.0,0.0,0.0,0.0,0.9984704293288662,0.9984704293288662,0.0
2024-01-08,16:44:00.000000000,46.79,370.505,0.25951323505646995,-49.360951154597394,1.8680638638346143,0,0.0,0.0,0.0,0.0,0.0,0.0,0.0,0.0,0.0,0.9984704293288662,0.9984704293288662,0.0
2024-01-08,16:45:00.000000000,46.785,370.83,,,,0,0.0,0.0,0.0,0.0,0.0,0.0,0.0,0.0,0.0,0.9984704293288662,0.9984704293288662,0.0
2024-01-08,16:46:00.000000000,46.82,370.82,,,,0,0.0,0.0,0.0,0.0,0.0,0.0,0.0,0.0,0.0,0.9984704293288662,0.9984704293288662,0.0
2024-01-08,16:47:00.000000000,46.81,370.67,0.259339835610464,-49.319496865730684,1.8910389178751927,0,0.0,0.0,0.0,0.0,0.0,0.0,0.0,0.0,0.0,0.9984704293288662,0.9984704293288662,0.0
2024-01-08,16:48:00.000000000,46.82,370.91,,,,0,0.0,0.0,0.0,0.0,0.0,0.0,0.0,0.0,0.0,0.9984704293288662,0.9984704293288662,0.0
2024-01-08,16:49:00.000000000,46.83,370.89,,,,0,0.0,0.0,0.0,0.0,0.0,0.0,0.0,0.0,0.0,0.9984704293288662,0.9984704293288662,0.0
2024-01-08,16:50:00.000000000,46.83,370.83,0.25915909043354585,-49.27396550547181,1.9182010377583518,0,0.0,0.0,0.0,0.0,0.0,0.0,0.0,0.0,0.0,0.9984704293288662,0.9984704293288662,0.0
2024-01-08,16:51:00.000000000,46.8395,371.0678,,,,0,0.0,0.0,0.0,0.0,0.0,0.0,0.0,0.0,0.0,0.9984704293288662,0.9984704293288662,0.0
2024-01-08,16:52:00.000000000,46.85,371.19,,,,0,0.0,0.0,0.0,0.0,0.0,0.0,0.0,0.0,0.0,0.9984704293288662,0.9984704293288662,0.0
2024-01-08,16:53:00.000000000,46.86,371.19,0.258953773300701,-49.261051111487205,1.8972675609796346,0,0.0,0.0,0.0,0.0,0.0,0.0,0.0,0.0,0.0,0.9984704293288662,0.9984704293288662,0.0
2024-01-08,16:54:00.000000000,46.86,371.29,,,,0,0.0,0.0,0.0,0.0,0.0,0.0,0.0,0.0,0.0,0.9984704293288662,0.9984704293288662,0.0
2024-01-08,16:55:00.000000000,46.845,371.19,,,,0,0.0,0.0,0.0,0.0,0.0,0.0,0.0,0.0,0.0,0.9984704293288662,0.9984704293288662,0.0
2024-01-08,16:56:00.000000000,46.82,371.13,0.25874783552823066,-49.20908419959225,1.9325143364578792,0,0.0,0.0,0.0,0.0,0.0,0.0,0.0,0.0,0.0,0.9984704293288662,0.9984704293288662,0.0
2024-01-08,16:57:00.000000000,46.815,371.05,,,,0,0.0,0.0,0.0,0.0,0.0,0.0,0.0,0.0,0.0,0.9984704293288662,0.9984704293288662,0.0
2024-01-08,16:58:00.000000000,46.82,371.07,,,,0,0.0,0.0,0.0,0.0,0.0,0.0,0.0,0.0,0.0,0.9984704293288662,0.9984704293288662,0.0
2024-01-08,16:59:00.000000000,46.835,371.22,0.25852382285614417,-49.134213520657845,1.9977301244474797,0,0.0,0.0,0.0,0.0,0.0,0.0,0.0,0.0,0.0,0.9984704293288662,0.9984704293288662,0.0
2024-01-08,17:00:00.000000000,46.83,371.09,,,,0,0.0,0.0,0.0,0.0,0.0,0.0,0.0,0.0,0.0,0.9984704293288662,0.9984704293288662,0.0
2024-01-08,17:01:00.000000000,46.875,370.9897,,,,0,0.0,0.0,0.0,0.0,0.0,0.0,0.0,0.0,0.0,0.9984704293288662,0.9984704293288662,0.0
2024-01-08,17:02:00.000000000,46.875,370.9099,0.2583347009362606,-48.94389809079833,2.219468151975508,0,0.0,0.0,0.0,0.0,0.0,0.0,0.0,0.0,0.0,0.9984704293288662,0.9984704293288662,0.0
2024-01-08,17:03:00.000000000,46.885,370.802,,,,0,0.0,0.0,0.0,0.0,0.0,0.0,0.0,0.0,0.0,0.9984704293288662,0.9984704293288662,0.0
2024-01-08,17:04:00.000000000,46.8889,371.02,,,,0,0.0,0.0,0.0,0.0,0.0,0.0,0.0,0.0,0.0,0.9984704293288662,0.9984704293288662,0.0
2024-01-08,17:05:00.000000000,46.87,371.01,0.2581306375026189,-48.899047819846636,2.218226515966934,0,0.0,0.0,0.0,0.0,0.0,0.0,0.0,0.0,0.0,0.9984704293288662,0.9984704293288662,0.0
2024-01-08,17:06:00.000000000,46.905,371.27,,,,0,0.0,0.0,0.0,0.0,0.0,0.0,0.0,0.0,0.0,0.9984704293288662,0.9984704293288662,0.0
2024-01-08,17:07:00.000000000,46.89,371.4683,,,,0,0.0,0.0,0.0,0.0,0.0,0.0,0.0,0.0,0.0,0.9984704293288662,0.9984704293288662,0.0
2024-01-08,17:08:00.000000000,46.875,371.51,0.2578814698789652,-48.930544874734366,2.1091107531019446,0,0.0,0.0,0.0,0.0,0.0,0.0,0.0,0.0,0.0,0.9984704293288662,0.9984704293288662,0.0
2024-01-08,17:09:00.000000000,46.88,371.54,,,,0,0.0,0.0,0.0,0.0,0.0,0.0,0.0,0.0,0.0,0.9984704293288662,0.9984704293288662,0.0
2024-01-08,17:10:00.000000000,46.86,371.53,,,,0,0.0,0.0,0.0,0.0,0.0,0.0,0.0,0.0,0.0,0.9984704293288662,0.9984704293288662,0.0
2024-01-08,17:11:00.000000000,46.86,371.49,0.2576183662405668,-48.84264687470815,2.1709829664182148,0,0.0,0.0,0.0,0.0,0.0,0.0,0.0,0.0,0.0,0.9984704293288662,0.9984704293288662,0.0
2024-01-08,17:12:00.000000000,46.875,371.52,,,,0,0.0,0.0,0.0,0.0,0.0,0.0,0.0,0.0,0.0,0.9984704293288662,0.9984704293288662,0.0
2024-01-08,17:13:00.000000000,46.875,371.515,,,,0,0.0,0.0,0.0,0.0,0.0,0.0,0.0,0.0,0.0,0.9984704293288662,0.9984704293288662,0.0
2024-01-08,17:14:00.000000000,46.875,371.37,0.25736338213634,-48.70203922397259,2.295639238625996,0,0.0,0.0,0.0,0.0,0.0,0.0,0.0,0.0,0.0,0.9984704293288662,0.9984704293288662,0.0
2024-01-08,17:15:00.000000000,46.89,371.45,,,,0,0.0,0.0,0.0,0.0,0.0,0.0,0.0,0.0,0.0,0.9984704293288662,0.9984704293288662,0.0
2024-01-08,17:16:00.000000000,46.875,371.395,,,,0,0.0,0.0,0.0,0.0,0.0,0.0,0.0,0.0,0.0,0.9984704293288662,0.9984704293288662,0.0
2024-01-08,17:17:00.000000000,46.88,371.245,0.25711128244732157,-48.5712780521559,2.3899541847480625,0,0.0,0.0,0.0,0.0,0.0,0.0,0.0,0.0,0.0,0.9984704293288662,0.9984704293288662,0.0
2024-01-08,17:18:00.000000000,46.88,371.24,,,,0,0.0,0.0,0.0,0.0,0.0,0.0,0.0,0.0,0.0,0.9984704293288662,0.9984704293288662,0.0
2024-01-08,17:19:00.000000000,46.905,371.1731,,,,0,0.0,0.0,0.0,0.0,0.0,0.0,0.0,0.0,0.0,0.9984704293288662,0.9984704293288662,0.0
2024-01-08,17:20:00.000000000,46.8801,371.17,0.25686005201492534,-48.45864550637984,2.445098790192596,0,0.0,0.0,0.0,0.0,0.0,0.0,0.0,0.0,0.0,0.9984704293288662,0.9984704293288662,0.0
2024-01-08,17:21:00.000000000,46.88,371.2606,,,,0,0.0,0.0,0.0,0.0,0.0,0.0,0.0,0.0,0.0,0.9984704293288662,0.9984704293288662,0.0
2024-01-08,17:22:00.000000000,46.87,371.02,,,,0,0.0,0.0,0.0,0.0,0.0,0.0,0.0,0.0,0.0,0.9984704293288662,0.9984704293288662,0.0
2024-01-08,17:23:00.000000000,46.855,371.0922,0.25661415398918674,-48.37251095498609,2.4552008661904132,0,0.0,0.0,0.0,0.0,0.0,0.0,0.0,0.0,0.0,0.9984704293288662,0.9984704293288662,0.0
2024-01-08,17:24:00.000000000,46.865,371.12,,,,0,0.0,0.0,0.0,0.0,0.0,0.0,0.0,0.0,0.0,0.9984704293288662,0.9984704293288662,0.0
2024-01-08,17:25:00.000000000,46.865,371.16,,,,0,0.0,0.0,0.0,0.0,0.0,0.0,0.0,0.0,0.0,0.9984704293288662,0.9984704293288662,0.0
2024-01-08,17:26:00.000000000,46.855,371.11,0.256354533913115,-48.28073108049612,2.465687352772987,0,0.0,0.0,0.0,0.0,0.0,0.0,0.0,0.0,0.0,0.9984704293288662,0.9984704293288662,0.0
2024-01-08,17:27:00.000000000,46.855,370.9916,,,,0,0.0,0.0,0.0,0.0,0.0,0.0,0.0,0.0,0.0,0.9984704293288662,0.9984704293288662,0.0
2024-01-08,17:28:00.000000000,46.845,371.06,,,,0,0.0,0.0,0.0,0.0,0.0,0.0,0.0,0.0,0.0,0.9984704293288662,0.9984704293288662,0.0
2024-01-08,17:29:00.000000000,46.855,371.11,0.25606706356687536,-48.17404796030312,2.4872012465326954,0,0.0,0.0,0.0,0.0,0.0,0.0,0.0,0.0,0.0,0.9984704293288662,0.9984704293288662,0.0
2024-01-08,17:30:00.000000000,46.855,370.97,,,,0,0.0,0.0,0.0,0.0,0.0,0.0,0.0,0.0,0.0,0.9984704293288662,0.9984704293288662,0.0
2024-01-08,17:31:00.000000000,46.885,371.145,,,,0,0.0,0.0,0.0,0.0,0.0,0.0,0.0,0.0,0.0,0.9984704293288662,0.9984704293288662,0.0
2024-01-08,17:32:00.000000000,46.885,371.16,0.25573968799732716,-48.035342597087954,2.5371946067226863,0,0.0,0.0,0.0,0.0,0.0,0.0,0.0,0.0,0.0,0.9984704293288662,0.9984704293288662,0.0
2024-01-08,17:33:00.000000000,46.905,371.1699,,,,0,0.0,0.0,0.0,0.0,0.0,0.0,0.0,0.0,0.0,0.9984704293288662,0.9984704293288662,0.0
2024-01-08,17:34:00.000000000,46.905,371.3,,,,0,0.0,0.0,0.0,0.0,0.0,0.0,0.0,0.0,0.0,0.9984704293288662,0.9984704293288662,0.0
2024-01-08,17:35:00.000000000,46.905,371.405,0.25538666464726445,-47.94688418331725,2.5181470482444803,0,0.0,0.0,0.0,0.0,0.0,0.0,0.0,0.0,0.0,0.9984704293288662,0.9984704293288662,0.0
2024-01-08,17:36:00.000000000,46.9,371.4,,,,0,0.0,0.0,0.0,0.0,0.0,0.0,0.0,0.0,0.0,0.9984704293288662,0.9984704293288662,0.0
2024-01-08,17:37:00.000000000,46.895,371.43,,,,0,0.0,0.0,0.0,0.0,0.0,0.0,0.0,0.0,0.0,0.9984704293288662,0.9984704293288662,0.0
2024-01-08,17:38:00.000000000,46.9,371.5516,0.2550246514236458,-47.854817275897865,2.500392263117401,0,0.0,0.0,0.0,0.0,0.0,0.0,0.0,0.0,0.0,0.9984704293288662,0.9984704293288662,0.0
2024-01-08,17:39:00.000000000,46.9,371.635,,,,0,0.0,0.0,0.0,0.0,0.0,0.0,0.0,0.0,0.0,0.9984704293288662,0.9984704293288662,0.0
2024-01-08,17:40:00.000000000,46.895,371.6899,,,,0,0.0,0.0,0.0,0.0,0.0,0.0,0.0,0.0,0.0,0.9984704293288662,0.9984704293288662,0.0
2024-01-08,17:41:00.000000000,46.905,371.81,0.2546724966888063,-47.78478099386507,2.456727025277155,0,0.0,0.0,0.0,0.0,0.0,0.0,0.0,0.0,0.0,0.9984704293288662,0.9984704293288662,0.0
2024-01-08,17:42:00.000000000,46.9,371.82,,,,0,0.0,0.0,0.0,0.0,0.0,0.0,0.0,0.0,0.0,0.9984704293288662,0.9984704293288662,0.0
2024-01-08,17:43:00.000000000,46.895,371.89,,,,0,0.0,0.0,0.0,0.0,0.0,0.0,0.0,0.0,0.0,0.9984704293288662,0.9984704293288662,0.0
2024-01-08,17:44:00.000000000,46.9,371.8,0.2543590921752271,-47.67071047074945,2.459282227759672,0,0.0,0.0,0.0,0.0,0.0,0.0,0.0,0.0,0.0,0.9984704293288662,0.9984704293288662,0.0
2024-01-08,17:45:00.000000000,46.9,371.84,,,,0,0.0,0.0,0.0,0.0,0.0,0.0,0.0,0.0,0.0,0.9984704293288662,0.9984704293288662,0.0
2024-01-08,17:46:00.000000000,46.91,371.8,,,,0,0.0,0.0,0.0,0.0,0.0,0.0,0.0,0.0,0.0,0.9984704293288662,0.9984704293288662,0.0
2024-01-08,17:47:00.000000000,46.895,371.745,0.2540892629674778,-47.56141306184504,2.4516411530423605,0,0.0,0.0,0.0,0.0,0.0,0.0,0.0,0.0,0.0,0.9984704293288662,0.9984704293288662,0.0
2024-01-08,17:48:00.000000000,46.905,371.76,,,,0,0.0,0.0,0.0,0.0,0.0,0.0,0.0,0.0,0.0,0.9984704293288662,0.9984704293288662,0.0
2024-01-08,17:49:00.000000000,46.915,371.835,,,,0,0.0,0.0,0.0,0.0,0.0,0.0,0.0,0.0,0.0,0.9984704293288662,0.9984704293288662,0.0
2024-01-08,17:50:00.000000000,46.905,371.86,0.25379667134040823,-47.471830204644206,2.4212971813135407,0,0.0,0.0,0.0,0.0,0.0,0.0,0.0,0.0,0.0,0.9984704293288662,0.9984704293288662,0.0
2024-01-08,17:51:00.000000000,46.915,371.81,,,,0,0.0,0.0,0.0,0.0,0.0,0.0,0.0,0.0,0.0,0.9984704293288662,0.9984704293288662,0.0
2024-01-08,17:52:00.000000000,46.94,371.89,,,,0,0.0,0.0,0.0,0.0,0.0,0.0,0.0,0.0,0.0,0.9984704293288662,0.9984704293288662,0.0
2024-01-08,17:53:00.000000000,46.935,371.87,0.2535115747088482,-47.33834928697938,2.4312209215892233,0,0.0,0.0,0.0,0.0,0.0,0.0,0.0,0.0,0.0,0.9984704293288662,0.9984704293288662,0.0
2024-01-08,17:54:00.000000000,46.945,372.0125,,,,0,0.0,0.0,0.0,0.0,0.0,0.0,0.0,0.0,0.0,0.9984704293288662,0.9984704293288662,0.0
2024-01-08,17:55:00.000000000,46.96,371.975,,,,0,0.0,0.0,0.0,0.0,0.0,0.0,0.0,0.0,0.0,0.9984704293288662,0.9984704293288662,0.0
2024-01-08,17:56:00.000000000,46.945,371.85,0.25321304857435445,-47.212272112373704,2.428243877373339,0,0.0,0.0,0.0,0.0,0.0,0.0,0.0,0.0,0.0,0.9984704293288662,0.9984704293288662,0.0
2024-01-08,17:57:00.000000000,46.965,371.8,,,,0,0.0,0.0,0.0,0.0,0.0,0.0,0.0,0.0,0.0,0.9984704293288662,0.9984704293288662,0.0
2024-01-08,17:58:00.000000000,46.95,371.8,,,,0,0.0,0.0,0.0,0.0,0.0,0.0,0.0,0.0,0.0,0.9984704293288662,0.9984704293288662,0.0
2024-01-08,17:59:00.000000000,46.965,371.83,0.2529275867534104,-47.0810645825206,2.425245215481498,0,0.0,0.0,0.0,0.0,0.0,0.0,0.0,0.0,0.0,0.9984704293288662,0.9984704293288662,0.0
2024-01-08,18:00:00.000000000,46.97,371.87,,,,0,0.0,0.0,0.0,0.0,0.0,0.0,0.0,0.0,0.0,0.9984704293288662,0.9984704293288662,0.0
2024-01-08,18:01:00.000000000,46.97,371.75,,,,0,0.0,0.0,0.0,0.0,0.0,0.0,0.0,0.0,0.0,0.9984704293288662,0.9984704293288662,0.0
2024-01-08,18:02:00.000000000,46.975,371.7049,0.25263495744734815,-46.930651594470795,2.4339299380909383,0,0.0,0.0,0.0,0.0,0.0,0.0,0.0,0.0,0.0,0.9984704293288662,0.9984704293288662,0.0
2024-01-08,18:03:00.000000000,46.985,371.795,,,,0,0.0,0.0,0.0,0.0,0.0,0.0,0.0,0.0,0.0,0.9984704293288662,0.9984704293288662,0.0
2024-01-08,18:04:00.000000000,46.965,371.72,,,,0,0.0,0.0,0.0,0.0,0.0,0.0,0.0,0.0,0.0,0.9984704293288662,0.9984704293288662,0.0
2024-01-08,18:05:00.000000000,46.985,371.7599,0.25232843848420666,-46.82059505804483,2.4044177880386743,0,0.0,0.0,0.0,0.0,0.0,0.0,0.0,0.0,0.0,0.9984704293288662,0.9984704293288662,0.0
2024-01-08,18:06:00.000000000,46.975,371.7799,,,,0,0.0,0.0,0.0,0.0,0.0,0.0,0.0,0.0,0.0,0.9984704293288662,0.9984704293288662,0.0
2024-01-08,18:07:00.000000000,46.975,371.87,,,,0,0.0,0.0,0.0,0.0,0.0,0.0,0.0,0.0,0.0,0.9984704293288662,0.9984704293288662,0.0
2024-01-08,18:08:00.000000000,46.98,371.82,0.25201709421191903,-46.72499596987574,2.3635765612588373,0,0.0,0.0,0.0,0.0,0.0,0.0,0.0,0.0,0.0,0.9984704293288662,0.9984704293288662,0.0
2024-01-08,18:09:00.000000000,46.98,371.88,,,,0,0.0,0.0,0.0,0.0,0.0,0.0,0.0,0.0,0.0,0.9984704293288662,0.9984704293288662,0.0
2024-01-08,18:10:00.000000000,46.965,371.7,,,,0,0.0,0.0,0.0,0.0,0.0,0.0,0.0,0.0,0.0,0.9984704293288662,0.9984704293288662,0.0
2024-01-08,18:11:00.000000000,46.965,371.62,0.251707936615414,-46.57470340502016,2.365411169260434,0,0.0,0.0,0.0,0.0,0.0,0.0,0.0,0.0,0.0,0.9984704293288662,0.9984704293288662,0.0
2024-01-08,18:12:00.000000000,46.995,371.83,,,,0,0.0,0.0,0.0,0.0,0.0,0.0,0.0,0.0,0.0,0.9984704293288662,0.9984704293288662,0.0
2024-01-08,18:13:00.000000000,47.0,371.9544,,,,0,0.0,0.0,0.0,0.0,0.0,0.0,0.0,0.0,0.0,0.9984704293288662,0.9984704293288662,0.0
2024-01-08,18:14:00.000000000,46.985,371.835,0.2513700799467834,-46.483193677012196,2.3204552936226595,0,0.0,0.0,0.0,0.0,0.0,0.0,0.0,0.0,0.0,0.9984704293288662,0.9984704293288662,0.0
2024-01-08,18:15:00.000000000,46.975,371.765,,,,0,0.0,0.0,0.0,0.0,0.0,0.0,0.0,0.0,0.0,0.9984704293288662,0.9984704293288662,0.0
2024-01-08,18:16:00.000000000,46.99,371.68,,,,0,0.0,0.0,0.0,0.0,0.0,0.0,0.0,0.0,0.0,0.9984704293288662,0.9984704293288662,0.0
2024-01-08,18:17:00.000000000,46.975,371.688,0.25104116194590614,-46.333987401349965,2.318604218018254,0,0.0,0.0,0.0,0.0,0.0,0.0,0.0,0.0,0.0,0.9984704293288662,0.9984704293288662,0.0
2024-01-08,18:18:00.000000000,46.985,371.729,,,,0,0.0,0.0,0.0,0.0,0.0,0.0,0.0,0.0,0.0,0.9984704293288662,0.9984704293288662,0.0
2024-01-08,18:19:00.000000000,46.9713,371.7491,,,,0,0.0,0.0,0.0,0.0,0.0,0.0,0.0,0.0,0.0,0.9984704293288662,0.9984704293288662,0.0
2024-01-08,18:20:00.000000000,46.985,371.86,0.25070276076070075,-46.24132861647418,2.274908981912128,0,0.0,0.0,0.0,0.0,0.0,0.0,0.0,0.0,0.0,0.9984704293288662,0.9984704293288662,0.0
2024-01-08,18:21:00.000000000,46.995,371.8112,,,,0,0.0,0.0,0.0,0.0,0.0,0.0,0.0,0.0,0.0,0.9984704293288662,0.9984704293288662,0.0
2024-01-08,18:22:00.000000000,47.015,371.88,,,,0,0.0,0.0,0.0,0.0,0.0,0.0,0.0,0.0,0.0,0.9984704293288662,0.9984704293288662,0.0
2024-01-08,18:23:00.000000000,46.985,371.925,0.25035043573309435,-46.126585810031116,2.25254480781999,0,0.0,0.0,0.0,0.0,0.0,0.0,0.0,0.0,0.0,0.9984704293288662,0.9984704293288662,0.0
2024-01-08,18:24:00.000000000,46.99,371.9633,,,,0,0.0,0.0,0.0,0.0,0.0,0.0,0.0,0.0,0.0,0.9984704293288662,0.9984704293288662,0.0
2024-01-08,18:25:00.000000000,46.9609,371.8675,,,,0,0.0,0.0,0.0,0.0,0.0,0.0,0.0,0.0,0.0,0.9984704293288662,0.9984704293288662,0.0
2024-01-08,18:26:00.000000000,46.985,371.9443,0.25000721693341377,-46.00375929724673,2.2356762034697364,0,0.0,0.0,0.0,0.0,0.0,0.0,0.0,0.0,0.0,0.9984704293288662,0.9984704293288662,0.0
2024-01-08,18:27:00.000000000,46.985,371.84,,,,0,0.0,0.0,0.0,0.0,0.0,0.0,0.0,0.0,0.0,0.9984704293288662,0.9984704293288662,0.0
2024-01-08,18:28:00.000000000,46.995,371.9,,,,0,0.0,0.0,0.0,0.0,0.0,0.0,0.0,0.0,0.0,0.9984704293288662,0.9984704293288662,0.0
2024-01-08,18:29:00.000000000,46.98,371.7473,0.24967883231905055,-45.83743178175978,2.246738355809805,0,0.0,0.0,0.0,0.0,0.0,0.0,0.0,0.0,0.0,0.9984704293288662,0.9984704293288662,0.0
2024-01-08,18:30:00.000000000,46.96,371.76,,,,0,0.0,0.0,0.0,0.0,0.0,0.0,0.0,0.0,0.0,0.9984704293288662,0.9984704293288662,0.0
2024-01-08,18:31:00.000000000,46.97,371.63,,,,0,0.0,0.0,0.0,0.0,0.0,0.0,0.0,0.0,0.0,0.9984704293288662,0.9984704293288662,0.0
2024-01-08,18:32:00.000000000,46.98,371.64,0.24939007816924788,-45.70332865081928,2.2341961286601846,0,0.0,0.0,0.0,0.0,0.0,0.0,0.0,0.0,0.0,0.9984704293288662,0.9984704293288662,0.0
2024-01-08,18:33:00.000000000,46.965,371.84,,,,0,0.0,0.0,0.0,0.0,0.0,0.0,0.0,0.0,0.0,0.9984704293288662,0.9984704293288662,0.0
2024-01-08,18:34:00.000000000,46.97,371.78,,,,0,0.0,0.0,0.0,0.0,0.0,0.0,0.0,0.0,0.0,0.9984704293288662,0.9984704293288662,0.0
2024-01-08,18:35:00.000000000,46.985,371.79,0.2491127699443442,-45.63263673760774,2.185893463364837,0,0.0,0.0,0.0,0.0,0.0,0.0,0.0,0.0,0.0,0.9984704293288662,0.9984704293288662,0.0
2024-01-08,18:36:00.000000000,46.99,371.835,,,,0,0.0,0.0,0.0,0.0,0.0,0.0,0.0,0.0,0.0,0.9984704293288662,0.9984704293288662,0.0
2024-01-08,18:37:00.000000000,46.985,371.765,,,,0,0.0,0.0,0.0,0.0,0.0,0.0,0.0,0.0,0.0,0.9984704293288662,0.9984704293288662,0.0
2024-01-08,18:38:00.000000000,46.99,371.86,0.24882556102834374,-45.53827312399991,2.154963473679477,0,0.0,0.0,0.0,0.0,0.0,0.0,0.0,0.0,0.0,0.9984704293288662,0.9984704293288662,0.0
2024-01-08,18:39:00.000000000,46.985,371.86,,,,0,0.0,0.0,0.0,0.0,0.0,0.0,0.0,0.0,0.0,0.9984704293288662,0.9984704293288662,0.0
2024-01-08,18:40:00.000000000,46.99,371.92,,,,0,0.0,0.0,0.0,0.0,0.0,0.0,0.0,0.0,0.0,0.9984704293288662,0.9984704293288662,0.0
2024-01-08,18:41:00.000000000,47.005,371.91,0.24851825205310088,-45.42142312106875,2.13959238183442,0,0.0,0.0,0.0,0.0,0.0,0.0,0.0,0.0,0.0,0.9984704293288662,0.9984704293288662,0.0
2024-01-08,18:42:00.000000000,47.005,371.9465,,,,0,0.0,0.0,0.0,0.0,0.0,0.0,0.0,0.0,0.0,0.9984704293288662,0.9984704293288662,0.0
2024-01-08,18:43:00.000000000,47.01,371.99,,,,0,0.0,0.0,0.0,0.0,0.0,0.0,0.0,0.0,0.0,0.9984704293288662,0.9984704293288662,0.0
2024-01-08,18:44:00.000000000,47.005,372.005,0.248181582712353,-45.319789676908876,2.1139707687453084,0,0.0,0.0,0.0,0.0,0.0,0.0,0.0,0.0,0.0,0.9984704293288662,0.9984704293288662,0.0
2024-01-08,18:45:00.000000000,47.005,372.01,,,,0,0.0,0.0,0.0,0.0,0.0,0.0,0.0,0.0,0.0,0.9984704293288662,0.9984704293288662,0.0
2024-01-08,18:46:00.000000000,47.01,372.02,,,,0,0.0,0.0,0.0,0.0,0.0,0.0,0.0,0.0,0.0,0.9984704293288662,0.9984704293288662,0.0
2024-01-08,18:47:00.000000000,46.995,372.145,0.24783046621350224,-45.233868849023786,2.0811857220478758,0,0.0,0.0,0.0,0.0,0.0,0.0,0.0,0.0,0.0,0.9984704293288662,0.9984704293288662,0.0
2024-01-08,18:48:00.000000000,46.985,372.16,,,,0,0.0,0.0,0.0,0.0,0.0,0.0,0.0,0.0,0.0,0.9984704293288662,0.9984704293288662,0.0
2024-01-08,18:49:00.000000000,46.99,372.205,,,,0,0.0,0.0,0.0,0.0,0.0,0.0,0.0,0.0,0.0,0.9984704293288662,0.9984704293288662,0.0
2024-01-08,18:50:00.000000000,46.9643,372.0462,0.24747126596167315,-45.10644411022984,2.0738119448490053,0,0.0,0.0,0.0,0.0,0.0,0.0,0.0,0.0,0.0,0.9984704293288662,0.9984704293288662,0.0
2024-01-08,18:51:00.000000000,46.96,372.04,,,,0,0.0,0.0,0.0,0.0,0.0,0.0,0.0,0.0,0.0,0.9984704293288662,0.9984704293288662,0.0
2024-01-08,18:52:00.000000000,46.96,372.0,,,,0,0.0,0.0,0.0,0.0,0.0,0.0,0.0,0.0,0.0,0.9984704293288662,0.9984704293288662,0.0
2024-01-08,18:53:00.000000000,46.955,372.02,0.24712648703781123,-44.98099570780653,2.0649953027749457,0,0.0,0.0,0.0,0.0,0.0,0.0,0.0,0.0,0.0,0.9984704293288662,0.9984704293288662,0.0
2024-01-08,18:54:00.000000000,46.975,371.97,,,,0,0.0,0.0,0.0,0.0,0.0,0.0,0.0,0.0,0.0,0.9984704293288662,0.9984704293288662,0.0
2024-01-08,18:55:00.000000000,46.995,372.11,,,,0,0.0,0.0,0.0,0.0,0.0,0.0,0.0,0.0,0.0,0.9984704293288662,0.9984704293288662,0.0
2024-01-08,18:56:00.000000000,47.005,372.21,0.2467598983520632,-44.84150176562144,2.063901044252292,0,0.0,0.0,0.0,0.0,0.0,0.0,0.0,0.0,0.0,0.9984704293288662,0.9984704293288662,0.0
2024-01-08,18:57:00.000000000,46.995,372.2841,,,,0,0.0,0.0,0.0,0.0,0.0,0.0,0.0,0.0,0.0,0.9984704293288662,0.9984704293288662,0.0
2024-01-08,18:58:00.000000000,46.995,372.315,,,,0,0.0,0.0,0.0,0.0,0.0,0.0,0.0,0.0,0.0,0.9984704293288662,0.9984704293288662,0.0
2024-01-08,18:59:00.000000000,47.045,372.45,0.24638878758103042,-44.72250393455478,2.0508962405717206,0,0.0,0.0,0.0,0.0,0.0,0.0,0.0,0.0,0.0,0.9984704293288662,0.9984704293288662,0.0
2024-01-08,19:00:00.000000000,47.03,372.41,,,,0,0.0,0.0,0.0,0.0,0.0,0.0,0.0,0.0,0.0,0.9984704293288662,0.9984704293288662,0.0
2024-01-08,19:01:00.000000000,47.06,372.48,,,,0,0.0,0.0,0.0,0.0,0.0,0.0,0.0,0.0,0.0,0.9984704293288662,0.9984704293288662,0.0
2024-01-08,19:02:00.000000000,47.05,372.41,0.24602326585494447,-44.57152443703988,2.05343859034821,0,0.0,0.0,0.0,0.0,0.0,0.0,0.0,0.0,0.0,0.9984704293288662,0.9984704293288662,0.0
2024-01-08,19:03:00.000000000,47.05,372.48,,,,0,0.0,0.0,0.0,0.0,0.0,0.0,0.0,0.0,0.0,0.9984704293288662,0.9984704293288662,0.0
2024-01-08,19:04:00.000000000,47.0401,372.28,,,,0,0.0,0.0,0.0,0.0,0.0,0.0,0.0,0.0,0.0,0.9984704293288662,0.9984704293288662,0.0
2024-01-08,19:05:00.000000000,47.015,372.17,0.24570007110755585,-44.42719546409906,2.0504397485180728,0,0.0,0.0,0.0,0.0,0.0,0.0,0.0,0.0,0.0,0.9984704293288662,0.9984704293288662,0.0
2024-01-08,19:06:00.000000000,47.04,372.2456,,,,0,0.0,0.0,0.0,0.0,0.0,0.0,0.0,0.0,0.0,0.9984704293288662,0.9984704293288662,0.0
2024-01-08,19:07:00.000000000,47.06,372.34,,,,0,0.0,0.0,0.0,0.0,0.0,0.0,0.0,0.0,0.0,0.9984704293288662,0.9984704293288662,0.0
2024-01-08,19:08:00.000000000,47.08,372.625,0.2452951566427317,-44.323107743997895,2.027042033770413,0,0.0,0.0,0.0,0.0,0.0,0.0,0.0,0.0,0.0,0.9984704293288662,0.9984704293288662,0.0
2024-01-08,19:09:00.000000000,47.095,372.7,,,,0,0.0,0.0,0.0,0.0,0.0,0.0,0.0,0.0,0.0,0.9984704293288662,0.9984704293288662,0.0
2024-01-08,19:10:00.000000000,47.11,372.92,,,,0,0.0,0.0,0.0,0.0,0.0,0.0,0.0,0.0,0.0,0.9984704293288662,0.9984704293288662,0.0
2024-01-08,19:11:00.000000000,47.1,372.89,0.2448440926183265,-44.19991369644776,2.0150622977557906,0,0.0,0.0,0.0,0.0,0.0,0.0,0.0,0.0,0.0,0.9984704293288662,0.9984704293288662,0.0
2024-01-08,19:12:00.000000000,47.075,372.98,,,,0,0.0,0.0,0.0,0.0,0.0,0.0,0.0,0.0,0.0,0.9984704293288662,0.9984704293288662,0.0
2024-01-08,19:13:00.000000000,47.075,373.03,,,,0,0.0,0.0,0.0,0.0,0.0,0.0,0.0,0.0,0.0,0.9984704293288662,0.9984704293288662,0.0
2024-01-08,19:14:00.000000000,47.0617,373.1,0.24434663052534839,-44.10402784900748,1.9900282216105127,0,0.0,0.0,0.0,0.0,0.0,0.0,0.0,0.0,0.0,0.9984704293288662,0.9984704293288662,0.0
2024-01-08,19:15:00.000000000,47.065,373.145,,,,0,0.0,0.0,0.0,0.0,0.0,0.0,0.0,0.0,0.0,0.9984704293288662,0.9984704293288662,0.0
2024-01-08,19:16:00.000000000,47.08,373.12,,,,0,0.0,0.0,0.0,0.0,0.0,0.0,0.0,0.0,0.0,0.9984704293288662,0.9984704293288662,0.0
2024-01-08,19:17:00.000000000,47.07,372.92,0.243885667942965,-43.87984328929051,2.0259382646051107,0,0.0,0.0,0.0,0.0,0.0,0.0,0.0,0.0,0.0,0.9984704293288662,0.9984704293288662,0.0
2024-01-08,19:18:00.000000000,47.065,373.02,,,,0,0.0,0.0,0.0,0.0,0.0,0.0,0.0,0.0,0.0,0.9984704293288662,0.9984704293288662,0.0
2024-01-08,19:19:00.000000000,47.065,373.09,,,,0,0.0,0.0,0.0,0.0,0.0,0.0,0.0,0.0,0.0,0.9984704293288662,0.9984704293288662,0.0
2024-01-08,19:20:00.000000000,47.085,373.175,0.24337066915684488,-43.73484946260559,2.020767680539731,0,0.0,0.0,0.0,0.0,0.0,0.0,0.0,0.0,0.0,0.9984704293288662,0.9984704293288662,0.0
2024-01-08,19:21:00.000000000,47.075,373.1371,,,,0,0.0,0.0,0.0,0.0,0.0,0.0,0.0,0.0,0.0,0.9984704293288662,0.9984704293288662,0.0
2024-01-08,19:22:00.000000000,47.065,373.09,,,,0,0.0,0.0,0.0,0.0,0.0,0.0,0.0,0.0,0.0,0.9984704293288662,0.9984704293288662,0.0
2024-01-08,19:23:00.000000000,47.07,373.17,0.24279894239189145,-43.535281332382134,2.0395837815475995,0,0.0,0.0,0.0,0.0,0.0,0.0,0.0,0.0,0.0,0.9984704293288662,0.9984704293288662,0.0
2024-01-08,19:24:00.000000000,47.08,373.16,,,,0,0.0,0.0,0.0,0.0,0.0,0.0,0.0,0.0,0.0,0.9984704293288662,0.9984704293288662,0.0
2024-01-08,19:25:00.000000000,47.11,373.3601,,,,0,0.0,0.0,0.0,0.0,0.0,0.0,0.0,0.0,0.0,0.9984704293288662,0.9984704293288662,0.0
2024-01-08,19:26:00.000000000,47.13,373.53,0.24216700318537882,-43.326640699834535,2.059855494746824,0,0.0,0.0,0.0,0.0,0.0,0.0,0.0,0.0,0.0,0.9984704293288662,0.9984704293288662,0.0
2024-01-08,19:27:00.000000000,47.13,373.44,,,,0,0.0,0.0,0.0,0.0,0.0,0.0,0.0,0.0,0.0,0.9984704293288662,0.9984704293288662,0.0
2024-01-08,19:28:00.000000000,47.135,373.6703,,,,0,0.0,0.0,0.0,0.0,0.0,0.0,0.0,0.0,0.0,0.9984704293288662,0.9984704293288662,0.0
2024-01-08,19:29:00.000000000,47.145,373.76,0.24147190647075065,-43.10753976250776,2.0827330492055673,0,0.0,0.0,0.0,0.0,0.0,0.0,0.0,0.0,0.0,0.9984704293288662,0.9984704293288662,0.0
2024-01-08,19:30:00.000000000,47.165,373.89,,,,0,0.0,0.0,0.0,0.0,0.0,0.0,0.0,0.0,0.0,0.9984704293288662,0.9984704293288662,0.0
2024-01-08,19:31:00.000000000,47.16,373.81,,,,0,0.0,0.0,0.0,0.0,0.0,0.0,0.0,0.0,0.0,0.9984704293288662,0.9984704293288662,0.0
2024-01-08,19:32:00.000000000,47.195,373.865,0.24078847771748066,-42.82738422184591,2.1273059472396945,0,0.0,0.0,0.0,0.0,0.0,0.0,0.0,0.0,0.0,0.9984704293288662,0.9984704293288662,0.0
2024-01-08,19:33:00.000000000,47.2,373.94,,,,0,0.0,0.0,0.0,0.0,0.0,0.0,0.0,0.0,0.0,0.9984704293288662,0.9984704293288662,0.0
2024-01-08,19:34:00.000000000,47.17,373.96,,,,0,0.0,0.0,0.0,0.0,0.0,0.0,0.0,0.0,0.0,0.9984704293288662,0.9984704293288662,0.0
2024-01-08,19:35:00.000000000,47.165,373.85,0.24010577890678347,-42.598545444301,2.1442628114869824,0,0.0,0.0,0.0,0.0,0.0,0.0,0.0,0.0,0.0,0.9984704293288662,0.9984704293288662,0.0
2024-01-08,19:36:00.000000000,47.1686,373.785,,,,0,0.0,0.0,0.0,0.0,0.0,0.0,0.0,0.0,0.0,0.9984704293288662,0.9984704293288662,0.0
2024-01-08,19:37:00.000000000,47.181,373.84,,,,0,0.0,0.0,0.0,0.0,0.0,0.0,0.0,0.0,0.0,0.9984704293288662,0.9984704293288662,0.0
2024-01-08,19:38:00.000000000,47.185,373.98,0.2394017398441167,-42.34646266690277,2.166425264048627,0,0.0,0.0,0.0,0.0,0.0,0.0,0.0,0.0,0.0,0.9984704293288662,0.9984704293288662,0.0
2024-01-08,19:39:00.000000000,47.195,373.95,,,,0,0.0,0.0,0.0,0.0,0.0,0.0,0.0,0.0,0.0,0.9984704293288662,0.9984704293288662,0.0
2024-01-08,19:40:00.000000000,47.185,373.93,,,,0,0.0,0.0,0.0,0.0,0.0,0.0,0.0,0.0,0.0,0.9984704293288662,0.9984704293288662,0.0
2024-01-08,19:41:00.000000000,47.2,374.04,0.238695591876105,-42.08169918533832,2.1892879736021356,0,0.0,0.0,0.0,0.0,0.0,0.0,0.0,0.0,0.0,0.9984704293288662,0.9984704293288662,0.0
2024-01-08,19:42:00.000000000,47.195,374.1,,,,0,0.0,0.0,0.0,0.0,0.0,0.0,0.0,0.0,0.0,0.9984704293288662,0.9984704293288662,0.0
2024-01-08,19:43:00.000000000,47.195,374.03,,,,0,0.0,0.0,0.0,0.0,0.0,0.0,0.0,0.0,0.0,0.9984704293288662,0.9984704293288662,0.0
2024-01-08,19:44:00.000000000,47.2,374.1099,0.2379631982146266,-41.82438828775413,2.204749017751684,0,0.0,0.0,0.0,0.0,0.0,0.0,0.0,0.0,0.0,0.9984704293288662,0.9984704293288662,0.0
2024-01-08,19:45:00.000000000,47.195,374.09,,,,0,0.0,0.0,0.0,0.0,0.0,0.0,0.0,0.0,0.0,0.9984704293288662,0.9984704293288662,0.0
2024-01-08,19:46:00.000000000,47.195,374.22,,,,0,0.0,0.0,0.0,0.0,0.0,0.0,0.0,0.0,0.0,0.9984704293288662,0.9984704293288662,0.0
2024-01-08,19:47:00.000000000,47.215,374.22,0.23721273861569206,-41.55475104476429,2.2208671206253805,0,0.0,0.0,0.0,0.0,0.0,0.0,0.0,0.0,0.0,0.9984704293288662,0.9984704293288662,0.0
2024-01-08,19:48:00.000000000,47.23,374.39,,,,0,0.0,0.0,0.0,0.0,0.0,0.0,0.0,0.0,0.0,0.9984704293288662,0.9984704293288662,0.0
2024-01-08,19:49:00.000000000,47.22,374.19,,,,0,0.0,0.0,0.0,0.0,0.0,0.0,0.0,0.0,0.0,0.9984704293288662,0.9984704293288662,0.0
2024-01-08,19:50:00.000000000,47.21,374.28,0.23641720566423885,-41.276231736011304,2.236783836182106,0,0.0,0.0,0.0,0.0,0.0,0.0,0.0,0.0,0.0,0.9984704293288662,0.9984704293288662,0.0
2024-01-08,19:51:00.000000000,47.21,374.35,,,,0,0.0,0.0,0.0,0.0,0.0,0.0,0.0,0.0,0.0,0.9984704293288662,0.9984704293288662,0.0
2024-01-08,19:52:00.000000000,47.2007,374.26,,,,0,0.0,0.0,0.0,0.0,0.0,0.0,0.0,0.0,0.0,0.9984704293288662,0.9984704293288662,0.0
2024-01-08,19:53:00.000000000,47.21,374.28,0.23562001278627204,-40.977858385645895,2.2555625616325665,0,0.0,0.0,0.0,0.0,0.0,0.0,0.0,0.0,0.0,0.9984704293288662,0.9984704293288662,0.0
2024-01-08,19:54:00.000000000,47.215,374.28,,,,0,0.0,0.0,0.0,0.0,0.0,0.0,0.0,0.0,0.0,0.9984704293288662,0.9984704293288662,0.0
2024-01-08,19:55:00.000000000,47.24,374.41,,,,0,0.0,0.0,0.0,0.0,0.0,0.0,0.0,0.0,0.0,0.9984704293288662,0.9984704293288662,0.0
2024-01-08,19:56:00.000000000,47.22,374.49,0.23473398234365267,-40.685529047874496,2.26717106888044,0,0.0,0.0,0.0,0.0,0.0,0.0,0.0,0.0,0.0,0.9984704293288662,0.9984704293288662,0.0
2024-01-08,19:57:00.000000000,47.235,374.65,,,,0,0.0,0.0,0.0,0.0,0.0,0.0,0.0,0.0,0.0,0.9984704293288662,0.9984704293288662,0.0
2024-01-08,19:58:00.000000000,47.245,374.72,,,,0,0.0,0.0,0.0,0.0,0.0,0.0,0.0,0.0,0.0,0.9984704293288662,0.9984704293288662,0.0
2024-01-08,19:59:00.000000000,47.245,374.55,0.23384325333874495,-40.34099053802692,2.293534694202641,1,0.0,0.0,0.0,0.0,0.0,0.0,0.0,0.0,0.0,0.9984704293288662,0.9984704293288662,0.0
2024-01-08,20:00:00.000000000,47.235,374.385,,,,0,0.0,0.0,0.0,0.0,0.0,0.0,0.0,0.0,0.0,0.9984704293288662,0.9984704293288662,0.0
2024-01-08,20:01:00.000000000,47.24,374.34,,,,0,0.0,0.0,0.0,0.0,0.0,0.0,0.0,0.0,0.0,0.9984704293288662,0.9984704293288662,0.0
2024-01-08,20:02:00.000000000,47.26,374.4801,0.23296671735120414,-39.98139961035066,2.320292650709236,0,0.0,0.0,0.0,0.0,0.0,0.0,0.0,0.0,0.0,0.9984704293288662,0.9984704293288662,0.0
2024-01-08,20:03:00.000000000,47.29,374.51,,,,0,0.0,0.0,0.0,0.0,0.0,0.0,0.0,0.0,0.0,0.9984704293288662,0.9984704293288662,0.0
2024-01-08,20:04:00.000000000,47.3,374.4699,,,,0,0.0,0.0,0.0,0.0,0.0,0.0,0.0,0.0,0.0,0.9984704293288662,0.9984704293288662,0.0
2024-01-08,20:05:00.000000000,47.3,374.43,0.2321012280039437,-39.605662801516644,2.345711089969092,0,0.0,0.0,0.0,0.0,0.0,0.0,0.0,0.0,0.0,0.9984704293288662,0.9984704293288662,0.0
2024-01-08,20:06:00.000000000,47.305,374.3939,,,,0,0.0,0.0,0.0,0.0,0.0,0.0,0.0,0.0,0.0,0.9984704293288662,0.9984704293288662,0.0
2024-01-08,20:07:00.000000000,47.31,374.385,,,,0,0.0,0.0,0.0,0.0,0.0,0.0,0.0,0.0,0.0,0.9984704293288662,0.9984704293288662,0.0
2024-01-08,20:08:00.000000000,47.315,374.46,0.2312382319323535,-39.27446832938908,2.3508576936116956,0,0.0,0.0,0.0,0.0,0.0,0.0,0.0,0.0,0.0,0.9984704293288662,0.9984704293288662,0.0
2024-01-08,20:09:00.000000000,47.31,374.4609,,,,0,0.0,0.0,0.0,0.0,0.0,0.0,0.0,0.0,0.0,0.9984704293288662,0.9984704293288662,0.0
2024-01-08,20:10:00.000000000,47.315,374.53,,,,0,0.0,0.0,0.0,0.0,0.0,0.0,0.0,0.0,0.0,0.9984704293288662,0.9984704293288662,0.0
2024-01-08,20:11:00.000000000,47.295,374.58,0.23032051015767752,-38.97845669486284,2.341410768230595,0,0.0,0.0,0.0,0.0,0.0,0.0,0.0,0.0,0.0,0.9984704293288662,0.9984704293288662,0.0
2024-01-08,20:12:00.000000000,47.265,374.51,,,,0,0.0,0.0,0.0,0.0,0.0,0.0,0.0,0.0,0.0,0.9984704293288662,0.9984704293288662,0.0
2024-01-08,20:13:00.000000000,47.255,374.6,,,,0,0.0,0.0,0.0,0.0,0.0,0.0,0.0,0.0,0.0,0.9984704293288662,0.9984704293288662,0.0
2024-01-08,20:14:00.000000000,47.28,374.49,0.22941296911299294,-38.63286280312472,2.3456339361484573,0,0.0,0.0,0.0,0.0,0.0,0.0,0.0,0.0,0.0,0.9984704293288662,0.9984704293288662,0.0
2024-01-08,20:15:00.000000000,47.285,374.45,,,,0,0.0,0.0,0.0,0.0,0.0,0.0,0.0,0.0,0.0,0.9984704293288662,0.9984704293288662,0.0
2024-01-08,20:16:00.000000000,47.295,374.38,,,,0,0.0,0.0,0.0,0.0,0.0,0.0,0.0,0.0,0.0,0.9984704293288662,0.9984704293288662,0.0
2024-01-08,20:17:00.000000000,47.32,374.47,0.22853873266881816,-38.26089922249235,2.3547139214758444,0,0.0,0.0,0.0,0.0,0.0,0.0,0.0,0.0,0.0,0.9984704293288662,0.9984704293288662,0.0
2024-01-08,20:18:00.000000000,47.33,374.565,,,,0,0.0,0.0,0.0,0.0,0.0,0.0,0.0,0.0,0.0,0.9984704293288662,0.9984704293288662,0.0
2024-01-08,20:19:00.000000000,47.32,374.48,,,,0,0.0,0.0,0.0,0.0,0.0,0.0,0.0,0.0,0.0,0.9984704293288662,0.9984704293288662,0.0
2024-01-08,20:20:00.000000000,47.31,374.4,0.2276667327541022,-37.928424743135864,2.348541549585575,0,0.0,0.0,0.0,0.0,0.0,0.0,0.0,0.0,0.0,0.9984704293288662,0.9984704293288662,0.0
2024-01-08,20:21:00.000000000,47.31,374.46,,,,0,0.0,0.0,0.0,0.0,0.0,0.0,0.0,0.0,0.0,0.9984704293288662,0.9984704293288662,0.0
2024-01-08,20:22:00.000000000,47.33,374.52,,,,0,0.0,0.0,0.0,0.0,0.0,0.0,0.0,0.0,0.0,0.9984704293288662,0.9984704293288662,0.0
2024-01-08,20:23:00.000000000,47.325,374.505,0.226784808215185,-37.60704460062786,2.3370713565106787,0,0.0,0.0,0.0,0.0,0.0,0.0,0.0,0.0,0.0,0.9984704293288662,0.9984704293288662,0.0
2024-01-08,20:24:00.000000000,47.36,374.51,,,,0,0.0,0.0,0.0,0.0,0.0,0.0,0.0,0.0,0.0,0.9984704293288662,0.9984704293288662,0.0
2024-01-08,20:25:00.000000000,47.34,374.345,,,,0,0.0,0.0,0.0,0.0,0.0,0.0,0.0,0.0,0.0,0.9984704293288662,0.9984704293288662,0.0
2024-01-08,20:26:00.000000000,47.33,374.35,0.22597149437765313,-37.26242892027446,2.3307337184494714,0,0.0,0.0,0.0,0.0,0.0,0.0,0.0,0.0,0.0,0.9984704293288662,0.9984704293288662,0.0
2024-01-08,20:27:00.000000000,47.325,374.33,,,,0,0.0,0.0,0.0,0.0,0.0,0.0,0.0,0.0,0.0,0.9984704293288662,0.9984704293288662,0.0
2024-01-08,20:28:00.000000000,47.31,374.25,,,,0,0.0,0.0,0.0,0.0,0.0,0.0,0.0,0.0,0.0,0.9984704293288662,0.9984704293288662,0.0
2024-01-08,20:29:00.000000000,47.295,374.295,0.22514068985250812,-36.97403450834453,2.308182074188979,0,0.0,0.0,0.0,0.0,0.0,0.0,0.0,0.0,0.0,0.9984704293288662,0.9984704293288662,0.0
2024-01-08,20:30:00.000000000,47.28,374.39,,,,0,0.0,0.0,0.0,0.0,0.0,0.0,0.0,0.0,0.0,0.9984704293288662,0.9984704293288662,0.0
2024-01-08,20:31:00.000000000,47.31,374.475,,,,0,0.0,0.0,0.0,0.0,0.0,0.0,0.0,0.0,0.0,0.9984704293288662,0.9984704293288662,0.0
2024-01-08,20:32:00.000000000,47.3,374.4126,0.22433515804737517,-36.69390979592866,2.283756242433579,0,0.0,0.0,0.0,0.0,0.0,0.0,0.0,0.0,0.0,0.9984704293288662,0.9984704293288662,0.0
2024-01-08,20:33:00.000000000,47.305,374.54,,,,0,0.0,0.0,0.0,0.0,0.0,0.0,0.0,0.0,0.0,0.9984704293288662,0.9984704293288662,0.0
2024-01-08,20:34:00.000000000,47.305,374.57,,,,0,0.0,0.0,0.0,0.0,0.0,0.0,0.0,0.0,0.0,0.9984704293288662,0.9984704293288662,0.0
2024-01-08,20:35:00.000000000,47.295,374.38,0.2234708829976374,-36.36802917665548,2.271709427272262,0,0.0,0.0,0.0,0.0,0.0,0.0,0.0,0.0,0.0,0.9984704293288662,0.9984704293288662,0.0
2024-01-08,20:36:00.000000000,47.305,374.37,,,,0,0.0,0.0,0.0,0.0,0.0,0.0,0.0,0.0,0.0,0.9984704293288662,0.9984704293288662,0.0
2024-01-08,20:37:00.000000000,47.315,374.5,,,,0,0.0,0.0,0.0,0.0,0.0,0.0,0.0,0.0,0.0,0.9984704293288662,0.9984704293288662,0.0
2024-01-08,20:38:00.000000000,47.335,374.69,0.22251430673508457,-36.03888559056883,2.2596542564408515,0,0.0,0.0,0.0,0.0,0.0,0.0,0.0,0.0,0.0,0.9984704293288662,0.9984704293288662,0.0
2024-01-08,20:39:00.000000000,47.345,374.71,,,,0,0.0,0.0,0.0,0.0,0.0,0.0,0.0,0.0,0.0,0.9984704293288662,0.9984704293288662,0.0
2024-01-08,20:40:00.000000000,47.355,374.825,,,,0,0.0,0.0,0.0,0.0,0.0,0.0,0.0,0.0,0.0,0.9984704293288662,0.9984704293288662,0.0
2024-01-08,20:41:00.000000000,47.31,374.825,0.22158974389325922,-35.74737575479088,2.2379856132215035,0,0.0,0.0,0.0,0.0,0.0,0.0,0.0,0.0,0.0,0.9984704293288662,0.9984704293288662,0.0
2024-01-08,20:42:00.000000000,47.315,374.78,,,,0,0.0,0.0,0.0,0.0,0.0,0.0,0.0,0.0,0.0,0.9984704293288662,0.9984704293288662,0.0
2024-01-08,20:43:00.000000000,47.3282,374.71,,,,0,0.0,0.0,0.0,0.0,0.0,0.0,0.0,0.0,0.0,0.9984704293288662,0.9984704293288662,0.0
2024-01-08,20:44:00.000000000,47.315,374.54,0.2207380694740036,-35.36023654079331,2.2393167877431943,0,0.0,0.0,0.0,0.0,0.0,0.0,0.0,0.0,0.0,0.9984704293288662,0.9984704293288662,0.0
2024-01-08,20:45:00.000000000,47.305,374.26,,,,0,0.0,0.0,0.0,0.0,0.0,0.0,0.0,0.0,0.0,0.9984704293288662,0.9984704293288662,0.0
2024-01-08,20:46:00.000000000,47.295,374.14,,,,0,0.0,0.0,0.0,0.0,0.0,0.0,0.0,0.0,0.0,0.9984704293288662,0.9984704293288662,0.0
2024-01-08,20:47:00.000000000,47.29,374.065,0.21997869726468697,-34.996331392315135,2.2334223429539715,0,0.0,0.0,0.0,0.0,0.0,0.0,0.0,0.0,0.0,0.9984704293288662,0.9984704293288662,0.0
2024-01-08,20:48:00.000000000,47.295,374.24,,,,0,0.0,0.0,0.0,0.0,0.0,0.0,0.0,0.0,0.0,0.9984704293288662,0.9984704293288662,0.0
2024-01-08,20:49:00.000000000,47.2811,374.235,,,,0,0.0,0.0,0.0,0.0,0.0,0.0,0.0,0.0,0.0,0.9984704293288662,0.9984704293288662,0.0
2024-01-08,20:50:00.000000000,47.34,374.7816,0.21907357918820586,-34.7647465258825,2.1966683391409,0,0.0,0.0,0.0,0.0,0.0,0.0,0.0,0.0,0.0,0.9984704293288662,0.9984704293288662,0.0
2024-01-08,20:51:00.000000000,47.35,374.94,,,,0,0.0,0.0,0.0,0.0,0.0,0.0,0.0,0.0,0.0,0.9984704293288662,0.9984704293288662,0.0
2024-01-08,20:52:00.000000000,47.345,374.75,,,,0,0.0,0.0,0.0,0.0,0.0,0.0,0.0,0.0,0.0,0.9984704293288662,0.9984704293288662,0.0
2024-01-08,20:53:00.000000000,47.375,374.8584,0.21816752014340593,-34.406927532924925,2.189976868512153,0,0.0,0.0,0.0,0.0,0.0,0.0,0.0,0.0,0.0,0.9984704293288662,0.9984704293288662,0.0
2024-01-08,20:54:00.000000000,47.35,375.05,,,,0,0.0,0.0,0.0,0.0,0.0,0.0,0.0,0.0,0.0,0.9984704293288662,0.9984704293288662,0.0
2024-01-08,20:55:00.000000000,47.34,375.08,,,,0,0.0,0.0,0.0,0.0,0.0,0.0,0.0,0.0,0.0,0.9984704293288662,0.9984704293288662,0.0
2024-01-08,20:56:00.000000000,47.325,375.04,0.2171774454043559,-34.125229124449646,2.1652211871530525,0,0.0,0.0,0.0,0.0,0.0,0.0,0.0,0.0,0.0,0.9984704293288662,0.9984704293288662,0.0
2024-01-08,20:57:00.000000000,47.345,374.975,,,,0,0.0,0.0,0.0,0.0,0.0,0.0,0.0,0.0,0.0,0.9984704293288662,0.9984704293288662,0.0
2024-01-08,20:58:00.000000000,47.365,375.01,,,,0,0.0,0.0,0.0,0.0,0.0,0.0,0.0,0.0,0.0,0.9984704293288662,0.9984704293288662,0.0
2024-01-08,20:59:00.000000000,47.33,374.67,0.21628462213780214,-33.70535937637034,2.170777672111038,1,0.0,0.0,0.0,0.0,0.0,0.0,0.0,0.0,0.0,0.9984704293288662,0.9984704293288662,0.0
2024-01-09,14:29:00.000000000,46.86,372.07,0.21570879799207068,-33.39877246890974,2.15113931545183,0,0.0,0.0,0.0,0.0,0.0,0.0,0.0,0.0,0.0,0.9984704293288662,0.9984704293288662,0.0
2024-01-09,14:30:00.000000000,46.91,372.29,,,,0,0.0,0.0,0.0,0.0,0.0,0.0,0.0,0.0,0.0,0.9984704293288662,0.9984704293288662,0.0
2024-01-09,14:31:00.000000000,46.93,372.66,,,,0,0.0,0.0,0.0,0.0,0.0,0.0,0.0,0.0,0.0,0.9984704293288662,0.9984704293288662,0.0
2024-01-09,14:32:00.000000000,46.87,372.9,0.21498690285993063,-33.29861607646813,2.0900270666896166,0,0.0,0.0,0.0,0.0,0.0,0.0,0.0,0.0,0.0,0.9984704293288662,0.9984704293288662,0.0
2024-01-09,14:33:00.000000000,46.9,372.6001,,,,0,0.0,0.0,0.0,0.0,0.0,0.0,0.0,0.0,0.0,0.9984704293288662,0.9984704293288662,0.0
2024-01-09,14:34:00.000000000,46.91,372.6554,,,,0,0.0,0.0,0.0,0.0,0.0,0.0,0.0,0.0,0.0,0.9984704293288662,0.9984704293288662,0.0
2024-01-09,14:35:00.000000000,46.87,372.155,0.21438836681563825,-32.91570265227384,2.0901127348506434,0,0.0,0.0,0.0,0.0,0.0,0.0,0.0,0.0,0.0,0.9984704293288662,0.9984704293288662,0.0
2024-01-09,14:36:00.000000000,46.85,372.39,,,,0,0.0,0.0,0.0,0.0,0.0,0.0,0.0,0.0,0.0,0.9984704293288662,0.9984704293288662,0.0
2024-01-09,14:37:00.000000000,46.88,372.605,,,,0,0.0,0.0,0.0,0.0,0.0,0.0,0.0,0.0,0.0,0.9984704293288662,0.9984704293288662,0.0
2024-01-09,14:38:00.000000000,46.975,372.435,0.21376618338051684,-32.63900850732279,2.0677380735321207,0,0.0,0.0,0.0,0.0,0.0,0.0,0.0,0.0,0.0,0.9984704293288662,0.9984704293288662,0.0
2024-01-09,14:39:00.000000000,46.914,372.48,,,,0,0.0,0.0,0.0,0.0,0.0,0.0,0.0,0.0,0.0,0.9984704293288662,0.9984704293288662,0.0
2024-01-09,14:40:00.000000000,46.93,372.17,,,,0,0.0,0.0,0.0,0.0,0.0,0.0,0.0,0.0,0.0,0.9984704293288662,0.9984704293288662,0.0
2024-01-09,14:41:00.000000000,46.91,372.275,0.21314621332421643,-32.43900656527268,2.0313581031822694,0,0.0,0.0,0.0,0.0,0.0,0.0,0.0,0.0,0.0,0.9984704293288662,0.9984704293288662,0.0
2024-01-09,14:42:00.000000000,46.94,372.735,,,,0,0.0,0.0,0.0,0.0,0.0,0.0,0.0,0.0,0.0,0.9984704293288662,0.9984704293288662,0.0
2024-01-09,14:43:00.000000000,46.89,372.095,,,,0,0.0,0.0,0.0,0.0,0.0,0.0,0.0,0.0,0.0,0.9984704293288662,0.9984704293288662,0.0
2024-01-09,14:44:00.000000000,46.88,371.9809,0.21255575115938627,-32.18667961644454,2.007306867859821,0,0.0,0.0,0.0,0.0,0.0,0.0,0.0,0.0,0.0,0.9984704293288662,0.9984704293288662,0.0
2024-01-09,14:45:00.000000000,46.87,372.06,,,,0,0.0,0.0,0.0,0.0,0.0,0.0,0.0,0.0,0.0,0.9984704293288662,0.9984704293288662,0.0
2024-01-09,14:46:00.000000000,46.93,371.9899,,,,0,0.0,0.0,0.0,0.0,0.0,0.0,0.0,0.0,0.0,0.9984704293288662,0.9984704293288662,0.0
2024-01-09,14:47:00.000000000,46.87,371.58,0.21200643222901008,-31.907350087655566,1.9895117895717844,0,0.0,0.0,0.0,0.0,0.0,0.0,0.0,0.0,0.0,0.9984704293288662,0.9984704293288662,0.0
2024-01-09,14:48:00.000000000,46.92,371.84,,,,0,0.0,0.0,0.0,0.0,0.0,0.0,0.0,0.0,0.0,0.9984704293288662,0.9984704293288662,0.0
2024-01-09,14:49:00.000000000,46.93,371.695,,,,0,0.0,0.0,0.0,0.0,0.0,0.0,0.0,0.0,0.0,0.9984704293288662,0.9984704293288662,0.0
2024-01-09,14:50:00.000000000,46.98,371.63,0.2114595393725908,-31.604708617035918,1.9766074353743375,0,0.0,0.0,0.0,0.0,0.0,0.0,0.0,0.0,0.0,0.9984704293288662,0.9984704293288662,0.0
2024-01-09,14:51:00.000000000,46.97,371.63,,,,0,0.0,0.0,0.0,0.0,0.0,0.0,0.0,0.0,0.0,0.9984704293288662,0.9984704293288662,0.0
2024-01-09,14:52:00.000000000,47.035,372.05,,,,0,0.0,0.0,0.0,0.0,0.0,0.0,0.0,0.0,0.0,0.9984704293288662,0.9984704293288662,0.0
2024-01-09,14:53:00.000000000,47.02,371.68,0.2109073298144032,-31.37003634541737,1.9513342519194588,0,0.0,0.0,0.0,0.0,0.0,0.0,0.0,0.0,0.0,0.9984704293288662,0.9984704293288662,0.0
2024-01-09,14:54:00.000000000,47.0,371.67,,,,0,0.0,0.0,0.0,0.0,0.0,0.0,0.0,0.0,0.0,0.9984704293288662,0.9984704293288662,0.0
2024-01-09,14:55:00.000000000,47.03,371.77,,,,0,0.0,0.0,0.0,0.0,0.0,0.0,0.0,0.0,0.0,0.9984704293288662,0.9984704293288662,0.0
2024-01-09,14:56:00.000000000,46.97,371.75,0.21033490990906428,-31.222002758694643,1.9118113204727607,0,0.0,0.0,0.0,0.0,0.0,0.0,0.0,0.0,0.0,0.9984704293288662,0.9984704293288662,0.0
2024-01-09,14:57:00.000000000,47.0,371.91,,,,0,0.0,0.0,0.0,0.0,0.0,0.0,0.0,0.0,0.0,0.9984704293288662,0.9984704293288662,0.0
2024-01-09,14:58:00.000000000,46.99,371.9,,,,0,0.0,0.0,0.0,0.0,0.0,0.0,0.0,0.0,0.0,0.9984704293288662,0.9984704293288662,0.0
2024-01-09,14:59:00.000000000,47.06,371.94,0.20975156330288366,-30.954996454874546,1.8960897046048377,0,0.0,0.0,0.0,0.0,0.0,0.0,0.0,0.0,0.0,0.9984704293288662,0.9984704293288662,0.0
2024-01-09,15:00:00.000000000,47.085,371.82,,,,0,0.0,0.0,0.0,0.0,0.0,0.0,0.0,0.0,0.0,0.9984704293288662,0.9984704293288662,0.0
2024-01-09,15:01:00.000000000,47.04,371.79,,,,0,0.0,0.0,0.0,0.0,0.0,0.0,0.0,0.0,0.0,0.9984704293288662,0.9984704293288662,0.0
2024-01-09,15:02:00.000000000,47.02,371.73,0.2091762201232499,-30.737076306415695,1.872421305037266,0,0.0,0.0,0.0,0.0,0.0,0.0,0.0,0.0,0.0,0.9984704293288662,0.9984704293288662,0.0
2024-01-09,15:03:00.000000000,47.03,371.76,,,,0,0.0,0.0,0.0,0.0,0.0,0.0,0.0,0.0,0.0,0.9984704293288662,0.9984704293288662,0.0
2024-01-09,15:04:00.000000000,47.04,371.35,,,,0,0.0,0.0,0.0,0.0,0.0,0.0,0.0,0.0,0.0,0.9984704293288662,0.9984704293288662,0.0
2024-01-09,15:05:00.000000000,47.035,371.25,0.20863352592690762,-30.420196500364455,1.8672188454949548,0,0.0,0.0,0.0,0.0,0.0,0.0,0.0,0.0,0.0,0.9984704293288662,0.9984704293288662,0.0
2024-01-09,15:06:00.000000000,47.105,371.485,,,,0,0.0,0.0,0.0,0.0,0.0,0.0,0.0,0.0,0.0,0.9984704293288662,0.9984704293288662,0.0
2024-01-09,15:07:00.000000000,47.105,371.375,,,,0,0.0,0.0,0.0,0.0,0.0,0.0,0.0,0.0,0.0,0.9984704293288662,0.9984704293288662,0.0
2024-01-09,15:08:00.000000000,47.14,371.48,0.208080755855613,-30.15783918524312,1.852410630117396,0,0.0,0.0,0.0,0.0,0.0,0.0,0.0,0.0,0.0,0.9984704293288662,0.9984704293288662,0.0
2024-01-09,15:09:00.000000000,47.165,371.69,,,,0,0.0,0.0,0.0,0.0,0.0,0.0,0.0,0.0,0.0,0.9984704293288662,0.9984704293288662,0.0
2024-01-09,15:10:00.000000000,47.17,371.92,,,,0,0.0,0.0,0.0,0.0,0.0,0.0,0.0,0.0,0.0,0.9984704293288662,0.9984704293288662,0.0
2024-01-09,15:11:00.000000000,47.16,371.94,0.20749144875724007,-30.014369450767873,1.8179786419838808,0,0.0,0.0,0.0,0.0,0.0,0.0,0.0,0.0,0.0,0.9984704293288662,0.9984704293288662,0.0
2024-01-09,15:12:00.000000000,47.17,372.18,,,,0,0.0,0.0,0.0,0.0,0.0,0.0,0.0,0.0,0.0,0.9984704293288662,0.9984704293288662,0.0
2024-01-09,15:13:00.000000000,47.15,372.29,,,,0,0.0,0.0,0.0,0.0,0.0,0.0,0.0,0.0,0.0,0.9984704293288662,0.9984704293288662,0.0
2024-01-09,15:14:00.000000000,47.16,372.2336,0.20686716660406174,-29.84291014682968,1.7902883655695427,0,0.0,0.0,0.0,0.0,0.0,0.0,0.0,0.0,0.0,0.9984704293288662,0.9984704293288662,0.0
2024-01-09,15:15:00.000000000,47.23,372.3922,,,,0,0.0,0.0,0.0,0.0,0.0,0.0,0.0,0.0,0.0,0.9984704293288662,0.9984704293288662,0.0
2024-01-09,15:16:00.000000000,47.21,372.36,,,,0,0.0,0.0,0.0,0.0,0.0,0.0,0.0,0.0,0.0,0.9984704293288662,0.9984704293288662,0.0
2024-01-09,15:17:00.000000000,47.23,372.67,0.20620483981055596,-29.616357652199888,1.77337047986522,0,0.0,0.0,0.0,0.0,0.0,0.0,0.0,0.0,0.0,0.9984704293288662,0.9984704293288662,0.0
2024-01-09,15:18:00.000000000,47.25,372.56,,,,0,0.0,0.0,0.0,0.0,0.0,0.0,0.0,0.0,0.0,0.9984704293288662,0.9984704293288662,0.0
2024-01-09,15:19:00.000000000,47.28,372.57,,,,0,0.0,0.0,0.0,0.0,0.0,0.0,0.0,0.0,0.0,0.9984704293288662,0.9984704293288662,0.0
2024-01-09,15:20:00.000000000,47.26,372.74,0.20553717273222755,-29.3519257642105,1.76351150135582,0,0.0,0.0,0.0,0.0,0.0,0.0,0.0,0.0,0.0,0.9984704293288662,0.9984704293288662,0.0
2024-01-09,15:21:00.000000000,47.25,372.6899,,,,0,0.0,0.0,0.0,0.0,0.0,0.0,0.0,0.0,0.0,0.9984704293288662,0.9984704293288662,0.0
2024-01-09,15:22:00.000000000,47.27,372.28,,,,0,0.0,0.0,0.0,0.0,0.0,0.0,0.0,0.0,0.0,0.9984704293288662,0.9984704293288662,0.0
2024-01-09,15:23:00.000000000,47.27,372.09,0.20493305917374383,-28.983541987958326,1.7709952332303716,0,0.0,0.0,0.0,0.0,0.0,0.0,0.0,0.0,0.0,0.9984704293288662,0.9984704293288662,0.0
2024-01-09,15:24:00.000000000,47.245,372.15,,,,0,0.0,0.0,0.0,0.0,0.0,0.0,0.0,0.0,0.0,0.9984704293288662,0.9984704293288662,0.0
2024-01-09,15:25:00.000000000,47.31,372.09,,,,0,0.0,0.0,0.0,0.0,0.0,0.0,0.0,0.0,0.0,0.9984704293288662,0.9984704293288662,0.0
2024-01-09,15:26:00.000000000,47.275,371.9,0.2043374096594807,-28.71808265236087,1.7608111221602778,0,0.0,0.0,0.0,0.0,0.0,0.0,0.0,0.0,0.0,0.9984704293288662,0.9984704293288662,0.0
2024-01-09,15:27:00.000000000,47.28,371.725,,,,0,0.0,0.0,0.0,0.0,0.0,0.0,0.0,0.0,0.0,0.9984704293288662,0.9984704293288662,0.0
2024-01-09,15:28:00.000000000,47.24,371.51,,,,0,0.0,0.0,0.0,0.0,0.0,0.0,0.0,0.0,0.0,0.9984704293288662,0.9984704293288662,0.0
2024-01-09,15:29:00.000000000,47.22,371.7339,0.20373622159265348,-28.515660223901293,1.7408633002109561,0,0.0,0.0,0.0,0.0,0.0,0.0,0.0,0.0,0.0,0.9984704293288662,0.9984704293288662,0.0
2024-01-09,15:30:00.000000000,47.22,371.71,,,,0,0.0,0.0,0.0,0.0,0.0,0.0,0.0,0.0,0.0,0.9984704293288662,0.9984704293288662,0.0
2024-01-09,15:31:00.000000000,47.23,371.96,,,,0,0.0,0.0,0.0,0.0,0.0,0.0,0.0,0.0,0.0,0.9984704293288662,0.9984704293288662,0.0
2024-01-09,15:32:00.000000000,47.19,371.77,0.20312100835429997,-28.324297275878095,1.7201030575687628,0,0.0,0.0,0.0,0.0,0.0,0.0,0.0,0.0,0.0,0.9984704293288662,0.9984704293288662,0.0
2024-01-09,15:33:00.000000000,47.22,372.03,,,,0,0.0,0.0,0.0,0.0,0.0,0.0,0.0,0.0,0.0,0.9984704293288662,0.9984704293288662,0.0
2024-01-09,15:34:00.000000000,47.25,371.9944,,,,0,0.0,0.0,0.0,0.0,0.0,0.0,0.0,0.0,0.0,0.9984704293288662,0.9984704293288662,0.0
2024-01-09,15:35:00.000000000,47.26,372.1222,0.20248620481373258,-28.08961200493676,1.7074718892813845,0,0.0,0.0,0.0,0.0,0.0,0.0,0.0,0.0,0.0,0.9984704293288662,0.9984704293288662,0.0
2024-01-09,15:36:00.000000000,47.285,372.3545,,,,0,0.0,0.0,0.0,0.0,0.0,0.0,0.0,0.0,0.0,0.9984704293288662,0.9984704293288662,0.0
2024-01-09,15:37:00.000000000,47.2883,372.37,,,,0,0.0,0.0,0.0,0.0,0.0,0.0,0.0,0.0,0.0,0.9984704293288662,0.9984704293288662,0.0
2024-01-09,15:38:00.000000000,47.24,372.3,0.20182338745107123,-27.898847148033816,1.6883994144447554,0,0.0,0.0,0.0,0.0,0.0,0.0,0.0,0.0,0.0,0.9984704293288662,0.9984704293288662,0.0
2024-01-09,15:39:00.000000000,47.26,372.44,,,,0,0.0,0.0,0.0,0.0,0.0,0.0,0.0,0.0,0.0,0.9984704293288662,0.9984704293288662,0.0
2024-01-09,15:40:00.000000000,47.265,372.37,,,,0,0.0,0.0,0.0,0.0,0.0,0.0,0.0,0.0,0.0,0.9984704293288662,0.9984704293288662,0.0
2024-01-09,15:41:00.000000000,47.2509,372.3,0.201156674603029,-27.63972995470769,1.6812430347791818,0,0.0,0.0,0.0,0.0,0.0,0.0,0.0,0.0,0.0,0.9984704293288662,0.9984704293288662,0.0
2024-01-09,15:42:00.000000000,47.26,372.16,,,,0,0.0,0.0,0.0,0.0,0.0,0.0,0.0,0.0,0.0,0.9984704293288662,0.9984704293288662,0.0
2024-01-09,15:43:00.000000000,47.28,372.3707,,,,0,0.0,0.0,0.0,0.0,0.0,0.0,0.0,0.0,0.0,0.9984704293288662,0.9984704293288662,0.0
2024-01-09,15:44:00.000000000,47.29,372.435,0.2004807943125011,-27.376064629776344,1.675152551834574,0,0.0,0.0,0.0,0.0,0.0,0.0,0.0,0.0,0.0,0.9984704293288662,0.9984704293288662,0.0
2024-01-09,15:45:00.000000000,47.29,372.57,,,,0,0.0,0.0,0.0,0.0,0.0,0.0,0.0,0.0,0.0,0.9984704293288662,0.9984704293288662,0.0
2024-01-09,15:46:00.000000000,47.28,372.5,,,,0,0.0,0.0,0.0,0.0,0.0,0.0,0.0,0.0,0.0,0.9984704293288662,0.9984704293288662,0.0
2024-01-09,15:47:00.000000000,47.28,372.5,0.19978828773352889,-27.141137180739506,1.6648628082146981,0,0.0,0.0,0.0,0.0,0.0,0.0,0.0,0.0,0.0,0.9984704293288662,0.9984704293288662,0.0
2024-01-09,15:48:00.000000000,47.26,372.415,,,,0,0.0,0.0,0.0,0.0,0.0,0.0,0.0,0.0,0.0,0.9984704293288662,0.9984704293288662,0.0
2024-01-09,15:49:00.000000000,47.25,372.665,,,,0,0.0,0.0,0.0,0.0,0.0,0.0,0.0,0.0,0.0,0.9984704293288662,0.9984704293288662,0.0
2024-01-09,15:50:00.000000000,47.24,372.61,0.19906335373441295,-26.932996234979605,1.650843776467944,0,0.0,0.0,0.0,0.0,0.0,0.0,0.0,0.0,0.0,0.9984704293288662,0.9984704293288662,0.0
2024-01-09,15:51:00.000000000,47.2401,372.6,,,,0,0.0,0.0,0.0,0.0,0.0,0.0,0.0,0.0,0.0,0.9984704293288662,0.9984704293288662,0.0
2024-01-09,15:52:00.000000000,47.21,372.75,,,,0,0.0,0.0,0.0,0.0,0.0,0.0,0.0,0.0,0.0,0.9984704293288662,0.9984704293288662,0.0
2024-01-09,15:53:00.000000000,47.19,373.13,0.19823680640739852,-26.778099574792606,1.6293347595605332,0,0.0,0.0,0.0,0.0,0.0,0.0,0.0,0.0,0.0,0.9984704293288662,0.9984704293288662,0.0
2024-01-09,15:54:00.000000000,47.17,373.205,,,,0,0.0,0.0,0.0,0.0,0.0,0.0,0.0,0.0,0.0,0.9984704293288662,0.9984704293288662,0.0
2024-01-09,15:55:00.000000000,47.1899,374.37,,,,0,0.0,0.0,0.0,0.0,0.0,0.0,0.0,0.0,0.0,0.9984704293288662,0.9984704293288662,0.0
2024-01-09,15:56:00.000000000,47.145,373.63,0.1972866695779716,-26.567218354417527,1.6178518258861738,0,0.0,0.0,0.0,0.0,0.0,0.0,0.0,0.0,0.0,0.9984704293288662,0.9984704293288662,0.0
2024-01-09,15:57:00.000000000,47.13,373.68,,,,0,0.0,0.0,0.0,0.0,0.0,0.0,0.0,0.0,0.0,0.9984704293288662,0.9984704293288662,0.0
2024-01-09,15:58:00.000000000,47.09,373.2875,,,,0,0.0,0.0,0.0,0.0,0.0,0.0,0.0,0.0,0.0,0.9984704293288662,0.9984704293288662,0.0
2024-01-09,15:59:00.000000000,47.1,373.58,0.19631657364501767,-26.2399455823057,1.6250930993967374,0,0.0,0.0,0.0,0.0,0.0,0.0,0.0,0.0,0.0,0.9984704293288662,0.9984704293288662,0.0
2024-01-09,16:00:00.000000000,47.16,374.02,,,,0,0.0,0.0,0.0,0.0,0.0,0.0,0.0,0.0,0.0,0.9984704293288662,0.9984704293288662,0.0
2024-01-09,16:01:00.000000000,47.17,373.87,,,,0,0.0,0.0,0.0,0.0,0.0,0.0,0.0,0.0,0.0,0.9984704293288662,0.9984704293288662,0.0
2024-01-09,16:02:00.000000000,47.1671,373.71,0.1953464089087652,-25.835806473294646,1.6438787634001868,0,0.0,0.0,0.0,0.0,0.0,0.0,0.0,0.0,0.0,0.9984704293288662,0.9984704293288662,0.0
2024-01-09,16:03:00.000000000,47.175,373.985,,,,0,0.0,0.0,0.0,0.0,0.0,0.0,0.0,0.0,0.0,0.9984704293288662,0.9984704293288662,0.0
2024-01-09,16:04:00.000000000,47.17,374.03,,,,0,0.0,0.0,0.0,0.0,0.0,0.0,0.0,0.0,0.0,0.9984704293288662,0.9984704293288662,0.0
2024-01-09,16:05:00.000000000,47.165,373.54,0.1944028155340346,-25.452227714583294,1.6587017592651743,0,0.0,0.0,0.0,0.0,0.0,0.0,0.0,0.0,0.0,0.9984704293288662,0.9984704293288662,0.0
2024-01-09,16:06:00.000000000,47.185,373.725,,,,0,0.0,0.0,0.0,0.0,0.0,0.0,0.0,0.0,0.0,0.9984704293288662,0.9984704293288662,0.0
2024-01-09,16:07:00.000000000,47.185,373.84,,,,0,0.0,0.0,0.0,0.0,0.0,0.0,0.0,0.0,0.0,0.9984704293288662,0.9984704293288662,0.0
2024-01-09,16:08:00.000000000,47.17,373.64,0.19343399777679077,-25.1046789293201,1.6675101503571494,0,0.0,0.0,0.0,0.0,0.0,0.0,0.0,0.0,0.0,0.9984704293288662,0.9984704293288662,0.0
2024-01-09,16:09:00.000000000,47.175,373.85,,,,0,0.0,0.0,0.0,0.0,0.0,0.0,0.0,0.0,0.0,0.9984704293288662,0.9984704293288662,0.0
2024-01-09,16:10:00.000000000,47.185,373.8,,,,0,0.0,0.0,0.0,0.0,0.0,0.0,0.0,0.0,0.0,0.9984704293288662,0.9984704293288662,0.0
2024-01-09,16:11:00.000000000,47.16,373.84,0.19240951841512582,-24.77037436431064,1.6740094072655087,0,0.0,0.0,0.0,0.0,0.0,0.0,0.0,0.0,0.0,0.9984704293288662,0.9984704293288662,0.0
2024-01-09,16:12:00.000000000,47.185,373.911,,,,0,0.0,0.0,0.0,0.0,0.0,0.0,0.0,0.0,0.0,0.9984704293288662,0.9984704293288662,0.0
2024-01-09,16:13:00.000000000,47.18,373.8,,,,0,0.0,0.0,0.0,0.0,0.0,0.0,0.0,0.0,0.0,0.9984704293288662,0.9984704293288662,0.0
2024-01-09,16:14:00.000000000,47.185,373.88,0.19138323204087893,-24.369362795443806,1.690440996560511,0,0.0,0.0,0.0,0.0,0.0,0.0,0.0,0.0,0.0,0.9984704293288662,0.9984704293288662,0.0
2024-01-09,16:15:00.000000000,47.185,373.91,,,,0,0.0,0.0,0.0,0.0,0.0,0.0,0.0,0.0,0.0,0.9984704293288662,0.9984704293288662,0.0
2024-01-09,16:16:00.000000000,47.22,374.3463,,,,0,0.0,0.0,0.0,0.0,0.0,0.0,0.0,0.0,0.0,0.9984704293288662,0.9984704293288662,0.0
2024-01-09,16:17:00.000000000,47.17,374.3,0.1902420840510373,-24.03761206030326,1.6957209326295444,0,0.0,0.0,0.0,0.0,0.0,0.0,0.0,0.0,0.0,0.9984704293288662,0.9984704293288662,0.0
2024-01-09,16:18:00.000000000,47.185,374.2,,,,0,0.0,0.0,0.0,0.0,0.0,0.0,0.0,0.0,0.0,0.9984704293288662,0.9984704293288662,0.0
2024-01-09,16:19:00.000000000,47.16,374.17,,,,0,0.0,0.0,0.0,0.0,0.0,0.0,0.0,0.0,0.0,0.9984704293288662,0.9984704293288662,0.0
2024-01-09,16:20:00.000000000,47.101,374.1599,0.18908464482529214,-23.646891799366827,1.7098397455391894,0,0.0,0.0,0.0,0.0,0.0,0.0,0.0,0.0,0.0,0.9984704293288662,0.9984704293288662,0.0
2024-01-09,16:21:00.000000000,47.15,374.1972,,,,0,0.0,0.0,0.0,0.0,0.0,0.0,0.0,0.0,0.0,0.9984704293288662,0.9984704293288662,0.0
2024-01-09,16:22:00.000000000,47.135,374.185,,,,0,0.0,0.0,0.0,0.0,0.0,0.0,0.0,0.0,0.0,0.9984704293288662,0.9984704293288662,0.0
2024-01-09,16:23:00.000000000,47.155,374.28,0.1879248455901629,-23.181511207486167,1.7345095437035911,0,0.0,0.0,0.0,0.0,0.0,0.0,0.0,0.0,0.0,0.9984704293288662,0.9984704293288662,0.0
2024-01-09,16:24:00.000000000,47.155,374.4691,,,,0,0.0,0.0,0.0,0.0,0.0,0.0,0.0,0.0,0.0,0.9984704293288662,0.9984704293288662,0.0
2024-01-09,16:25:00.000000000,47.17,374.13,,,,0,0.0,0.0,0.0,0.0,0.0,0.0,0.0,0.0,0.0,0.9984704293288662,0.9984704293288662,0.0
2024-01-09,16:26:00.000000000,47.14,374.1,0.18679225810025105,-22.73898375530392,1.7545672756259048,0,0.0,0.0,0.0,0.0,0.0,0.0,0.0,0.0,0.0,0.9984704293288662,0.9984704293288662,0.0
2024-01-09,16:27:00.000000000,47.135,374.37,,,,0,0.0,0.0,0.0,0.0,0.0,0.0,0.0,0.0,0.0,0.9984704293288662,0.9984704293288662,0.0
2024-01-09,16:28:00.000000000,47.135,374.32,,,,0,0.0,0.0,0.0,0.0,0.0,0.0,0.0,0.0,0.0,0.9984704293288662,0.9984704293288662,0.0
2024-01-09,16:29:00.000000000,47.155,374.32,0.18560843417669406,-22.321949081020122,1.770054828866848,0,0.0,0.0,0.0,0.0,0.0,0.0,0.0,0.0,0.0,0.9984704293288662,0.9984704293288662,0.0
2024-01-09,16:30:00.000000000,47.145,374.39,,,,0,0.0,0.0,0.0,0.0,0.0,0.0,0.0,0.0,0.0,0.9984704293288662,0.9984704293288662,0.0
2024-01-09,16:31:00.000000000,47.16,374.3077,,,,0,0.0,0.0,0.0,0.0,0.0,0.0,0.0,0.0,0.0,0.9984704293288662,0.9984704293288662,0.0
2024-01-09,16:32:00.000000000,47.165,374.3167,0.18442522771181635,-21.86844263383565,1.7903495622313383,0,0.0,0.0,0.0,0.0,0.0,0.0,0.0,0.0,0.0,0.9984704293288662,0.9984704293288662,0.0
2024-01-09,16:33:00.000000000,47.165,374.27,,,,0,0.0,0.0,0.0,0.0,0.0,0.0,0.0,0.0,0.0,0.9984704293288662,0.9984704293288662,0.0
2024-01-09,16:34:00.000000000,47.165,374.08,,,,0,0.0,0.0,0.0,0.0,0.0,0.0,0.0,0.0,0.0,0.9984704293288662,0.9984704293288662,0.0
2024-01-09,16:35:00.000000000,47.14,374.2,0.18324692032774034,-21.43099758664043,1.8075463794733675,0,0.0,0.0,0.0,0.0,0.0,0.0,0.0,0.0,0.0,0.9984704293288662,0.9984704293288662,0.0
2024-01-09,16:36:00.000000000,47.13,374.36,,,,0,0.0,0.0,0.0,0.0,0.0,0.0,0.0,0.0,0.0,0.9984704293288662,0.9984704293288662,0.0
2024-01-09,16:37:00.000000000,47.12,374.2,,,,0,0.0,0.0,0.0,0.0,0.0,0.0,0.0,0.0,0.0,0.9984704293288662,0.9984704293288662,0.0
2024-01-09,16:38:00.000000000,47.105,374.19,0.18204079561805006,-21.012845312318156,1.820851507922273,0,0.0,0.0,0.0,0.0,0.0,0.0,0.0,0.0,0.0,0.9984704293288662,0.9984704293288662,0.0
2024-01-09,16:39:00.000000000,47.1175,374.21,,,,0,0.0,0.0,0.0,0.0,0.0,0.0,0.0,0.0,0.0,0.9984704293288662,0.9984704293288662,0.0
2024-01-09,16:40:00.000000000,47.114,374.14,,,,0,0.0,0.0,0.0,0.0,0.0,0.0,0.0,0.0,0.0,0.9984704293288662,0.9984704293288662,0.0
2024-01-09,16:41:00.000000000,47.12,374.0899,0.18086082803430945,-20.53820907327202,1.8418748896656327,0,0.0,0.0,0.0,0.0,0.0,0.0,0.0,0.0,0.0,0.9984704293288662,0.9984704293288662,0.0
2024-01-09,16:42:00.000000000,47.14,374.2,,,,0,0.0,0.0,0.0,0.0,0.0,0.0,0.0,0.0,0.0,0.9984704293288662,0.9984704293288662,0.0
2024-01-09,16:43:00.000000000,47.145,374.33,,,,0,0.0,0.0,0.0,0.0,0.0,0.0,0.0,0.0,0.0,0.9984704293288662,0.9984704293288662,0.0
2024-01-09,16:44:00.000000000,47.15,374.32,0.17963762708906664,-20.09195657197943,1.857534348247537,0,0.0,0.0,0.0,0.0,0.0,0.0,0.0,0.0,0.0,0.9984704293288662,0.9984704293288662,0.0
2024-01-09,16:45:00.000000000,47.165,374.26,,,,0,0.0,0.0,0.0,0.0,0.0,0.0,0.0,0.0,0.0,0.9984704293288662,0.9984704293288662,0.0
2024-01-09,16:46:00.000000000,47.165,374.155,,,,0,0.0,0.0,0.0,0.0,0.0,0.0,0.0,0.0,0.0,0.9984704293288662,0.9984704293288662,0.0
2024-01-09,16:47:00.000000000,47.155,374.11,0.17846004407500285,-19.608687088899316,1.8775645612371108,0,0.0,0.0,0.0,0.0,0.0,0.0,0.0,0.0,0.0,0.9984704293288662,0.9984704293288662,0.0
2024-01-09,16:48:00.000000000,47.1481,374.22,,,,0,0.0,0.0,0.0,0.0,0.0,0.0,0.0,0.0,0.0,0.9984704293288662,0.9984704293288662,0.0
2024-01-09,16:49:00.000000000,47.14,374.29,,,,0,0.0,0.0,0.0,0.0,0.0,0.0,0.0,0.0,0.0,0.9984704293288662,0.9984704293288662,0.0
2024-01-09,16:50:00.000000000,47.165,374.4787,0.17719348666658616,-19.190186535370522,1.8869482196774185,0,0.0,0.0,0.0,0.0,0.0,0.0,0.0,0.0,0.0,0.9984704293288662,0.9984704293288662,0.0
2024-01-09,16:51:00.000000000,47.165,374.6,,,,0,0.0,0.0,0.0,0.0,0.0,0.0,0.0,0.0,0.0,0.9984704293288662,0.9984704293288662,0.0
2024-01-09,16:52:00.000000000,47.15,374.9223,,,,0,0.0,0.0,0.0,0.0,0.0,0.0,0.0,0.0,0.0,0.9984704293288662,0.9984704293288662,0.0
2024-01-09,16:53:00.000000000,47.16,375.0177,0.17577234842324177,-18.75774182928275,1.8973933685939932,0,0.0,0.0,0.0,0.0,0.0,0.0,0.0,0.0,0.0,0.9984704293288662,0.9984704293288662,0.0
2024-01-09,16:54:00.000000000,47.17,375.1959,,,,0,0.0,0.0,0.0,0.0,0.0,0.0,0.0,0.0,0.0,0.9984704293288662,0.9984704293288662,0.0
2024-01-09,16:55:00.000000000,47.18,375.3872,,,,0,0.0,0.0,0.0,0.0,0.0,0.0,0.0,0.0,0.0,0.9984704293288662,0.9984704293288662,0.0
2024-01-09,16:56:00.000000000,47.175,375.47,0.17422513152617683,-18.241310134133627,1.918961030914029,0,0.0,0.0,0.0,0.0,0.0,0.0,0.0,0.0,0.0,0.9984704293288662,0.9984704293288662,0.0
2024-01-09,16:57:00.000000000,47.17,375.4807,,,,0,0.0,0.0,0.0,0.0,0.0,0.0,0.0,0.0,0.0,0.9984704293288662,0.9984704293288662,0.0
2024-01-09,16:58:00.000000000,47.21,375.5039,,,,0,0.0,0.0,0.0,0.0,0.0,0.0,0.0,0.0,0.0,0.9984704293288662,0.9984704293288662,0.0
2024-01-09,16:59:00.000000000,47.235,375.69,0.17266318533545352,-17.63283209867653,1.951743405584354,0,0.0,0.0,0.0,0.0,0.0,0.0,0.0,0.0,0.0,0.9984704293288662,0.9984704293288662,0.0
2024-01-09,17:00:00.000000000,47.18,375.4329,,,,0,0.0,0.0,0.0,0.0,0.0,0.0,0.0,0.0,0.0,0.9984704293288662,0.9984704293288662,0.0
2024-01-09,17:01:00.000000000,47.175,375.27,,,,0,0.0,0.0,0.0,0.0,0.0,0.0,0.0,0.0,0.0,0.9984704293288662,0.9984704293288662,0.0
2024-01-09,17:02:00.000000000,47.21,375.3099,0.17119000299912548,-17.039302906601485,1.9796206577400566,0,0.0,0.0,0.0,0.0,0.0,0.0,0.0,0.0,0.0,0.9984704293288662,0.9984704293288662,0.0
2024-01-09,17:03:00.000000000,47.1975,375.21,,,,0,0.0,0.0,0.0,0.0,0.0,0.0,0.0,0.0,0.0,0.9984704293288662,0.9984704293288662,0.0
2024-01-09,17:04:00.000000000,47.199,375.3,,,,0,0.0,0.0,0.0,0.0,0.0,0.0,0.0,0.0,0.0,0.9984704293288662,0.9984704293288662,0.0
2024-01-09,17:05:00.000000000,47.18,375.51,0.16962766778254448,-16.516885529023277,1.995066280042996,0,0.0,0.0,0.0,0.0,0.0,0.0,0.0,0.0,0.0,0.9984704293288662,0.9984704293288662,0.0
2024-01-09,17:06:00.000000000,47.18,375.49,,,,0,0.0,0.0,0.0,0.0,0.0,0.0,0.0,0.0,0.0,0.9984704293288662,0.9984704293288662,0.0
2024-01-09,17:07:00.000000000,47.185,375.49,,,,0,0.0,0.0,0.0,0.0,0.0,0.0,0.0,0.0,0.0,0.9984704293288662,0.9984704293288662,0.0
2024-01-09,17:08:00.000000000,47.19,375.6,0.16804504828923453,-15.927720137436495,2.017943777797247,0,0.0,0.0,0.0,0.0,0.0,0.0,0.0,0.0,0.0,0.9984704293288662,0.9984704293288662,0.0
2024-01-09,17:09:00.000000000,47.19,375.66,,,,0,0.0,0.0,0.0,0.0,0.0,0.0,0.0,0.0,0.0,0.9984704293288662,0.9984704293288662,0.0
2024-01-09,17:10:00.000000000,47.22,375.639,,,,0,0.0,0.0,0.0,0.0,0.0,0.0,0.0,0.0,0.0,0.9984704293288662,0.9984704293288662,0.0
2024-01-09,17:11:00.000000000,47.2,375.64,0.16645795994990092,-15.32826807558078,2.0397109008224845,0,0.0,0.0,0.0,0.0,0.0,0.0,0.0,0.0,0.0,0.9984704293288662,0.9984704293288662,0.0
2024-01-09,17:12:00.000000000,47.1916,375.5599,,,,0,0.0,0.0,0.0,0.0,0.0,0.0,0.0,0.0,0.0,0.9984704293288662,0.9984704293288662,0.0
2024-01-09,17:13:00.000000000,47.205,375.61,,,,0,0.0,0.0,0.0,0.0,0.0,0.0,0.0,0.0,0.0,0.9984704293288662,0.9984704293288662,0.0
2024-01-09,17:14:00.000000000,47.22,375.56,0.1649115072369562,-14.714165657911266,2.0607967097398343,0,0.0,0.0,0.0,0.0,0.0,0.0,0.0,0.0,0.0,0.9984704293288662,0.9984704293288662,0.0
2024-01-09,17:15:00.000000000,47.23,375.5,,,,0,0.0,0.0,0.0,0.0,0.0,0.0,0.0,0.0,0.0,0.9984704293288662,0.9984704293288662,0.0
2024-01-09,17:16:00.000000000,47.215,375.31,,,,0,0.0,0.0,0.0,0.0,0.0,0.0,0.0,0.0,0.0,0.9984704293288662,0.9984704293288662,0.0
2024-01-09,17:17:00.000000000,47.215,375.47,0.16338394541354748,-14.130769984424674,2.075076649633232,0,0.0,0.0,0.0,0.0,0.0,0.0,0.0,0.0,0.0,0.9984704293288662,0.9984704293288662,0.0
2024-01-09,17:18:00.000000000,47.22,375.47,,,,0,0.0,0.0,0.0,0.0,0.0,0.0,0.0,0.0,0.0,0.9984704293288662,0.9984704293288662,0.0
2024-01-09,17:19:00.000000000,47.19,375.4599,,,,0,0.0,0.0,0.0,0.0,0.0,0.0,0.0,0.0,0.0,0.9984704293288662,0.9984704293288662,0.0
2024-01-09,17:20:00.000000000,47.18,375.45,0.16182753379376597,-13.578147562869432,2.0828328193289725,0,0.0,0.0,0.0,0.0,0.0,0.0,0.0,0.0,0.0,0.9984704293288662,0.9984704293288662,0.0
2024-01-09,17:21:00.000000000,47.175,375.43,,,,0,0.0,0.0,0.0,0.0,0.0,0.0,0.0,0.0,0.0,0.9984704293288662,0.9984704293288662,0.0
2024-01-09,17:22:00.000000000,47.16,375.475,,,,0,0.0,0.0,0.0,0.0,0.0,0.0,0.0,0.0,0.0,0.9984704293288662,0.9984704293288662,0.0
2024-01-09,17:23:00.000000000,47.18,375.55,0.16023993397450476,-12.998107204125262,2.092121129922648,0,0.0,0.0,0.0,0.0,0.0,0.0,0.0,0.0,0.0,0.9984704293288662,0.9984704293288662,0.0
2024-01-09,17:24:00.000000000,47.1721,375.445,,,,0,0.0,0.0,0.0,0.0,0.0,0.0,0.0,0.0,0.0,0.9984704293288662,0.9984704293288662,0.0
2024-01-09,17:25:00.000000000,47.17,375.6,,,,0,0.0,0.0,0.0,0.0,0.0,0.0,0.0,0.0,0.0,0.9984704293288662,0.9984704293288662,0.0
2024-01-09,17:26:00.000000000,47.19,375.54,0.15866227294943078,-12.394029983429242,2.1021634508182405,0,0.0,0.0,0.0,0.0,0.0,0.0,0.0,0.0,0.0,0.9984704293288662,0.9984704293288662,0.0
2024-01-09,17:27:00.000000000,47.17,375.39,,,,0,0.0,0.0,0.0,0.0,0.0,0.0,0.0,0.0,0.0,0.9984704293288662,0.9984704293288662,0.0
2024-01-09,17:28:00.000000000,47.18,375.26,,,,0,0.0,0.0,0.0,0.0,0.0,0.0,0.0,0.0,0.0,0.9984704293288662,0.9984704293288662,0.0
2024-01-09,17:29:00.000000000,47.19,375.2765,0.1571536912447431,-11.786087212407836,2.110387299555928,0,0.0,0.0,0.0,0.0,0.0,0.0,0.0,0.0,0.0,0.9984704293288662,0.9984704293288662,0.0
2024-01-09,17:30:00.000000000,47.165,375.23,,,,0,0.0,0.0,0.0,0.0,0.0,0.0,0.0,0.0,0.0,0.9984704293288662,0.9984704293288662,0.0
2024-01-09,17:31:00.000000000,47.16,375.065,,,,0,0.0,0.0,0.0,0.0,0.0,0.0,0.0,0.0,0.0,0.9984704293288662,0.9984704293288662,0.0
2024-01-09,17:32:00.000000000,47.15,375.27,0.15560793172840326,-11.244988539717887,2.1081818201284714,0,0.0,0.0,0.0,0.0,0.0,0.0,0.0,0.0,0.0,0.9984704293288662,0.9984704293288662,0.0
2024-01-09,17:33:00.000000000,47.12,375.17,,,,0,0.0,0.0,0.0,0.0,0.0,0.0,0.0,0.0,0.0,0.9984704293288662,0.9984704293288662,0.0
2024-01-09,17:34:00.000000000,47.135,375.26,,,,0,0.0,0.0,0.0,0.0,0.0,0.0,0.0,0.0,0.0,0.9984704293288662,0.9984704293288662,0.0
2024-01-09,17:35:00.000000000,47.14,375.24,0.15405745990729255,-10.668521255612461,2.109056743241563,0,0.0,0.0,0.0,0.0,0.0,0.0,0.0,0.0,0.0,0.9984704293288662,0.9984704293288662,0.0
2024-01-09,17:36:00.000000000,47.12,375.26,,,,0,0.0,0.0,0.0,0.0,0.0,0.0,0.0,0.0,0.0,0.9984704293288662,0.9984704293288662,0.0
2024-01-09,17:37:00.000000000,47.13,375.2786,,,,0,0.0,0.0,0.0,0.0,0.0,0.0,0.0,0.0,0.0,0.9984704293288662,0.9984704293288662,0.0
2024-01-09,17:38:00.000000000,47.12,375.3199,0.1524639804111817,-10.102765881526679,2.1069075729304005,0,0.0,0.0,0.0,0.0,0.0,0.0,0.0,0.0,0.0,0.9984704293288662,0.9984704293288662,0.0
2024-01-09,17:39:00.000000000,47.112,375.3164,,,,0,0.0,0.0,0.0,0.0,0.0,0.0,0.0,0.0,0.0,0.9984704293288662,0.9984704293288662,0.0
2024-01-09,17:40:00.000000000,47.125,375.44,,,,0,0.0,0.0,0.0,0.0,0.0,0.0,0.0,0.0,0.0,0.9984704293288662,0.9984704293288662,0.0
2024-01-09,17:41:00.000000000,47.125,375.33,0.15086855684284903,-9.500495439826523,2.107849397441554,0,0.0,0.0,0.0,0.0,0.0,0.0,0.0,0.0,0.0,0.9984704293288662,0.9984704293288662,0.0
2024-01-09,17:42:00.000000000,47.14,375.38,,,,0,0.0,0.0,0.0,0.0,0.0,0.0,0.0,0.0,0.0,0.9984704293288662,0.9984704293288662,0.0
2024-01-09,17:43:00.000000000,47.14,375.5,,,,0,0.0,0.0,0.0,0.0,0.0,0.0,0.0,0.0,0.0,0.9984704293288662,0.9984704293288662,0.0
2024-01-09,17:44:00.000000000,47.1287,375.455,0.14923940483683024,-8.903980743012092,2.1065307363017216,0,0.0,0.0,0.0,0.0,0.0,0.0,0.0,0.0,0.0,0.9984704293288662,0.9984704293288662,0.0
2024-01-09,17:45:00.000000000,47.14,375.43,,,,0,0.0,0.0,0.0,0.0,0.0,0.0,0.0,0.0,0.0,0.9984704293288662,0.9984704293288662,0.0
2024-01-09,17:46:00.000000000,47.14,375.395,,,,0,0.0,0.0,0.0,0.0,0.0,0.0,0.0,0.0,0.0,0.9984704293288662,0.9984704293288662,0.0
2024-01-09,17:47:00.000000000,47.145,375.45,0.14762365398193536,-8.280300887517626,2.106923133524081,0,0.0,0.0,0.0,0.0,0.0,0.0,0.0,0.0,0.0,0.9984704293288662,0.9984704293288662,0.0
2024-01-09,17:48:00.000000000,47.13,375.35,,,,0,0.0,0.0,0.0,0.0,0.0,0.0,0.0,0.0,0.0,0.9984704293288662,0.9984704293288662,0.0
2024-01-09,17:49:00.000000000,47.14,375.34,,,,0,0.0,0.0,0.0,0.0,0.0,0.0,0.0,0.0,0.0,0.9984704293288662,0.9984704293288662,0.0
2024-01-09,17:50:00.000000000,47.14,375.455,0.1459990978977686,-7.676091301206711,2.1036275676568517,0,0.0,0.0,0.0,0.0,0.0,0.0,0.0,0.0,0.0,0.9984704293288662,0.9984704293288662,0.0
2024-01-09,17:51:00.000000000,47.155,375.51,,,,0,0.0,0.0,0.0,0.0,0.0,0.0,0.0,0.0,0.0,0.9984704293288662,0.9984704293288662,0.0
2024-01-09,17:52:00.000000000,47.155,375.495,,,,0,0.0,0.0,0.0,0.0,0.0,0.0,0.0,0.0,0.0,0.9984704293288662,0.9984704293288662,0.0
2024-01-09,17:53:00.000000000,47.185,375.7,0.14435003892807374,-7.0473096252773,2.102054758552386,0,0.0,0.0,0.0,0.0,0.0,0.0,0.0,0.0,0.0,0.9984704293288662,0.9984704293288662,0.0
2024-01-09,17:54:00.000000000,47.17,375.7,,,,0,0.0,0.0,0.0,0.0,0.0,0.0,0.0,0.0,0.0,0.9984704293288662,0.9984704293288662,0.0
2024-01-09,17:55:00.000000000,47.155,375.5828,,,,0,0.0,0.0,0.0,0.0,0.0,0.0,0.0,0.0,0.0,0.9984704293288662,0.9984704293288662,0.0
2024-01-09,17:56:00.000000000,47.16,375.59,0.14270442189261134,-6.4383538186458935,2.096888147187927,0,0.0,0.0,0.0,0.0,0.0,0.0,0.0,0.0,0.0,0.9984704293288662,0.9984704293288662,0.0
2024-01-09,17:57:00.000000000,47.17,375.58,,,,0,0.0,0.0,0.0,0.0,0.0,0.0,0.0,0.0,0.0,0.9984704293288662,0.9984704293288662,0.0
2024-01-09,17:58:00.000000000,47.17,375.4961,,,,0,0.0,0.0,0.0,0.0,0.0,0.0,0.0,0.0,0.0,0.9984704293288662,0.9984704293288662,0.0
2024-01-09,17:59:00.000000000,47.18,375.5804,0.1410781667769903,-5.806194309368735,2.0932334306350837,0,0.0,0.0,0.0,0.0,0.0,0.0,0.0,0.0,0.0,0.9984704293288662,0.9984704293288662,0.0
2024-01-09,18:00:00.000000000,47.18,375.69,,,,0,0.0,0.0,0.0,0.0,0.0,0.0,0.0,0.0,0.0,0.9984704293288662,0.9984704293288662,0.0
2024-01-09,18:01:00.000000000,47.18,375.625,,,,0,0.0,0.0,0.0,0.0,0.0,0.0,0.0,0.0,0.0,0.9984704293288662,0.9984704293288662,0.0
2024-01-09,18:02:00.000000000,47.19,375.77,0.13941164909519596,-5.196715380501786,2.086059505543503,0,0.0,0.0,0.0,0.0,0.0,0.0,0.0,0.0,0.0,0.9984704293288662,0.9984704293288662,0.0
2024-01-09,18:03:00.000000000,47.195,375.93,,,,0,0.0,0.0,0.0,0.0,0.0,0.0,0.0,0.0,0.0,0.9984704293288662,0.9984704293288662,0.0
2024-01-09,18:04:00.000000000,47.21,375.93,,,,0,0.0,0.0,0.0,0.0,0.0,0.0,0.0,0.0,0.0,0.9984704293288662,0.9984704293288662,0.0
2024-01-09,18:05:00.000000000,47.19,375.71,0.13775948016655404,-4.5676142933760175,2.079983819792187,0,0.0,0.0,0.0,0.0,0.0,0.0,0.0,0.0,0.0,0.9984704293288662,0.9984704293288662,0.0
2024-01-09,18:06:00.000000000,47.14,375.41,,,,0,0.0,0.0,0.0,0.0,0.0,0.0,0.0,0.0,0.0,0.9984704293288662,0.9984704293288662,0.0
2024-01-09,18:07:00.000000000,47.15,375.48,,,,0,0.0,0.0,0.0,0.0,0.0,0.0,0.0,0.0,0.0,0.9984704293288662,0.9984704293288662,0.0
2024-01-09,18:08:00.000000000,47.13,375.42,0.13612047149079642,-3.9723474070747926,2.069335454896016,0,0.0,0.0,0.0,0.0,0.0,0.0,0.0,0.0,0.0,0.9984704293288662,0.9984704293288662,0.0
2024-01-09,18:09:00.000000000,47.15,375.4081,,,,0,0.0,0.0,0.0,0.0,0.0,0.0,0.0,0.0,0.0,0.9984704293288662,0.9984704293288662,0.0
2024-01-09,18:10:00.000000000,47.16,375.55,,,,0,0.0,0.0,0.0,0.0,0.0,0.0,0.0,0.0,0.0,0.9984704293288662,0.9984704293288662,0.0
2024-01-09,18:11:00.000000000,47.18,375.54,0.1344961500588921,-3.328684193116338,2.063493447311621,0,0.0,0.0,0.0,0.0,0.0,0.0,0.0,0.0,0.0,0.9984704293288662,0.9984704293288662,0.0
2024-01-09,18:12:00.000000000,47.165,375.63,,,,0,0.0,0.0,0.0,0.0,0.0,0.0,0.0,0.0,0.0,0.9984704293288662,0.9984704293288662,0.0
2024-01-09,18:13:00.000000000,47.155,375.5952,,,,0,0.0,0.0,0.0,0.0,0.0,0.0,0.0,0.0,0.0,0.9984704293288662,0.9984704293288662,0.0
2024-01-09,18:14:00.000000000,47.15,375.62,0.13282204884521046,-2.740617987237954,2.0510229796008868,0,0.0,0.0,0.0,0.0,0.0,0.0,0.0,0.0,0.0,0.9984704293288662,0.9984704293288662,0.0
2024-01-09,18:15:00.000000000,47.16,375.6,,,,0,0.0,0.0,0.0,0.0,0.0,0.0,0.0,0.0,0.0,0.9984704293288662,0.9984704293288662,0.0
2024-01-09,18:16:00.000000000,47.19,375.65,,,,0,0.0,0.0,0.0,0.0,0.0,0.0,0.0,0.0,0.0,0.9984704293288662,0.9984704293288662,0.0
2024-01-09,18:17:00.000000000,47.185,375.7,0.13116082001739326,-2.0921200805346487,2.0444936338225053,0,0.0,0.0,0.0,0.0,0.0,0.0,0.0,0.0,0.0,0.9984704293288662,0.9984704293288662,0.0
2024-01-09,18:18:00.000000000,47.19,375.63,,,,0,0.0,0.0,0.0,0.0,0.0,0.0,0.0,0.0,0.0,0.9984704293288662,0.9984704293288662,0.0
2024-01-09,18:19:00.000000000,47.19,375.68,,,,0,0.0,0.0,0.0,0.0,0.0,0.0,0.0,0.0,0.0,0.9984704293288662,0.9984704293288662,0.0
2024-01-09,18:20:00.000000000,47.2,375.63,0.12952892190455736,-1.4549489350088791,2.0358392144100437,0,0.0,0.0,0.0,0.0,0.0,0.0,0.0,0.0,0.0,0.9984704293288662,0.9984704293288662,0.0
2024-01-09,18:21:00.000000000,47.215,375.77,,,,0,0.0,0.0,0.0,0.0,0.0,0.0,0.0,0.0,0.0,0.9984704293288662,0.9984704293288662,0.0
2024-01-09,18:22:00.000000000,47.24,375.64,,,,0,0.0,0.0,0.0,0.0,0.0,0.0,0.0,0.0,0.0,0.9984704293288662,0.9984704293288662,0.0
2024-01-09,18:23:00.000000000,47.24,375.57,0.12794651774455001,-0.8128736693206449,2.027141591163607,0,0.0,0.0,0.0,0.0,0.0,0.0,0.0,0.0,0.0,0.9984704293288662,0.9984704293288662,0.0
2024-01-09,18:24:00.000000000,47.23,375.58,,,,0,0.0,0.0,0.0,0.0,0.0,0.0,0.0,0.0,0.0,0.9984704293288662,0.9984704293288662,0.0
2024-01-09,18:25:00.000000000,47.22,375.52,,,,0,0.0,0.0,0.0,0.0,0.0,0.0,0.0,0.0,0.0,0.9984704293288662,0.9984704293288662,0.0
2024-01-09,18:26:00.000000000,47.21,375.455,0.12635805034418746,-0.2317617919769006,2.0126010197722777,0,0.0,0.0,0.0,0.0,0.0,0.0,0.0,0.0,0.0,0.9984704293288662,0.9984704293288662,0.0
2024-01-09,18:27:00.000000000,47.21,375.46,,,,0,0.0,0.0,0.0,0.0,0.0,0.0,0.0,0.0,0.0,0.9984704293288662,0.9984704293288662,0.0
2024-01-09,18:28:00.000000000,47.215,375.35,,,,0,0.0,0.0,0.0,0.0,0.0,0.0,0.0,0.0,0.0,0.9984704293288662,0.9984704293288662,0.0
2024-01-09,18:29:00.000000000,47.21,375.1509,0.12482734296332215,0.38090994270103096,2.000984009561012,0,0.0,0.0,0.0,0.0,0.0,0.0,0.0,0.0,0.0,0.9984704293288662,0.9984704293288662,0.0
2024-01-09,18:30:00.000000000,47.2,374.38,,,,0,0.0,0.0,0.0,0.0,0.0,0.0,0.0,0.0,0.0,0.9984704293288662,0.9984704293288662,0.0
2024-01-09,18:31:00.000000000,47.225,374.83,,,,0,0.0,0.0,0.0,0.0,0.0,0.0,0.0,0.0,0.0,0.9984704293288662,0.9984704293288662,0.0
2024-01-09,18:32:00.000000000,47.2176,374.847,0.12335347643445171,0.9789194189750816,1.9879340524656948,0,0.0,0.0,0.0,0.0,0.0,0.0,0.0,0.0,0.0,0.9984704293288662,0.9984704293288662,0.0
2024-01-09,18:33:00.000000000,47.175,374.645,,,,0,0.0,0.0,0.0,0.0,0.0,0.0,0.0,0.0,0.0,0.9984704293288662,0.9984704293288662,0.0
2024-01-09,18:34:00.000000000,47.17,374.84,,,,0,0.0,0.0,0.0,0.0,0.0,0.0,0.0,0.0,0.0,0.9984704293288662,0.9984704293288662,0.0
2024-01-09,18:35:00.000000000,47.235,374.86,0.1218853735608175,1.545048866991955,1.9722170803754362,0,0.0,0.0,0.0,0.0,0.0,0.0,0.0,0.0,0.0,0.9984704293288662,0.9984704293288662,0.0
2024-01-09,18:36:00.000000000,47.22,374.95,,,,0,0.0,0.0,0.0,0.0,0.0,0.0,0.0,0.0,0.0,0.9984704293288662,0.9984704293288662,0.0
2024-01-09,18:37:00.000000000,47.2098,375.01,,,,0,0.0,0.0,0.0,0.0,0.0,0.0,0.0,0.0,0.0,0.9984704293288662,0.9984704293288662,0.0
2024-01-09,18:38:00.000000000,47.205,375.0,0.12036222487849567,2.069165670564125,1.9531235701819638,0,0.0,0.0,0.0,0.0,0.0,0.0,0.0,0.0,0.0,0.9984704293288662,0.9984704293288662,0.0
2024-01-09,18:39:00.000000000,47.205,374.83,,,,0,0.0,0.0,0.0,0.0,0.0,0.0,0.0,0.0,0.0,0.9984704293288662,0.9984704293288662,0.0
2024-01-09,18:40:00.000000000,47.21,374.68,,,,0,0.0,0.0,0.0,0.0,0.0,0.0,0.0,0.0,0.0,0.9984704293288662,0.9984704293288662,0.0
2024-01-09,18:41:00.000000000,47.2041,374.65,0.11889145260361092,2.6614172820571653,1.940828120280699,0,0.0,0.0,0.0,0.0,0.0,0.0,0.0,0.0,0.0,0.9984704293288662,0.9984704293288662,0.0
2024-01-09,18:42:00.000000000,47.22,374.66,,,,0,0.0,0.0,0.0,0.0,0.0,0.0,0.0,0.0,0.0,0.9984704293288662,0.9984704293288662,0.0
2024-01-09,18:43:00.000000000,47.235,374.605,,,,0,0.0,0.0,0.0,0.0,0.0,0.0,0.0,0.0,0.0,0.9984704293288662,0.9984704293288662,0.0
2024-01-09,18:44:00.000000000,47.23,374.565,0.11744634826779028,3.2387085610751285,1.927307311421825,0,0.0,0.0,0.0,0.0,0.0,0.0,0.0,0.0,0.0,0.9984704293288662,0.9984704293288662,0.0
2024-01-09,18:45:00.000000000,47.25,374.6275,,,,0,0.0,0.0,0.0,0.0,0.0,0.0,0.0,0.0,0.0,0.9984704293288662,0.9984704293288662,0.0
2024-01-09,18:46:00.000000000,47.38,374.695,,,,0,0.0,0.0,0.0,0.0,0.0,0.0,0.0,0.0,0.0,0.9984704293288662,0.9984704293288662,0.0
2024-01-09,18:47:00.000000000,47.39,374.77,0.11609138924535391,3.882430052518721,1.9199355735947625,0,0.0,0.0,0.0,0.0,0.0,0.0,0.0,0.0,0.0,0.9984704293288662,0.9984704293288662,0.0
2024-01-09,18:48:00.000000000,47.404,375.01,,,,0,0.0,0.0,0.0,0.0,0.0,0.0,0.0,0.0,0.0,0.9984704293288662,0.9984704293288662,0.0
2024-01-09,18:49:00.000000000,47.36,375.12,,,,0,0.0,0.0,0.0,0.0,0.0,0.0,0.0,0.0,0.0,0.9984704293288662,0.9984704293288662,0.0
2024-01-09,18:50:00.000000000,47.43,375.305,0.11469517012509857,4.384329176199877,1.9003760239527954,0,0.0,0.0,0.0,0.0,0.0,0.0,0.0,0.0,0.0,0.9984704293288662,0.9984704293288662,0.0
2024-01-09,18:51:00.000000000,47.44,375.2103,,,,0,0.0,0.0,0.0,0.0,0.0,0.0,0.0,0.0,0.0,0.9984704293288662,0.9984704293288662,0.0
2024-01-09,18:52:00.000000000,47.505,375.51,,,,0,0.0,0.0,0.0,0.0,0.0,0.0,0.0,0.0,0.0,0.9984704293288662,0.9984704293288662,0.0
2024-01-09,18:53:00.000000000,47.44,375.45,0.11328487696329975,4.907192944129108,1.8834675459022576,0,0.0,0.0,0.0,0.0,0.0,0.0,0.0,0.0,0.0,0.9984704293288662,0.9984704293288662,0.0
2024-01-09,18:54:00.000000000,47.41,375.5,,,,0,0.0,0.0,0.0,0.0,0.0,0.0,0.0,0.0,0.0,0.9984704293288662,0.9984704293288662,0.0
2024-01-09,18:55:00.000000000,47.42,375.49,,,,0,0.0,0.0,0.0,0.0,0.0,0.0,0.0,0.0,0.0,0.9984704293288662,0.9984704293288662,0.0
2024-01-09,18:56:00.000000000,47.37,375.4,0.11181358152137093,5.395181496877356,1.8643825701526653,0,0.0,0.0,0.0,0.0,0.0,0.0,0.0,0.0,0.0,0.9984704293288662,0.9984704293288662,0.0
2024-01-09,18:57:00.000000000,47.355,375.3,,,,0,0.0,0.0,0.0,0.0,0.0,0.0,0.0,0.0,0.0,0.9984704293288662,0.9984704293288662,0.0
2024-01-09,18:58:00.000000000,47.36,375.25,,,,0,0.0,0.0,0.0,0.0,0.0,0.0,0.0,0.0,0.0,0.9984704293288662,0.9984704293288662,0.0
2024-01-09,18:59:00.000000000,47.335,375.21,0.11033482531147296,5.936270194882233,1.8505203848022234,0,0.0,0.0,0.0,0.0,0.0,0.0,0.0,0.0,0.0,0.9984704293288662,0.9984704293288662,0.0
2024-01-09,19:00:00.000000000,47.35,375.29,,,,0,0.0,0.0,0.0,0.0,0.0,0.0,0.0,0.0,0.0,0.9984704293288662,0.9984704293288662,0.0
2024-01-09,19:01:00.000000000,47.35,375.405,,,,0,0.0,0.0,0.0,0.0,0.0,0.0,0.0,0.0,0.0,0.9984704293288662,0.9984704293288662,0.0
2024-01-09,19:02:00.000000000,47.3675,375.36,0.10886028489605265,6.505703461417674,1.8394994096707606,0,0.0,0.0,0.0,0.0,0.0,0.0,0.0,0.0,0.0,0.9984704293288662,0.9984704293288662,0.0
2024-01-09,19:03:00.000000000,47.3375,375.37,,,,0,0.0,0.0,0.0,0.0,0.0,0.0,0.0,0.0,0.0,0.9984704293288662,0.9984704293288662,0.0
2024-01-09,19:04:00.000000000,47.31,375.3227,,,,0,0.0,0.0,0.0,0.0,0.0,0.0,0.0,0.0,0.0,0.9984704293288662,0.9984704293288662,0.0
2024-01-09,19:05:00.000000000,47.3,375.37,0.10731838432262265,7.01589807681713,1.8241419829787995,0,0.0,0.0,0.0,0.0,0.0,0.0,0.0,0.0,0.0,0.9984704293288662,0.9984704293288662,0.0
2024-01-09,19:06:00.000000000,47.3,375.4748,,,,0,0.0,0.0,0.0,0.0,0.0,0.0,0.0,0.0,0.0,0.9984704293288662,0.9984704293288662,0.0
2024-01-09,19:07:00.000000000,47.32,375.5,,,,0,0.0,0.0,0.0,0.0,0.0,0.0,0.0,0.0,0.0,0.9984704293288662,0.9984704293288662,0.0
2024-01-09,19:08:00.000000000,47.33,375.44,0.10579089458005705,7.6118665388633815,1.81657281236442,0,0.0,0.0,0.0,0.0,0.0,0.0,0.0,0.0,0.0,0.9984704293288662,0.9984704293288662,0.0
2024-01-09,19:09:00.000000000,47.315,375.55,,,,0,0.0,0.0,0.0,0.0,0.0,0.0,0.0,0.0,0.0,0.9984704293288662,0.9984704293288662,0.0
2024-01-09,19:10:00.000000000,47.315,375.51,,,,0,0.0,0.0,0.0,0.0,0.0,0.0,0.0,0.0,0.0,0.9984704293288662,0.9984704293288662,0.0
2024-01-09,19:11:00.000000000,47.31,375.5677,0.10422251598271827,8.16738938415726,1.8059480008555122,0,0.0,0.0,0.0,0.0,0.0,0.0,0.0,0.0,0.0,0.9984704293288662,0.9984704293288662,0.0
2024-01-09,19:12:00.000000000,47.31,375.55,,,,0,0.0,0.0,0.0,0.0,0.0,0.0,0.0,0.0,0.0,0.9984704293288662,0.9984704293288662,0.0
2024-01-09,19:13:00.000000000,47.285,375.34,,,,0,0.0,0.0,0.0,0.0,0.0,0.0,0.0,0.0,0.0,0.9984704293288662,0.9984704293288662,0.0
2024-01-09,19:14:00.000000000,47.27,375.235,0.10266318931030624,8.74717815914724,1.7976428395463027,0,0.0,0.0,0.0,0.0,0.0,0.0,0.0,0.0,0.0,0.9984704293288662,0.9984704293288662,0.0
2024-01-09,19:15:00.000000000,47.27,375.1629,,,,0,0.0,0.0,0.0,0.0,0.0,0.0,0.0,0.0,0.0,0.9984704293288662,0.9984704293288662,0.0
2024-01-09,19:16:00.000000000,47.25,375.19,,,,0,0.0,0.0,0.0,0.0,0.0,0.0,0.0,0.0,0.0,0.9984704293288662,0.9984704293288662,0.0
2024-01-09,19:17:00.000000000,47.27,375.23,0.10110029437673515,9.33413654101767,1.7899737690565836,0,0.0,0.0,0.0,0.0,0.0,0.0,0.0,0.0,0.0,0.9984704293288662,0.9984704293288662,0.0
2024-01-09,19:18:00.000000000,47.26,375.06,,,,0,0.0,0.0,0.0,0.0,0.0,0.0,0.0,0.0,0.0,0.9984704293288662,0.9984704293288662,0.0
2024-01-09,19:19:00.000000000,47.25,375.05,,,,0,0.0,0.0,0.0,0.0,0.0,0.0,0.0,0.0,0.0,0.9984704293288662,0.9984704293288662,0.0
2024-01-09,19:20:00.000000000,47.25,374.9923,0.09954742934818006,9.920480509638459,1.782465423045001,0,0.0,0.0,0.0,0.0,0.0,0.0,0.0,0.0,0.0,0.9984704293288662,0.9984704293288662,0.0
2024-01-09,19:21:00.000000000,47.2458,375.13,,,,0,0.0,0.0,0.0,0.0,0.0,0.0,0.0,0.0,0.0,0.9984704293288662,0.9984704293288662,0.0
2024-01-09,19:22:00.000000000,47.26,375.14,,,,0,0.0,0.0,0.0,0.0,0.0,0.0,0.0,0.0,0.0,0.9984704293288662,0.9984704293288662,0.0
2024-01-09,19:23:00.000000000,47.215,374.99,0.09795897952903507,10.481362266407146,1.7733032794884558,0,0.0,0.0,0.0,0.0,0.0,0.0,0.0,0.0,0.0,0.9984704293288662,0.9984704293288662,0.0
2024-01-09,19:24:00.000000000,47.2297,375.0769,,,,0,0.0,0.0,0.0,0.0,0.0,0.0,0.0,0.0,0.0,0.9984704293288662,0.9984704293288662,0.0
2024-01-09,19:25:00.000000000,47.23,375.08,,,,0,0.0,0.0,0.0,0.0,0.0,0.0,0.0,0.0,0.0,0.9984704293288662,0.9984704293288662,0.0
2024-01-09,19:26:00.000000000,47.23,374.98,0.09637883376503464,11.089864914787306,1.7683168802191365,0,0.0,0.0,0.0,0.0,0.0,0.0,0.0,0.0,0.0,0.9984704293288662,0.9984704293288662,0.0
2024-01-09,19:27:00.000000000,47.23,375.03,,,,0,0.0,0.0,0.0,0.0,0.0,0.0,0.0,0.0,0.0,0.9984704293288662,0.9984704293288662,0.0
2024-01-09,19:28:00.000000000,47.21,374.95,,,,0,0.0,0.0,0.0,0.0,0.0,0.0,0.0,0.0,0.0,0.9984704293288662,0.9984704293288662,0.0
2024-01-09,19:29:00.000000000,47.205,375.0178,0.09476616604707547,11.666000894591058,1.7610238086497723,0,0.0,0.0,0.0,0.0,0.0,0.0,0.0,0.0,0.0,0.9984704293288662,0.9984704293288662,0.0
2024-01-09,19:30:00.000000000,47.205,375.12,,,,0,0.0,0.0,0.0,0.0,0.0,0.0,0.0,0.0,0.0,0.9984704293288662,0.9984704293288662,0.0
2024-01-09,19:31:00.000000000,47.22,375.0751,,,,0,0.0,0.0,0.0,0.0,0.0,0.0,0.0,0.0,0.0,0.9984704293288662,0.9984704293288662,0.0
2024-01-09,19:32:00.000000000,47.225,375.205,0.09314073526833597,12.278130423644008,1.7569126073496286,0,0.0,0.0,0.0,0.0,0.0,0.0,0.0,0.0,0.0,0.9984704293288662,0.9984704293288662,0.0
2024-01-09,19:33:00.000000000,47.235,375.39,,,,0,0.0,0.0,0.0,0.0,0.0,0.0,0.0,0.0,0.0,0.9984704293288662,0.9984704293288662,0.0
2024-01-09,19:34:00.000000000,47.245,375.46,,,,0,0.0,0.0,0.0,0.0,0.0,0.0,0.0,0.0,0.0,0.9984704293288662,0.9984704293288662,0.0
2024-01-09,19:35:00.000000000,47.24,375.423,0.09149565088749825,12.890428256862748,1.7529664530458562,0,0.0,0.0,0.0,0.0,0.0,0.0,0.0,0.0,0.0,0.9984704293288662,0.9984704293288662,0.0
2024-01-09,19:36:00.000000000,47.215,375.2699,,,,0,0.0,0.0,0.0,0.0,0.0,0.0,0.0,0.0,0.0,0.9984704293288662,0.9984704293288662,0.0
2024-01-09,19:37:00.000000000,47.215,375.3,,,,0,0.0,0.0,0.0,0.0,0.0,0.0,0.0,0.0,0.0,0.9984704293288662,0.9984704293288662,0.0
2024-01-09,19:38:00.000000000,47.215,375.34,0.08983469244194095,13.496446538841887,1.748711224094548,0,0.0,0.0,0.0,0.0,0.0,0.0,0.0,0.0,0.0,0.9984704293288662,0.9984704293288662,0.0
2024-01-09,19:39:00.000000000,47.21,375.26,,,,0,0.0,0.0,0.0,0.0,0.0,0.0,0.0,0.0,0.0,0.9984704293288662,0.9984704293288662,0.0
2024-01-09,19:40:00.000000000,47.21,375.12,,,,0,0.0,0.0,0.0,0.0,0.0,0.0,0.0,0.0,0.0,0.9984704293288662,0.9984704293288662,0.0
2024-01-09,19:41:00.000000000,47.215,375.135,0.08819587643395803,14.129639893947157,1.746754012741411,0,0.0,0.0,0.0,0.0,0.0,0.0,0.0,0.0,0.0,0.9984704293288662,0.9984704293288662,0.0
2024-01-09,19:42:00.000000000,47.22,375.15,,,,0,0.0,0.0,0.0,0.0,0.0,0.0,0.0,0.0,0.0,0.9984704293288662,0.9984704293288662,0.0
2024-01-09,19:43:00.000000000,47.225,375.13,,,,0,0.0,0.0,0.0,0.0,0.0,0.0,0.0,0.0,0.0,0.9984704293288662,0.9984704293288662,0.0
2024-01-09,19:44:00.000000000,47.22,375.1,0.08656049326908685,14.751158974765517,1.7441256871401394,0,0.0,0.0,0.0,0.0,0.0,0.0,0.0,0.0,0.0,0.9984704293288662,0.9984704293288662,0.0
2024-01-09,19:45:00.000000000,47.22,375.09,,,,0,0.0,0.0,0.0,0.0,0.0,0.0,0.0,0.0,0.0,0.9984704293288662,0.9984704293288662,0.0
2024-01-09,19:46:00.000000000,47.24,375.19,,,,0,0.0,0.0,0.0,0.0,0.0,0.0,0.0,0.0,0.0,0.9984704293288662,0.9984704293288662,0.0
2024-01-09,19:47:00.000000000,47.21,375.29,0.0848879159427497,15.352414025845462,1.7403718332312124,0,0.0,0.0,0.0,0.0,0.0,0.0,0.0,0.0,0.0,0.9984704293288662,0.9984704293288662,0.0
2024-01-09,19:48:00.000000000,47.2587,375.2686,,,,0,0.0,0.0,0.0,0.0,0.0,0.0,0.0,0.0,0.0,0.9984704293288662,0.9984704293288662,0.0
2024-01-09,19:49:00.000000000,47.275,375.33,,,,0,0.0,0.0,0.0,0.0,0.0,0.0,0.0,0.0,0.0,0.9984704293288662,0.9984704293288662,0.0
2024-01-09,19:50:00.000000000,47.24,375.26,0.08324245957110123,16.002434621348556,1.7406209345459005,0,0.0,0.0,0.0,0.0,0.0,0.0,0.0,0.0,0.0,0.9984704293288662,0.9984704293288662,0.0
2024-01-09,19:51:00.000000000,47.25,375.21,,,,0,0.0,0.0,0.0,0.0,0.0,0.0,0.0,0.0,0.0,0.9984704293288662,0.9984704293288662,0.0
2024-01-09,19:52:00.000000000,47.24,375.18,,,,0,0.0,0.0,0.0,0.0,0.0,0.0,0.0,0.0,0.0,0.9984704293288662,0.9984704293288662,0.0
2024-01-09,19:53:00.000000000,47.245,375.19,0.08160476473111937,16.627708320531323,1.7390498383149395,0,0.0,0.0,0.0,0.0,0.0,0.0,0.0,0.0,0.0,0.9984704293288662,0.9984704293288662,0.0
2024-01-09,19:54:00.000000000,47.27,375.4,,,,0,0.0,0.0,0.0,0.0,0.0,0.0,0.0,0.0,0.0,0.9984704293288662,0.9984704293288662,0.0
2024-01-09,19:55:00.000000000,47.25,375.245,,,,0,0.0,0.0,0.0,0.0,0.0,0.0,0.0,0.0,0.0,0.9984704293288662,0.9984704293288662,0.0
2024-01-09,19:56:00.000000000,47.25,375.31,0.07995428742097803,17.242356388032736,1.7366994901541626,0,0.0,0.0,0.0,0.0,0.0,0.0,0.0,0.0,0.0,0.9984704293288662,0.9984704293288662,0.0
2024-01-09,19:57:00.000000000,47.285,375.2751,,,,0,0.0,0.0,0.0,0.0,0.0,0.0,0.0,0.0,0.0,0.9984704293288662,0.9984704293288662,0.0
2024-01-09,19:58:00.000000000,47.305,375.376,,,,0,0.0,0.0,0.0,0.0,0.0,0.0,0.0,0.0,0.0,0.9984704293288662,0.9984704293288662,0.0
2024-01-09,19:59:00.000000000,47.2899,375.31,0.07833725675089212,17.889144168822682,1.7367901226216675,1,0.0,0.0,0.0,0.0,0.0,0.0,0.0,0.0,0.0,0.9984704293288662,0.9984704293288662,0.0
2024-01-09,20:00:00.000000000,47.31,375.34,,,,0,0.0,0.0,0.0,0.0,0.0,0.0,0.0,0.0,0.0,0.9984704293288662,0.9984704293288662,0.0
2024-01-09,20:01:00.000000000,47.29,375.26,,,,0,0.0,0.0,0.0,0.0,0.0,0.0,0.0,0.0,0.0,0.9984704293288662,0.9984704293288662,0.0
2024-01-09,20:02:00.000000000,47.295,374.99,0.076748350540702,18.515136030742156,1.7354048473343278,0,0.0,0.0,0.0,0.0,0.0,0.0,0.0,0.0,0.0,0.9984704293288662,0.9984704293288662,0.0
2024-01-09,20:03:00.000000000,47.335,375.0399,,,,0,0.0,0.0,0.0,0.0,0.0,0.0,0.0,0.0,0.0,0.9984704293288662,0.9984704293288662,0.0
2024-01-09,20:04:00.000000000,47.36,374.94,,,,0,0.0,0.0,0.0,0.0,0.0,0.0,0.0,0.0,0.0,0.9984704293288662,0.9984704293288662,0.0
2024-01-09,20:05:00.000000000,47.32,374.83,0.07518659141792738,19.13780993881828,1.7339518239153597,0,0.0,0.0,0.0,0.0,0.0,0.0,0.0,0.0,0.0,0.9984704293288662,0.9984704293288662,0.0
2024-01-09,20:06:00.000000000,47.295,374.934,,,,0,0.0,0.0,0.0,0.0,0.0,0.0,0.0,0.0,0.0,0.9984704293288662,0.9984704293288662,0.0
2024-01-09,20:07:00.000000000,47.3,374.945,,,,0,0.0,0.0,0.0,0.0,0.0,0.0,0.0,0.0,0.0,0.9984704293288662,0.9984704293288662,0.0
2024-01-09,20:08:00.000000000,47.27,374.89,0.07357097517418301,19.688977116950536,1.7274250749570124,0,0.0,0.0,0.0,0.0,0.0,0.0,0.0,0.0,0.0,0.9984704293288662,0.9984704293288662,0.0
2024-01-09,20:09:00.000000000,47.28,374.917,,,,0,0.0,0.0,0.0,0.0,0.0,0.0,0.0,0.0,0.0,0.9984704293288662,0.9984704293288662,0.0
2024-01-09,20:10:00.000000000,47.3,375.0799,,,,0,0.0,0.0,0.0,0.0,0.0,0.0,0.0,0.0,0.0,0.9984704293288662,0.9984704293288662,0.0
2024-01-09,20:11:00.000000000,47.295,375.105,0.07195472876121442,20.304421468024664,1.7260542422953933,0,0.0,0.0,0.0,0.0,0.0,0.0,0.0,0.0,0.0,0.9984704293288662,0.9984704293288662,0.0
2024-01-09,20:12:00.000000000,47.27,374.89,,,,0,0.0,0.0,0.0,0.0,0.0,0.0,0.0,0.0,0.0,0.9984704293288662,0.9984704293288662,0.0
2024-01-09,20:13:00.000000000,47.28,374.9601,,,,0,0.0,0.0,0.0,0.0,0.0,0.0,0.0,0.0,0.0,0.9984704293288662,0.9984704293288662,0.0
2024-01-09,20:14:00.000000000,47.265,374.98,0.07031534655196112,20.89815134994562,1.7232856308997528,0,0.0,0.0,0.0,0.0,0.0,0.0,0.0,0.0,0.0,0.9984704293288662,0.9984704293288662,0.0
2024-01-09,20:15:00.000000000,47.27,374.985,,,,0,0.0,0.0,0.0,0.0,0.0,0.0,0.0,0.0,0.0,0.9984704293288662,0.9984704293288662,0.0
2024-01-09,20:16:00.000000000,47.265,374.97,,,,0,0.0,0.0,0.0,0.0,0.0,0.0,0.0,0.0,0.0,0.9984704293288662,0.9984704293288662,0.0
2024-01-09,20:17:00.000000000,47.275,375.09,0.06867072259895544,21.517298660357802,1.7224673342723607,0,0.0,0.0,0.0,0.0,0.0,0.0,0.0,0.0,0.0,0.9984704293288662,0.9984704293288662,0.0
2024-01-09,20:18:00.000000000,47.2614,374.88,,,,0,0.0,0.0,0.0,0.0,0.0,0.0,0.0,0.0,0.0,0.9984704293288662,0.9984704293288662,0.0
2024-01-09,20:19:00.000000000,47.26,375.015,,,,0,0.0,0.0,0.0,0.0,0.0,0.0,0.0,0.0,0.0,0.9984704293288662,0.9984704293288662,0.0
2024-01-09,20:20:00.000000000,47.275,375.0323,0.06702441016941649,22.13868129802034,1.7218828377395918,0,0.0,0.0,0.0,0.0,0.0,0.0,0.0,0.0,0.0,0.9984704293288662,0.9984704293288662,0.0
2024-01-09,20:21:00.000000000,47.32,375.16,,,,0,0.0,0.0,0.0,0.0,0.0,0.0,0.0,0.0,0.0,0.9984704293288662,0.9984704293288662,0.0
2024-01-09,20:22:00.000000000,47.32,375.17,,,,0,0.0,0.0,0.0,0.0,0.0,0.0,0.0,0.0,0.0,0.9984704293288662,0.9984704293288662,0.0
2024-01-09,20:23:00.000000000,47.295,375.105,0.06538560181557827,22.768533830967513,1.7220262392132888,0,0.0,0.0,0.0,0.0,0.0,0.0,0.0,0.0,0.0,0.9984704293288662,0.9984704293288662,0.0
2024-01-09,20:24:00.000000000,47.28,375.05,,,,0,0.0,0.0,0.0,0.0,0.0,0.0,0.0,0.0,0.0,0.9984704293288662,0.9984704293288662,0.0
2024-01-09,20:25:00.000000000,47.28,375.05,,,,0,0.0,0.0,0.0,0.0,0.0,0.0,0.0,0.0,0.0,0.9984704293288662,0.9984704293288662,0.0
2024-01-09,20:26:00.000000000,47.275,375.105,0.06372299455835087,23.372186126189796,1.720342495206337,0,0.0,0.0,0.0,0.0,0.0,0.0,0.0,0.0,0.0,0.9984704293288662,0.9984704293288662,0.0
2024-01-09,20:27:00.000000000,47.265,375.135,,,,0,0.0,0.0,0.0,0.0,0.0,0.0,0.0,0.0,0.0,0.9984704293288662,0.9984704293288662,0.0
2024-01-09,20:28:00.000000000,47.255,375.12,,,,0,0.0,0.0,0.0,0.0,0.0,0.0,0.0,0.0,0.0,0.9984704293288662,0.9984704293288662,0.0
2024-01-09,20:29:00.000000000,47.24,375.13,0.06202105524577208,23.97404154565352,1.7187164011550913,0,0.0,0.0,0.0,0.0,0.0,0.0,0.0,0.0,0.0,0.9984704293288662,0.9984704293288662,0.0
2024-01-09,20:30:00.000000000,47.245,375.14,,,,0,0.0,0.0,0.0,0.0,0.0,0.0,0.0,0.0,0.0,0.9984704293288662,0.9984704293288662,0.0
2024-01-09,20:31:00.000000000,47.2201,375.03,,,,0,0.0,0.0,0.0,0.0,0.0,0.0,0.0,0.0,0.0,0.9984704293288662,0.9984704293288662,0.0
2024-01-09,20:32:00.000000000,47.23,375.01,0.060312060954813645,24.61237402133533,1.7199165151082787,0,0.0,0.0,0.0,0.0,0.0,0.0,0.0,0.0,0.0,0.9984704293288662,0.9984704293288662,0.0
2024-01-09,20:33:00.000000000,47.235,375.14,,,,0,0.0,0.0,0.0,0.0,0.0,0.0,0.0,0.0,0.0,0.9984704293288662,0.9984704293288662,0.0
2024-01-09,20:34:00.000000000,47.21,375.18,,,,0,0.0,0.0,0.0,0.0,0.0,0.0,0.0,0.0,0.0,0.9984704293288662,0.9984704293288662,0.0
2024-01-09,20:35:00.000000000,47.26,375.17,0.05861474333004783,25.26950674486595,1.722449891838322,0,0.0,0.0,0.0,0.0,0.0,0.0,0.0,0.0,0.0,0.9984704293288662,0.9984704293288662,0.0
2024-01-09,20:36:00.000000000,47.235,375.16,,,,0,0.0,0.0,0.0,0.0,0.0,0.0,0.0,0.0,0.0,0.9984704293288662,0.9984704293288662,0.0
2024-01-09,20:37:00.000000000,47.235,375.07,,,,0,0.0,0.0,0.0,0.0,0.0,0.0,0.0,0.0,0.0,0.9984704293288662,0.9984704293288662,0.0
2024-01-09,20:38:00.000000000,47.235,375.13,0.05689113213551819,25.89342960200306,1.7226295305716617,0,0.0,0.0,0.0,0.0,0.0,0.0,0.0,0.0,0.0,0.9984704293288662,0.9984704293288662,0.0
2024-01-09,20:39:00.000000000,47.23,375.16,,,,0,0.0,0.0,0.0,0.0,0.0,0.0,0.0,0.0,0.0,0.9984704293288662,0.9984704293288662,0.0
2024-01-09,20:40:00.000000000,47.215,375.08,,,,0,0.0,0.0,0.0,0.0,0.0,0.0,0.0,0.0,0.0,0.9984704293288662,0.9984704293288662,0.0
2024-01-09,20:41:00.000000000,47.235,375.15,0.05596153107729613,26.24103161635236,1.703357205784951,0,0.0,0.0,0.0,0.0,0.0,0.0,0.0,0.0,0.0,0.9984704293288662,0.9984704293288662,0.0
2024-01-09,20:42:00.000000000,47.22,375.07,,,,0,0.0,0.0,0.0,0.0,0.0,0.0,0.0,0.0,0.0,0.9984704293288662,0.9984704293288662,0.0
2024-01-09,20:43:00.000000000,47.22,375.0,,,,0,0.0,0.0,0.0,0.0,0.0,0.0,0.0,0.0,0.0,0.9984704293288662,0.9984704293288662,0.0
2024-01-09,20:44:00.000000000,47.21,374.975,0.05495061304610217,26.604893873037838,1.6864708432052233,0,0.0,0.0,0.0,0.0,0.0,0.0,0.0,0.0,0.0,0.9984704293288662,0.9984704293288662,0.0
2024-01-09,20:45:00.000000000,47.2,374.93,,,,0,0.0,0.0,0.0,0.0,0.0,0.0,0.0,0.0,0.0,0.9984704293288662,0.9984704293288662,0.0
2024-01-09,20:46:00.000000000,47.195,374.965,,,,0,0.0,0.0,0.0,0.0,0.0,0.0,0.0,0.0,0.0,0.9984704293288662,0.9984704293288662,0.0
2024-01-09,20:47:00.000000000,47.185,374.845,0.0544327278915003,26.78116411351057,1.6573985209912172,0,0.0,0.0,0.0,0.0,0.0,0.0,0.0,0.0,0.0,0.9984704293288662,0.9984704293288662,0.0
2024-01-09,20:48:00.000000000,47.195,375.0744,,,,0,0.0,0.0,0.0,0.0,0.0,0.0,0.0,0.0,0.0,0.9984704293288662,0.9984704293288662,0.0
2024-01-09,20:49:00.000000000,47.195,375.03,,,,0,0.0,0.0,0.0,0.0,0.0,0.0,0.0,0.0,0.0,0.9984704293288662,0.9984704293288662,0.0
2024-01-09,20:50:00.000000000,47.2,375.0,0.05407432835167554,26.922126868121676,1.6273401333856161,0,0.0,0.0,0.0,0.0,0.0,0.0,0.0,0.0,0.0,0.9984704293288662,0.9984704293288662,0.0
2024-01-09,20:51:00.000000000,47.22,375.19,,,,0,0.0,0.0,0.0,0.0,0.0,0.0,0.0,0.0,0.0,0.9984704293288662,0.9984704293288662,0.0
2024-01-09,20:52:00.000000000,47.215,375.11,,,,0,0.0,0.0,0.0,0.0,0.0,0.0,0.0,0.0,0.0,0.9984704293288662,0.9984704293288662,0.0
2024-01-09,20:53:00.000000000,47.205,375.3366,0.05416998281649398,26.873022827598724,1.5850875364491417,0,0.0,0.0,0.0,0.0,0.0,0.0,0.0,0.0,0.0,0.9984704293288662,0.9984704293288662,0.0
2024-01-09,20:54:00.000000000,47.255,375.53,,,,0,0.0,0.0,0.0,0.0,0.0,0.0,0.0,0.0,0.0,0.9984704293288662,0.9984704293288662,0.0
2024-01-09,20:55:00.000000000,47.25,375.51,,,,0,0.0,0.0,0.0,0.0,0.0,0.0,0.0,0.0,0.0,0.9984704293288662,0.9984704293288662,0.0
2024-01-09,20:56:00.000000000,47.24,375.585,0.05441025071798208,26.804325984086706,1.5432428508428035,0,0.0,0.0,0.0,0.0,0.0,0.0,0.0,0.0,0.0,0.9984704293288662,0.9984704293288662,0.0
2024-01-09,20:57:00.000000000,47.3,375.55,,,,0,0.0,0.0,0.0,0.0,0.0,0.0,0.0,0.0,0.0,0.9984704293288662,0.9984704293288662,0.0
2024-01-09,20:58:00.000000000,47.3,375.64,,,,0,0.0,0.0,0.0,0.0,0.0,0.0,0.0,0.0,0.0,0.9984704293288662,0.9984704293288662,0.0
2024-01-09,20:59:00.000000000,47.26,375.78,0.05511412675528746,26.54921344789808,1.4897416934617969,1,0.0,0.0,0.0,0.0,0.0,0.0,0.0,0.0,0.0,0.9984704293288662,0.9984704293288662,0.0
2024-01-10,14:29:00.000000000,47.28,376.35,0.05602315889962043,26.19568414812785,1.4309899648007816,0,0.0,0.0,0.0,0.0,0.0,0.0,0.0,0.0,0.0,0.9984704293288662,0.9984704293288662,0.0
2024-01-10,14:30:00.000000000,47.49,377.19,,,,0,0.0,0.0,0.0,0.0,0.0,0.0,0.0,0.0,0.0,0.9984704293288662,0.9984704293288662,0.0
2024-01-10,14:31:00.000000000,47.605,377.52,,,,0,0.0,0.0,0.0,0.0,0.0,0.0,0.0,0.0,0.0,0.9984704293288662,0.9984704293288662,0.0
2024-01-10,14:32:00.000000000,47.61,377.635,0.05769410075831155,25.822688260135017,1.3726398170041363,0,0.0,0.0,0.0,0.0,0.0,0.0,0.0,0.0,0.0,0.9984704293288662,0.9984704293288662,0.0
2024-01-10,14:33:00.000000000,47.6,378.54,,,,0,0.0,0.0,0.0,0.0,0.0,0.0,0.0,0.0,0.0,0.9984704293288662,0.9984704293288662,0.0
2024-01-10,14:34:00.000000000,47.53,378.4399,,,,0,0.0,0.0,0.0,0.0,0.0,0.0,0.0,0.0,0.0,0.9984704293288662,0.9984704293288662,0.0
2024-01-10,14:35:00.000000000,47.54,378.58,0.059273628226334495,25.10018982607429,1.2898544489215187,0,0.0,0.0,0.0,0.0,0.0,0.0,0.0,0.0,0.0,0.9984704293288662,0.9984704293288662,0.0
2024-01-10,14:36:00.000000000,47.57,379.24,,,,0,0.0,0.0,0.0,0.0,0.0,0.0,0.0,0.0,0.0,0.9984704293288662,0.9984704293288662,0.0
2024-01-10,14:37:00.000000000,47.61,379.24,,,,0,0.0,0.0,0.0,0.0,0.0,0.0,0.0,0.0,0.0,0.9984704293288662,0.9984704293288662,0.0
2024-01-10,14:38:00.000000000,47.57,379.52,0.06067270888720562,24.543493523127726,1.22121321553722,0,0.0,0.0,0.0,0.0,0.0,0.0,0.0,0.0,0.0,0.9984704293288662,0.9984704293288662,0.0
2024-01-10,14:39:00.000000000,47.575,379.565,,,,0,0.0,0.0,0.0,0.0,0.0,0.0,0.0,0.0,0.0,0.9984704293288662,0.9984704293288662,0.0
2024-01-10,14:40:00.000000000,47.55,379.13,,,,0,0.0,0.0,0.0,0.0,0.0,0.0,0.0,0.0,0.0,0.9984704293288662,0.9984704293288662,0.0
2024-01-10,14:41:00.000000000,47.56,379.77,0.0617065180081211,24.125715656055853,1.1643632236990156,0,0.0,0.0,0.0,0.0,0.0,0.0,0.0,0.0,0.0,0.9984704293288662,0.9984704293288662,0.0
2024-01-10,14:42:00.000000000,47.51,380.0415,,,,0,0.0,0.0,0.0,0.0,0.0,0.0,0.0,0.0,0.0,0.9984704293288662,0.9984704293288662,0.0
2024-01-10,14:43:00.000000000,47.5,380.23,,,,0,0.0,0.0,0.0,0.0,0.0,0.0,0.0,0.0,0.0,0.9984704293288662,0.9984704293288662,0.0
2024-01-10,14:44:00.000000000,47.46,380.1461,0.062473619263841915,23.710897283965625,1.1085590183629639,0,0.0,0.0,0.0,0.0,0.0,0.0,0.0,0.0,0.0,0.9984704293288662,0.9984704293288662,0.0
2024-01-10,14:45:00.000000000,47.435,379.69,,,,0,0.0,0.0,0.0,0.0,0.0,0.0,0.0,0.0,0.0,0.9984704293288662,0.9984704293288662,0.0
2024-01-10,14:46:00.000000000,47.42,379.46,,,,0,0.0,0.0,0.0,0.0,0.0,0.0,0.0,0.0,0.0,0.9984704293288662,0.9984704293288662,0.0
2024-01-10,14:47:00.000000000,47.43,379.36,0.06323423689124494,23.44145989293732,1.064783732032002,0,0.0,0.0,0.0,0.0,0.0,0.0,0.0,0.0,0.0,0.9984704293288662,0.9984704293288662,0.0
2024-01-10,14:48:00.000000000,47.47,379.535,,,,0,0.0,0.0,0.0,0.0,0.0,0.0,0.0,0.0,0.0,0.9984704293288662,0.9984704293288662,0.0
2024-01-10,14:49:00.000000000,47.5,379.195,,,,0,0.0,0.0,0.0,0.0,0.0,0.0,0.0,0.0,0.0,0.9984704293288662,0.9984704293288662,0.0
2024-01-10,14:50:00.000000000,47.385,378.5799,0.06385471676787748,23.21088771148862,1.024552147728802,0,0.0,0.0,0.0,0.0,0.0,0.0,0.0,0.0,0.0,0.9984704293288662,0.9984704293288662,0.0
2024-01-10,14:51:00.000000000,47.36,378.56,,,,0,0.0,0.0,0.0,0.0,0.0,0.0,0.0,0.0,0.0,0.9984704293288662,0.9984704293288662,0.0
2024-01-10,14:52:00.000000000,47.387,378.6989,,,,0,0.0,0.0,0.0,0.0,0.0,0.0,0.0,0.0,0.0,0.9984704293288662,0.9984704293288662,0.0
2024-01-10,14:53:00.000000000,47.39,379.1613,0.06453858798509692,22.919465079406276,0.979769096786225,0,0.0,0.0,0.0,0.0,0.0,0.0,0.0,0.0,0.0,0.9984704293288662,0.9984704293288662,0.0
2024-01-10,14:54:00.000000000,47.33,378.93,,,,0,0.0,0.0,0.0,0.0,0.0,0.0,0.0,0.0,0.0,0.9984704293288662,0.9984704293288662,0.0
2024-01-10,14:55:00.000000000,47.28,379.12,,,,0,0.0,0.0,0.0,0.0,0.0,0.0,0.0,0.0,0.0,0.9984704293288662,0.9984704293288662,0.0
2024-01-10,14:56:00.000000000,47.315,379.0,0.06494440328512607,22.701071154937217,0.9412379883347759,0,0.0,0.0,0.0,0.0,0.0,0.0,0.0,0.0,0.0,0.9984704293288662,0.9984704293288662,0.0
2024-01-10,14:57:00.000000000,47.375,379.3752,,,,0,0.0,0.0,0.0,0.0,0.0,0.0,0.0,0.0,0.0,0.9984704293288662,0.9984704293288662,0.0
2024-01-10,14:58:00.000000000,47.34,379.5881,,,,0,0.0,0.0,0.0,0.0,0.0,0.0,0.0,0.0,0.0,0.9984704293288662,0.9984704293288662,0.0
2024-01-10,14:59:00.000000000,47.36,379.92,0.06552810506420237,22.464562324008234,0.9013436367264347,0,0.0,0.0,0.0,0.0,0.0,0.0,0.0,0.0,0.0,0.9984704293288662,0.9984704293288662,0.0
2024-01-10,15:00:00.000000000,47.28,380.09,,,,0,0.0,0.0,0.0,0.0,0.0,0.0,0.0,0.0,0.0,0.9984704293288662,0.9984704293288662,0.0
2024-01-10,15:01:00.000000000,47.34,380.08,,,,0,0.0,0.0,0.0,0.0,0.0,0.0,0.0,0.0,0.0,0.9984704293288662,0.9984704293288662,0.0
2024-01-10,15:02:00.000000000,47.34,379.63,0.06575575004903178,22.37714460888607,0.8742702751592462,0,0.0,0.0,0.0,0.0,0.0,0.0,0.0,0.0,0.0,0.9984704293288662,0.9984704293288662,0.0
2024-01-10,15:03:00.000000000,47.395,379.46,,,,0,0.0,0.0,0.0,0.0,0.0,0.0,0.0,0.0,0.0,0.9984704293288662,0.9984704293288662,0.0
2024-01-10,15:04:00.000000000,47.445,379.4717,,,,0,0.0,0.0,0.0,0.0,0.0,0.0,0.0,0.0,0.0,0.9984704293288662,0.9984704293288662,0.0
2024-01-10,15:05:00.000000000,47.42,379.29,0.06624428742186754,22.294204223759863,0.8477213066601728,0,0.0,0.0,0.0,0.0,0.0,0.0,0.0,0.0,0.0,0.9984704293288662,0.9984704293288662,0.0
2024-01-10,15:06:00.000000000,47.42,379.341,,,,0,0.0,0.0,0.0,0.0,0.0,0.0,0.0,0.0,0.0,0.9984704293288662,0.9984704293288662,0.0
2024-01-10,15:07:00.000000000,47.43,379.32,,,,0,0.0,0.0,0.0,0.0,0.0,0.0,0.0,0.0,0.0,0.9984704293288662,0.9984704293288662,0.0
2024-01-10,15:08:00.000000000,47.42,379.3,0.06675083675572745,22.10140761855258,0.8114235321951493,0,0.0,0.0,0.0,0.0,0.0,0.0,0.0,0.0,0.0,0.9984704293288662,0.9984704293288662,0.0
2024-01-10,15:09:00.000000000,47.415,379.95,,,,0,0.0,0.0,0.0,0.0,0.0,0.0,0.0,0.0,0.0,0.9984704293288662,0.9984704293288662,0.0
2024-01-10,15:10:00.000000000,47.43,380.16,,,,0,0.0,0.0,0.0,0.0,0.0,0.0,0.0,0.0,0.0,0.9984704293288662,0.9984704293288662,0.0
2024-01-10,15:11:00.000000000,47.41,380.3099,0.06707953766953435,21.89898773685315,0.7740796423453667,0,0.0,0.0,0.0,0.0,0.0,0.0,0.0,0.0,0.0,0.9984704293288662,0.9984704293288662,0.0
2024-01-10,15:12:00.000000000,47.45,380.69,,,,0,0.0,0.0,0.0,0.0,0.0,0.0,0.0,0.0,0.0,0.9984704293288662,0.9984704293288662,0.0
2024-01-10,15:13:00.000000000,47.45,380.64,,,,0,0.0,0.0,0.0,0.0,0.0,0.0,0.0,0.0,0.0,0.9984704293288662,0.9984704293288662,0.0
2024-01-10,15:14:00.000000000,47.42,380.15,0.06736120126910058,21.812639337551417,0.7472793297408746,0,0.0,0.0,0.0,0.0,0.0,0.0,0.0,0.0,0.0,0.9984704293288662,0.9984704293288662,0.0
2024-01-10,15:15:00.000000000,47.44,380.42,,,,0,0.0,0.0,0.0,0.0,0.0,0.0,0.0,0.0,0.0,0.9984704293288662,0.9984704293288662,0.0
2024-01-10,15:16:00.000000000,47.45,380.4923,,,,0,0.0,0.0,0.0,0.0,0.0,0.0,0.0,0.0,0.0,0.9984704293288662,0.9984704293288662,0.0
2024-01-10,15:17:00.000000000,47.41,380.29,0.06757518620810911,21.711832436918183,0.7190012062095341,0,0.0,0.0,0.0,0.0,0.0,0.0,0.0,0.0,0.0,0.9984704293288662,0.9984704293288662,0.0
2024-01-10,15:18:00.000000000,47.39,380.4,,,,0,0.0,0.0,0.0,0.0,0.0,0.0,0.0,0.0,0.0,0.9984704293288662,0.9984704293288662,0.0
2024-01-10,15:19:00.000000000,47.43,380.31,,,,0,0.0,0.0,0.0,0.0,0.0,0.0,0.0,0.0,0.0,0.9984704293288662,0.9984704293288662,0.0
2024-01-10,15:20:00.000000000,47.43,380.1,0.06806955883051131,21.556760688522647,0.6852193516381109,0,0.0,0.0,0.0,0.0,0.0,0.0,0.0,0.0,0.0,0.9984704293288662,0.9984704293288662,0.0
2024-01-10,15:21:00.000000000,47.43,380.16,,,,0,0.0,0.0,0.0,0.0,0.0,0.0,0.0,0.0,0.0,0.9984704293288662,0.9984704293288662,0.0
2024-01-10,15:22:00.000000000,47.48,380.3,,,,0,0.0,0.0,0.0,0.0,0.0,0.0,0.0,0.0,0.0,0.9984704293288662,0.9984704293288662,0.0
2024-01-10,15:23:00.000000000,47.45,380.4103,0.06850811161878138,21.38880870666589,0.6497446192946879,0,0.0,0.0,0.0,0.0,0.0,0.0,0.0,0.0,0.0,0.9984704293288662,0.9984704293288662,0.0
2024-01-10,15:24:00.000000000,47.43,380.34,,,,0,0.0,0.0,0.0,0.0,0.0,0.0,0.0,0.0,0.0,0.9984704293288662,0.9984704293288662,0.0
2024-01-10,15:25:00.000000000,47.46,380.4394,,,,0,0.0,0.0,0.0,0.0,0.0,0.0,0.0,0.0,0.0,0.9984704293288662,0.9984704293288662,0.0
2024-01-10,15:26:00.000000000,47.455,380.3663,0.06887211346519466,21.258369028063726,0.6175850815279755,0,0.0,0.0,0.0,0.0,0.0,0.0,0.0,0.0,0.0,0.9984704293288662,0.9984704293288662,0.0
2024-01-10,15:27:00.000000000,47.455,380.51,,,,0,0.0,0.0,0.0,0.0,0.0,0.0,0.0,0.0,0.0,0.9984704293288662,0.9984704293288662,0.0
2024-01-10,15:28:00.000000000,47.455,380.9095,,,,0,0.0,0.0,0.0,0.0,0.0,0.0,0.0,0.0,0.0,0.9984704293288662,0.9984704293288662,0.0
2024-01-10,15:29:00.000000000,47.44,380.96,0.06928200219651733,21.046328443214758,0.5763380167214653,0,0.0,0.0,0.0,0.0,0.0,0.0,0.0,0.0,0.0,0.9984704293288662,0.9984704293288662,0.0
2024-01-10,15:30:00.000000000,47.43,381.055,,,,0,0.0,0.0,0.0,0.0,0.0,0.0,0.0,0.0,0.0,0.9984704293288662,0.9984704293288662,0.0
2024-01-10,15:31:00.000000000,47.435,381.086,,,,0,0.0,0.0,0.0,0.0,0.0,0.0,0.0,0.0,0.0,0.9984704293288662,0.9984704293288662,0.0
2024-01-10,15:32:00.000000000,47.465,381.55,0.06957639769053461,20.91812546117652,0.5432694586201322,0,0.0,0.0,0.0,0.0,0.0,0.0,0.0,0.0,0.0,0.9984704293288662,0.9984704293288662,0.0
2024-01-10,15:33:00.000000000,47.46,381.74,,,,0,0.0,0.0,0.0,0.0,0.0,0.0,0.0,0.0,0.0,0.9984704293288662,0.9984704293288662,0.0
2024-01-10,15:34:00.000000000,47.5,381.51,,,,0,0.0,0.0,0.0,0.0,0.0,0.0,0.0,0.0,0.0,0.9984704293288662,0.9984704293288662,0.0
2024-01-10,15:35:00.000000000,47.5,381.3,0.06980286488524014,20.884167619257934,0.5200291465738701,0,0.0,0.0,0.0,0.0,0.0,0.0,0.0,0.0,0.0,0.9984704293288662,0.9984704293288662,0.0
2024-01-10,15:36:00.000000000,47.54,381.6,,,,0,0.0,0.0,0.0,0.0,0.0,0.0,0.0,0.0,0.0,0.9984704293288662,0.9984704293288662,0.0
2024-01-10,15:37:00.000000000,47.51,381.45,,,,0,0.0,0.0,0.0,0.0,0.0,0.0,0.0,0.0,0.0,0.9984704293288662,0.9984704293288662,0.0
2024-01-10,15:38:00.000000000,47.5,381.6675,0.06992830106840663,20.810640151973914,0.49192663607004744,0,0.0,0.0,0.0,0.0,0.0,0.0,0.0,0.0,0.0,0.9984704293288662,0.9984704293288662,0.0
2024-01-10,15:39:00.000000000,47.5,381.94,,,,0,0.0,0.0,0.0,0.0,0.0,0.0,0.0,0.0,0.0,0.9984704293288662,0.9984704293288662,0.0
2024-01-10,15:40:00.000000000,47.52,381.87,,,,0,0.0,0.0,0.0,0.0,0.0,0.0,0.0,0.0,0.0,0.9984704293288662,0.9984704293288662,0.0
2024-01-10,15:41:00.000000000,47.535,382.17,0.06999013370341022,20.786870602567713,0.4691178611953936,0,0.0,0.0,0.0,0.0,0.0,0.0,0.0,0.0,0.0,0.9984704293288662,0.9984704293288662,0.0
2024-01-10,15:42:00.000000000,47.52,382.01,,,,0,0.0,0.0,0.0,0.0,0.0,0.0,0.0,0.0,0.0,0.9984704293288662,0.9984704293288662,0.0
2024-01-10,15:43:00.000000000,47.55,382.05,,,,0,0.0,0.0,0.0,0.0,0.0,0.0,0.0,0.0,0.0,0.9984704293288662,0.9984704293288662,0.0
2024-01-10,15:44:00.000000000,47.56,382.0,0.07004774710351992,20.801760606455392,0.45062152603505834,0,0.0,0.0,0.0,0.0,0.0,0.0,0.0,0.0,0.0,0.9984704293288662,0.9984704293288662,0.0
2024-01-10,15:45:00.000000000,47.5595,381.6382,,,,0,0.0,0.0,0.0,0.0,0.0,0.0,0.0,0.0,0.0,0.9984704293288662,0.9984704293288662,0.0
2024-01-10,15:46:00.000000000,47.55,381.64,,,,0,0.0,0.0,0.0,0.0,0.0,0.0,0.0,0.0,0.0,0.9984704293288662,0.9984704293288662,0.0
2024-01-10,15:47:00.000000000,47.55,381.502,0.07019103884810046,20.771978297371973,0.42633571117896607,0,0.0,0.0,0.0,0.0,0.0,0.0,0.0,0.0,0.0,0.9984704293288662,0.9984704293288662,0.0
2024-01-10,15:48:00.000000000,47.57,381.575,,,,0,0.0,0.0,0.0,0.0,0.0,0.0,0.0,0.0,0.0,0.9984704293288662,0.9984704293288662,0.0
2024-01-10,15:49:00.000000000,47.575,381.78,,,,0,0.0,0.0,0.0,0.0,0.0,0.0,0.0,0.0,0.0,0.9984704293288662,0.9984704293288662,0.0
2024-01-10,15:50:00.000000000,47.56,381.7273,0.0702689598302708,20.73641969018227,0.4008077759059547,0,0.0,0.0,0.0,0.0,0.0,0.0,0.0,0.0,0.0,0.9984704293288662,0.9984704293288662,0.0
2024-01-10,15:51:00.000000000,47.595,381.74,,,,0,0.0,0.0,0.0,0.0,0.0,0.0,0.0,0.0,0.0,0.9984704293288662,0.9984704293288662,0.0
2024-01-10,15:52:00.000000000,47.575,381.575,,,,0,0.0,0.0,0.0,0.0,0.0,0.0,0.0,0.0,0.0,0.9984704293288662,0.9984704293288662,0.0
2024-01-10,15:53:00.000000000,47.59,381.82,0.07034250836256671,20.731823457004783,0.37880707042788847,0,0.0,0.0,0.0,0.0,0.0,0.0,0.0,0.0,0.0,0.9984704293288662,0.9984704293288662,0.0
2024-01-10,15:54:00.000000000,47.58,381.655,,,,0,0.0,0.0,0.0,0.0,0.0,0.0,0.0,0.0,0.0,0.9984704293288662,0.9984704293288662,0.0
2024-01-10,15:55:00.000000000,47.5625,381.66,,,,0,0.0,0.0,0.0,0.0,0.0,0.0,0.0,0.0,0.0,0.9984704293288662,0.9984704293288662,0.0
2024-01-10,15:56:00.000000000,47.54,381.5,0.0703749775304816,20.691946072121272,0.35150341675255836,0,0.0,0.0,0.0,0.0,0.0,0.0,0.0,0.0,0.0,0.9984704293288662,0.9984704293288662,0.0
2024-01-10,15:57:00.000000000,47.5988,381.52,,,,0,0.0,0.0,0.0,0.0,0.0,0.0,0.0,0.0,0.0,0.9984704293288662,0.9984704293288662,0.0
2024-01-10,15:58:00.000000000,47.59,381.57,,,,0,0.0,0.0,0.0,0.0,0.0,0.0,0.0,0.0,0.0,0.9984704293288662,0.9984704293288662,0.0
2024-01-10,15:59:00.000000000,47.67,381.4699,0.07055746265045096,20.75445177847874,0.33796946165602676,0,0.0,0.0,0.0,0.0,0.0,0.0,0.0,0.0,0.0,0.9984704293288662,0.9984704293288662,0.0
2024-01-10,16:00:00.000000000,47.65,381.64,,,,0,0.0,0.0,0.0,0.0,0.0,0.0,0.0,0.0,0.0,0.9984704293288662,0.9984704293288662,0.0
2024-01-10,16:01:00.000000000,47.63,381.52,,,,0,0.0,0.0,0.0,0.0,0.0,0.0,0.0,0.0,0.0,0.9984704293288662,0.9984704293288662,0.0
2024-01-10,16:02:00.000000000,47.655,381.6917,0.07069672468452633,20.67064697073118,0.3028689724583619,0,0.0,0.0,0.0,0.0,0.0,0.0,0.0,0.0,0.0,0.9984704293288662,0.9984704293288662,0.0
2024-01-10,16:03:00.000000000,47.635,381.75,,,,0,0.0,0.0,0.0,0.0,0.0,0.0,0.0,0.0,0.0,0.9984704293288662,0.9984704293288662,0.0
2024-01-10,16:04:00.000000000,47.615,381.74,,,,0,0.0,0.0,0.0,0.0,0.0,0.0,0.0,0.0,0.0,0.9984704293288662,0.9984704293288662,0.0
2024-01-10,16:05:00.000000000,47.605,381.61,0.07076403281138675,20.600737438846696,0.2685919618868494,0,0.0,0.0,0.0,0.0,0.0,0.0,0.0,0.0,0.0,0.9984704293288662,0.9984704293288662,0.0
2024-01-10,16:06:00.000000000,47.62,381.7,,,,0,0.0,0.0,0.0,0.0,0.0,0.0,0.0,0.0,0.0,0.9984704293288662,0.9984704293288662,0.0
2024-01-10,16:07:00.000000000,47.62,381.51,,,,0,0.0,0.0,0.0,0.0,0.0,0.0,0.0,0.0,0.0,0.9984704293288662,0.9984704293288662,0.0
2024-01-10,16:08:00.000000000,47.635,381.54,0.07085360317123261,20.601516246047904,0.2442511453114696,0,0.0,0.0,0.0,0.0,0.0,0.0,0.0,0.0,0.0,0.9984704293288662,0.9984704293288662,0.0
2024-01-10,16:09:00.000000000,47.61,381.595,,,,0,0.0,0.0,0.0,0.0,0.0,0.0,0.0,0.0,0.0,0.9984704293288662,0.9984704293288662,0.0
2024-01-10,16:10:00.000000000,47.61,381.4733,,,,0,0.0,0.0,0.0,0.0,0.0,0.0,0.0,0.0,0.0,0.9984704293288662,0.9984704293288662,0.0
2024-01-10,16:11:00.000000000,47.59,381.43,0.0708148736317802,20.579082750630082,0.21530514001401976,0,0.0,0.0,0.0,0.0,0.0,0.0,0.0,0.0,0.0,0.9984704293288662,0.9984704293288662,0.0
2024-01-10,16:12:00.000000000,47.56,381.14,,,,0,0.0,0.0,0.0,0.0,0.0,0.0,0.0,0.0,0.0,0.9984704293288662,0.9984704293288662,0.0
2024-01-10,16:13:00.000000000,47.54,381.02,,,,0,0.0,0.0,0.0,0.0,0.0,0.0,0.0,0.0,0.0,0.9984704293288662,0.9984704293288662,0.0
2024-01-10,16:14:00.000000000,47.54,381.32,0.07074751056289216,20.56255927215796,0.18624980082478682,0,0.0,0.0,0.0,0.0,0.0,0.0,0.0,0.0,0.0,0.9984704293288662,0.9984704293288662,0.0
2024-01-10,16:15:00.000000000,47.53,380.98,,,,0,0.0,0.0,0.0,0.0,0.0,0.0,0.0,0.0,0.0,0.9984704293288662,0.9984704293288662,0.0
2024-01-10,16:16:00.000000000,47.545,380.9576,,,,0,0.0,0.0,0.0,0.0,0.0,0.0,0.0,0.0,0.0,0.9984704293288662,0.9984704293288662,0.0
2024-01-10,16:17:00.000000000,47.545,381.16,0.07070002538864692,20.59697832286334,0.16502882400979463,0,0.0,0.0,0.0,0.0,0.0,0.0,0.0,0.0,0.0,0.9984704293288662,0.9984704293288662,0.0
2024-01-10,16:18:00.000000000,47.51,381.3866,,,,0,0.0,0.0,0.0,0.0,0.0,0.0,0.0,0.0,0.0,0.9984704293288662,0.9984704293288662,0.0
2024-01-10,16:19:00.000000000,47.5,381.31,,,,0,0.0,0.0,0.0,0.0,0.0,0.0,0.0,0.0,0.0,0.9984704293288662,0.9984704293288662,0.0
2024-01-10,16:20:00.000000000,47.535,381.2332,0.07067518732321369,20.591272176171806,0.1357021791422582,0,0.0,0.0,0.0,0.0,0.0,0.0,0.0,0.0,0.0,0.9984704293288662,0.9984704293288662,0.0
2024-01-10,16:21:00.000000000,47.565,381.41,,,,0,0.0,0.0,0.0,0.0,0.0,0.0,0.0,0.0,0.0,0.9984704293288662,0.9984704293288662,0.0
2024-01-10,16:22:00.000000000,47.57,381.6299,,,,0,0.0,0.0,0.0,0.0,0.0,0.0,0.0,0.0,0.0,0.9984704293288662,0.9984704293288662,0.0
2024-01-10,16:23:00.000000000,47.525,381.58,0.07054690077943693,20.605713600582458,0.10904137244705124,0,0.0,0.0,0.0,0.0,0.0,0.0,0.0,0.0,0.0,0.9984704293288662,0.9984704293288662,0.0
2024-01-10,16:24:00.000000000,47.525,381.56,,,,0,0.0,0.0,0.0,0.0,0.0,0.0,0.0,0.0,0.0,0.9984704293288662,0.9984704293288662,0.0
2024-01-10,16:25:00.000000000,47.5247,381.51,,,,0,0.0,0.0,0.0,0.0,0.0,0.0,0.0,0.0,0.0,0.9984704293288662,0.9984704293288662,0.0
2024-01-10,16:26:00.000000000,47.54,381.645,0.07041719693899147,20.6656288742186,0.0904206215926177,0,0.0,0.0,0.0,0.0,0.0,0.0,0.0,0.0,0.0,0.9984704293288662,0.9984704293288662,0.0
2024-01-10,16:27:00.000000000,47.535,381.46,,,,0,0.0,0.0,0.0,0.0,0.0,0.0,0.0,0.0,0.0,0.9984704293288662,0.9984704293288662,0.0
2024-01-10,16:28:00.000000000,47.54,381.3161,,,,0,0.0,0.0,0.0,0.0,0.0,0.0,0.0,0.0,0.0,0.9984704293288662,0.9984704293288662,0.0
2024-01-10,16:29:00.000000000,47.525,381.5,0.07029534063997941,20.707327545847853,0.06754601956328335,0,0.0,0.0,0.0,0.0,0.0,0.0,0.0,0.0,0.0,0.9984704293288662,0.9984704293288662,0.0
2024-01-10,16:30:00.000000000,47.52,381.29,,,,0,0.0,0.0,0.0,0.0,0.0,0.0,0.0,0.0,0.0,0.9984704293288662,0.9984704293288662,0.0
2024-01-10,16:31:00.000000000,47.52,381.4884,,,,0,0.0,0.0,0.0,0.0,0.0,0.0,0.0,0.0,0.0,0.9984704293288662,0.9984704293288662,0.0
2024-01-10,16:32:00.000000000,47.52,381.43,0.0701354971701647,20.768217314384078,0.048130391227515154,0,0.0,0.0,0.0,0.0,0.0,0.0,0.0,0.0,0.0,0.9984704293288662,0.9984704293288662,0.0
2024-01-10,16:33:00.000000000,47.52,381.32,,,,0,0.0,0.0,0.0,0.0,0.0,0.0,0.0,0.0,0.0,0.9984704293288662,0.9984704293288662,0.0
2024-01-10,16:34:00.000000000,47.52,381.29,,,,0,0.0,0.0,0.0,0.0,0.0,0.0,0.0,0.0,0.0,0.9984704293288662,0.9984704293288662,0.0
2024-01-10,16:35:00.000000000,47.525,381.3542,0.07000326674701314,20.8289602123062,0.028233575946327107,0,0.0,0.0,0.0,0.0,0.0,0.0,0.0,0.0,0.0,0.9984704293288662,0.9984704293288662,0.0
2024-01-10,16:36:00.000000000,47.55,381.41,,,,0,0.0,0.0,0.0,0.0,0.0,0.0,0.0,0.0,0.0,0.9984704293288662,0.9984704293288662,0.0
2024-01-10,16:37:00.000000000,47.58,381.198,,,,0,0.0,0.0,0.0,0.0,0.0,0.0,0.0,0.0,0.0,0.9984704293288662,0.9984704293288662,0.0
2024-01-10,16:38:00.000000000,47.57,381.12,0.06994655360813339,20.911969488868206,0.013382951435332621,0,0.0,0.0,0.0,0.0,0.0,0.0,0.0,0.0,0.0,0.9984704293288662,0.9984704293288662,0.0
2024-01-10,16:39:00.000000000,47.56,381.1901,,,,0,0.0,0.0,0.0,0.0,0.0,0.0,0.0,0.0,0.0,0.9984704293288662,0.9984704293288662,0.0
2024-01-10,16:40:00.000000000,47.58,381.1735,,,,0,0.0,0.0,0.0,0.0,0.0,0.0,0.0,0.0,0.0,0.9984704293288662,0.9984704293288662,0.0
2024-01-10,16:41:00.000000000,47.6392,381.1292,0.06997435304328888,20.969930804093746,-0.00787212314880291,0,0.0,0.0,0.0,0.0,0.0,0.0,0.0,0.0,0.0,0.9984704293288662,0.9984704293288662,0.0
2024-01-10,16:42:00.000000000,47.62,380.945,,,,0,0.0,0.0,0.0,0.0,0.0,0.0,0.0,0.0,0.0,0.9984704293288662,0.9984704293288662,0.0
2024-01-10,16:43:00.000000000,47.61,380.845,,,,0,0.0,0.0,0.0,0.0,0.0,0.0,0.0,0.0,0.0,0.9984704293288662,0.9984704293288662,0.0
2024-01-10,16:44:00.000000000,47.6,380.945,0.06994795406530052,20.953676638594096,-0.04993264768005518,0,0.0,0.0,0.0,0.0,0.0,0.0,0.0,0.0,0.0,0.9984704293288662,0.9984704293288662,0.0
2024-01-10,16:45:00.000000000,47.61,380.84,,,,0,0.0,0.0,0.0,0.0,0.0,0.0,0.0,0.0,0.0,0.9984704293288662,0.9984704293288662,0.0
2024-01-10,16:46:00.000000000,47.6025,380.84,,,,0,0.0,0.0,0.0,0.0,0.0,0.0,0.0,0.0,0.0,0.9984704293288662,0.9984704293288662,0.0
2024-01-10,16:47:00.000000000,47.6,380.8101,0.06991739266632711,20.97475070699671,-0.08350804444574723,0,0.0,0.0,0.0,0.0,0.0,0.0,0.0,0.0,0.0,0.9984704293288662,0.9984704293288662,0.0
2024-01-10,16:48:00.000000000,47.59,380.72,,,,0,0.0,0.0,0.0,0.0,0.0,0.0,0.0,0.0,0.0,0.9984704293288662,0.9984704293288662,0.0
2024-01-10,16:49:00.000000000,47.6,380.775,,,,0,0.0,0.0,0.0,0.0,0.0,0.0,0.0,0.0,0.0,0.9984704293288662,0.9984704293288662,0.0
2024-01-10,16:50:00.000000000,47.6,380.7599,0.06991961695247512,20.97741364113727,-0.12412971742094236,0,0.0,0.0,0.0,0.0,0.0,0.0,0.0,0.0,0.0,0.9984704293288662,0.9984704293288662,0.0
2024-01-10,16:51:00.000000000,47.57,380.53,,,,0,0.0,0.0,0.0,0.0,0.0,0.0,0.0,0.0,0.0,0.9984704293288662,0.9984704293288662,0.0
2024-01-10,16:52:00.000000000,47.565,380.58,,,,0,0.0,0.0,0.0,0.0,0.0,0.0,0.0,0.0,0.0,0.9984704293288662,0.9984704293288662,0.0
2024-01-10,16:53:00.000000000,47.55,380.735,0.06989068831559962,20.940168784160175,-0.17931372512783741,0,0.0,0.0,0.0,0.0,0.0,0.0,0.0,0.0,0.0,0.9984704293288662,0.9984704293288662,0.0
2024-01-10,16:54:00.000000000,47.58,381.0,,,,0,0.0,0.0,0.0,0.0,0.0,0.0,0.0,0.0,0.0,0.9984704293288662,0.9984704293288662,0.0
2024-01-10,16:55:00.000000000,47.585,380.88,,,,0,0.0,0.0,0.0,0.0,0.0,0.0,0.0,0.0,0.0,0.9984704293288662,0.9984704293288662,0.0
2024-01-10,16:56:00.000000000,47.605,380.91,0.06995026605996153,20.960244155100046,-0.21790308117580628,0,0.0,0.0,0.0,0.0,0.0,0.0,0.0,0.0,0.0,0.9984704293288662,0.9984704293288662,0.0
2024-01-10,16:57:00.000000000,47.62,380.96,,,,0,0.0,0.0,0.0,0.0,0.0,0.0,0.0,0.0,0.0,0.9984704293288662,0.9984704293288662,0.0
2024-01-10,16:58:00.000000000,47.63,381.21,,,,0,0.0,0.0,0.0,0.0,0.0,0.0,0.0,0.0,0.0,0.9984704293288662,0.9984704293288662,0.0
2024-01-10,16:59:00.000000000,47.605,381.09,0.06996802191675211,20.940886527744937,-0.27137379866193345,0,0.0,0.0,0.0,0.0,0.0,0.0,0.0,0.0,0.0,0.9984704293288662,0.9984704293288662,0.0
2024-01-10,17:00:00.000000000,47.62,380.93,,,,0,0.0,0.0,0.0,0.0,0.0,0.0,0.0,0.0,0.0,0.9984704293288662,0.9984704293288662,0.0
2024-01-10,17:01:00.000000000,47.605,380.96,,,,0,0.0,0.0,0.0,0.0,0.0,0.0,0.0,0.0,0.0,0.9984704293288662,0.9984704293288662,0.0
2024-01-10,17:02:00.000000000,47.61,380.83,0.07001587922879467,20.945852713298127,-0.31706290236248724,0,0.0,0.0,0.0,0.0,0.0,0.0,0.0,0.0,0.0,0.9984704293288662,0.9984704293288662,0.0
2024-01-10,17:03:00.000000000,47.625,381.08,,,,0,0.0,0.0,0.0,0.0,0.0,0.0,0.0,0.0,0.0,0.9984704293288662,0.9984704293288662,0.0
2024-01-10,17:04:00.000000000,47.63,380.94,,,,0,0.0,0.0,0.0,0.0,0.0,0.0,0.0,0.0,0.0,0.9984704293288662,0.9984704293288662,0.0
2024-01-10,17:05:00.000000000,47.6271,381.13,0.0700648732102563,20.923274873375018,-0.37356985137921095,0,0.0,0.0,0.0,0.0,0.0,0.0,0.0,0.0,0.0,0.9984704293288662,0.9984704293288662,0.0
2024-01-10,17:06:00.000000000,47.61,381.0,,,,0,0.0,0.0,0.0,0.0,0.0,0.0,0.0,0.0,0.0,0.9984704293288662,0.9984704293288662,0.0
2024-01-10,17:07:00.000000000,47.61,381.19,,,,0,0.0,0.0,0.0,0.0,0.0,0.0,0.0,0.0,0.0,0.9984704293288662,0.9984704293288662,0.0
2024-01-10,17:08:00.000000000,47.6,381.3,0.07008721979902106,20.875743090633268,-0.4404805466842292,0,0.0,0.0,0.0,0.0,0.0,0.0,0.0,0.0,0.0,0.9984704293288662,0.9984704293288662,0.0
2024-01-10,17:09:00.000000000,47.6,381.337,,,,0,0.0,0.0,0.0,0.0,0.0,0.0,0.0,0.0,0.0,0.9984704293288662,0.9984704293288662,0.0
2024-01-10,17:10:00.000000000,47.59,381.25,,,,0,0.0,0.0,0.0,0.0,0.0,0.0,0.0,0.0,0.0,0.9984704293288662,0.9984704293288662,0.0
2024-01-10,17:11:00.000000000,47.595,381.2395,0.07010874532978349,20.866776984846005,-0.48986595211549316,0,0.0,0.0,0.0,0.0,0.0,0.0,0.0,0.0,0.0,0.9984704293288662,0.9984704293288662,0.0
2024-01-10,17:12:00.000000000,47.6,381.31,,,,0,0.0,0.0,0.0,0.0,0.0,0.0,0.0,0.0,0.0,0.9984704293288662,0.9984704293288662,0.0
2024-01-10,17:13:00.000000000,47.6,381.3111,,,,0,0.0,0.0,0.0,0.0,0.0,0.0,0.0,0.0,0.0,0.9984704293288662,0.9984704293288662,0.0
2024-01-10,17:14:00.000000000,47.605,381.57,0.07010054993232888,20.856733162321266,-0.5365774331265742,0,0.0,0.0,0.0,0.0,0.0,0.0,0.0,0.0,0.0,0.9984704293288662,0.9984704293288662,0.0
2024-01-10,17:15:00.000000000,47.59,381.65,,,,0,0.0,0.0,0.0,0.0,0.0,0.0,0.0,0.0,0.0,0.9984704293288662,0.9984704293288662,0.0
2024-01-10,17:16:00.000000000,47.6,381.76,,,,0,0.0,0.0,0.0,0.0,0.0,0.0,0.0,0.0,0.0,0.9984704293288662,0.9984704293288662,0.0
2024-01-10,17:17:00.000000000,47.59,381.645,0.07007248570441804,20.847186193337382,-0.5787468003004201,0,0.0,0.0,0.0,0.0,0.0,0.0,0.0,0.0,0.0,0.9984704293288662,0.9984704293288662,0.0
2024-01-10,17:18:00.000000000,47.5891,381.76,,,,0,0.0,0.0,0.0,0.0,0.0,0.0,0.0,0.0,0.0,0.9984704293288662,0.9984704293288662,0.0
2024-01-10,17:19:00.000000000,47.5974,381.7985,,,,0,0.0,0.0,0.0,0.0,0.0,0.0,0.0,0.0,0.0,0.9984704293288662,0.9984704293288662,0.0
2024-01-10,17:20:00.000000000,47.58,381.85,0.070002147650222,20.849679919762725,-0.6093295111540388,0,0.0,0.0,0.0,0.0,0.0,0.0,0.0,0.0,0.0,0.9984704293288662,0.9984704293288662,0.0
2024-01-10,17:21:00.000000000,47.61,381.81,,,,0,0.0,0.0,0.0,0.0,0.0,0.0,0.0,0.0,0.0,0.9984704293288662,0.9984704293288662,0.0
2024-01-10,17:22:00.000000000,47.61,381.74,,,,0,0.0,0.0,0.0,0.0,0.0,0.0,0.0,0.0,0.0,0.9984704293288662,0.9984704293288662,0.0
2024-01-10,17:23:00.000000000,47.61,381.91,0.06997940531094103,20.884165317698507,-0.6180135256038607,0,0.0,0.0,0.0,0.0,0.0,0.0,0.0,0.0,0.0,0.9984704293288662,0.9984704293288662,0.0
2024-01-10,17:24:00.000000000,47.61,381.775,,,,0,0.0,0.0,0.0,0.0,0.0,0.0,0.0,0.0,0.0,0.9984704293288662,0.9984704293288662,0.0
2024-01-10,17:25:00.000000000,47.6061,381.83,,,,0,0.0,0.0,0.0,0.0,0.0,0.0,0.0,0.0,0.0,0.9984704293288662,0.9984704293288662,0.0
2024-01-10,17:26:00.000000000,47.6,381.4601,0.0700158723377496,20.891738336454804,-0.6325889872072517,0,0.0,0.0,0.0,0.0,0.0,0.0,0.0,0.0,0.0,0.9984704293288662,0.9984704293288662,0.0
2024-01-10,17:27:00.000000000,47.605,381.72,,,,0,0.0,0.0,0.0,0.0,0.0,0.0,0.0,0.0,0.0,0.9984704293288662,0.9984704293288662,0.0
2024-01-10,17:28:00.000000000,47.61,381.8974,,,,0,0.0,0.0,0.0,0.0,0.0,0.0,0.0,0.0,0.0,0.9984704293288662,0.9984704293288662,0.0
2024-01-10,17:29:00.000000000,47.61,381.934,0.0700524984124831,20.85456907132668,-0.662799876764937,0,0.0,0.0,0.0,0.0,0.0,0.0,0.0,0.0,0.0,0.9984704293288662,0.9984704293288662,0.0
2024-01-10,17:30:00.000000000,47.61,382.12,,,,0,0.0,0.0,0.0,0.0,0.0,0.0,0.0,0.0,0.0,0.9984704293288662,0.9984704293288662,0.0
2024-01-10,17:31:00.000000000,47.61,381.97,,,,0,0.0,0.0,0.0,0.0,0.0,0.0,0.0,0.0,0.0,0.9984704293288662,0.9984704293288662,0.0
2024-01-10,17:32:00.000000000,47.6,381.91,0.07009940603400198,20.828335841554303,-0.6809281829972935,0,0.0,0.0,0.0,0.0,0.0,0.0,0.0,0.0,0.0,0.9984704293288662,0.9984704293288662,0.0
2024-01-10,17:33:00.000000000,47.6,381.81,,,,0,0.0,0.0,0.0,0.0,0.0,0.0,0.0,0.0,0.0,0.9984704293288662,0.9984704293288662,0.0
2024-01-10,17:34:00.000000000,47.6063,381.96,,,,0,0.0,0.0,0.0,0.0,0.0,0.0,0.0,0.0,0.0,0.9984704293288662,0.9984704293288662,0.0
2024-01-10,17:35:00.000000000,47.6,381.91,0.07015602449854696,20.80671268375993,-0.6907877375912969,0,0.0,0.0,0.0,0.0,0.0,0.0,0.0,0.0,0.0,0.9984704293288662,0.9984704293288662,0.0
2024-01-10,17:36:00.000000000,47.605,381.96,,,,0,0.0,0.0,0.0,0.0,0.0,0.0,0.0,0.0,0.0,0.9984704293288662,0.9984704293288662,0.0
2024-01-10,17:37:00.000000000,47.6,382.07,,,,0,0.0,0.0,0.0,0.0,0.0,0.0,0.0,0.0,0.0,0.9984704293288662,0.9984704293288662,0.0
2024-01-10,17:38:00.000000000,47.6,382.2,0.07019373996351509,20.771952585944533,-0.701518868933853,0,0.0,0.0,0.0,0.0,0.0,0.0,0.0,0.0,0.0,0.9984704293288662,0.9984704293288662,0.0
2024-01-10,17:39:00.000000000,47.63,382.26,,,,0,0.0,0.0,0.0,0.0,0.0,0.0,0.0,0.0,0.0,0.9984704293288662,0.9984704293288662,0.0
2024-01-10,17:40:00.000000000,47.61,382.3148,,,,0,0.0,0.0,0.0,0.0,0.0,0.0,0.0,0.0,0.0,0.9984704293288662,0.9984704293288662,0.0
2024-01-10,17:41:00.000000000,47.6,382.11,0.07024498981369387,20.758686942289437,-0.6970965017742551,0,0.0,0.0,0.0,0.0,0.0,0.0,0.0,0.0,0.0,0.9984704293288662,0.9984704293288662,0.0
2024-01-10,17:42:00.000000000,47.6,382.04,,,,0,0.0,0.0,0.0,0.0,0.0,0.0,0.0,0.0,0.0,0.9984704293288662,0.9984704293288662,0.0
2024-01-10,17:43:00.000000000,47.6,382.15,,,,0,0.0,0.0,0.0,0.0,0.0,0.0,0.0,0.0,0.0,0.9984704293288662,0.9984704293288662,0.0
2024-01-10,17:44:00.000000000,47.595,382.08,0.07028911398413361,20.73893532894223,-0.692208691216077,0,0.0,0.0,0.0,0.0,0.0,0.0,0.0,0.0,0.0,0.9984704293288662,0.9984704293288662,0.0
2024-01-10,17:45:00.000000000,47.59,382.03,,,,0,0.0,0.0,0.0,0.0,0.0,0.0,0.0,0.0,0.0,0.9984704293288662,0.9984704293288662,0.0
2024-01-10,17:46:00.000000000,47.6,382.06,,,,0,0.0,0.0,0.0,0.0,0.0,0.0,0.0,0.0,0.0,0.9984704293288662,0.9984704293288662,0.0
2024-01-10,17:47:00.000000000,47.605,382.1,0.0703428010140338,20.72701573253768,-0.6809461059459911,0,0.0,0.0,0.0,0.0,0.0,0.0,0.0,0.0,0.0,0.9984704293288662,0.9984704293288662,0.0
2024-01-10,17:48:00.000000000,47.615,382.17,,,,0,0.0,0.0,0.0,0.0,0.0,0.0,0.0,0.0,0.0,0.9984704293288662,0.9984704293288662,0.0
2024-01-10,17:49:00.000000000,47.615,382.175,,,,0,0.0,0.0,0.0,0.0,0.0,0.0,0.0,0.0,0.0,0.9984704293288662,0.9984704293288662,0.0
2024-01-10,17:50:00.000000000,47.6,382.15,0.07038634088190149,20.70185983198135,-0.6743927825874636,0,0.0,0.0,0.0,0.0,0.0,0.0,0.0,0.0,0.0,0.9984704293288662,0.9984704293288662,0.0
2024-01-10,17:51:00.000000000,47.6,382.23,,,,0,0.0,0.0,0.0,0.0,0.0,0.0,0.0,0.0,0.0,0.9984704293288662,0.9984704293288662,0.0
2024-01-10,17:52:00.000000000,47.59,382.22,,,,0,0.0,0.0,0.0,0.0,0.0,0.0,0.0,0.0,0.0,0.9984704293288662,0.9984704293288662,0.0
2024-01-10,17:53:00.000000000,47.6,382.2702,0.07041965046847778,20.680666131484905,-0.6649629689916497,0,0.0,0.0,0.0,0.0,0.0,0.0,0.0,0.0,0.0,0.9984704293288662,0.9984704293288662,0.0
2024-01-10,17:54:00.000000000,47.6,382.285,,,,0,0.0,0.0,0.0,0.0,0.0,0.0,0.0,0.0,0.0,0.9984704293288662,0.9984704293288662,0.0
2024-01-10,17:55:00.000000000,47.63,382.285,,,,0,0.0,0.0,0.0,0.0,0.0,0.0,0.0,0.0,0.0,0.9984704293288662,0.9984704293288662,0.0
2024-01-10,17:56:00.000000000,47.62,382.3499,0.07047031313569627,20.675682819597846,-0.6476095939404839,0,0.0,0.0,0.0,0.0,0.0,0.0,0.0,0.0,0.0,0.9984704293288662,0.9984704293288662,0.0
2024-01-10,17:57:00.000000000,47.62,382.35,,,,0,0.0,0.0,0.0,0.0,0.0,0.0,0.0,0.0,0.0,0.9984704293288662,0.9984704293288662,0.0
2024-01-10,17:58:00.000000000,47.63,382.34,,,,0,0.0,0.0,0.0,0.0,0.0,0.0,0.0,0.0,0.0,0.9984704293288662,0.9984704293288662,0.0
2024-01-10,17:59:00.000000000,47.6387,382.38,0.07052769932917319,20.670318330510757,-0.6314527049469998,0,0.0,0.0,0.0,0.0,0.0,0.0,0.0,0.0,0.0,0.9984704293288662,0.9984704293288662,0.0
2024-01-10,18:00:00.000000000,47.63,382.23,,,,0,0.0,0.0,0.0,0.0,0.0,0.0,0.0,0.0,0.0,0.9984704293288662,0.9984704293288662,0.0
2024-01-10,18:01:00.000000000,47.605,382.1099,,,,0,0.0,0.0,0.0,0.0,0.0,0.0,0.0,0.0,0.0,0.9984704293288662,0.9984704293288662,0.0
2024-01-10,18:02:00.000000000,47.63,382.27,0.07057637012529586,20.650770992203157,-0.6239598344242896,0,0.0,0.0,0.0,0.0,0.0,0.0,0.0,0.0,0.0,0.9984704293288662,0.9984704293288662,0.0
2024-01-10,18:03:00.000000000,47.64,382.51,,,,0,0.0,0.0,0.0,0.0,0.0,0.0,0.0,0.0,0.0,0.9984704293288662,0.9984704293288662,0.0
2024-01-10,18:04:00.000000000,47.68,382.7675,,,,0,0.0,0.0,0.0,0.0,0.0,0.0,0.0,0.0,0.0,0.9984704293288662,0.9984704293288662,0.0
2024-01-10,18:05:00.000000000,47.65,382.44,0.07061720029690305,20.643157918452395,-0.6125181774489594,0,0.0,0.0,0.0,0.0,0.0,0.0,0.0,0.0,0.0,0.9984704293288662,0.9984704293288662,0.0
2024-01-10,18:06:00.000000000,47.64,382.29,,,,0,0.0,0.0,0.0,0.0,0.0,0.0,0.0,0.0,0.0,0.9984704293288662,0.9984704293288662,0.0
2024-01-10,18:07:00.000000000,47.62,382.04,,,,0,0.0,0.0,0.0,0.0,0.0,0.0,0.0,0.0,0.0,0.9984704293288662,0.9984704293288662,0.0
2024-01-10,18:08:00.000000000,47.62,382.06,0.07067555173045881,20.617698705860906,-0.6136485056169643,0,0.0,0.0,0.0,0.0,0.0,0.0,0.0,0.0,0.0,0.9984704293288662,0.9984704293288662,0.0
2024-01-10,18:09:00.000000000,47.61,382.055,,,,0,0.0,0.0,0.0,0.0,0.0,0.0,0.0,0.0,0.0,0.9984704293288662,0.9984704293288662,0.0
2024-01-10,18:10:00.000000000,47.6,381.89,,,,0,0.0,0.0,0.0,0.0,0.0,0.0,0.0,0.0,0.0,0.9984704293288662,0.9984704293288662,0.0
2024-01-10,18:11:00.000000000,47.56,381.78,0.07070595418897314,20.565880809733837,-0.6353180025376493,0,0.0,0.0,0.0,0.0,0.0,0.0,0.0,0.0,0.0,0.9984704293288662,0.9984704293288662,0.0
2024-01-10,18:12:00.000000000,47.58,381.86,,,,0,0.0,0.0,0.0,0.0,0.0,0.0,0.0,0.0,0.0,0.9984704293288662,0.9984704293288662,0.0
2024-01-10,18:13:00.000000000,47.625,382.09,,,,0,0.0,0.0,0.0,0.0,0.0,0.0,0.0,0.0,0.0,0.9984704293288662,0.9984704293288662,0.0
2024-01-10,18:14:00.000000000,47.625,381.94,0.07076100784973005,20.598540661874104,-0.6084984706965587,0,0.0,0.0,0.0,0.0,0.0,0.0,0.0,0.0,0.0,0.9984704293288662,0.9984704293288662,0.0
2024-01-10,18:15:00.000000000,47.625,382.05,,,,0,0.0,0.0,0.0,0.0,0.0,0.0,0.0,0.0,0.0,0.9984704293288662,0.9984704293288662,0.0
2024-01-10,18:16:00.000000000,47.64,382.33,,,,0,0.0,0.0,0.0,0.0,0.0,0.0,0.0,0.0,0.0,0.9984704293288662,0.9984704293288662,0.0
2024-01-10,18:17:00.000000000,47.64,382.2,0.07082563668038461,20.570441660757005,-0.6265097028079993,0,0.0,0.0,0.0,0.0,0.0,0.0,0.0,0.0,0.0,0.9984704293288662,0.9984704293288662,0.0
2024-01-10,18:18:00.000000000,47.63,382.22,,,,0,0.0,0.0,0.0,0.0,0.0,0.0,0.0,0.0,0.0,0.9984704293288662,0.9984704293288662,0.0
2024-01-10,18:19:00.000000000,47.635,382.22,,,,0,0.0,0.0,0.0,0.0,0.0,0.0,0.0,0.0,0.0,0.9984704293288662,0.9984704293288662,0.0
2024-01-10,18:20:00.000000000,47.63,382.0,0.07089169962252317,20.54937074419615,-0.6467653892286301,0,0.0,0.0,0.0,0.0,0.0,0.0,0.0,0.0,0.0,0.9984704293288662,0.9984704293288662,0.0
2024-01-10,18:21:00.000000000,47.64,381.74,,,,0,0.0,0.0,0.0,0.0,0.0,0.0,0.0,0.0,0.0,0.9984704293288662,0.9984704293288662,0.0
2024-01-10,18:22:00.000000000,47.65,381.84,,,,0,0.0,0.0,0.0,0.0,0.0,0.0,0.0,0.0,0.0,0.9984704293288662,0.9984704293288662,0.0
2024-01-10,18:23:00.000000000,47.65,382.04,0.07095431956757058,20.542611752405335,-0.6624242043954337,0,0.0,0.0,0.0,0.0,0.0,0.0,0.0,0.0,0.0,0.9984704293288662,0.9984704293288662,0.0
2024-01-10,18:24:00.000000000,47.67,382.24,,,,0,0.0,0.0,0.0,0.0,0.0,0.0,0.0,0.0,0.0,0.9984704293288662,0.9984704293288662,0.0
2024-01-10,18:25:00.000000000,47.65,382.26,,,,0,0.0,0.0,0.0,0.0,0.0,0.0,0.0,0.0,0.0,0.9984704293288662,0.9984704293288662,0.0
2024-01-10,18:26:00.000000000,47.63,382.21,0.07098392028580827,20.499235827561225,-0.7224319030855733,0,0.0,0.0,0.0,0.0,0.0,0.0,0.0,0.0,0.0,0.9984704293288662,0.9984704293288662,0.0
2024-01-10,18:27:00.000000000,47.65,382.21,,,,0,0.0,0.0,0.0,0.0,0.0,0.0,0.0,0.0,0.0,0.9984704293288662,0.9984704293288662,0.0
2024-01-10,18:28:00.000000000,47.64,382.17,,,,0,0.0,0.0,0.0,0.0,0.0,0.0,0.0,0.0,0.0,0.9984704293288662,0.9984704293288662,0.0
2024-01-10,18:29:00.000000000,47.63,382.05,0.07104227871301354,20.48829741769318,-0.7528920059559324,0,0.0,0.0,0.0,0.0,0.0,0.0,0.0,0.0,0.0,0.9984704293288662,0.9984704293288662,0.0
2024-01-10,18:30:00.000000000,47.63,382.11,,,,0,0.0,0.0,0.0,0.0,0.0,0.0,0.0,0.0,0.0,0.9984704293288662,0.9984704293288662,0.0
2024-01-10,18:31:00.000000000,47.6487,382.29,,,,0,0.0,0.0,0.0,0.0,0.0,0.0,0.0,0.0,0.0,0.9984704293288662,0.9984704293288662,0.0
2024-01-10,18:32:00.000000000,47.65,382.5,0.07108586537321394,20.459656494745666,-0.8060013077056806,0,0.0,0.0,0.0,0.0,0.0,0.0,0.0,0.0,0.0,0.9984704293288662,0.9984704293288662,0.0
2024-01-10,18:33:00.000000000,47.665,382.455,,,,0,0.0,0.0,0.0,0.0,0.0,0.0,0.0,0.0,0.0,0.9984704293288662,0.9984704293288662,0.0
2024-01-10,18:34:00.000000000,47.67,382.52,,,,0,0.0,0.0,0.0,0.0,0.0,0.0,0.0,0.0,0.0,0.9984704293288662,0.9984704293288662,0.0
2024-01-10,18:35:00.000000000,47.65,382.46,0.071150725683597,20.43769345505149,-0.8570116812784143,0,0.0,0.0,0.0,0.0,0.0,0.0,0.0,0.0,0.0,0.9984704293288662,0.9984704293288662,0.0
2024-01-10,18:36:00.000000000,47.63,382.2899,,,,0,0.0,0.0,0.0,0.0,0.0,0.0,0.0,0.0,0.0,0.9984704293288662,0.9984704293288662,0.0
2024-01-10,18:37:00.000000000,47.6447,382.32,,,,0,0.0,0.0,0.0,0.0,0.0,0.0,0.0,0.0,0.0,0.9984704293288662,0.9984704293288662,0.0
2024-01-10,18:38:00.000000000,47.65,382.48,0.07121128041838896,20.413109465574585,-0.9150401907181351,0,0.0,0.0,0.0,0.0,0.0,0.0,0.0,0.0,0.0,0.9984704293288662,0.9984704293288662,0.0
2024-01-10,18:39:00.000000000,47.6589,382.39,,,,0,0.0,0.0,0.0,0.0,0.0,0.0,0.0,0.0,0.0,0.9984704293288662,0.9984704293288662,0.0
2024-01-10,18:40:00.000000000,47.675,382.35,,,,0,0.0,0.0,0.0,0.0,0.0,0.0,0.0,0.0,0.0,0.9984704293288662,0.9984704293288662,0.0
2024-01-10,18:41:00.000000000,47.69,382.385,0.07133016502283503,20.414414847743227,-0.9391452518575761,0,0.0,0.0,0.0,0.0,0.0,0.0,0.0,0.0,0.0,0.9984704293288662,0.9984704293288662,0.0
2024-01-10,18:42:00.000000000,47.695,382.46,,,,0,0.0,0.0,0.0,0.0,0.0,0.0,0.0,0.0,0.0,0.9984704293288662,0.9984704293288662,0.0
2024-01-10,18:43:00.000000000,47.695,382.28,,,,0,0.0,0.0,0.0,0.0,0.0,0.0,0.0,0.0,0.0,0.9984704293288662,0.9984704293288662,0.0
2024-01-10,18:44:00.000000000,47.6899,382.35,0.07145533234912904,20.36895367631051,-1.0520075008287355,0,0.0,0.0,0.0,0.0,0.0,0.0,0.0,0.0,0.0,0.9984704293288662,0.9984704293288662,0.0
2024-01-10,18:45:00.000000000,47.6885,382.38,,,,0,0.0,0.0,0.0,0.0,0.0,0.0,0.0,0.0,0.0,0.9984704293288662,0.9984704293288662,0.0
2024-01-10,18:46:00.000000000,47.68,382.43,,,,0,0.0,0.0,0.0,0.0,0.0,0.0,0.0,0.0,0.0,0.9984704293288662,0.9984704293288662,0.0
2024-01-10,18:47:00.000000000,47.7,382.29,0.07159194849316027,20.331114010549765,-1.1610942896601404,0,0.0,0.0,0.0,0.0,0.0,0.0,0.0,0.0,0.0,0.9984704293288662,0.9984704293288662,0.0
2024-01-10,18:48:00.000000000,47.72,382.3242,,,,0,0.0,0.0,0.0,0.0,0.0,0.0,0.0,0.0,0.0,0.9984704293288662,0.9984704293288662,0.0
2024-01-10,18:49:00.000000000,47.75,382.505,,,,0,0.0,0.0,0.0,0.0,0.0,0.0,0.0,0.0,0.0,0.9984704293288662,0.9984704293288662,0.0
2024-01-10,18:50:00.000000000,47.77,382.62,0.07175376271620722,20.315575309524796,-1.2339566139966587,0,0.0,0.0,0.0,0.0,0.0,0.0,0.0,0.0,0.0,0.9984704293288662,0.9984704293288662,0.0
2024-01-10,18:51:00.000000000,47.755,382.5,,,,0,0.0,0.0,0.0,0.0,0.0,0.0,0.0,0.0,0.0,0.9984704293288662,0.9984704293288662,0.0
2024-01-10,18:52:00.000000000,47.745,382.5501,,,,0,0.0,0.0,0.0,0.0,0.0,0.0,0.0,0.0,0.0,0.9984704293288662,0.9984704293288662,0.0
2024-01-10,18:53:00.000000000,47.745,382.66,0.07187711762248836,20.2405021705786,-1.4445094835673606,0,0.0,0.0,0.0,0.0,0.0,0.0,0.0,0.0,0.0,0.9984704293288662,0.9984704293288662,0.0
2024-01-10,18:54:00.000000000,47.725,382.735,,,,0,0.0,0.0,0.0,0.0,0.0,0.0,0.0,0.0,0.0,0.9984704293288662,0.9984704293288662,0.0
2024-01-10,18:55:00.000000000,47.715,382.69,,,,0,0.0,0.0,0.0,0.0,0.0,0.0,0.0,0.0,0.0,0.9984704293288662,0.9984704293288662,0.0
2024-01-10,18:56:00.000000000,47.705,382.69,0.0719672829250535,20.163840497411275,-1.690289708966703,0,0.0,0.0,0.0,0.0,0.0,0.0,0.0,0.0,0.0,0.9984704293288662,0.9984704293288662,0.0
2024-01-10,18:57:00.000000000,47.705,382.5945,,,,0,0.0,0.0,0.0,0.0,0.0,0.0,0.0,0.0,0.0,0.9984704293288662,0.9984704293288662,0.0
2024-01-10,18:58:00.000000000,47.705,382.48,,,,0,0.0,0.0,0.0,0.0,0.0,0.0,0.0,0.0,0.0,0.9984704293288662,0.9984704293288662,0.0
2024-01-10,18:59:00.000000000,47.705,382.53,0.07206725982125407,20.13711110057568,-1.839932706965524,0,0.0,0.0,0.0,0.0,0.0,0.0,0.0,0.0,0.0,0.9984704293288662,0.9984704293288662,0.0
2024-01-10,19:00:00.000000000,47.7,382.5531,,,,0,0.0,0.0,0.0,0.0,0.0,0.0,0.0,0.0,0.0,0.9984704293288662,0.9984704293288662,0.0
2024-01-10,19:01:00.000000000,47.705,382.63,,,,0,0.0,0.0,0.0,0.0,0.0,0.0,0.0,0.0,0.0,0.9984704293288662,0.9984704293288662,0.0
2024-01-10,19:02:00.000000000,47.705,382.7,0.07215146807097408,20.092633169238216,-2.0374367441973686,0,0.0,0.0,0.0,0.0,0.0,0.0,0.0,0.0,0.0,0.9984704293288662,0.9984704293288662,0.0
2024-01-10,19:03:00.000000000,47.705,382.88,,,,0,0.0,0.0,0.0,0.0,0.0,0.0,0.0,0.0,0.0,0.9984704293288662,0.9984704293288662,0.0
2024-01-10,19:04:00.000000000,47.705,382.95,,,,0,0.0,0.0,0.0,0.0,0.0,0.0,0.0,0.0,0.0,0.9984704293288662,0.9984704293288662,0.0
2024-01-10,19:05:00.000000000,47.705,382.875,0.07222543476799144,20.051686663205277,-2.2058562741825405,0,0.0,0.0,0.0,0.0,0.0,0.0,0.0,0.0,0.0,0.9984704293288662,0.9984704293288662,0.0
2024-01-10,19:06:00.000000000,47.7,382.93,,,,0,0.0,0.0,0.0,0.0,0.0,0.0,0.0,0.0,0.0,0.9984704293288662,0.9984704293288662,0.0
2024-01-10,19:07:00.000000000,47.705,383.02,,,,0,0.0,0.0,0.0,0.0,0.0,0.0,0.0,0.0,0.0,0.9984704293288662,0.9984704293288662,0.0
2024-01-10,19:08:00.000000000,47.6843,383.0125,0.07227662157591302,20.001450478655613,-2.4031322315330153,0,0.0,0.0,0.0,0.0,0.0,0.0,0.0,0.0,0.0,0.9984704293288662,0.9984704293288662,0.0
2024-01-10,19:09:00.000000000,47.695,383.06,,,,0,0.0,0.0,0.0,0.0,0.0,0.0,0.0,0.0,0.0,0.9984704293288662,0.9984704293288662,0.0
2024-01-10,19:10:00.000000000,47.685,382.915,,,,0,0.0,0.0,0.0,0.0,0.0,0.0,0.0,0.0,0.0,0.9984704293288662,0.9984704293288662,0.0
2024-01-10,19:11:00.000000000,47.695,383.04,0.07233779699584529,19.98673023871142,-2.4736456658356563,0,0.0,0.0,0.0,0.0,0.0,0.0,0.0,0.0,0.0,0.9984704293288662,0.9984704293288662,0.0
2024-01-10,19:12:00.000000000,47.685,383.13,,,,0,0.0,0.0,0.0,0.0,0.0,0.0,0.0,0.0,0.0,0.9984704293288662,0.9984704293288662,0.0
2024-01-10,19:13:00.000000000,47.7,383.33,,,,0,0.0,0.0,0.0,0.0,0.0,0.0,0.0,0.0,0.0,0.9984704293288662,0.9984704293288662,0.0
2024-01-10,19:14:00.000000000,47.685,383.2,0.07237035578089313,19.952679664761757,-2.5710118112035105,0,0.0,0.0,0.0,0.0,0.0,0.0,0.0,0.0,0.0,0.9984704293288662,0.9984704293288662,0.0
2024-01-10,19:15:00.000000000,47.705,383.33,,,,0,0.0,0.0,0.0,0.0,0.0,0.0,0.0,0.0,0.0,0.9984704293288662,0.9984704293288662,0.0
2024-01-10,19:16:00.000000000,47.705,383.355,,,,0,0.0,0.0,0.0,0.0,0.0,0.0,0.0,0.0,0.0,0.9984704293288662,0.9984704293288662,0.0
2024-01-10,19:17:00.000000000,47.69,383.15,0.07241101685722612,19.945718891153813,-2.53378234868554,0,0.0,0.0,0.0,0.0,0.0,0.0,0.0,0.0,0.0,0.9984704293288662,0.9984704293288662,0.0
2024-01-10,19:18:00.000000000,47.695,383.295,,,,0,0.0,0.0,0.0,0.0,0.0,0.0,0.0,0.0,0.0,0.9984704293288662,0.9984704293288662,0.0
2024-01-10,19:19:00.000000000,47.7,383.4588,,,,0,0.0,0.0,0.0,0.0,0.0,0.0,0.0,0.0,0.0,0.9984704293288662,0.9984704293288662,0.0
2024-01-10,19:20:00.000000000,47.695,383.4206,0.07244693465442716,19.91735284663875,-2.5428191285052186,0,0.0,0.0,0.0,0.0,0.0,0.0,0.0,0.0,0.0,0.9984704293288662,0.9984704293288662,0.0
2024-01-10,19:21:00.000000000,47.6875,383.38,,,,0,0.0,0.0,0.0,0.0,0.0,0.0,0.0,0.0,0.0,0.9984704293288662,0.9984704293288662,0.0
2024-01-10,19:22:00.000000000,47.7,383.46,,,,0,0.0,0.0,0.0,0.0,0.0,0.0,0.0,0.0,0.0,0.9984704293288662,0.9984704293288662,0.0
2024-01-10,19:23:00.000000000,47.7,383.54,0.07247685797026801,19.902225894083408,-2.474867422401971,0,0.0,0.0,0.0,0.0,0.0,0.0,0.0,0.0,0.0,0.9984704293288662,0.9984704293288662,0.0
2024-01-10,19:24:00.000000000,47.69,383.555,,,,0,0.0,0.0,0.0,0.0,0.0,0.0,0.0,0.0,0.0,0.9984704293288662,0.9984704293288662,0.0
2024-01-10,19:25:00.000000000,47.695,383.5929,,,,0,0.0,0.0,0.0,0.0,0.0,0.0,0.0,0.0,0.0,0.9984704293288662,0.9984704293288662,0.0
2024-01-10,19:26:00.000000000,47.7,383.485,0.07253666428303547,19.883277297420143,-2.4138975240285405,0,0.0,0.0,0.0,0.0,0.0,0.0,0.0,0.0,0.0,0.9984704293288662,0.9984704293288662,0.0
2024-01-10,19:27:00.000000000,47.69,383.19,,,,0,0.0,0.0,0.0,0.0,0.0,0.0,0.0,0.0,0.0,0.9984704293288662,0.9984704293288662,0.0
2024-01-10,19:28:00.000000000,47.695,383.18,,,,0,0.0,0.0,0.0,0.0,0.0,0.0,0.0,0.0,0.0,0.9984704293288662,0.9984704293288662,0.0
2024-01-10,19:29:00.000000000,47.68,383.01,0.07261407544078684,19.868082965424232,-2.3452389048964872,0,0.0,0.0,0.0,0.0,0.0,0.0,0.0,0.0,0.0,0.9984704293288662,0.9984704293288662,0.0
2024-01-10,19:30:00.000000000,47.68,383.1222,,,,0,0.0,0.0,0.0,0.0,0.0,0.0,0.0,0.0,0.0,0.9984704293288662,0.9984704293288662,0.0
2024-01-10,19:31:00.000000000,47.69,383.21,,,,0,0.0,0.0,0.0,0.0,0.0,0.0,0.0,0.0,0.0,0.9984704293288662,0.9984704293288662,0.0
2024-01-10,19:32:00.000000000,47.68,383.094,0.07270211272041865,19.828256829483937,-2.3508738805751883,0,0.0,0.0,0.0,0.0,0.0,0.0,0.0,0.0,0.0,0.9984704293288662,0.9984704293288662,0.0
2024-01-10,19:33:00.000000000,47.69,383.04,,,,0,0.0,0.0,0.0,0.0,0.0,0.0,0.0,0.0,0.0,0.9984704293288662,0.9984704293288662,0.0
2024-01-10,19:34:00.000000000,47.68,383.08,,,,0,0.0,0.0,0.0,0.0,0.0,0.0,0.0,0.0,0.0,0.9984704293288662,0.9984704293288662,0.0
2024-01-10,19:35:00.000000000,47.685,383.1055,0.07279684724233366,19.79612743880214,-2.330243844172307,0,0.0,0.0,0.0,0.0,0.0,0.0,0.0,0.0,0.0,0.9984704293288662,0.9984704293288662,0.0
2024-01-10,19:36:00.000000000,47.665,383.03,,,,0,0.0,0.0,0.0,0.0,0.0,0.0,0.0,0.0,0.0,0.9984704293288662,0.9984704293288662,0.0
2024-01-10,19:37:00.000000000,47.655,383.13,,,,0,0.0,0.0,0.0,0.0,0.0,0.0,0.0,0.0,0.0,0.9984704293288662,0.9984704293288662,0.0
2024-01-10,19:38:00.000000000,47.655,383.085,0.07289081324411187,19.731622808379406,-2.3958713062218173,0,0.0,0.0,0.0,0.0,0.0,0.0,0.0,0.0,0.0,0.9984704293288662,0.9984704293288662,0.0
2024-01-10,19:39:00.000000000,47.645,383.0601,,,,0,0.0,0.0,0.0,0.0,0.0,0.0,0.0,0.0,0.0,0.9984704293288662,0.9984704293288662,0.0
2024-01-10,19:40:00.000000000,47.655,383.106,,,,0,0.0,0.0,0.0,0.0,0.0,0.0,0.0,0.0,0.0,0.9984704293288662,0.9984704293288662,0.0
2024-01-10,19:41:00.000000000,47.65,383.09,0.07297311215541873,19.69473046438064,-2.3761749579924385,0,0.0,0.0,0.0,0.0,0.0,0.0,0.0,0.0,0.0,0.9984704293288662,0.9984704293288662,0.0
2024-01-10,19:42:00.000000000,47.665,383.12,,,,0,0.0,0.0,0.0,0.0,0.0,0.0,0.0,0.0,0.0,0.9984704293288662,0.9984704293288662,0.0
2024-01-10,19:43:00.000000000,47.65,383.03,,,,0,0.0,0.0,0.0,0.0,0.0,0.0,0.0,0.0,0.0,0.9984704293288662,0.9984704293288662,0.0
2024-01-10,19:44:00.000000000,47.655,383.07,0.07305250149007926,19.67077825419534,-2.322813860793221,0,0.0,0.0,0.0,0.0,0.0,0.0,0.0,0.0,0.0,0.9984704293288662,0.9984704293288662,0.0
2024-01-10,19:45:00.000000000,47.66,383.14,,,,0,0.0,0.0,0.0,0.0,0.0,0.0,0.0,0.0,0.0,0.9984704293288662,0.9984704293288662,0.0
2024-01-10,19:46:00.000000000,47.66,383.11,,,,0,0.0,0.0,0.0,0.0,0.0,0.0,0.0,0.0,0.0,0.9984704293288662,0.9984704293288662,0.0
2024-01-10,19:47:00.000000000,47.67,383.275,0.07312310886465526,19.64374044989926,-2.2808651806977167,0,0.0,0.0,0.0,0.0,0.0,0.0,0.0,0.0,0.0,0.9984704293288662,0.9984704293288662,0.0
2024-01-10,19:48:00.000000000,47.685,383.28,,,,0,0.0,0.0,0.0,0.0,0.0,0.0,0.0,0.0,0.0,0.9984704293288662,0.9984704293288662,0.0
2024-01-10,19:49:00.000000000,47.665,383.33,,,,0,0.0,0.0,0.0,0.0,0.0,0.0,0.0,0.0,0.0,0.9984704293288662,0.9984704293288662,0.0
2024-01-10,19:50:00.000000000,47.685,383.47,0.07318366214302435,19.621261078014452,-2.2304289684734613,0,0.0,0.0,0.0,0.0,0.0,0.0,0.0,0.0,0.0,0.9984704293288662,0.9984704293288662,0.0
2024-01-10,19:51:00.000000000,47.69,383.6601,,,,0,0.0,0.0,0.0,0.0,0.0,0.0,0.0,0.0,0.0,0.9984704293288662,0.9984704293288662,0.0
2024-01-10,19:52:00.000000000,47.71,383.73,,,,0,0.0,0.0,0.0,0.0,0.0,0.0,0.0,0.0,0.0,0.9984704293288662,0.9984704293288662,0.0
2024-01-10,19:53:00.000000000,47.695,383.86,0.07321628110688512,19.590198334311076,-2.203798007813533,0,0.0,0.0,0.0,0.0,0.0,0.0,0.0,0.0,0.0,0.9984704293288662,0.9984704293288662,0.0
2024-01-10,19:54:00.000000000,47.7,383.92,,,,0,0.0,0.0,0.0,0.0,0.0,0.0,0.0,0.0,0.0,0.9984704293288662,0.9984704293288662,0.0
2024-01-10,19:55:00.000000000,47.715,383.9784,,,,0,0.0,0.0,0.0,0.0,0.0,0.0,0.0,0.0,0.0,0.9984704293288662,0.9984704293288662,0.0
2024-01-10,19:56:00.000000000,47.715,384.015,0.07325598851882567,19.583601568943163,-2.122878476640782,0,0.0,0.0,0.0,0.0,0.0,0.0,0.0,0.0,0.0,0.9984704293288662,0.9984704293288662,0.0
2024-01-10,19:57:00.000000000,47.715,383.86,,,,0,0.0,0.0,0.0,0.0,0.0,0.0,0.0,0.0,0.0,0.9984704293288662,0.9984704293288662,0.0
2024-01-10,19:58:00.000000000,47.73,383.96,,,,0,0.0,0.0,0.0,0.0,0.0,0.0,0.0,0.0,0.0,0.9984704293288662,0.9984704293288662,0.0
2024-01-10,19:59:00.000000000,47.735,384.1299,0.07329387645841282,19.58063056541753,-2.041636025470871,1,0.0,0.0,0.0,0.0,0.0,0.0,0.0,0.0,0.0,0.9984704293288662,0.9984704293288662,0.0
2024-01-10,20:00:00.000000000,47.71,383.8204,,,,0,0.0,0.0,0.0,0.0,0.0,0.0,0.0,0.0,0.0,0.9984704293288662,0.9984704293288662,0.0
2024-01-10,20:01:00.000000000,47.69,383.59,,,,0,0.0,0.0,0.0,0.0,0.0,0.0,0.0,0.0,0.0,0.9984704293288662,0.9984704293288662,0.0
2024-01-10,20:02:00.000000000,47.7,383.681,0.07333708396031985,19.561954289020523,-2.000770877879568,0,0.0,0.0,0.0,0.0,0.0,0.0,0.0,0.0,0.0,0.9984704293288662,0.9984704293288662,0.0
2024-01-10,20:03:00.000000000,47.72,383.81,,,,0,0.0,0.0,0.0,0.0,0.0,0.0,0.0,0.0,0.0,0.9984704293288662,0.9984704293288662,0.0
2024-01-10,20:04:00.000000000,47.74,383.8316,,,,0,0.0,0.0,0.0,0.0,0.0,0.0,0.0,0.0,0.0,0.9984704293288662,0.9984704293288662,0.0
2024-01-10,20:05:00.000000000,47.745,383.65,0.07340429966954148,19.58344043178041,-1.8790216921635683,0,0.0,0.0,0.0,0.0,0.0,0.0,0.0,0.0,0.0,0.9984704293288662,0.9984704293288662,0.0
2024-01-10,20:06:00.000000000,47.745,383.73,,,,0,0.0,0.0,0.0,0.0,0.0,0.0,0.0,0.0,0.0,0.9984704293288662,0.9984704293288662,0.0
2024-01-10,20:07:00.000000000,47.7587,383.64,,,,0,0.0,0.0,0.0,0.0,0.0,0.0,0.0,0.0,0.0,0.9984704293288662,0.9984704293288662,0.0
2024-01-10,20:08:00.000000000,47.79,383.85,0.07349141586763598,19.580320019207925,-1.8181865868078295,0,0.0,0.0,0.0,0.0,0.0,0.0,0.0,0.0,0.0,0.9984704293288662,0.9984704293288662,0.0
2024-01-10,20:09:00.000000000,47.795,383.815,,,,0,0.0,0.0,0.0,0.0,0.0,0.0,0.0,0.0,0.0,0.9984704293288662,0.9984704293288662,0.0
2024-01-10,20:10:00.000000000,47.74,383.56,,,,0,0.0,0.0,0.0,0.0,0.0,0.0,0.0,0.0,0.0,0.9984704293288662,0.9984704293288662,0.0
2024-01-10,20:11:00.000000000,47.76,383.7501,0.07354162214666345,19.538395147055688,-1.8392253707607393,0,0.0,0.0,0.0,0.0,0.0,0.0,0.0,0.0,0.0,0.9984704293288662,0.9984704293288662,0.0
2024-01-10,20:12:00.000000000,47.765,383.67,,,,0,0.0,0.0,0.0,0.0,0.0,0.0,0.0,0.0,0.0,0.9984704293288662,0.9984704293288662,0.0
2024-01-10,20:13:00.000000000,47.79,383.73,,,,0,0.0,0.0,0.0,0.0,0.0,0.0,0.0,0.0,0.0,0.9984704293288662,0.9984704293288662,0.0
2024-01-10,20:14:00.000000000,47.765,383.525,0.07362689730476611,19.52724421118958,-1.7964398855428618,0,0.0,0.0,0.0,0.0,0.0,0.0,0.0,0.0,0.0,0.9984704293288662,0.9984704293288662,0.0
2024-01-10,20:15:00.000000000,47.76,383.63,,,,0,0.0,0.0,0.0,0.0,0.0,0.0,0.0,0.0,0.0,0.9984704293288662,0.9984704293288662,0.0
2024-01-10,20:16:00.000000000,47.765,383.7,,,,0,0.0,0.0,0.0,0.0,0.0,0.0,0.0,0.0,0.0,0.9984704293288662,0.9984704293288662,0.0
2024-01-10,20:17:00.000000000,47.74,383.6405,0.07369210281764868,19.468724828985856,-1.8473817884779602,0,0.0,0.0,0.0,0.0,0.0,0.0,0.0,0.0,0.0,0.9984704293288662,0.9984704293288662,0.0
2024-01-10,20:18:00.000000000,47.75,383.8,,,,0,0.0,0.0,0.0,0.0,0.0,0.0,0.0,0.0,0.0,0.9984704293288662,0.9984704293288662,0.0
2024-01-10,20:19:00.000000000,47.755,383.58,,,,0,0.0,0.0,0.0,0.0,0.0,0.0,0.0,0.0,0.0,0.9984704293288662,0.9984704293288662,0.0
2024-01-10,20:20:00.000000000,47.77,383.378,0.07377809776578745,19.485100434747945,-1.750916419016007,0,0.0,0.0,0.0,0.0,0.0,0.0,0.0,0.0,0.0,0.9984704293288662,0.9984704293288662,0.0
2024-01-10,20:21:00.000000000,47.735,382.97,,,,0,0.0,0.0,0.0,0.0,0.0,0.0,0.0,0.0,0.0,0.9984704293288662,0.9984704293288662,0.0
2024-01-10,20:22:00.000000000,47.72,383.19,,,,0,0.0,0.0,0.0,0.0,0.0,0.0,0.0,0.0,0.0,0.9984704293288662,0.9984704293288662,0.0
2024-01-10,20:23:00.000000000,47.675,382.91,0.0738164464606214,19.409944485763457,-1.831926273422235,0,0.0,0.0,0.0,0.0,0.0,0.0,0.0,0.0,0.0,0.9984704293288662,0.9984704293288662,0.0
2024-01-10,20:24:00.000000000,47.655,382.75,,,,0,0.0,0.0,0.0,0.0,0.0,0.0,0.0,0.0,0.0,0.9984704293288662,0.9984704293288662,0.0
2024-01-10,20:25:00.000000000,47.67,383.0686,,,,0,0.0,0.0,0.0,0.0,0.0,0.0,0.0,0.0,0.0,0.9984704293288662,0.9984704293288662,0.0
2024-01-10,20:26:00.000000000,47.705,383.26,0.07385224754933396,19.400387604242265,-1.7858860970018244,0,0.0,0.0,0.0,0.0,0.0,0.0,0.0,0.0,0.0,0.9984704293288662,0.9984704293288662,0.0
2024-01-10,20:27:00.000000000,47.6767,383.1969,,,,0,0.0,0.0,0.0,0.0,0.0,0.0,0.0,0.0,0.0,0.9984704293288662,0.9984704293288662,0.0
2024-01-10,20:28:00.000000000,47.69,383.0,,,,0,0.0,0.0,0.0,0.0,0.0,0.0,0.0,0.0,0.0,0.9984704293288662,0.9984704293288662,0.0
2024-01-10,20:29:00.000000000,47.691,382.94,0.0738752842670811,19.401198642763962,-1.725111967401488,0,0.0,0.0,0.0,0.0,0.0,0.0,0.0,0.0,0.0,0.9984704293288662,0.9984704293288662,0.0
2024-01-10,20:30:00.000000000,47.655,382.935,,,,0,0.0,0.0,0.0,0.0,0.0,0.0,0.0,0.0,0.0,0.9984704293288662,0.9984704293288662,0.0
2024-01-10,20:31:00.000000000,47.651,383.2537,,,,0,0.0,0.0,0.0,0.0,0.0,0.0,0.0,0.0,0.0,0.9984704293288662,0.9984704293288662,0.0
2024-01-10,20:32:00.000000000,47.641,383.13,0.07385356211679785,19.34548474619124,-1.770831122241398,0,0.0,0.0,0.0,0.0,0.0,0.0,0.0,0.0,0.0,0.9984704293288662,0.9984704293288662,0.0
2024-01-10,20:33:00.000000000,47.685,383.25,,,,0,0.0,0.0,0.0,0.0,0.0,0.0,0.0,0.0,0.0,0.9984704293288662,0.9984704293288662,0.0
2024-01-10,20:34:00.000000000,47.69,383.21,,,,0,0.0,0.0,0.0,0.0,0.0,0.0,0.0,0.0,0.0,0.9984704293288662,0.9984704293288662,0.0
2024-01-10,20:35:00.000000000,47.71,383.08,0.07387636413378848,19.40944242762831,-1.603040332020657,0,0.0,0.0,0.0,0.0,0.0,0.0,0.0,0.0,0.0,0.9984704293288662,0.9984704293288662,0.0
2024-01-10,20:36:00.000000000,47.73,382.84,,,,0,0.0,0.0,0.0,0.0,0.0,0.0,0.0,0.0,0.0,0.9984704293288662,0.9984704293288662,0.0
2024-01-10,20:37:00.000000000,47.765,382.985,,,,0,0.0,0.0,0.0,0.0,0.0,0.0,0.0,0.0,0.0,0.9984704293288662,0.9984704293288662,0.0
2024-01-10,20:38:00.000000000,47.785,383.145,0.07394863044310895,19.451951988875017,-1.4821703000021198,0,0.0,0.0,0.0,0.0,0.0,0.0,0.0,0.0,0.0,0.9984704293288662,0.9984704293288662,0.0
2024-01-10,20:39:00.000000000,47.77,382.98,,,,0,0.0,0.0,0.0,0.0,0.0,0.0,0.0,0.0,0.0,0.9984704293288662,0.9984704293288662,0.0
2024-01-10,20:40:00.000000000,47.7601,382.8384,,,,0,0.0,0.0,0.0,0.0,0.0,0.0,0.0,0.0,0.0,0.9984704293288662,0.9984704293288662,0.0
2024-01-10,20:41:00.000000000,47.745,382.48,0.0740906982692353,19.40678972598288,-1.523530263305587,0,0.0,0.0,0.0,0.0,0.0,0.0,0.0,0.0,0.0,0.9984704293288662,0.9984704293288662,0.0
2024-01-10,20:42:00.000000000,47.75,382.47,,,,0,0.0,0.0,0.0,0.0,0.0,0.0,0.0,0.0,0.0,0.9984704293288662,0.9984704293288662,0.0
2024-01-10,20:43:00.000000000,47.745,382.28,,,,0,0.0,0.0,0.0,0.0,0.0,0.0,0.0,0.0,0.0,0.9984704293288662,0.9984704293288662,0.0
2024-01-10,20:44:00.000000000,47.785,382.25,0.0741568848010244,19.438530784808417,-1.4270736100872485,0,0.0,0.0,0.0,0.0,0.0,0.0,0.0,0.0,0.0,0.9984704293288662,0.9984704293288662,0.0
2024-01-10,20:45:00.000000000,47.77,382.48,,,,0,0.0,0.0,0.0,0.0,0.0,0.0,0.0,0.0,0.0,0.9984704293288662,0.9984704293288662,0.0
2024-01-10,20:46:00.000000000,47.76,382.36,,,,0,0.0,0.0,0.0,0.0,0.0,0.0,0.0,0.0,0.0,0.9984704293288662,0.9984704293288662,0.0
2024-01-10,20:47:00.000000000,47.77,382.275,0.07419323341847812,19.40778169495128,-1.4450712357558386,0,0.0,0.0,0.0,0.0,0.0,0.0,0.0,0.0,0.0,0.9984704293288662,0.9984704293288662,0.0
2024-01-10,20:48:00.000000000,47.7324,382.102,,,,0,0.0,0.0,0.0,0.0,0.0,0.0,0.0,0.0,0.0,0.9984704293288662,0.9984704293288662,0.0
2024-01-10,20:49:00.000000000,47.74,381.84,,,,0,0.0,0.0,0.0,0.0,0.0,0.0,0.0,0.0,0.0,0.9984704293288662,0.9984704293288662,0.0
2024-01-10,20:50:00.000000000,47.72,381.61,0.07424245247497505,19.38833771102477,-1.4431902076265406,0,0.0,0.0,0.0,0.0,0.0,0.0,0.0,0.0,0.0,0.9984704293288662,0.9984704293288662,0.0
2024-01-10,20:51:00.000000000,47.72,381.95,,,,0,0.0,0.0,0.0,0.0,0.0,0.0,0.0,0.0,0.0,0.9984704293288662,0.9984704293288662,0.0
2024-01-10,20:52:00.000000000,47.73,381.83,,,,0,0.0,0.0,0.0,0.0,0.0,0.0,0.0,0.0,0.0,0.9984704293288662,0.9984704293288662,0.0
2024-01-10,20:53:00.000000000,47.73,382.14,0.07426649640789851,19.34980106268566,-1.4751909281626154,0,0.0,0.0,0.0,0.0,0.0,0.0,0.0,0.0,0.0,0.9984704293288662,0.9984704293288662,0.0
2024-01-10,20:54:00.000000000,47.81,382.66,,,,0,0.0,0.0,0.0,0.0,0.0,0.0,0.0,0.0,0.0,0.9984704293288662,0.9984704293288662,0.0
2024-01-10,20:55:00.000000000,47.81,382.55,,,,0,0.0,0.0,0.0,0.0,0.0,0.0,0.0,0.0,0.0,0.9984704293288662,0.9984704293288662,0.0
2024-01-10,20:56:00.000000000,47.85,382.6696,0.07433115004580032,19.40572854443361,-1.3388989041573687,0,0.0,0.0,0.0,0.0,0.0,0.0,0.0,0.0,0.0,0.9984704293288662,0.9984704293288662,0.0
2024-01-10,20:57:00.000000000,47.86,382.74,,,,0,0.0,0.0,0.0,0.0,0.0,0.0,0.0,0.0,0.0,0.9984704293288662,0.9984704293288662,0.0
2024-01-10,20:58:00.000000000,47.905,382.92,,,,0,0.0,0.0,0.0,0.0,0.0,0.0,0.0,0.0,0.0,0.9984704293288662,0.9984704293288662,0.0
2024-01-10,20:59:00.000000000,47.93,382.77,0.07443592035844246,19.43816276439898,-1.2487024921095808,1,0.0,0.0,0.0,0.0,0.0,0.0,0.0,0.0,0.0,0.9984704293288662,0.9984704293288662,0.0
2024-01-11,14:29:00.000000000,47.9,385.97,0.07437613317439477,19.193043878678846,-1.6555938383852458,0,0.0,0.0,0.0,0.0,0.0,0.0,0.0,0.0,0.0,0.9984704293288662,0.9984704293288662,0.0
2024-01-11,14:30:00.000000000,47.905,387.19,,,,0,0.0,0.0,0.0,0.0,0.0,0.0,0.0,0.0,0.0,0.9984704293288662,0.9984704293288662,0.0
2024-01-11,14:31:00.000000000,47.94,387.18,,,,0,0.0,0.0,0.0,0.0,0.0,0.0,0.0,0.0,0.0,0.9984704293288662,0.9984704293288662,0.0
2024-01-11,14:32:00.000000000,47.82,387.35,0.07416417369034856,19.092507321043485,-1.7855843483810798,0,0.0,0.0,0.0,0.0,0.0,0.0,0.0,0.0,0.0,0.9984704293288662,0.9984704293288662,0.0
2024-01-11,14:33:00.000000000,47.85,388.08,,,,0,0.0,0.0,0.0,0.0,0.0,0.0,0.0,0.0,0.0,0.9984704293288662,0.9984704293288662,0.0
2024-01-11,14:34:00.000000000,47.97,388.605,,,,0,0.0,0.0,0.0,0.0,0.0,0.0,0.0,0.0,0.0,0.9984704293288662,0.9984704293288662,0.0
2024-01-11,14:35:00.000000000,47.985,389.155,0.07396942549478994,19.199428221575022,-1.5474962029949226,0,0.0,0.0,0.0,0.0,0.0,0.0,0.0,0.0,0.0,0.9984704293288662,0.9984704293288662,0.0
2024-01-11,14:36:00.000000000,48.03,390.45,,,,0,0.0,0.0,0.0,0.0,0.0,0.0,0.0,0.0,0.0,0.9984704293288662,0.9984704293288662,0.0
2024-01-11,14:37:00.000000000,48.11,389.55,,,,0,0.0,0.0,0.0,0.0,0.0,0.0,0.0,0.0,0.0,0.9984704293288662,0.9984704293288662,0.0
2024-01-11,14:38:00.000000000,48.13,388.55,0.07394493929045608,19.398693838693294,-1.1552558573792395,0,0.0,0.0,0.0,0.0,0.0,0.0,0.0,0.0,0.0,0.9984704293288662,0.9984704293288662,0.0
2024-01-11,14:39:00.000000000,48.15,388.655,,,,0,0.0,0.0,0.0,0.0,0.0,0.0,0.0,0.0,0.0,0.9984704293288662,0.9984704293288662,0.0
2024-01-11,14:40:00.000000000,48.12,388.6699,,,,0,0.0,0.0,0.0,0.0,0.0,0.0,0.0,0.0,0.0,0.9984704293288662,0.9984704293288662,0.0
2024-01-11,14:41:00.000000000,48.08,388.3975,0.07387961607175005,19.38534181677246,-1.1527495116477922,0,0.0,0.0,0.0,0.0,0.0,0.0,0.0,0.0,0.0,0.9984704293288662,0.9984704293288662,0.0
2024-01-11,14:42:00.000000000,48.04,388.0348,,,,0,0.0,0.0,0.0,0.0,0.0,0.0,0.0,0.0,0.0,0.9984704293288662,0.9984704293288662,0.0
2024-01-11,14:43:00.000000000,48.04,388.06,,,,0,0.0,0.0,0.0,0.0,0.0,0.0,0.0,0.0,0.0,0.9984704293288662,0.9984704293288662,0.0
2024-01-11,14:44:00.000000000,48.02,387.795,0.07381156868818932,19.396242720563624,-1.107703931103713,0,0.0,0.0,0.0,0.0,0.0,0.0,0.0,0.0,0.0,0.9984704293288662,0.9984704293288662,0.0
2024-01-11,14:45:00.000000000,48.04,387.0,,,,0,0.0,0.0,0.0,0.0,0.0,0.0,0.0,0.0,0.0,0.9984704293288662,0.9984704293288662,0.0
2024-01-11,14:46:00.000000000,48.045,386.39,,,,0,0.0,0.0,0.0,0.0,0.0,0.0,0.0,0.0,0.0,0.9984704293288662,0.9984704293288662,0.0
2024-01-11,14:47:00.000000000,48.02,386.405,0.07382412713554068,19.49398815419141,-0.9037622195429478,0,0.0,0.0,0.0,0.0,0.0,0.0,0.0,0.0,0.0,0.9984704293288662,0.9984704293288662,0.0
2024-01-11,14:48:00.000000000,47.9975,386.36,,,,0,0.0,0.0,0.0,0.0,0.0,0.0,0.0,0.0,0.0,0.9984704293288662,0.9984704293288662,0.0
2024-01-11,14:49:00.000000000,47.9606,386.04,,,,0,0.0,0.0,0.0,0.0,0.0,0.0,0.0,0.0,0.0,0.9984704293288662,0.9984704293288662,0.0
2024-01-11,14:50:00.000000000,47.95,385.19,0.07385783446277731,19.50070074328281,-0.8700658911982858,0,0.0,0.0,0.0,0.0,0.0,0.0,0.0,0.0,0.0,0.9984704293288662,0.9984704293288662,0.0
2024-01-11,14:51:00.000000000,47.975,385.9787,,,,0,0.0,0.0,0.0,0.0,0.0,0.0,0.0,0.0,0.0,0.9984704293288662,0.9984704293288662,0.0
2024-01-11,14:52:00.000000000,47.94,386.46,,,,0,0.0,0.0,0.0,0.0,0.0,0.0,0.0,0.0,0.0,0.9984704293288662,0.9984704293288662,0.0
2024-01-11,14:53:00.000000000,47.92,386.39,0.07381859447224166,19.397233281870545,-1.045807964748355,0,0.0,0.0,0.0,0.0,0.0,0.0,0.0,0.0,0.0,0.9984704293288662,0.9984704293288662,0.0
2024-01-11,14:54:00.000000000,47.98,386.603,,,,0,0.0,0.0,0.0,0.0,0.0,0.0,0.0,0.0,0.0,0.9984704293288662,0.9984704293288662,0.0
2024-01-11,14:55:00.000000000,47.985,386.4,,,,0,0.0,0.0,0.0,0.0,0.0,0.0,0.0,0.0,0.0,0.9984704293288662,0.9984704293288662,0.0
2024-01-11,14:56:00.000000000,47.9,385.4721,0.07381272462938514,19.447254030389185,-0.9271606924296943,0,0.0,0.0,0.0,0.0,0.0,0.0,0.0,0.0,0.0,0.9984704293288662,0.9984704293288662,0.0
2024-01-11,14:57:00.000000000,47.9,385.64,,,,0,0.0,0.0,0.0,0.0,0.0,0.0,0.0,0.0,0.0,0.9984704293288662,0.9984704293288662,0.0
2024-01-11,14:58:00.000000000,47.955,386.7645,,,,0,0.0,0.0,0.0,0.0,0.0,0.0,0.0,0.0,0.0,0.9984704293288662,0.9984704293288662,0.0
2024-01-11,14:59:00.000000000,48.0,387.025,0.07379242081102982,19.440488335611185,-0.9190998669913726,0,0.0,0.0,0.0,0.0,0.0,0.0,0.0,0.0,0.0,0.9984704293288662,0.9984704293288662,0.0
2024-01-11,15:00:00.000000000,47.94,386.915,,,,0,0.0,0.0,0.0,0.0,0.0,0.0,0.0,0.0,0.0,0.9984704293288662,0.9984704293288662,0.0
2024-01-11,15:01:00.000000000,47.95,386.74,,,,0,0.0,0.0,0.0,0.0,0.0,0.0,0.0,0.0,0.0,0.9984704293288662,0.9984704293288662,0.0
2024-01-11,15:02:00.000000000,47.94,386.23,0.07377575468022106,19.445590269858215,-0.8880596189951343,0,0.0,0.0,0.0,0.0,0.0,0.0,0.0,0.0,0.0,0.9984704293288662,0.9984704293288662,0.0
2024-01-11,15:03:00.000000000,47.935,386.1,,,,0,0.0,0.0,0.0,0.0,0.0,0.0,0.0,0.0,0.0,0.9984704293288662,0.9984704293288662,0.0
2024-01-11,15:04:00.000000000,47.89,385.335,,,,0,0.0,0.0,0.0,0.0,0.0,0.0,0.0,0.0,0.0,0.9984704293288662,0.9984704293288662,0.0
2024-01-11,15:05:00.000000000,47.82,384.465,0.07376127911977653,19.461369823215115,-0.8357746849189785,0,0.0,0.0,0.0,0.0,0.0,0.0,0.0,0.0,0.0,0.9984704293288662,0.9984704293288662,0.0
2024-01-11,15:06:00.000000000,47.78,383.52,,,,0,0.0,0.0,0.0,0.0,0.0,0.0,0.0,0.0,0.0,0.9984704293288662,0.9984704293288662,0.0
2024-01-11,15:07:00.000000000,47.82,384.13,,,,0,0.0,0.0,0.0,0.0,0.0,0.0,0.0,0.0,0.0,0.9984704293288662,0.9984704293288662,0.0
2024-01-11,15:08:00.000000000,47.77,383.99,0.07373840796669873,19.45518872486736,-0.8284889525516078,0,0.0,0.0,0.0,0.0,0.0,0.0,0.0,0.0,0.0,0.9984704293288662,0.9984704293288662,0.0
2024-01-11,15:09:00.000000000,47.72,383.07,,,,0,0.0,0.0,0.0,0.0,0.0,0.0,0.0,0.0,0.0,0.9984704293288662,0.9984704293288662,0.0
2024-01-11,15:10:00.000000000,47.75,383.56,,,,0,0.0,0.0,0.0,0.0,0.0,0.0,0.0,0.0,0.0,0.9984704293288662,0.9984704293288662,0.0
2024-01-11,15:11:00.000000000,47.7601,383.955,0.07370971704609529,19.458885591566485,-0.800952769994765,0,0.0,0.0,0.0,0.0,0.0,0.0,0.0,0.0,0.0,0.9984704293288662,0.9984704293288662,0.0
2024-01-11,15:12:00.000000000,47.73,384.0201,,,,0,0.0,0.0,0.0,0.0,0.0,0.0,0.0,0.0,0.0,0.9984704293288662,0.9984704293288662,0.0
2024-01-11,15:13:00.000000000,47.72,384.58,,,,0,0.0,0.0,0.0,0.0,0.0,0.0,0.0,0.0,0.0,0.9984704293288662,0.9984704293288662,0.0
2024-01-11,15:14:00.000000000,47.661,384.25,0.07361270607455915,19.375317690850647,-0.9581422457971639,0,0.0,0.0,0.0,0.0,0.0,0.0,0.0,0.0,0.0,0.9984704293288662,0.9984704293288662,0.0
2024-01-11,15:15:00.000000000,47.67,384.09,,,,0,0.0,0.0,0.0,0.0,0.0,0.0,0.0,0.0,0.0,0.9984704293288662,0.9984704293288662,0.0
2024-01-11,15:16:00.000000000,47.7,383.795,,,,0,0.0,0.0,0.0,0.0,0.0,0.0,0.0,0.0,0.0,0.9984704293288662,0.9984704293288662,0.0
2024-01-11,15:17:00.000000000,47.71,384.12,0.07355047599328558,19.45779116145914,-0.7605888002908299,0,0.0,0.0,0.0,0.0,0.0,0.0,0.0,0.0,0.0,0.9984704293288662,0.9984704293288662,0.0
2024-01-11,15:18:00.000000000,47.76,384.63,,,,0,0.0,0.0,0.0,0.0,0.0,0.0,0.0,0.0,0.0,0.9984704293288662,0.9984704293288662,0.0
2024-01-11,15:19:00.000000000,47.79,385.2899,,,,0,0.0,0.0,0.0,0.0,0.0,0.0,0.0,0.0,0.0,0.9984704293288662,0.9984704293288662,0.0
2024-01-11,15:20:00.000000000,47.76,385.2099,0.07346751408615709,19.459586245622834,-0.7377899045402483,0,0.0,0.0,0.0,0.0,0.0,0.0,0.0,0.0,0.0,0.9984704293288662,0.9984704293288662,0.0
2024-01-11,15:21:00.000000000,47.81,385.5797,,,,0,0.0,0.0,0.0,0.0,0.0,0.0,0.0,0.0,0.0,0.9984704293288662,0.9984704293288662,0.0
2024-01-11,15:22:00.000000000,47.8,385.4,,,,0,0.0,0.0,0.0,0.0,0.0,0.0,0.0,0.0,0.0,0.9984704293288662,0.9984704293288662,0.0
2024-01-11,15:23:00.000000000,47.79,384.92,0.0734199498576544,19.529192900791664,-0.5617036116423496,0,0.0,0.0,0.0,0.0,0.0,0.0,0.0,0.0,0.0,0.9984704293288662,0.9984704293288662,0.0
2024-01-11,15:24:00.000000000,47.81,385.31,,,,0,0.0,0.0,0.0,0.0,0.0,0.0,0.0,0.0,0.0,0.9984704293288662,0.9984704293288662,0.0
2024-01-11,15:25:00.000000000,47.8,385.56,,,,0,0.0,0.0,0.0,0.0,0.0,0.0,0.0,0.0,0.0,0.9984704293288662,0.9984704293288662,0.0
2024-01-11,15:26:00.000000000,47.78,385.49,0.07334307404346031,19.506978386986486,-0.5939154558794626,0,0.0,0.0,0.0,0.0,0.0,0.0,0.0,0.0,0.0,0.9984704293288662,0.9984704293288662,0.0
2024-01-11,15:27:00.000000000,47.78,385.31,,,,0,0.0,0.0,0.0,0.0,0.0,0.0,0.0,0.0,0.0,0.9984704293288662,0.9984704293288662,0.0
2024-01-11,15:28:00.000000000,47.77,385.81,,,,0,0.0,0.0,0.0,0.0,0.0,0.0,0.0,0.0,0.0,0.9984704293288662,0.9984704293288662,0.0
2024-01-11,15:29:00.000000000,47.76,385.67,0.07324401772928928,19.511979682345,-0.562938445580637,0,0.0,0.0,0.0,0.0,0.0,0.0,0.0,0.0,0.0,0.9984704293288662,0.9984704293288662,0.0
2024-01-11,15:30:00.000000000,47.78,386.06,,,,0,0.0,0.0,0.0,0.0,0.0,0.0,0.0,0.0,0.0,0.9984704293288662,0.9984704293288662,0.0
2024-01-11,15:31:00.000000000,47.82,386.045,,,,0,0.0,0.0,0.0,0.0,0.0,0.0,0.0,0.0,0.0,0.9984704293288662,0.9984704293288662,0.0
2024-01-11,15:32:00.000000000,47.8,386.0,0.07315427304662929,19.562450604001093,-0.42001650117491024,0,0.0,0.0,0.0,0.0,0.0,0.0,0.0,0.0,0.0,0.9984704293288662,0.9984704293288662,0.0
2024-01-11,15:33:00.000000000,47.77,385.28,,,,0,0.0,0.0,0.0,0.0,0.0,0.0,0.0,0.0,0.0,0.9984704293288662,0.9984704293288662,0.0
2024-01-11,15:34:00.000000000,47.71,384.66,,,,0,0.0,0.0,0.0,0.0,0.0,0.0,0.0,0.0,0.0,0.9984704293288662,0.9984704293288662,0.0
2024-01-11,15:35:00.000000000,47.69,384.82,0.07306130265114524,19.574549513786284,-0.36839994348865784,0,0.0,0.0,0.0,0.0,0.0,0.0,0.0,0.0,0.0,0.9984704293288662,0.9984704293288662,0.0
2024-01-11,15:36:00.000000000,47.705,385.25,,,,0,0.0,0.0,0.0,0.0,0.0,0.0,0.0,0.0,0.0,0.9984704293288662,0.9984704293288662,0.0
2024-01-11,15:37:00.000000000,47.705,385.07,,,,0,0.0,0.0,0.0,0.0,0.0,0.0,0.0,0.0,0.0,0.9984704293288662,0.9984704293288662,0.0
2024-01-11,15:38:00.000000000,47.74,385.35,0.07296814790660337,19.62172420419039,-0.2232544259817341,0,0.0,0.0,0.0,0.0,0.0,0.0,0.0,0.0,0.0,0.9984704293288662,0.9984704293288662,0.0
2024-01-11,15:39:00.000000000,47.72,385.3643,,,,0,0.0,0.0,0.0,0.0,0.0,0.0,0.0,0.0,0.0,0.9984704293288662,0.9984704293288662,0.0
2024-01-11,15:40:00.000000000,47.731,385.4925,,,,0,0.0,0.0,0.0,0.0,0.0,0.0,0.0,0.0,0.0,0.9984704293288662,0.9984704293288662,0.0
2024-01-11,15:41:00.000000000,47.74,385.69,0.07285941658010749,19.638851619218347,-0.15201738028781286,0,0.0,0.0,0.0,0.0,0.0,0.0,0.0,0.0,0.0,0.9984704293288662,0.9984704293288662,0.0
2024-01-11,15:42:00.000000000,47.72,385.45,,,,0,0.0,0.0,0.0,0.0,0.0,0.0,0.0,0.0,0.0,0.9984704293288662,0.9984704293288662,0.0
2024-01-11,15:43:00.000000000,47.72,385.4576,,,,0,0.0,0.0,0.0,0.0,0.0,0.0,0.0,0.0,0.0,0.9984704293288662,0.9984704293288662,0.0
2024-01-11,15:44:00.000000000,47.78,385.36,0.07279506850391317,19.72769240133202,0.12452247391141913,0,0.0,0.0,0.0,0.0,0.0,0.0,0.0,0.0,0.0,0.9984704293288662,0.9984704293288662,0.0
2024-01-11,15:45:00.000000000,47.79,385.19,,,,0,0.0,0.0,0.0,0.0,0.0,0.0,0.0,0.0,0.0,0.9984704293288662,0.9984704293288662,0.0
2024-01-11,15:46:00.000000000,47.78,385.4,,,,0,0.0,0.0,0.0,0.0,0.0,0.0,0.0,0.0,0.0,0.9984704293288662,0.9984704293288662,0.0
2024-01-11,15:47:00.000000000,47.78,385.295,0.07274447378142021,19.751917974387702,0.22877459542998438,0,0.0,0.0,0.0,0.0,0.0,0.0,0.0,0.0,0.0,0.9984704293288662,0.9984704293288662,0.0
2024-01-11,15:48:00.000000000,47.7793,385.0291,,,,0,0.0,0.0,0.0,0.0,0.0,0.0,0.0,0.0,0.0,0.9984704293288662,0.9984704293288662,0.0
2024-01-11,15:49:00.000000000,47.74,384.54,,,,0,0.0,0.0,0.0,0.0,0.0,0.0,0.0,0.0,0.0,0.9984704293288662,0.9984704293288662,0.0
2024-01-11,15:50:00.000000000,47.705,384.275,0.07269784959443282,19.76903384709933,0.31850044072924893,0,0.0,0.0,0.0,0.0,0.0,0.0,0.0,0.0,0.0,0.9984704293288662,0.9984704293288662,0.0
2024-01-11,15:51:00.000000000,47.7,384.19,,,,0,0.0,0.0,0.0,0.0,0.0,0.0,0.0,0.0,0.0,0.9984704293288662,0.9984704293288662,0.0
2024-01-11,15:52:00.000000000,47.675,383.6809,,,,0,0.0,0.0,0.0,0.0,0.0,0.0,0.0,0.0,0.0,0.9984704293288662,0.9984704293288662,0.0
2024-01-11,15:53:00.000000000,47.63,383.74,0.0726380362027085,19.75587998757264,0.3183004052569964,0,0.0,0.0,0.0,0.0,0.0,0.0,0.0,0.0,0.0,0.9984704293288662,0.9984704293288662,0.0
2024-01-11,15:54:00.000000000,47.6,383.45,,,,0,0.0,0.0,0.0,0.0,0.0,0.0,0.0,0.0,0.0,0.9984704293288662,0.9984704293288662,0.0
2024-01-11,15:55:00.000000000,47.6,383.44,,,,0,0.0,0.0,0.0,0.0,0.0,0.0,0.0,0.0,0.0,0.9984704293288662,0.9984704293288662,0.0
2024-01-11,15:56:00.000000000,47.6289,383.49,0.07257977762758441,19.795281077597654,0.4899068837687804,0,0.0,0.0,0.0,0.0,0.0,0.0,0.0,0.0,0.0,0.9984704293288662,0.9984704293288662,0.0
2024-01-11,15:57:00.000000000,47.61,383.49,,,,0,0.0,0.0,0.0,0.0,0.0,0.0,0.0,0.0,0.0,0.9984704293288662,0.9984704293288662,0.0
2024-01-11,15:58:00.000000000,47.59,383.09,,,,0,0.0,0.0,0.0,0.0,0.0,0.0,0.0,0.0,0.0,0.9984704293288662,0.9984704293288662,0.0
2024-01-11,15:59:00.000000000,47.585,382.9193,0.07252240593668816,19.814771084407525,0.6050477450708484,0,0.0,0.0,0.0,0.0,0.0,0.0,0.0,0.0,0.0,0.9984704293288662,0.9984704293288662,0.0
2024-01-11,16:00:00.000000000,47.59,382.745,,,,0,0.0,0.0,0.0,0.0,0.0,0.0,0.0,0.0,0.0,0.9984704293288662,0.9984704293288662,0.0
2024-01-11,16:01:00.000000000,47.53,382.1171,,,,0,0.0,0.0,0.0,0.0,0.0,0.0,0.0,0.0,0.0,0.9984704293288662,0.9984704293288662,0.0
2024-01-11,16:02:00.000000000,47.53,382.4099,0.07246199128318359,19.819817159596894,0.6799617574271297,0,0.0,0.0,0.0,0.0,0.0,0.0,0.0,0.0,0.0,0.9984704293288662,0.9984704293288662,0.0
2024-01-11,16:03:00.000000000,47.53,382.67,,,,0,0.0,0.0,0.0,0.0,0.0,0.0,0.0,0.0,0.0,0.9984704293288662,0.9984704293288662,0.0
2024-01-11,16:04:00.000000000,47.53,382.825,,,,0,0.0,0.0,0.0,0.0,0.0,0.0,0.0,0.0,0.0,0.9984704293288662,0.9984704293288662,0.0
2024-01-11,16:05:00.000000000,47.57,382.94,0.07240057284049106,19.844924636462352,0.8319636807328521,0,0.0,0.0,0.0,0.0,0.0,0.0,0.0,0.0,0.0,0.9984704293288662,0.9984704293288662,0.0
2024-01-11,16:06:00.000000000,47.54,382.785,,,,0,0.0,0.0,0.0,0.0,0.0,0.0,0.0,0.0,0.0,0.9984704293288662,0.9984704293288662,0.0
2024-01-11,16:07:00.000000000,47.53,382.77,,,,0,0.0,0.0,0.0,0.0,0.0,0.0,0.0,0.0,0.0,0.9984704293288662,0.9984704293288662,0.0
2024-01-11,16:08:00.000000000,47.53,382.7592,0.07233202038659182,19.844253742444423,0.8917520222816017,0,0.0,0.0,0.0,0.0,0.0,0.0,0.0,0.0,0.0,0.9984704293288662,0.9984704293288662,0.0
2024-01-11,16:09:00.000000000,47.53,382.655,,,,0,0.0,0.0,0.0,0.0,0.0,0.0,0.0,0.0,0.0,0.9984704293288662,0.9984704293288662,0.0
2024-01-11,16:10:00.000000000,47.53,382.72,,,,0,0.0,0.0,0.0,0.0,0.0,0.0,0.0,0.0,0.0,0.9984704293288662,0.9984704293288662,0.0
2024-01-11,16:11:00.000000000,47.54,382.88,0.0722611108350822,19.872665883463725,1.0745879393094662,0,0.0,0.0,0.0,0.0,0.0,0.0,0.0,0.0,0.0,0.9984704293288662,0.9984704293288662,0.0
2024-01-11,16:12:00.000000000,47.52,382.6001,,,,0,0.0,0.0,0.0,0.0,0.0,0.0,0.0,0.0,0.0,0.9984704293288662,0.9984704293288662,0.0
2024-01-11,16:13:00.000000000,47.44,381.908,,,,0,0.0,0.0,0.0,0.0,0.0,0.0,0.0,0.0,0.0,0.9984704293288662,0.9984704293288662,0.0
2024-01-11,16:14:00.000000000,47.4075,381.55,0.07219136377326683,19.86288515231004,1.0956546980646862,0,0.0,0.0,0.0,0.0,0.0,0.0,0.0,0.0,0.0,0.9984704293288662,0.9984704293288662,0.0
2024-01-11,16:15:00.000000000,47.385,381.36,,,,0,0.0,0.0,0.0,0.0,0.0,0.0,0.0,0.0,0.0,0.9984704293288662,0.9984704293288662,0.0
2024-01-11,16:16:00.000000000,47.38,381.02,,,,0,0.0,0.0,0.0,0.0,0.0,0.0,0.0,0.0,0.0,0.9984704293288662,0.9984704293288662,0.0
2024-01-11,16:17:00.000000000,47.385,380.8801,0.07214000776701758,19.908306627697563,1.3419042043193372,0,0.0,0.0,0.0,0.0,0.0,0.0,0.0,0.0,0.0,0.9984704293288662,0.9984704293288662,0.0
2024-01-11,16:18:00.000000000,47.38,381.0,,,,0,0.0,0.0,0.0,0.0,0.0,0.0,0.0,0.0,0.0,0.9984704293288662,0.9984704293288662,0.0
2024-01-11,16:19:00.000000000,47.3997,380.67,,,,0,0.0,0.0,0.0,0.0,0.0,0.0,0.0,0.0,0.0,0.9984704293288662,0.9984704293288662,0.0
2024-01-11,16:20:00.000000000,47.385,381.0,0.07208733329534078,19.91972601447516,1.4392244441108115,0,0.0,0.0,0.0,0.0,0.0,0.0,0.0,0.0,0.0,0.9984704293288662,0.9984704293288662,0.0
2024-01-11,16:21:00.000000000,47.37,380.69,,,,0,0.0,0.0,0.0,0.0,0.0,0.0,0.0,0.0,0.0,0.9984704293288662,0.9984704293288662,0.0
2024-01-11,16:22:00.000000000,47.3588,380.89,,,,0,0.0,0.0,0.0,0.0,0.0,0.0,0.0,0.0,0.0,0.9984704293288662,0.9984704293288662,0.0
2024-01-11,16:23:00.000000000,47.355,380.87,0.07203257671813164,19.9199525053652,1.4782583474832716,0,0.0,0.0,0.0,0.0,0.0,0.0,0.0,0.0,0.0,0.9984704293288662,0.9984704293288662,0.0
2024-01-11,16:24:00.000000000,47.38,380.9133,,,,0,0.0,0.0,0.0,0.0,0.0,0.0,0.0,0.0,0.0,0.9984704293288662,0.9984704293288662,0.0
2024-01-11,16:25:00.000000000,47.37,380.86,,,,0,0.0,0.0,0.0,0.0,0.0,0.0,0.0,0.0,0.0,0.9984704293288662,0.9984704293288662,0.0
2024-01-11,16:26:00.000000000,47.325,380.725,0.07197385836945681,19.922752772288554,1.520178169216169,0,0.0,0.0,0.0,0.0,0.0,0.0,0.0,0.0,0.0,0.9984704293288662,0.9984704293288662,0.0
2024-01-11,16:27:00.000000000,47.34,381.01,,,,0,0.0,0.0,0.0,0.0,0.0,0.0,0.0,0.0,0.0,0.9984704293288662,0.9984704293288662,0.0
2024-01-11,16:28:00.000000000,47.33,381.03,,,,0,0.0,0.0,0.0,0.0,0.0,0.0,0.0,0.0,0.0,0.9984704293288662,0.9984704293288662,0.0
2024-01-11,16:29:00.000000000,47.335,380.84,0.07191368851454737,19.947390866119783,1.6487872011206335,0,0.0,0.0,0.0,0.0,0.0,0.0,0.0,0.0,0.0,0.9984704293288662,0.9984704293288662,0.0
2024-01-11,16:30:00.000000000,47.33,380.9077,,,,0,0.0,0.0,0.0,0.0,0.0,0.0,0.0,0.0,0.0,0.9984704293288662,0.9984704293288662,0.0
2024-01-11,16:31:00.000000000,47.3475,380.92,,,,0,0.0,0.0,0.0,0.0,0.0,0.0,0.0,0.0,0.0,0.9984704293288662,0.9984704293288662,0.0
2024-01-11,16:32:00.000000000,47.33,380.82,0.0718519103587569,19.967355497178193,1.7480128201776493,0,0.0,0.0,0.0,0.0,0.0,0.0,0.0,0.0,0.0,0.9984704293288662,0.9984704293288662,0.0
2024-01-11,16:33:00.000000000,47.31,380.79,,,,0,0.0,0.0,0.0,0.0,0.0,0.0,0.0,0.0,0.0,0.9984704293288662,0.9984704293288662,0.0
2024-01-11,16:34:00.000000000,47.32,380.7525,,,,0,0.0,0.0,0.0,0.0,0.0,0.0,0.0,0.0,0.0,0.9984704293288662,0.9984704293288662,0.0
2024-01-11,16:35:00.000000000,47.32,380.97,0.07178453070688383,19.972247336598468,1.766326515738498,0,0.0,0.0,0.0,0.0,0.0,0.0,0.0,0.0,0.0,0.9984704293288662,0.9984704293288662,0.0
2024-01-11,16:36:00.000000000,47.31,381.0761,,,,0,0.0,0.0,0.0,0.0,0.0,0.0,0.0,0.0,0.0,0.9984704293288662,0.9984704293288662,0.0
2024-01-11,16:37:00.000000000,47.3347,381.459,,,,0,0.0,0.0,0.0,0.0,0.0,0.0,0.0,0.0,0.0,0.9984704293288662,0.9984704293288662,0.0
2024-01-11,16:38:00.000000000,47.3,381.15,0.07170341748389458,19.970242426013577,1.7508986776173006,0,0.0,0.0,0.0,0.0,0.0,0.0,0.0,0.0,0.0,0.9984704293288662,0.9984704293288662,0.0
2024-01-11,16:39:00.000000000,47.26,380.945,,,,0,0.0,0.0,0.0,0.0,0.0,0.0,0.0,0.0,0.0,0.9984704293288662,0.9984704293288662,0.0
2024-01-11,16:40:00.000000000,47.31,381.1296,,,,0,0.0,0.0,0.0,0.0,0.0,0.0,0.0,0.0,0.0,0.9984704293288662,0.9984704293288662,0.0
2024-01-11,16:41:00.000000000,47.32,381.345,0.07161721331223823,20.00913378944451,1.9103321918841598,0,0.0,0.0,0.0,0.0,0.0,0.0,0.0,0.0,0.0,0.9984704293288662,0.9984704293288662,0.0
2024-01-11,16:42:00.000000000,47.275,381.09,,,,0,0.0,0.0,0.0,0.0,0.0,0.0,0.0,0.0,0.0,0.9984704293288662,0.9984704293288662,0.0
2024-01-11,16:43:00.000000000,47.27,380.9,,,,0,0.0,0.0,0.0,0.0,0.0,0.0,0.0,0.0,0.0,0.9984704293288662,0.9984704293288662,0.0
2024-01-11,16:44:00.000000000,47.25,380.9,0.0715264887161609,20.005560448014318,1.8682599451211233,0,0.0,0.0,0.0,0.0,0.0,0.0,0.0,0.0,0.0,0.9984704293288662,0.9984704293288662,0.0
2024-01-11,16:45:00.000000000,47.22,380.425,,,,0,0.0,0.0,0.0,0.0,0.0,0.0,0.0,0.0,0.0,0.9984704293288662,0.9984704293288662,0.0
2024-01-11,16:46:00.000000000,47.24,381.0839,,,,0,0.0,0.0,0.0,0.0,0.0,0.0,0.0,0.0,0.0,0.9984704293288662,0.9984704293288662,0.0
2024-01-11,16:47:00.000000000,47.285,381.54,0.07142666273356718,20.03287110063477,1.9569170320436167,0,0.0,0.0,0.0,0.0,0.0,0.0,0.0,0.0,0.0,0.9984704293288662,0.9984704293288662,0.0
2024-01-11,16:48:00.000000000,47.295,381.65,,,,0,0.0,0.0,0.0,0.0,0.0,0.0,0.0,0.0,0.0,0.9984704293288662,0.9984704293288662,0.0
2024-01-11,16:49:00.000000000,47.32,382.25,,,,0,0.0,0.0,0.0,0.0,0.0,0.0,0.0,0.0,0.0,0.9984704293288662,0.9984704293288662,0.0
2024-01-11,16:50:00.000000000,47.31,381.9399,0.07132746030978758,20.067196942025763,2.061836182257275,0,0.0,0.0,0.0,0.0,0.0,0.0,0.0,0.0,0.0,0.9984704293288662,0.9984704293288662,0.0
2024-01-11,16:51:00.000000000,47.28,381.58,,,,0,0.0,0.0,0.0,0.0,0.0,0.0,0.0,0.0,0.0,0.9984704293288662,0.9984704293288662,0.0
2024-01-11,16:52:00.000000000,47.27,381.3489,,,,0,0.0,0.0,0.0,0.0,0.0,0.0,0.0,0.0,0.0,0.9984704293288662,0.9984704293288662,0.0
2024-01-11,16:53:00.000000000,47.225,381.01,0.07122958479511977,20.08581589721142,2.0822100022199703,0,0.0,0.0,0.0,0.0,0.0,0.0,0.0,0.0,0.0,0.9984704293288662,0.9984704293288662,0.0
2024-01-11,16:54:00.000000000,47.23,381.03,,,,0,0.0,0.0,0.0,0.0,0.0,0.0,0.0,0.0,0.0,0.9984704293288662,0.9984704293288662,0.0
2024-01-11,16:55:00.000000000,47.24,381.205,,,,0,0.0,0.0,0.0,0.0,0.0,0.0,0.0,0.0,0.0,0.9984704293288662,0.9984704293288662,0.0
2024-01-11,16:56:00.000000000,47.22,381.23,0.07112179406551764,20.10623844840271,2.0998668674974508,0,0.0,0.0,0.0,0.0,0.0,0.0,0.0,0.0,0.0,0.9984704293288662,0.9984704293288662,0.0
2024-01-11,16:57:00.000000000,47.21,381.2899,,,,0,0.0,0.0,0.0,0.0,0.0,0.0,0.0,0.0,0.0,0.9984704293288662,0.9984704293288662,0.0
2024-01-11,16:58:00.000000000,47.21,381.28,,,,0,0.0,0.0,0.0,0.0,0.0,0.0,0.0,0.0,0.0,0.9984704293288662,0.9984704293288662,0.0
2024-01-11,16:59:00.000000000,47.195,380.92,0.07101763344154167,20.142963069447944,2.1672843900653764,0,0.0,0.0,0.0,0.0,0.0,0.0,0.0,0.0,0.0,0.9984704293288662,0.9984704293288662,0.0
2024-01-11,17:00:00.000000000,47.195,381.05,,,,0,0.0,0.0,0.0,0.0,0.0,0.0,0.0,0.0,0.0,0.9984704293288662,0.9984704293288662,0.0
2024-01-11,17:01:00.000000000,47.21,381.35,,,,0,0.0,0.0,0.0,0.0,0.0,0.0,0.0,0.0,0.0,0.9984704293288662,0.9984704293288662,0.0
2024-01-11,17:02:00.000000000,47.215,381.3008,0.07090731840724944,20.177982765461067,2.212923382076719,0,0.0,0.0,0.0,0.0,0.0,0.0,0.0,0.0,0.0,0.9984704293288662,0.9984704293288662,0.0
2024-01-11,17:03:00.000000000,47.235,381.28,,,,0,0.0,0.0,0.0,0.0,0.0,0.0,0.0,0.0,0.0,0.9984704293288662,0.9984704293288662,0.0
2024-01-11,17:04:00.000000000,47.225,381.39,,,,0,0.0,0.0,0.0,0.0,0.0,0.0,0.0,0.0,0.0,0.9984704293288662,0.9984704293288662,0.0
2024-01-11,17:05:00.000000000,47.235,381.64,0.07079433727647769,20.217049121805054,2.2614891092907574,0,0.0,0.0,0.0,0.0,0.0,0.0,0.0,0.0,0.0,0.9984704293288662,0.9984704293288662,0.0
2024-01-11,17:06:00.000000000,47.195,381.26,,,,0,0.0,0.0,0.0,0.0,0.0,0.0,0.0,0.0,0.0,0.9984704293288662,0.9984704293288662,0.0
2024-01-11,17:07:00.000000000,47.2322,381.49,,,,0,0.0,0.0,0.0,0.0,0.0,0.0,0.0,0.0,0.0,0.9984704293288662,0.9984704293288662,0.0
2024-01-11,17:08:00.000000000,47.24,381.53,0.07068519142816138,20.271478914413596,2.3502956026824853,0,0.0,0.0,0.0,0.0,0.0,0.0,0.0,0.0,0.0,0.9984704293288662,0.9984704293288662,0.0
2024-01-11,17:09:00.000000000,47.24,381.6865,,,,0,0.0,0.0,0.0,0.0,0.0,0.0,0.0,0.0,0.0,0.9984704293288662,0.9984704293288662,0.0
2024-01-11,17:10:00.000000000,47.235,381.62,,,,0,0.0,0.0,0.0,0.0,0.0,0.0,0.0,0.0,0.0,0.9984704293288662,0.9984704293288662,0.0
2024-01-11,17:11:00.000000000,47.25,381.73,0.07057123788452269,20.310841362341154,2.37102000448077,0,0.0,0.0,0.0,0.0,0.0,0.0,0.0,0.0,0.0,0.9984704293288662,0.9984704293288662,0.0
2024-01-11,17:12:00.000000000,47.27,381.705,,,,0,0.0,0.0,0.0,0.0,0.0,0.0,0.0,0.0,0.0,0.9984704293288662,0.9984704293288662,0.0
2024-01-11,17:13:00.000000000,47.275,381.63,,,,0,0.0,0.0,0.0,0.0,0.0,0.0,0.0,0.0,0.0,0.9984704293288662,0.9984704293288662,0.0
2024-01-11,17:14:00.000000000,47.28,381.4564,0.07047714878072411,20.396040543840595,2.5264605342080895,0,0.0,0.0,0.0,0.0,0.0,0.0,0.0,0.0,0.0,0.9984704293288662,0.9984704293288662,0.0
2024-01-11,17:15:00.000000000,47.285,381.27,,,,0,0.0,0.0,0.0,0.0,0.0,0.0,0.0,0.0,0.0,0.9984704293288662,0.9984704293288662,0.0
2024-01-11,17:16:00.000000000,47.28,381.32,,,,0,0.0,0.0,0.0,0.0,0.0,0.0,0.0,0.0,0.0,0.9984704293288662,0.9984704293288662,0.0
2024-01-11,17:17:00.000000000,47.26,381.36,0.07037946903274804,20.420085689671204,2.467975474613619,0,0.0,0.0,0.0,0.0,0.0,0.0,0.0,0.0,0.0,0.9984704293288662,0.9984704293288662,0.0
2024-01-11,17:18:00.000000000,47.255,381.21,,,,0,0.0,0.0,0.0,0.0,0.0,0.0,0.0,0.0,0.0,0.9984704293288662,0.9984704293288662,0.0
2024-01-11,17:19:00.000000000,47.245,381.17,,,,0,0.0,0.0,0.0,0.0,0.0,0.0,0.0,0.0,0.0,0.9984704293288662,0.9984704293288662,0.0
2024-01-11,17:20:00.000000000,47.28,381.17,0.07029379335099145,20.48611478840259,2.5340444048249786,0,0.0,0.0,0.0,0.0,0.0,0.0,0.0,0.0,0.0,0.9984704293288662,0.9984704293288662,0.0
2024-01-11,17:21:00.000000000,47.28,381.0399,,,,0,0.0,0.0,0.0,0.0,0.0,0.0,0.0,0.0,0.0,0.9984704293288662,0.9984704293288662,0.0
2024-01-11,17:22:00.000000000,47.24,380.9791,,,,0,0.0,0.0,0.0,0.0,0.0,0.0,0.0,0.0,0.0,0.9984704293288662,0.9984704293288662,0.0
2024-01-11,17:23:00.000000000,47.2594,381.12,0.07020208782187294,20.503980289327785,2.4515515224203908,0,0.0,0.0,0.0,0.0,0.0,0.0,0.0,0.0,0.0,0.9984704293288662,0.9984704293288662,0.0
2024-01-11,17:24:00.000000000,47.265,381.1701,,,,0,0.0,0.0,0.0,0.0,0.0,0.0,0.0,0.0,0.0,0.9984704293288662,0.9984704293288662,0.0
2024-01-11,17:25:00.000000000,47.285,381.075,,,,0,0.0,0.0,0.0,0.0,0.0,0.0,0.0,0.0,0.0,0.9984704293288662,0.9984704293288662,0.0
2024-01-11,17:26:00.000000000,47.29,380.88,0.07012757303765603,20.579809981417572,2.5302981796236677,0,0.0,0.0,0.0,0.0,0.0,0.0,0.0,0.0,0.0,0.9984704293288662,0.9984704293288662,0.0
2024-01-11,17:27:00.000000000,47.28,380.9866,,,,0,0.0,0.0,0.0,0.0,0.0,0.0,0.0,0.0,0.0,0.9984704293288662,0.9984704293288662,0.0
2024-01-11,17:28:00.000000000,47.28,380.92,,,,0,0.0,0.0,0.0,0.0,0.0,0.0,0.0,0.0,0.0,0.9984704293288662,0.9984704293288662,0.0
2024-01-11,17:29:00.000000000,47.24,380.74,0.07004092824391106,20.572616980413304,2.3807374233338465,0,0.0,0.0,0.0,0.0,0.0,0.0,0.0,0.0,0.0,0.9984704293288662,0.9984704293288662,0.0
2024-01-11,17:30:00.000000000,47.3,380.9397,,,,0,0.0,0.0,0.0,0.0,0.0,0.0,0.0,0.0,0.0,0.9984704293288662,0.9984704293288662,0.0
2024-01-11,17:31:00.000000000,47.275,380.88,,,,0,0.0,0.0,0.0,0.0,0.0,0.0,0.0,0.0,0.0,0.9984704293288662,0.9984704293288662,0.0
2024-01-11,17:32:00.000000000,47.275,380.915,0.06995969047943915,20.626304501024435,2.399303131262176,0,0.0,0.0,0.0,0.0,0.0,0.0,0.0,0.0,0.0,0.9984704293288662,0.9984704293288662,0.0
2024-01-11,17:33:00.000000000,47.25,380.9,,,,0,0.0,0.0,0.0,0.0,0.0,0.0,0.0,0.0,0.0,0.9984704293288662,0.9984704293288662,0.0
2024-01-11,17:34:00.000000000,47.255,380.9,,,,0,0.0,0.0,0.0,0.0,0.0,0.0,0.0,0.0,0.0,0.9984704293288662,0.9984704293288662,0.0
2024-01-11,17:35:00.000000000,47.26,381.01,0.06987285157517716,20.63774482134175,2.31087128638863,0,0.0,0.0,0.0,0.0,0.0,0.0,0.0,0.0,0.0,0.9984704293288662,0.9984704293288662,0.0
2024-01-11,17:36:00.000000000,47.24,380.96,,,,0,0.0,0.0,0.0,0.0,0.0,0.0,0.0,0.0,0.0,0.9984704293288662,0.9984704293288662,0.0
2024-01-11,17:37:00.000000000,47.255,380.89,,,,0,0.0,0.0,0.0,0.0,0.0,0.0,0.0,0.0,0.0,0.9984704293288662,0.9984704293288662,0.0
2024-01-11,17:38:00.000000000,47.26,380.8,0.06979322512880341,20.682739870951657,2.3098187691916263,0,0.0,0.0,0.0,0.0,0.0,0.0,0.0,0.0,0.0,0.9984704293288662,0.9984704293288662,0.0
2024-01-11,17:39:00.000000000,47.28,381.036,,,,0,0.0,0.0,0.0,0.0,0.0,0.0,0.0,0.0,0.0,0.9984704293288662,0.9984704293288662,0.0
2024-01-11,17:40:00.000000000,47.3116,381.25,,,,0,0.0,0.0,0.0,0.0,0.0,0.0,0.0,0.0,0.0,0.9984704293288662,0.9984704293288662,0.0
2024-01-11,17:41:00.000000000,47.36,381.4995,0.06972525767139759,20.759849060990653,2.376644875167706,0,0.0,0.0,0.0,0.0,0.0,0.0,0.0,0.0,0.0,0.9984704293288662,0.9984704293288662,0.0
2024-01-11,17:42:00.000000000,47.36,381.65,,,,0,0.0,0.0,0.0,0.0,0.0,0.0,0.0,0.0,0.0,0.9984704293288662,0.9984704293288662,0.0
2024-01-11,17:43:00.000000000,47.38,381.4374,,,,0,0.0,0.0,0.0,0.0,0.0,0.0,0.0,0.0,0.0,0.9984704293288662,0.9984704293288662,0.0
2024-01-11,17:44:00.000000000,47.37,381.6159,0.06965797302980394,20.78740993005564,2.3258656538801072,0,0.0,0.0,0.0,0.0,0.0,0.0,0.0,0.0,0.0,0.9984704293288662,0.9984704293288662,0.0
2024-01-11,17:45:00.000000000,47.39,381.82,,,,0,0.0,0.0,0.0,0.0,0.0,0.0,0.0,0.0,0.0,0.9984704293288662,0.9984704293288662,0.0
2024-01-11,17:46:00.000000000,47.39,381.688,,,,0,0.0,0.0,0.0,0.0,0.0,0.0,0.0,0.0,0.0,0.9984704293288662,0.9984704293288662,0.0
2024-01-11,17:47:00.000000000,47.4,381.81,0.0695964246801039,20.82738909288953,2.305296411234064,0,0.0,0.0,0.0,0.0,0.0,0.0,0.0,0.0,0.0,0.9984704293288662,0.9984704293288662,0.0
2024-01-11,17:48:00.000000000,47.39,382.06,,,,0,0.0,0.0,0.0,0.0,0.0,0.0,0.0,0.0,0.0,0.9984704293288662,0.9984704293288662,0.0
2024-01-11,17:49:00.000000000,47.395,382.015,,,,0,0.0,0.0,0.0,0.0,0.0,0.0,0.0,0.0,0.0,0.9984704293288662,0.9984704293288662,0.0
2024-01-11,17:50:00.000000000,47.415,382.14,0.06953095079250461,20.844442464152287,2.2379425805822373,0,0.0,0.0,0.0,0.0,0.0,0.0,0.0,0.0,0.0,0.9984704293288662,0.9984704293288662,0.0
2024-01-11,17:51:00.000000000,47.46,382.415,,,,0,0.0,0.0,0.0,0.0,0.0,0.0,0.0,0.0,0.0,0.9984704293288662,0.9984704293288662,0.0
2024-01-11,17:52:00.000000000,47.455,382.36,,,,0,0.0,0.0,0.0,0.0,0.0,0.0,0.0,0.0,0.0,0.9984704293288662,0.9984704293288662,0.0
2024-01-11,17:53:00.000000000,47.4552,382.4527,0.0694706135541521,20.885976275557933,2.2274104492883127,0,0.0,0.0,0.0,0.0,0.0,0.0,0.0,0.0,0.0,0.9984704293288662,0.9984704293288662,0.0
2024-01-11,17:54:00.000000000,47.445,382.55,,,,0,0.0,0.0,0.0,0.0,0.0,0.0,0.0,0.0,0.0,0.9984704293288662,0.9984704293288662,0.0
2024-01-11,17:55:00.000000000,47.4683,382.66,,,,0,0.0,0.0,0.0,0.0,0.0,0.0,0.0,0.0,0.0,0.9984704293288662,0.9984704293288662,0.0
2024-01-11,17:56:00.000000000,47.44,382.36,0.06941091448419219,20.900042737824272,2.1604359752244564,0,0.0,0.0,0.0,0.0,0.0,0.0,0.0,0.0,0.0,0.9984704293288662,0.9984704293288662,0.0
2024-01-11,17:57:00.000000000,47.44,382.11,,,,0,0.0,0.0,0.0,0.0,0.0,0.0,0.0,0.0,0.0,0.9984704293288662,0.9984704293288662,0.0
2024-01-11,17:58:00.000000000,47.46,382.25,,,,0,0.0,0.0,0.0,0.0,0.0,0.0,0.0,0.0,0.0,0.9984704293288662,0.9984704293288662,0.0
2024-01-11,17:59:00.000000000,47.455,382.17,0.06936606396350811,20.945371335066103,2.157631675110972,0,0.0,0.0,0.0,0.0,0.0,0.0,0.0,0.0,0.0,0.9984704293288662,0.9984704293288662,0.0
2024-01-11,18:00:00.000000000,47.46,382.145,,,,0,0.0,0.0,0.0,0.0,0.0,0.0,0.0,0.0,0.0,0.9984704293288662,0.9984704293288662,0.0
2024-01-11,18:01:00.000000000,47.48,382.47,,,,0,0.0,0.0,0.0,0.0,0.0,0.0,0.0,0.0,0.0,0.9984704293288662,0.9984704293288662,0.0
2024-01-11,18:02:00.000000000,47.475,382.75,0.06931244486070866,20.945661729563763,2.070677536683037,0,0.0,0.0,0.0,0.0,0.0,0.0,0.0,0.0,0.0,0.9984704293288662,0.9984704293288662,0.0
2024-01-11,18:03:00.000000000,47.485,382.73,,,,0,0.0,0.0,0.0,0.0,0.0,0.0,0.0,0.0,0.0,0.9984704293288662,0.9984704293288662,0.0
2024-01-11,18:04:00.000000000,47.4929,382.99,,,,0,0.0,0.0,0.0,0.0,0.0,0.0,0.0,0.0,0.0,0.9984704293288662,0.9984704293288662,0.0
2024-01-11,18:05:00.000000000,47.54,383.1601,0.06927273525171262,20.997451833680266,2.084695186102107,0,0.0,0.0,0.0,0.0,0.0,0.0,0.0,0.0,0.0,0.9984704293288662,0.9984704293288662,0.0
2024-01-11,18:06:00.000000000,47.553,383.0,,,,0,0.0,0.0,0.0,0.0,0.0,0.0,0.0,0.0,0.0,0.9984704293288662,0.9984704293288662,0.0
2024-01-11,18:07:00.000000000,47.555,382.565,,,,0,0.0,0.0,0.0,0.0,0.0,0.0,0.0,0.0,0.0,0.9984704293288662,0.9984704293288662,0.0
2024-01-11,18:08:00.000000000,47.555,382.5731,0.06925791570207827,21.058784490317237,2.1132736523045983,0,0.0,0.0,0.0,0.0,0.0,0.0,0.0,0.0,0.0,0.9984704293288662,0.9984704293288662,0.0
2024-01-11,18:09:00.000000000,47.5401,382.675,,,,0,0.0,0.0,0.0,0.0,0.0,0.0,0.0,0.0,0.0,0.9984704293288662,0.9984704293288662,0.0
2024-01-11,18:10:00.000000000,47.56,382.84,,,,0,0.0,0.0,0.0,0.0,0.0,0.0,0.0,0.0,0.0,0.9984704293288662,0.9984704293288662,0.0
2024-01-11,18:11:00.000000000,47.58,382.9621,0.06924378727371558,21.062253813704604,2.0369667605654986,0,0.0,0.0,0.0,0.0,0.0,0.0,0.0,0.0,0.0,0.9984704293288662,0.9984704293288662,0.0
2024-01-11,18:12:00.000000000,47.6,383.065,,,,0,0.0,0.0,0.0,0.0,0.0,0.0,0.0,0.0,0.0,0.9984704293288662,0.9984704293288662,0.0
2024-01-11,18:13:00.000000000,47.645,383.07,,,,0,0.0,0.0,0.0,0.0,0.0,0.0,0.0,0.0,0.0,0.9984704293288662,0.9984704293288662,0.0
2024-01-11,18:14:00.000000000,47.63,383.165,0.06924713966818066,21.096919729041556,2.0219470237007884,0,0.0,0.0,0.0,0.0,0.0,0.0,0.0,0.0,0.0,0.9984704293288662,0.9984704293288662,0.0
2024-01-11,18:15:00.000000000,47.66,383.245,,,,0,0.0,0.0,0.0,0.0,0.0,0.0,0.0,0.0,0.0,0.9984704293288662,0.9984704293288662,0.0
2024-01-11,18:16:00.000000000,47.65,383.26,,,,0,0.0,0.0,0.0,0.0,0.0,0.0,0.0,0.0,0.0,0.9984704293288662,0.9984704293288662,0.0
2024-01-11,18:17:00.000000000,47.6642,383.43,0.06925525189070185,21.10965876754819,1.968703424594653,0,0.0,0.0,0.0,0.0,0.0,0.0,0.0,0.0,0.0,0.9984704293288662,0.9984704293288662,0.0
2024-01-11,18:18:00.000000000,47.645,383.225,,,,0,0.0,0.0,0.0,0.0,0.0,0.0,0.0,0.0,0.0,0.9984704293288662,0.9984704293288662,0.0
2024-01-11,18:19:00.000000000,47.634,383.18,,,,0,0.0,0.0,0.0,0.0,0.0,0.0,0.0,0.0,0.0,0.9984704293288662,0.9984704293288662,0.0
2024-01-11,18:20:00.000000000,47.63,383.0626,0.06926299364434281,21.097937570814572,1.8779271266190571,0,0.0,0.0,0.0,0.0,0.0,0.0,0.0,0.0,0.0,0.9984704293288662,0.9984704293288662,0.0
2024-01-11,18:21:00.000000000,47.655,383.37,,,,0,0.0,0.0,0.0,0.0,0.0,0.0,0.0,0.0,0.0,0.9984704293288662,0.9984704293288662,0.0
2024-01-11,18:22:00.000000000,47.6399,383.17,,,,0,0.0,0.0,0.0,0.0,0.0,0.0,0.0,0.0,0.0,0.9984704293288662,0.9984704293288662,0.0
2024-01-11,18:23:00.000000000,47.645,383.2416,0.06927102027135552,21.09746335757328,1.8205192703380524,0,0.0,0.0,0.0,0.0,0.0,0.0,0.0,0.0,0.0,0.9984704293288662,0.9984704293288662,0.0
2024-01-11,18:24:00.000000000,47.65,383.3236,,,,0,0.0,0.0,0.0,0.0,0.0,0.0,0.0,0.0,0.0,0.9984704293288662,0.9984704293288662,0.0
2024-01-11,18:25:00.000000000,47.645,383.25,,,,0,0.0,0.0,0.0,0.0,0.0,0.0,0.0,0.0,0.0,0.9984704293288662,0.9984704293288662,0.0
2024-01-11,18:26:00.000000000,47.66,383.42,0.06927845289866065,21.09725558959553,1.7722444346185924,0,0.0,0.0,0.0,0.0,0.0,0.0,0.0,0.0,0.0,0.9984704293288662,0.9984704293288662,0.0
2024-01-11,18:27:00.000000000,47.65,383.3579,,,,0,0.0,0.0,0.0,0.0,0.0,0.0,0.0,0.0,0.0,0.9984704293288662,0.9984704293288662,0.0
2024-01-11,18:28:00.000000000,47.67,383.58,,,,0,0.0,0.0,0.0,0.0,0.0,0.0,0.0,0.0,0.0,0.9984704293288662,0.9984704293288662,0.0
2024-01-11,18:29:00.000000000,47.67,383.4,0.0692884328411402,21.10481484870685,1.735862516986563,0,0.0,0.0,0.0,0.0,0.0,0.0,0.0,0.0,0.0,0.9984704293288662,0.9984704293288662,0.0
2024-01-11,18:30:00.000000000,47.705,383.55,,,,0,0.0,0.0,0.0,0.0,0.0,0.0,0.0,0.0,0.0,0.9984704293288662,0.9984704293288662,0.0
2024-01-11,18:31:00.000000000,47.715,383.439,,,,0,0.0,0.0,0.0,0.0,0.0,0.0,0.0,0.0,0.0,0.9984704293288662,0.9984704293288662,0.0
2024-01-11,18:32:00.000000000,47.7,383.31,0.0693106872891254,21.132520455205345,1.7287117251161501,0,0.0,0.0,0.0,0.0,0.0,0.0,0.0,0.0,0.0,0.9984704293288662,0.9984704293288662,0.0
2024-01-11,18:33:00.000000000,47.7,383.295,,,,0,0.0,0.0,0.0,0.0,0.0,0.0,0.0,0.0,0.0,0.9984704293288662,0.9984704293288662,0.0
2024-01-11,18:34:00.000000000,47.71,383.31,,,,0,0.0,0.0,0.0,0.0,0.0,0.0,0.0,0.0,0.0,0.9984704293288662,0.9984704293288662,0.0
2024-01-11,18:35:00.000000000,47.745,383.57,0.06934485089784442,21.14639554111381,1.699783127256483,0,0.0,0.0,0.0,0.0,0.0,0.0,0.0,0.0,0.0,0.9984704293288662,0.9984704293288662,0.0
2024-01-11,18:36:00.000000000,47.745,383.66,,,,0,0.0,0.0,0.0,0.0,0.0,0.0,0.0,0.0,0.0,0.9984704293288662,0.9984704293288662,0.0
2024-01-11,18:37:00.000000000,47.73,383.77,,,,0,0.0,0.0,0.0,0.0,0.0,0.0,0.0,0.0,0.0,0.9984704293288662,0.9984704293288662,0.0
2024-01-11,18:38:00.000000000,47.745,383.95,0.06936130328664118,21.113727603094116,1.596702334504552,0,0.0,0.0,0.0,0.0,0.0,0.0,0.0,0.0,0.0,0.9984704293288662,0.9984704293288662,0.0
2024-01-11,18:39:00.000000000,47.71,383.9956,,,,0,0.0,0.0,0.0,0.0,0.0,0.0,0.0,0.0,0.0,0.9984704293288662,0.9984704293288662,0.0
2024-01-11,18:40:00.000000000,47.71,383.92,,,,0,0.0,0.0,0.0,0.0,0.0,0.0,0.0,0.0,0.0,0.9984704293288662,0.9984704293288662,0.0
2024-01-11,18:41:00.000000000,47.7,383.75,0.06936877131804549,21.079734006700047,1.4951151214894869,0,0.0,0.0,0.0,0.0,0.0,0.0,0.0,0.0,0.0,0.9984704293288662,0.9984704293288662,0.0
2024-01-11,18:42:00.000000000,47.72,383.8201,,,,0,0.0,0.0,0.0,0.0,0.0,0.0,0.0,0.0,0.0,0.9984704293288662,0.9984704293288662,0.0
2024-01-11,18:43:00.000000000,47.71,383.81,,,,0,0.0,0.0,0.0,0.0,0.0,0.0,0.0,0.0,0.0,0.9984704293288662,0.9984704293288662,0.0
2024-01-11,18:44:00.000000000,47.715,383.6988,0.0693825926841045,21.092982446220326,1.4753634016299104,0,0.0,0.0,0.0,0.0,0.0,0.0,0.0,0.0,0.0,0.9984704293288662,0.9984704293288662,0.0
2024-01-11,18:45:00.000000000,47.725,383.7792,,,,0,0.0,0.0,0.0,0.0,0.0,0.0,0.0,0.0,0.0,0.9984704293288662,0.9984704293288662,0.0
2024-01-11,18:46:00.000000000,47.7,383.7968,,,,0,0.0,0.0,0.0,0.0,0.0,0.0,0.0,0.0,0.0,0.9984704293288662,0.9984704293288662,0.0
2024-01-11,18:47:00.000000000,47.7,383.7,0.06938976809228595,21.075145982989884,1.4083995860293923,0,0.0,0.0,0.0,0.0,0.0,0.0,0.0,0.0,0.0,0.9984704293288662,0.9984704293288662,0.0
2024-01-11,18:48:00.000000000,47.71,384.01,,,,0,0.0,0.0,0.0,0.0,0.0,0.0,0.0,0.0,0.0,0.9984704293288662,0.9984704293288662,0.0
2024-01-11,18:49:00.000000000,47.7025,383.905,,,,0,0.0,0.0,0.0,0.0,0.0,0.0,0.0,0.0,0.0,0.9984704293288662,0.9984704293288662,0.0
2024-01-11,18:50:00.000000000,47.69,383.8271,0.0693883379345124,21.056875476776113,1.3426506228487056,0,0.0,0.0,0.0,0.0,0.0,0.0,0.0,0.0,0.0,0.9984704293288662,0.9984704293288662,0.0
2024-01-11,18:51:00.000000000,47.69,383.6991,,,,0,0.0,0.0,0.0,0.0,0.0,0.0,0.0,0.0,0.0,0.9984704293288662,0.9984704293288662,0.0
2024-01-11,18:52:00.000000000,47.71,383.89,,,,0,0.0,0.0,0.0,0.0,0.0,0.0,0.0,0.0,0.0,0.9984704293288662,0.9984704293288662,0.0
2024-01-11,18:53:00.000000000,47.75,384.0899,0.06940412622242301,21.09257609964217,1.3678327404168387,0,0.0,0.0,0.0,0.0,0.0,0.0,0.0,0.0,0.0,0.9984704293288662,0.9984704293288662,0.0
2024-01-11,18:54:00.000000000,47.69,384.1,,,,0,0.0,0.0,0.0,0.0,0.0,0.0,0.0,0.0,0.0,0.9984704293288662,0.9984704293288662,0.0
2024-01-11,18:55:00.000000000,47.74,384.325,,,,0,0.0,0.0,0.0,0.0,0.0,0.0,0.0,0.0,0.0,0.9984704293288662,0.9984704293288662,0.0
2024-01-11,18:56:00.000000000,47.76,384.58,0.06941109740018701,21.065880161836077,1.2905325405575985,0,0.0,0.0,0.0,0.0,0.0,0.0,0.0,0.0,0.0,0.9984704293288662,0.9984704293288662,0.0
2024-01-11,18:57:00.000000000,47.755,384.56,,,,0,0.0,0.0,0.0,0.0,0.0,0.0,0.0,0.0,0.0,0.9984704293288662,0.9984704293288662,0.0
2024-01-11,18:58:00.000000000,47.755,384.57,,,,0,0.0,0.0,0.0,0.0,0.0,0.0,0.0,0.0,0.0,0.9984704293288662,0.9984704293288662,0.0
2024-01-11,18:59:00.000000000,47.73,384.65,0.06940226792313998,21.034417643364204,1.2077342659133106,0,0.0,0.0,0.0,0.0,0.0,0.0,0.0,0.0,0.0,0.9984704293288662,0.9984704293288662,0.0
2024-01-11,19:00:00.000000000,47.7584,385.0,,,,0,0.0,0.0,0.0,0.0,0.0,0.0,0.0,0.0,0.0,0.9984704293288662,0.9984704293288662,0.0
2024-01-11,19:01:00.000000000,47.74,384.76,,,,0,0.0,0.0,0.0,0.0,0.0,0.0,0.0,0.0,0.0,0.9984704293288662,0.9984704293288662,0.0
2024-01-11,19:02:00.000000000,47.75,384.875,0.06939616058452656,21.041152695030338,1.1908077278138272,0,0.0,0.0,0.0,0.0,0.0,0.0,0.0,0.0,0.0,0.9984704293288662,0.9984704293288662,0.0
2024-01-11,19:03:00.000000000,47.74,384.74,,,,0,0.0,0.0,0.0,0.0,0.0,0.0,0.0,0.0,0.0,0.9984704293288662,0.9984704293288662,0.0
2024-01-11,19:04:00.000000000,47.73,384.48,,,,0,0.0,0.0,0.0,0.0,0.0,0.0,0.0,0.0,0.0,0.9984704293288662,0.9984704293288662,0.0
2024-01-11,19:05:00.000000000,47.72,384.51,0.06938557623228273,21.040552082924968,1.1625129549763273,0,0.0,0.0,0.0,0.0,0.0,0.0,0.0,0.0,0.0,0.9984704293288662,0.9984704293288662,0.0
2024-01-11,19:06:00.000000000,47.71,384.6,,,,0,0.0,0.0,0.0,0.0,0.0,0.0,0.0,0.0,0.0,0.9984704293288662,0.9984704293288662,0.0
2024-01-11,19:07:00.000000000,47.69,384.43,,,,0,0.0,0.0,0.0,0.0,0.0,0.0,0.0,0.0,0.0,0.9984704293288662,0.9984704293288662,0.0
2024-01-11,19:08:00.000000000,47.655,384.3,0.06935651064874963,21.001292957685518,1.0716475524576778,0,0.0,0.0,0.0,0.0,0.0,0.0,0.0,0.0,0.0,0.9984704293288662,0.9984704293288662,0.0
2024-01-11,19:09:00.000000000,47.6407,384.37,,,,0,0.0,0.0,0.0,0.0,0.0,0.0,0.0,0.0,0.0,0.9984704293288662,0.9984704293288662,0.0
2024-01-11,19:10:00.000000000,47.65,384.3,,,,0,0.0,0.0,0.0,0.0,0.0,0.0,0.0,0.0,0.0,0.9984704293288662,0.9984704293288662,0.0
2024-01-11,19:11:00.000000000,47.69,384.3853,0.06934336889798354,21.035428343137927,1.1063234120215062,0,0.0,0.0,0.0,0.0,0.0,0.0,0.0,0.0,0.0,0.9984704293288662,0.9984704293288662,0.0
2024-01-11,19:12:00.000000000,47.71,384.44,,,,0,0.0,0.0,0.0,0.0,0.0,0.0,0.0,0.0,0.0,0.9984704293288662,0.9984704293288662,0.0
2024-01-11,19:13:00.000000000,47.72,384.5475,,,,0,0.0,0.0,0.0,0.0,0.0,0.0,0.0,0.0,0.0,0.9984704293288662,0.9984704293288662,0.0
2024-01-11,19:14:00.000000000,47.71,384.595,0.06932887495253777,21.046461337628735,1.1015476624789242,0,0.0,0.0,0.0,0.0,0.0,0.0,0.0,0.0,0.0,0.9984704293288662,0.9984704293288662,0.0
2024-01-11,19:15:00.000000000,47.72,384.54,,,,0,0.0,0.0,0.0,0.0,0.0,0.0,0.0,0.0,0.0,0.9984704293288662,0.9984704293288662,0.0
2024-01-11,19:16:00.000000000,47.7055,384.47,,,,0,0.0,0.0,0.0,0.0,0.0,0.0,0.0,0.0,0.0,0.9984704293288662,0.9984704293288662,0.0
2024-01-11,19:17:00.000000000,47.705,384.625,0.06931102076134546,21.0462486396675,1.0766437585548307,0,0.0,0.0,0.0,0.0,0.0,0.0,0.0,0.0,0.0,0.9984704293288662,0.9984704293288662,0.0
2024-01-11,19:18:00.000000000,47.71,384.69,,,,0,0.0,0.0,0.0,0.0,0.0,0.0,0.0,0.0,0.0,0.9984704293288662,0.9984704293288662,0.0
2024-01-11,19:19:00.000000000,47.68,384.5,,,,0,0.0,0.0,0.0,0.0,0.0,0.0,0.0,0.0,0.0,0.9984704293288662,0.9984704293288662,0.0
2024-01-11,19:20:00.000000000,47.68,384.67,0.06928380502358278,21.028598721578412,1.0222819808240078,0,0.0,0.0,0.0,0.0,0.0,0.0,0.0,0.0,0.0,0.9984704293288662,0.9984704293288662,0.0
2024-01-11,19:21:00.000000000,47.67,384.49,,,,0,0.0,0.0,0.0,0.0,0.0,0.0,0.0,0.0,0.0,0.9984704293288662,0.9984704293288662,0.0
2024-01-11,19:22:00.000000000,47.65,384.37,,,,0,0.0,0.0,0.0,0.0,0.0,0.0,0.0,0.0,0.0,0.9984704293288662,0.9984704293288662,0.0
2024-01-11,19:23:00.000000000,47.6401,384.1935,0.06925743306004856,21.031844391644235,1.006254050529332,0,0.0,0.0,0.0,0.0,0.0,0.0,0.0,0.0,0.0,0.9984704293288662,0.9984704293288662,0.0
2024-01-11,19:24:00.000000000,47.655,384.2,,,,0,0.0,0.0,0.0,0.0,0.0,0.0,0.0,0.0,0.0,0.9984704293288662,0.9984704293288662,0.0
2024-01-11,19:25:00.000000000,47.685,384.25,,,,0,0.0,0.0,0.0,0.0,0.0,0.0,0.0,0.0,0.0,0.9984704293288662,0.9984704293288662,0.0
2024-01-11,19:26:00.000000000,47.685,384.315,0.0692476507978685,21.07208908361717,1.0573850434160021,0,0.0,0.0,0.0,0.0,0.0,0.0,0.0,0.0,0.0,0.9984704293288662,0.9984704293288662,0.0
2024-01-11,19:27:00.000000000,47.7,384.44,,,,0,0.0,0.0,0.0,0.0,0.0,0.0,0.0,0.0,0.0,0.9984704293288662,0.9984704293288662,0.0
2024-01-11,19:28:00.000000000,47.715,384.4374,,,,0,0.0,0.0,0.0,0.0,0.0,0.0,0.0,0.0,0.0,0.9984704293288662,0.9984704293288662,0.0
2024-01-11,19:29:00.000000000,47.75,384.66,0.06925465159292322,21.11050571826615,1.1056334445072706,0,0.0,0.0,0.0,0.0,0.0,0.0,0.0,0.0,0.0,0.9984704293288662,0.9984704293288662,0.0
2024-01-11,19:30:00.000000000,47.765,384.82,,,,0,0.0,0.0,0.0,0.0,0.0,0.0,0.0,0.0,0.0,0.9984704293288662,0.9984704293288662,0.0
2024-01-11,19:31:00.000000000,47.765,384.84,,,,0,0.0,0.0,0.0,0.0,0.0,0.0,0.0,0.0,0.0,0.9984704293288662,0.9984704293288662,0.0
2024-01-11,19:32:00.000000000,47.76,384.9402,0.069257450099979,21.100023307024063,1.0627548078811224,0,0.0,0.0,0.0,0.0,0.0,0.0,0.0,0.0,0.0,0.9984704293288662,0.9984704293288662,0.0
2024-01-11,19:33:00.000000000,47.75,384.72,,,,0,0.0,0.0,0.0,0.0,0.0,0.0,0.0,0.0,0.0,0.9984704293288662,0.9984704293288662,0.0
2024-01-11,19:34:00.000000000,47.7301,384.6628,,,,0,0.0,0.0,0.0,0.0,0.0,0.0,0.0,0.0,0.0,0.9984704293288662,0.9984704293288662,0.0
2024-01-11,19:35:00.000000000,47.73,384.72,0.06925065097898908,21.087889555363315,1.0174253918592495,0,0.0,0.0,0.0,0.0,0.0,0.0,0.0,0.0,0.0,0.9984704293288662,0.9984704293288662,0.0
2024-01-11,19:36:00.000000000,47.71,384.64,,,,0,0.0,0.0,0.0,0.0,0.0,0.0,0.0,0.0,0.0,0.9984704293288662,0.9984704293288662,0.0
2024-01-11,19:37:00.000000000,47.69,384.59,,,,0,0.0,0.0,0.0,0.0,0.0,0.0,0.0,0.0,0.0,0.9984704293288662,0.9984704293288662,0.0
2024-01-11,19:38:00.000000000,47.69,384.63,0.06923023810277874,21.06197351852821,0.9449993613223221,0,0.0,0.0,0.0,0.0,0.0,0.0,0.0,0.0,0.0,0.9984704293288662,0.9984704293288662,0.0
2024-01-11,19:39:00.000000000,47.6901,384.76,,,,0,0.0,0.0,0.0,0.0,0.0,0.0,0.0,0.0,0.0,0.9984704293288662,0.9984704293288662,0.0
2024-01-11,19:40:00.000000000,47.72,385.08,,,,0,0.0,0.0,0.0,0.0,0.0,0.0,0.0,0.0,0.0,0.9984704293288662,0.9984704293288662,0.0
2024-01-11,19:41:00.000000000,47.705,385.08,0.0692023905361502,21.05654345233928,0.9125623030380383,0,0.0,0.0,0.0,0.0,0.0,0.0,0.0,0.0,0.0,0.9984704293288662,0.9984704293288662,0.0
2024-01-11,19:42:00.000000000,47.68,384.81,,,,0,0.0,0.0,0.0,0.0,0.0,0.0,0.0,0.0,0.0,0.9984704293288662,0.9984704293288662,0.0
2024-01-11,19:43:00.000000000,47.677,384.91,,,,0,0.0,0.0,0.0,0.0,0.0,0.0,0.0,0.0,0.0,0.9984704293288662,0.9984704293288662,0.0
2024-01-11,19:44:00.000000000,47.645,384.91,0.06915102150043229,21.02808031426861,0.8352476631707625,0,0.0,0.0,0.0,0.0,0.0,0.0,0.0,0.0,0.0,0.9984704293288662,0.9984704293288662,0.0
2024-01-11,19:45:00.000000000,47.68,385.0201,,,,0,0.0,0.0,0.0,0.0,0.0,0.0,0.0,0.0,0.0,0.9984704293288662,0.9984704293288662,0.0
2024-01-11,19:46:00.000000000,47.685,385.16,,,,0,0.0,0.0,0.0,0.0,0.0,0.0,0.0,0.0,0.0,0.9984704293288662,0.9984704293288662,0.0
2024-01-11,19:47:00.000000000,47.65,385.03,0.06909926876877215,21.04470854595966,0.8481874458749064,0,0.0,0.0,0.0,0.0,0.0,0.0,0.0,0.0,0.0,0.9984704293288662,0.9984704293288662,0.0
2024-01-11,19:48:00.000000000,47.65,384.9,,,,0,0.0,0.0,0.0,0.0,0.0,0.0,0.0,0.0,0.0,0.9984704293288662,0.9984704293288662,0.0
2024-01-11,19:49:00.000000000,47.68,385.0932,,,,0,0.0,0.0,0.0,0.0,0.0,0.0,0.0,0.0,0.0,0.9984704293288662,0.9984704293288662,0.0
2024-01-11,19:50:00.000000000,47.6808,385.3,0.06905298086733253,21.074686471816776,0.8883892233222602,0,0.0,0.0,0.0,0.0,0.0,0.0,0.0,0.0,0.0,0.9984704293288662,0.9984704293288662,0.0
2024-01-11,19:51:00.000000000,47.685,385.22,,,,0,0.0,0.0,0.0,0.0,0.0,0.0,0.0,0.0,0.0,0.9984704293288662,0.9984704293288662,0.0
2024-01-11,19:52:00.000000000,47.7,385.3,,,,0,0.0,0.0,0.0,0.0,0.0,0.0,0.0,0.0,0.0,0.9984704293288662,0.9984704293288662,0.0
2024-01-11,19:53:00.000000000,47.7,385.32,0.0690152539397013,21.1070423519543,0.9340844124913459,0,0.0,0.0,0.0,0.0,0.0,0.0,0.0,0.0,0.0,0.9984704293288662,0.9984704293288662,0.0
2024-01-11,19:54:00.000000000,47.7,385.31,,,,0,0.0,0.0,0.0,0.0,0.0,0.0,0.0,0.0,0.0,0.9984704293288662,0.9984704293288662,0.0
2024-01-11,19:55:00.000000000,47.725,385.405,,,,0,0.0,0.0,0.0,0.0,0.0,0.0,0.0,0.0,0.0,0.9984704293288662,0.9984704293288662,0.0
2024-01-11,19:56:00.000000000,47.725,385.42,0.0689847386164695,21.136902042440322,0.975520664895797,0,0.0,0.0,0.0,0.0,0.0,0.0,0.0,0.0,0.0,0.9984704293288662,0.9984704293288662,0.0
2024-01-11,19:57:00.000000000,47.73,385.43,,,,0,0.0,0.0,0.0,0.0,0.0,0.0,0.0,0.0,0.0,0.9984704293288662,0.9984704293288662,0.0
2024-01-11,19:58:00.000000000,47.71,385.25,,,,0,0.0,0.0,0.0,0.0,0.0,0.0,0.0,0.0,0.0,0.9984704293288662,0.9984704293288662,0.0
2024-01-11,19:59:00.000000000,47.7,385.3,0.06894888775213377,21.13399354910286,0.9484707044611385,1,0.0,0.0,0.0,0.0,0.0,0.0,0.0,0.0,0.0,0.9984704293288662,0.9984704293288662,0.0
2024-01-11,20:00:00.000000000,47.71,384.97,,,,0,0.0,0.0,0.0,0.0,0.0,0.0,0.0,0.0,0.0,0.9984704293288662,0.9984704293288662,0.0
2024-01-11,20:01:00.000000000,47.695,384.855,,,,0,0.0,0.0,0.0,0.0,0.0,0.0,0.0,0.0,0.0,0.9984704293288662,0.9984704293288662,0.0
2024-01-11,20:02:00.000000000,47.68,384.86,0.06891958830602457,21.155607244543383,0.97479960932177,0,0.0,0.0,0.0,0.0,0.0,0.0,0.0,0.0,0.0,0.9984704293288662,0.9984704293288662,0.0
2024-01-11,20:03:00.000000000,47.68,384.8943,,,,0,0.0,0.0,0.0,0.0,0.0,0.0,0.0,0.0,0.0,0.9984704293288662,0.9984704293288662,0.0
2024-01-11,20:04:00.000000000,47.68,384.94,,,,0,0.0,0.0,0.0,0.0,0.0,0.0,0.0,0.0,0.0,0.9984704293288662,0.9984704293288662,0.0
2024-01-11,20:05:00.000000000,47.6702,384.855,0.0688855842360104,21.159238478850217,0.9625438784902106,0,0.0,0.0,0.0,0.0,0.0,0.0,0.0,0.0,0.0,0.9984704293288662,0.9984704293288662,0.0
2024-01-11,20:06:00.000000000,47.7,385.02,,,,0,0.0,0.0,0.0,0.0,0.0,0.0,0.0,0.0,0.0,0.9984704293288662,0.9984704293288662,0.0
2024-01-11,20:07:00.000000000,47.695,384.93,,,,0,0.0,0.0,0.0,0.0,0.0,0.0,0.0,0.0,0.0,0.9984704293288662,0.9984704293288662,0.0
2024-01-11,20:08:00.000000000,47.68,384.77,0.0688551191731103,21.186615795762354,1.00429609151747,0,0.0,0.0,0.0,0.0,0.0,0.0,0.0,0.0,0.0,0.9984704293288662,0.9984704293288662,0.0
2024-01-11,20:09:00.000000000,47.685,384.8803,,,,0,0.0,0.0,0.0,0.0,0.0,0.0,0.0,0.0,0.0,0.9984704293288662,0.9984704293288662,0.0
2024-01-11,20:10:00.000000000,47.655,384.4291,,,,0,0.0,0.0,0.0,0.0,0.0,0.0,0.0,0.0,0.0,0.9984704293288662,0.9984704293288662,0.0
2024-01-11,20:11:00.000000000,47.7,384.59,0.06883633013810354,21.226235792186763,1.073998513645633,0,0.0,0.0,0.0,0.0,0.0,0.0,0.0,0.0,0.0,0.9984704293288662,0.9984704293288662,0.0
2024-01-11,20:12:00.000000000,47.7,384.7,,,,0,0.0,0.0,0.0,0.0,0.0,0.0,0.0,0.0,0.0,0.9984704293288662,0.9984704293288662,0.0
2024-01-11,20:13:00.000000000,47.71,384.8,,,,0,0.0,0.0,0.0,0.0,0.0,0.0,0.0,0.0,0.0,0.9984704293288662,0.9984704293288662,0.0
2024-01-11,20:14:00.000000000,47.69,384.8713,0.0688108389347028,21.206682965110314,1.0094625902279193,0,0.0,0.0,0.0,0.0,0.0,0.0,0.0,0.0,0.0,0.9984704293288662,0.9984704293288662,0.0
2024-01-11,20:15:00.000000000,47.655,384.66,,,,0,0.0,0.0,0.0,0.0,0.0,0.0,0.0,0.0,0.0,0.9984704293288662,0.9984704293288662,0.0
2024-01-11,20:16:00.000000000,47.64,384.475,,,,0,0.0,0.0,0.0,0.0,0.0,0.0,0.0,0.0,0.0,0.9984704293288662,0.9984704293288662,0.0
2024-01-11,20:17:00.000000000,47.6709,384.51,0.0687860791599465,21.221964702208975,1.027290842797464,0,0.0,0.0,0.0,0.0,0.0,0.0,0.0,0.0,0.0,0.9984704293288662,0.9984704293288662,0.0
2024-01-11,20:18:00.000000000,47.66,384.242,,,,0,0.0,0.0,0.0,0.0,0.0,0.0,0.0,0.0,0.0,0.9984704293288662,0.9984704293288662,0.0
2024-01-11,20:19:00.000000000,47.685,384.4008,,,,0,0.0,0.0,0.0,0.0,0.0,0.0,0.0,0.0,0.0,0.9984704293288662,0.9984704293288662,0.0
2024-01-11,20:20:00.000000000,47.7,384.44,0.06877242970694382,21.261127123462522,1.1042462412790497,0,0.0,0.0,0.0,0.0,0.0,0.0,0.0,0.0,0.0,0.9984704293288662,0.9984704293288662,0.0
2024-01-11,20:21:00.000000000,47.72,384.54,,,,0,0.0,0.0,0.0,0.0,0.0,0.0,0.0,0.0,0.0,0.9984704293288662,0.9984704293288662,0.0
2024-01-11,20:22:00.000000000,47.74,384.605,,,,0,0.0,0.0,0.0,0.0,0.0,0.0,0.0,0.0,0.0,0.9984704293288662,0.9984704293288662,0.0
2024-01-11,20:23:00.000000000,47.74,384.6366,0.06876737656568575,21.28955008685496,1.1569858331280622,0,0.0,0.0,0.0,0.0,0.0,0.0,0.0,0.0,0.0,0.9984704293288662,0.9984704293288662,0.0
2024-01-11,20:24:00.000000000,47.75,384.57,,,,0,0.0,0.0,0.0,0.0,0.0,0.0,0.0,0.0,0.0,0.9984704293288662,0.9984704293288662,0.0
2024-01-11,20:25:00.000000000,47.785,384.66,,,,0,0.0,0.0,0.0,0.0,0.0,0.0,0.0,0.0,0.0,0.9984704293288662,0.9984704293288662,0.0
2024-01-11,20:26:00.000000000,47.79,384.728,0.06877567098083916,21.330073654883712,1.2418051992179129,0,0.0,0.0,0.0,0.0,0.0,0.0,0.0,0.0,0.0,0.9984704293288662,0.9984704293288662,0.0
2024-01-11,20:27:00.000000000,47.77,384.53,,,,0,0.0,0.0,0.0,0.0,0.0,0.0,0.0,0.0,0.0,0.9984704293288662,0.9984704293288662,0.0
2024-01-11,20:28:00.000000000,47.76,384.47,,,,0,0.0,0.0,0.0,0.0,0.0,0.0,0.0,0.0,0.0,0.9984704293288662,0.9984704293288662,0.0
2024-01-11,20:29:00.000000000,47.763,384.43,0.06877467525090057,21.32395159329629,1.2111167233792715,0,0.0,0.0,0.0,0.0,0.0,0.0,0.0,0.0,0.0,0.9984704293288662,0.9984704293288662,0.0
2024-01-11,20:30:00.000000000,47.78,384.54,,,,0,0.0,0.0,0.0,0.0,0.0,0.0,0.0,0.0,0.0,0.9984704293288662,0.9984704293288662,0.0
2024-01-11,20:31:00.000000000,47.81,384.535,,,,0,0.0,0.0,0.0,0.0,0.0,0.0,0.0,0.0,0.0,0.9984704293288662,0.9984704293288662,0.0
2024-01-11,20:32:00.000000000,47.82,384.6,0.06880211152919014,21.358707905873473,1.2901872510446062,0,0.0,0.0,0.0,0.0,0.0,0.0,0.0,0.0,0.0,0.9984704293288662,0.9984704293288662,0.0
2024-01-11,20:33:00.000000000,47.815,384.53,,,,0,0.0,0.0,0.0,0.0,0.0,0.0,0.0,0.0,0.0,0.9984704293288662,0.9984704293288662,0.0
2024-01-11,20:34:00.000000000,47.8412,384.67,,,,0,0.0,0.0,0.0,0.0,0.0,0.0,0.0,0.0,0.0,0.9984704293288662,0.9984704293288662,0.0
2024-01-11,20:35:00.000000000,47.78,384.32,0.06881498342538349,21.333025569956618,1.2086536627042215,0,0.0,0.0,0.0,0.0,0.0,0.0,0.0,0.0,0.0,0.9984704293288662,0.9984704293288662,0.0
2024-01-11,20:36:00.000000000,47.795,384.34,,,,0,0.0,0.0,0.0,0.0,0.0,0.0,0.0,0.0,0.0,0.9984704293288662,0.9984704293288662,0.0
2024-01-11,20:37:00.000000000,47.78,384.33,,,,0,0.0,0.0,0.0,0.0,0.0,0.0,0.0,0.0,0.0,0.9984704293288662,0.9984704293288662,0.0
2024-01-11,20:38:00.000000000,47.785,384.43,0.06882330186029464,21.327258065846927,1.1841583262571826,0,0.0,0.0,0.0,0.0,0.0,0.0,0.0,0.0,0.0,0.9984704293288662,0.9984704293288662,0.0
2024-01-11,20:39:00.000000000,47.775,384.405,,,,0,0.0,0.0,0.0,0.0,0.0,0.0,0.0,0.0,0.0,0.9984704293288662,0.9984704293288662,0.0
2024-01-11,20:40:00.000000000,47.78,384.515,,,,0,0.0,0.0,0.0,0.0,0.0,0.0,0.0,0.0,0.0,0.9984704293288662,0.9984704293288662,0.0
2024-01-11,20:41:00.000000000,47.775,384.471,0.06882650788037761,21.313203688723338,1.1365725515381417,0,0.0,0.0,0.0,0.0,0.0,0.0,0.0,0.0,0.0,0.9984704293288662,0.9984704293288662,0.0
2024-01-11,20:42:00.000000000,47.7789,384.3829,,,,0,0.0,0.0,0.0,0.0,0.0,0.0,0.0,0.0,0.0,0.9984704293288662,0.9984704293288662,0.0
2024-01-11,20:43:00.000000000,47.775,384.41,,,,0,0.0,0.0,0.0,0.0,0.0,0.0,0.0,0.0,0.0,0.9984704293288662,0.9984704293288662,0.0
2024-01-11,20:44:00.000000000,47.78,384.37,0.06884183967393945,21.319262084527896,1.1488337484749562,0,0.0,0.0,0.0,0.0,0.0,0.0,0.0,0.0,0.0,0.9984704293288662,0.9984704293288662,0.0
2024-01-11,20:45:00.000000000,47.755,384.4,,,,0,0.0,0.0,0.0,0.0,0.0,0.0,0.0,0.0,0.0,0.9984704293288662,0.9984704293288662,0.0
2024-01-11,20:46:00.000000000,47.77,384.371,,,,0,0.0,0.0,0.0,0.0,0.0,0.0,0.0,0.0,0.0,0.9984704293288662,0.9984704293288662,0.0
2024-01-11,20:47:00.000000000,47.7851,384.47,0.06885234048917203,21.313440652128026,1.1273756329146254,0,0.0,0.0,0.0,0.0,0.0,0.0,0.0,0.0,0.0,0.9984704293288662,0.9984704293288662,0.0
2024-01-11,20:48:00.000000000,47.8075,384.55,,,,0,0.0,0.0,0.0,0.0,0.0,0.0,0.0,0.0,0.0,0.9984704293288662,0.9984704293288662,0.0
2024-01-11,20:49:00.000000000,47.81,384.71,,,,0,0.0,0.0,0.0,0.0,0.0,0.0,0.0,0.0,0.0,0.9984704293288662,0.9984704293288662,0.0
2024-01-11,20:50:00.000000000,47.8,384.95,0.06885907650428125,21.29269849967693,1.058743492346664,0,0.0,0.0,0.0,0.0,0.0,0.0,0.0,0.0,0.0,0.9984704293288662,0.9984704293288662,0.0
2024-01-11,20:51:00.000000000,47.78,384.528,,,,0,0.0,0.0,0.0,0.0,0.0,0.0,0.0,0.0,0.0,0.9984704293288662,0.9984704293288662,0.0
2024-01-11,20:52:00.000000000,47.805,384.6381,,,,0,0.0,0.0,0.0,0.0,0.0,0.0,0.0,0.0,0.0,0.9984704293288662,0.9984704293288662,0.0
2024-01-11,20:53:00.000000000,47.8,384.4075,0.06887529239573292,21.32382103838729,1.1661861846424062,0,0.0,0.0,0.0,0.0,0.0,0.0,0.0,0.0,0.0,0.9984704293288662,0.9984704293288662,0.0
2024-01-11,20:54:00.000000000,47.865,384.7685,,,,0,0.0,0.0,0.0,0.0,0.0,0.0,0.0,0.0,0.0,0.9984704293288662,0.9984704293288662,0.0
2024-01-11,20:55:00.000000000,47.83,384.43,,,,0,0.0,0.0,0.0,0.0,0.0,0.0,0.0,0.0,0.0,0.9984704293288662,0.9984704293288662,0.0
2024-01-11,20:56:00.000000000,47.81,384.56,0.06889598807341246,21.315358826488506,1.1399928711634901,0,0.0,0.0,0.0,0.0,0.0,0.0,0.0,0.0,0.0,0.9984704293288662,0.9984704293288662,0.0
2024-01-11,20:57:00.000000000,47.84,384.67,,,,0,0.0,0.0,0.0,0.0,0.0,0.0,0.0,0.0,0.0,0.9984704293288662,0.9984704293288662,0.0
2024-01-11,20:58:00.000000000,47.86,384.71,,,,0,0.0,0.0,0.0,0.0,0.0,0.0,0.0,0.0,0.0,0.9984704293288662,0.9984704293288662,0.0
2024-01-11,20:59:00.000000000,47.83,384.59,0.06891077948808093,21.327603316678957,1.192572451934207,1,0.0,0.0,0.0,0.0,0.0,0.0,0.0,0.0,0.0,0.9984704293288662,0.9984704293288662,0.0
2024-01-12,14:29:00.000000000,47.61,385.42,0.06883758452366692,21.078618172888294,0.18497362334738743,0,0.0,0.0,0.0,0.0,0.0,0.0,0.0,0.0,0.0,0.9984704293288662,0.9984704293288662,0.0
2024-01-12,14:30:00.000000000,47.9062,386.1,,,,0,0.0,0.0,0.0,0.0,0.0,0.0,0.0,0.0,0.0,0.9984704293288662,0.9984704293288662,0.0
2024-01-12,14:31:00.000000000,47.86,385.54,,,,0,0.0,0.0,0.0,0.0,0.0,0.0,0.0,0.0,0.0,0.9984704293288662,0.9984704293288662,0.0
2024-01-12,14:32:00.000000000,47.72,385.526,0.0687961226552838,21.197306017199054,0.6726383328562573,0,0.0,0.0,0.0,0.0,0.0,0.0,0.0,0.0,0.0,0.9984704293288662,0.9984704293288662,0.0
2024-01-12,14:33:00.000000000,47.66,385.52,,,,0,0.0,0.0,0.0,0.0,0.0,0.0,0.0,0.0,0.0,0.9984704293288662,0.9984704293288662,0.0
2024-01-12,14:34:00.000000000,47.675,385.93,,,,0,0.0,0.0,0.0,0.0,0.0,0.0,0.0,0.0,0.0,0.9984704293288662,0.9984704293288662,0.0
2024-01-12,14:35:00.000000000,47.56,386.09,0.06868430031253936,21.041678492331684,-0.057628967510516646,0,0.0,0.0,0.0,0.0,0.0,0.0,0.0,0.0,0.0,0.9984704293288662,0.9984704293288662,0.0
2024-01-12,14:36:00.000000000,47.67,386.44,,,,0,0.0,0.0,0.0,0.0,0.0,0.0,0.0,0.0,0.0,0.9984704293288662,0.9984704293288662,0.0
2024-01-12,14:37:00.000000000,47.785,386.7427,,,,0,0.0,0.0,0.0,0.0,0.0,0.0,0.0,0.0,0.0,0.9984704293288662,0.9984704293288662,0.0
2024-01-12,14:38:00.000000000,47.83,386.9,0.06864541711855704,21.27108811683028,1.0241760905533246,0,0.0,0.0,0.0,0.0,0.0,0.0,0.0,0.0,0.0,0.9984704293288662,0.9984704293288662,0.0
2024-01-12,14:39:00.000000000,47.81,386.46,,,,0,0.0,0.0,0.0,0.0,0.0,0.0,0.0,0.0,0.0,0.9984704293288662,0.9984704293288662,0.0
2024-01-12,14:40:00.000000000,47.815,386.43,,,,0,0.0,0.0,0.0,0.0,0.0,0.0,0.0,0.0,0.0,0.9984704293288662,0.9984704293288662,0.0
2024-01-12,14:41:00.000000000,47.845,386.675,0.06862604389831753,21.309024475618067,1.216835835410779,0,0.0,0.0,0.0,0.0,0.0,0.0,0.0,0.0,0.0,0.9984704293288662,0.9984704293288662,0.0
2024-01-12,14:42:00.000000000,47.885,386.9292,,,,0,0.0,0.0,0.0,0.0,0.0,0.0,0.0,0.0,0.0,0.9984704293288662,0.9984704293288662,0.0
2024-01-12,14:43:00.000000000,47.84,386.6801,,,,0,0.0,0.0,0.0,0.0,0.0,0.0,0.0,0.0,0.0,0.9984704293288662,0.9984704293288662,0.0
2024-01-12,14:44:00.000000000,47.805,386.83,0.06858876763956927,21.27280701398542,1.0319823515177675,0,0.0,0.0,0.0,0.0,0.0,0.0,0.0,0.0,0.0,0.9984704293288662,0.9984704293288662,0.0
2024-01-12,14:45:00.000000000,47.8,386.6,,,,0,0.0,0.0,0.0,0.0,0.0,0.0,0.0,0.0,0.0,0.9984704293288662,0.9984704293288662,0.0
2024-01-12,14:46:00.000000000,47.825,386.03,,,,0,0.0,0.0,0.0,0.0,0.0,0.0,0.0,0.0,0.0,0.9984704293288662,0.9984704293288662,0.0
2024-01-12,14:47:00.000000000,47.885,385.735,0.06861474008942177,21.41789323160689,1.8273215730861736,0,0.0,0.0,0.0,0.0,0.0,0.0,0.0,0.0,0.0,0.9984704293288662,0.9984704293288662,0.0
2024-01-12,14:48:00.000000000,47.875,386.0688,,,,0,0.0,0.0,0.0,0.0,0.0,0.0,0.0,0.0,0.0,0.9984704293288662,0.9984704293288662,0.0
2024-01-12,14:49:00.000000000,47.825,386.097,,,,0,0.0,0.0,0.0,0.0,0.0,0.0,0.0,0.0,0.0,0.9984704293288662,0.9984704293288662,0.0
2024-01-12,14:50:00.000000000,47.82,386.11,0.06860491575750191,21.330955976870936,1.3437603961742728,0,0.0,0.0,0.0,0.0,0.0,0.0,0.0,0.0,0.0,0.9984704293288662,0.9984704293288662,0.0
2024-01-12,14:51:00.000000000,47.85,385.9,,,,0,0.0,0.0,0.0,0.0,0.0,0.0,0.0,0.0,0.0,0.9984704293288662,0.9984704293288662,0.0
2024-01-12,14:52:00.000000000,47.845,385.71,,,,0,0.0,0.0,0.0,0.0,0.0,0.0,0.0,0.0,0.0,0.9984704293288662,0.9984704293288662,0.0
2024-01-12,14:53:00.000000000,47.875,385.62,0.06863146416587546,21.409334788355107,1.8135489867946792,0,0.0,0.0,0.0,0.0,0.0,0.0,0.0,0.0,0.0,0.9984704293288662,0.9984704293288662,0.0
2024-01-12,14:54:00.000000000,47.85,385.4394,,,,0,0.0,0.0,0.0,0.0,0.0,0.0,0.0,0.0,0.0,0.9984704293288662,0.9984704293288662,0.0
2024-01-12,14:55:00.000000000,47.86,385.81,,,,0,0.0,0.0,0.0,0.0,0.0,0.0,0.0,0.0,0.0,0.9984704293288662,0.9984704293288662,0.0
2024-01-12,14:56:00.000000000,47.865,385.82,0.06864448190953663,21.380585989662578,1.6460479830984664,0,0.0,0.0,0.0,0.0,0.0,0.0,0.0,0.0,0.0,0.9984704293288662,0.9984704293288662,0.0
2024-01-12,14:57:00.000000000,47.83,385.53,,,,0,0.0,0.0,0.0,0.0,0.0,0.0,0.0,0.0,0.0,0.9984704293288662,0.9984704293288662,0.0
2024-01-12,14:58:00.000000000,47.82,385.54,,,,0,0.0,0.0,0.0,0.0,0.0,0.0,0.0,0.0,0.0,0.9984704293288662,0.9984704293288662,0.0
2024-01-12,14:59:00.000000000,47.765,385.3,0.06863584162509921,21.319610221849274,1.2569411825133003,0,0.0,0.0,0.0,0.0,0.0,0.0,0.0,0.0,0.0,0.9984704293288662,0.9984704293288662,0.0
2024-01-12,15:00:00.000000000,47.71,384.965,,,,0,0.0,0.0,0.0,0.0,0.0,0.0,0.0,0.0,0.0,0.9984704293288662,0.9984704293288662,0.0
2024-01-12,15:01:00.000000000,47.69,385.0682,,,,0,0.0,0.0,0.0,0.0,0.0,0.0,0.0,0.0,0.0,0.9984704293288662,0.9984704293288662,0.0
2024-01-12,15:02:00.000000000,47.64,384.85,0.06859952824047538,21.239471556653047,0.70216796689605,0,0.0,0.0,0.0,0.0,0.0,0.0,0.0,0.0,0.0,0.9984704293288662,0.9984704293288662,0.0
2024-01-12,15:03:00.000000000,47.73,385.0579,,,,0,0.0,0.0,0.0,0.0,0.0,0.0,0.0,0.0,0.0,0.9984704293288662,0.9984704293288662,0.0
2024-01-12,15:04:00.000000000,47.74,385.03,,,,0,0.0,0.0,0.0,0.0,0.0,0.0,0.0,0.0,0.0,0.9984704293288662,0.9984704293288662,0.0
2024-01-12,15:05:00.000000000,47.785,385.2272,0.06860009285119703,21.35837831119335,1.5266093879148224,0,0.0,0.0,0.0,0.0,0.0,0.0,0.0,0.0,0.0,0.9984704293288662,0.9984704293288662,0.0
2024-01-12,15:06:00.000000000,47.79,385.58,,,,0,0.0,0.0,0.0,0.0,0.0,0.0,0.0,0.0,0.0,0.9984704293288662,0.9984704293288662,0.0
2024-01-12,15:07:00.000000000,47.81,386.125,,,,0,0.0,0.0,0.0,0.0,0.0,0.0,0.0,0.0,0.0,0.9984704293288662,0.9984704293288662,0.0
2024-01-12,15:08:00.000000000,47.81,386.14,0.06858657887252852,21.32597843416184,1.2786426070540458,0,0.0,0.0,0.0,0.0,0.0,0.0,0.0,0.0,0.0,0.9984704293288662,0.9984704293288662,0.0
2024-01-12,15:09:00.000000000,47.795,386.13,,,,0,0.0,0.0,0.0,0.0,0.0,0.0,0.0,0.0,0.0,0.9984704293288662,0.9984704293288662,0.0
2024-01-12,15:10:00.000000000,47.84,386.175,,,,0,0.0,0.0,0.0,0.0,0.0,0.0,0.0,0.0,0.0,0.9984704293288662,0.9984704293288662,0.0
2024-01-12,15:11:00.000000000,47.795,385.895,0.06857326491294073,21.33291993642074,1.3150464362587801,0,0.0,0.0,0.0,0.0,0.0,0.0,0.0,0.0,0.0,0.9984704293288662,0.9984704293288662,0.0
2024-01-12,15:12:00.000000000,47.79,385.82,,,,0,0.0,0.0,0.0,0.0,0.0,0.0,0.0,0.0,0.0,0.9984704293288662,0.9984704293288662,0.0
2024-01-12,15:13:00.000000000,47.76,385.41,,,,0,0.0,0.0,0.0,0.0,0.0,0.0,0.0,0.0,0.0,0.9984704293288662,0.9984704293288662,0.0
2024-01-12,15:14:00.000000000,47.78,385.7,0.0685606055233375,21.33617444964873,1.3189568781442746,0,0.0,0.0,0.0,0.0,0.0,0.0,0.0,0.0,0.0,0.9984704293288662,0.9984704293288662,0.0
2024-01-12,15:15:00.000000000,47.81,385.92,,,,0,0.0,0.0,0.0,0.0,0.0,0.0,0.0,0.0,0.0,0.9984704293288662,0.9984704293288662,0.0
2024-01-12,15:16:00.000000000,47.74,385.54,,,,0,0.0,0.0,0.0,0.0,0.0,0.0,0.0,0.0,0.0,0.9984704293288662,0.9984704293288662,0.0
2024-01-12,15:17:00.000000000,47.671,385.43,0.06851966980108751,21.26146366856684,0.7241670792210043,0,0.0,0.0,0.0,0.0,0.0,0.0,0.0,0.0,0.0,0.9984704293288662,0.9984704293288662,0.0
2024-01-12,15:18:00.000000000,47.655,385.265,,,,0,0.0,0.0,0.0,0.0,0.0,0.0,0.0,0.0,0.0,0.9984704293288662,0.9984704293288662,0.0
2024-01-12,15:19:00.000000000,47.645,385.06,,,,0,0.0,0.0,0.0,0.0,0.0,0.0,0.0,0.0,0.0,0.9984704293288662,0.9984704293288662,0.0
2024-01-12,15:20:00.000000000,47.665,385.29,0.06847922338803211,21.280640020825107,0.8558603843529771,0,0.0,0.0,0.0,0.0,0.0,0.0,0.0,0.0,0.0,0.9984704293288662,0.9984704293288662,0.0
2024-01-12,15:21:00.000000000,47.69,385.125,,,,0,0.0,0.0,0.0,0.0,0.0,0.0,0.0,0.0,0.0,0.9984704293288662,0.9984704293288662,0.0
2024-01-12,15:22:00.000000000,47.64,385.465,,,,0,0.0,0.0,0.0,0.0,0.0,0.0,0.0,0.0,0.0,0.9984704293288662,0.9984704293288662,0.0
2024-01-12,15:23:00.000000000,47.62,385.5,0.06842175184192814,21.243414664936697,0.5366839936584762,0,0.0,0.0,0.0,0.0,0.0,0.0,0.0,0.0,0.0,0.9984704293288662,0.9984704293288662,0.0
2024-01-12,15:24:00.000000000,47.675,385.78,,,,0,0.0,0.0,0.0,0.0,0.0,0.0,0.0,0.0,0.0,0.9984704293288662,0.9984704293288662,0.0
2024-01-12,15:25:00.000000000,47.675,385.8341,,,,0,0.0,0.0,0.0,0.0,0.0,0.0,0.0,0.0,0.0,0.9984704293288662,0.9984704293288662,0.0
2024-01-12,15:26:00.000000000,47.68,385.69,0.06837950397216036,21.30670911297747,1.0320337691901342,0,0.0,0.0,0.0,0.0,0.0,0.0,0.0,0.0,0.0,0.9984704293288662,0.9984704293288662,0.0
2024-01-12,15:27:00.000000000,47.665,385.615,,,,0,0.0,0.0,0.0,0.0,0.0,0.0,0.0,0.0,0.0,0.9984704293288662,0.9984704293288662,0.0
2024-01-12,15:28:00.000000000,47.69,385.9021,,,,0,0.0,0.0,0.0,0.0,0.0,0.0,0.0,0.0,0.0,0.9984704293288662,0.9984704293288662,0.0
2024-01-12,15:29:00.000000000,47.73,385.83,0.06834605657192486,21.36004099285423,1.4318956209192222,0,0.0,0.0,0.0,0.0,0.0,0.0,0.0,0.0,0.0,0.9984704293288662,0.9984704293288662,0.0
2024-01-12,15:30:00.000000000,47.735,386.29,,,,0,0.0,0.0,0.0,0.0,0.0,0.0,0.0,0.0,0.0,0.9984704293288662,0.9984704293288662,0.0
2024-01-12,15:31:00.000000000,47.725,386.4,,,,0,0.0,0.0,0.0,0.0,0.0,0.0,0.0,0.0,0.0,0.9984704293288662,0.9984704293288662,0.0
2024-01-12,15:32:00.000000000,47.715,386.43,0.06828933121967148,21.325953736782353,1.1220820103877722,0,0.0,0.0,0.0,0.0,0.0,0.0,0.0,0.0,0.0,0.9984704293288662,0.9984704293288662,0.0
2024-01-12,15:33:00.000000000,47.67,386.42,,,,0,0.0,0.0,0.0,0.0,0.0,0.0,0.0,0.0,0.0,0.9984704293288662,0.9984704293288662,0.0
2024-01-12,15:34:00.000000000,47.66,386.36,,,,0,0.0,0.0,0.0,0.0,0.0,0.0,0.0,0.0,0.0,0.9984704293288662,0.9984704293288662,0.0
2024-01-12,15:35:00.000000000,47.675,386.66,0.06821283438598678,21.299825456314345,0.8849499570126185,0,0.0,0.0,0.0,0.0,0.0,0.0,0.0,0.0,0.0,0.9984704293288662,0.9984704293288662,0.0
2024-01-12,15:36:00.000000000,47.67,386.4,,,,0,0.0,0.0,0.0,0.0,0.0,0.0,0.0,0.0,0.0,0.9984704293288662,0.9984704293288662,0.0
2024-01-12,15:37:00.000000000,47.635,386.4637,,,,0,0.0,0.0,0.0,0.0,0.0,0.0,0.0,0.0,0.0,0.9984704293288662,0.9984704293288662,0.0
2024-01-12,15:38:00.000000000,47.61,386.38,0.06812869052155078,21.28643655628321,0.755990364030011,0,0.0,0.0,0.0,0.0,0.0,0.0,0.0,0.0,0.0,0.9984704293288662,0.9984704293288662,0.0
2024-01-12,15:39:00.000000000,47.57,386.19,,,,0,0.0,0.0,0.0,0.0,0.0,0.0,0.0,0.0,0.0,0.9984704293288662,0.9984704293288662,0.0
2024-01-12,15:40:00.000000000,47.595,386.18,,,,0,0.0,0.0,0.0,0.0,0.0,0.0,0.0,0.0,0.0,0.9984704293288662,0.9984704293288662,0.0
2024-01-12,15:41:00.000000000,47.645,386.58,0.0680507887311716,21.33792609230369,1.1473522179238405,0,0.0,0.0,0.0,0.0,0.0,0.0,0.0,0.0,0.0,0.9984704293288662,0.9984704293288662,0.0
2024-01-12,15:42:00.000000000,47.595,386.29,,,,0,0.0,0.0,0.0,0.0,0.0,0.0,0.0,0.0,0.0,0.9984704293288662,0.9984704293288662,0.0
2024-01-12,15:43:00.000000000,47.57,386.2,,,,0,0.0,0.0,0.0,0.0,0.0,0.0,0.0,0.0,0.0,0.9984704293288662,0.9984704293288662,0.0
2024-01-12,15:44:00.000000000,47.62,386.693,0.06796052514798949,21.3401406489485,1.1352893411173424,0,0.0,0.0,0.0,0.0,0.0,0.0,0.0,0.0,0.0,0.9984704293288662,0.9984704293288662,0.0
2024-01-12,15:45:00.000000000,47.605,386.59,,,,0,0.0,0.0,0.0,0.0,0.0,0.0,0.0,0.0,0.0,0.9984704293288662,0.9984704293288662,0.0
2024-01-12,15:46:00.000000000,47.605,386.6757,,,,0,0.0,0.0,0.0,0.0,0.0,0.0,0.0,0.0,0.0,0.9984704293288662,0.9984704293288662,0.0
2024-01-12,15:47:00.000000000,47.56,386.54,0.06785541144193777,21.331169261233377,1.0355068632995783,0,0.0,0.0,0.0,0.0,0.0,0.0,0.0,0.0,0.0,0.9984704293288662,0.9984704293288662,0.0
2024-01-12,15:48:00.000000000,47.54,386.56,,,,0,0.0,0.0,0.0,0.0,0.0,0.0,0.0,0.0,0.0,0.9984704293288662,0.9984704293288662,0.0
2024-01-12,15:49:00.000000000,47.49,386.07,,,,0,0.0,0.0,0.0,0.0,0.0,0.0,0.0,0.0,0.0,0.9984704293288662,0.9984704293288662,0.0
2024-01-12,15:50:00.000000000,47.465,386.3001,0.06772679369452629,21.302132823125127,0.7799103016482859,0,0.0,0.0,0.0,0.0,0.0,0.0,0.0,0.0,0.0,0.9984704293288662,0.9984704293288662,0.0
2024-01-12,15:51:00.000000000,47.48,386.22,,,,0,0.0,0.0,0.0,0.0,0.0,0.0,0.0,0.0,0.0,0.9984704293288662,0.9984704293288662,0.0
2024-01-12,15:52:00.000000000,47.49,385.96,,,,0,0.0,0.0,0.0,0.0,0.0,0.0,0.0,0.0,0.0,0.9984704293288662,0.9984704293288662,0.0
2024-01-12,15:53:00.000000000,47.48,385.93,0.06761695993036156,21.384586654075562,1.4065381712138938,0,0.0,0.0,0.0,0.0,0.0,0.0,0.0,0.0,0.0,0.9984704293288662,0.9984704293288662,0.0
2024-01-12,15:54:00.000000000,47.48,386.09,,,,0,0.0,0.0,0.0,0.0,0.0,0.0,0.0,0.0,0.0,0.9984704293288662,0.9984704293288662,0.0
2024-01-12,15:55:00.000000000,47.5,386.465,,,,0,0.0,0.0,0.0,0.0,0.0,0.0,0.0,0.0,0.0,0.9984704293288662,0.9984704293288662,0.0
2024-01-12,15:56:00.000000000,47.495,386.3,0.0674996807747374,21.419873316718938,1.6345550900321844,0,0.0,0.0,0.0,0.0,0.0,0.0,0.0,0.0,0.0,0.9984704293288662,0.9984704293288662,0.0
2024-01-12,15:57:00.000000000,47.4901,386.59,,,,0,0.0,0.0,0.0,0.0,0.0,0.0,0.0,0.0,0.0,0.9984704293288662,0.9984704293288662,0.0
2024-01-12,15:58:00.000000000,47.53,386.83,,,,0,0.0,0.0,0.0,0.0,0.0,0.0,0.0,0.0,0.0,0.9984704293288662,0.9984704293288662,0.0
2024-01-12,15:59:00.000000000,47.55,387.0083,0.06738180434052081,21.472682451242417,1.9705331549476397,0,0.0,0.0,0.0,0.0,0.0,0.0,0.0,0.0,0.0,0.9984704293288662,0.9984704293288662,0.0
2024-01-12,16:00:00.000000000,47.5437,387.05,,,,0,0.0,0.0,0.0,0.0,0.0,0.0,0.0,0.0,0.0,0.9984704293288662,0.9984704293288662,0.0
2024-01-12,16:01:00.000000000,47.53,387.42,,,,0,0.0,0.0,0.0,0.0,0.0,0.0,0.0,0.0,0.0,0.9984704293288662,0.9984704293288662,0.0
2024-01-12,16:02:00.000000000,47.545,387.7843,0.06723841066430727,21.47099998742907,1.8873767303057523,0,0.0,0.0,0.0,0.0,0.0,0.0,0.0,0.0,0.0,0.9984704293288662,0.9984704293288662,0.0
2024-01-12,16:03:00.000000000,47.585,387.66,,,,0,0.0,0.0,0.0,0.0,0.0,0.0,0.0,0.0,0.0,0.9984704293288662,0.9984704293288662,0.0
2024-01-12,16:04:00.000000000,47.57,387.53,,,,0,0.0,0.0,0.0,0.0,0.0,0.0,0.0,0.0,0.0,0.9984704293288662,0.9984704293288662,0.0
2024-01-12,16:05:00.000000000,47.55,387.6399,0.06710857520817566,21.536038617160305,2.271432715638043,0,0.0,0.0,0.0,0.0,0.0,0.0,0.0,0.0,0.0,0.9984704293288662,0.9984704293288662,0.0
2024-01-12,16:06:00.000000000,47.56,387.9555,,,,0,0.0,0.0,0.0,0.0,0.0,0.0,0.0,0.0,0.0,0.9984704293288662,0.9984704293288662,0.0
2024-01-12,16:07:00.000000000,47.54,388.0389,,,,0,0.0,0.0,0.0,0.0,0.0,0.0,0.0,0.0,0.0,0.9984704293288662,0.9984704293288662,0.0
2024-01-12,16:08:00.000000000,47.585,388.31,0.06696928302233554,21.580157709596886,2.465563847014304,0,0.0,0.0,0.0,0.0,0.0,0.0,0.0,0.0,0.0,0.9984704293288662,0.9984704293288662,0.0
2024-01-12,16:09:00.000000000,47.575,388.38,,,,0,0.0,0.0,0.0,0.0,0.0,0.0,0.0,0.0,0.0,0.9984704293288662,0.9984704293288662,0.0
2024-01-12,16:10:00.000000000,47.605,388.2635,,,,0,0.0,0.0,0.0,0.0,0.0,0.0,0.0,0.0,0.0,0.9984704293288662,0.9984704293288662,0.0
2024-01-12,16:11:00.000000000,47.575,388.0,0.06683457439700019,21.64318513396393,2.7449734823994065,0,0.0,0.0,0.0,0.0,0.0,0.0,0.0,0.0,0.0,0.9984704293288662,0.9984704293288662,0.0
2024-01-12,16:12:00.000000000,47.565,387.855,,,,0,0.0,0.0,0.0,0.0,0.0,0.0,0.0,0.0,0.0,0.9984704293288662,0.9984704293288662,0.0
2024-01-12,16:13:00.000000000,47.56,387.67,,,,0,0.0,0.0,0.0,0.0,0.0,0.0,0.0,0.0,0.0,0.9984704293288662,0.9984704293288662,0.0
2024-01-12,16:14:00.000000000,47.565,387.74,0.06670681436962755,21.70009979632061,2.9228672637525093,0,0.0,0.0,0.0,0.0,0.0,0.0,0.0,0.0,0.0,0.9984704293288662,0.9984704293288662,0.0
2024-01-12,16:15:00.000000000,47.555,387.78,,,,0,0.0,0.0,0.0,0.0,0.0,0.0,0.0,0.0,0.0,0.9984704293288662,0.9984704293288662,0.0
2024-01-12,16:16:00.000000000,47.595,387.82,,,,0,0.0,0.0,0.0,0.0,0.0,0.0,0.0,0.0,0.0,0.9984704293288662,0.9984704293288662,0.0
2024-01-12,16:17:00.000000000,47.595,388.1176,0.06657907026179738,21.75449103975983,3.0445654724218576,0,-1.0,0.0,0.0,73.43550896024017,0.0,0.0,0.0,0.0,0.6486812761742311,0.3494646502651032,0.9981459264393343,-0.0003250000000000154
2024-01-12,16:18:00.000000000,47.595,388.14,,,,0,0.0,-1.0,0.06657907026179738,73.43700033141403,0.00002030858361278474,0.0,0.0,0.0,0.6486944499721663,0.3494646502651032,0.9981591002372695,0.000013198268495860093
2024-01-12,16:19:00.000000000,47.595,387.99,,,,0,0.0,-1.0,0.06657907026179738,73.42701347087477,-0.00013599221774035112,0.0,0.0,0.0,0.6486062325752787,0.3494646502651032,0.9980708828403819,-0.0000883800957849405
2024-01-12,16:20:00.000000000,47.595,387.935,0.06645994908370485,21.812859652212957,3.1547112421837387,0,-1.0,-1.0,0.06657907026179738,73.42335162201036,-0.000049870595184328636,0.0,-0.00013599221774041048,0.0,0.6485738861964199,0.3494646502651032,0.9980385364615231,-0.00003240889942285057
2024-01-12,16:21:00.000000000,47.615,387.9899,,,,0,0.0,-1.0,0.06657907026179738,73.44700681296774,-0.0002226105003592944,0.0,-0.00018585603091192393,0.0,0.6484295068390937,0.3494646502651032,0.9978941571041969,-0.0001446631087392958
2024-01-12,16:22:00.000000000,47.585,387.6641,,,,0,0.0,-1.0,0.06657907026179738,73.39531535187645,0.00011312290683088835,0.0,-0.00040842515776717825,0.0,0.6485028590697823,0.3494646502651032,0.9979675093348855,0.00007350702493485655
2024-01-12,16:23:00.000000000,47.62,387.57,0.0663606538130476,21.900601401677143,3.3599298249039404,0,-1.0,-1.0,0.06657907026179738,73.42405026136481,-0.0005622305771669113,0.0,-0.00029534845317724656,0.0,0.6481382509330331,0.3494646502651032,0.9976029011981363,-0.00036535070865404383
2024-01-12,16:24:00.000000000,47.625,387.4712,,,,0,0.0,-1.0,0.06657907026179738,73.42247224922295,-0.0001576869173064443,0.0,-0.0008574129764129523,0.0,0.648036048010255,0.3494646502651032,0.9975006982753583,-0.0001024485019593714
2024-01-12,16:25:00.000000000,47.63,387.63,,,,0,0.0,-1.0,0.06657907026179738,73.43804500558052,0.00007589987352446244,0.0,-0.001014964690910336,0.0,0.6480852338643383,0.3494646502651032,0.9975498841294415,0.00004930909238283313
2024-01-12,16:26:00.000000000,47.65,387.78,0.0662678318650817,21.95266015935862,3.3419327555932408,0,-1.0,-1.0,0.06657907026179738,73.46803186611979,-0.00013634812119477354,0.0,-0.0009391418530776408,0.0,0.6479968686603268,0.3494646502651032,0.99746151892543,-0.00008858224076540249
2024-01-12,16:27:00.000000000,47.605,387.75,,,,0,0.0,-1.0,0.06657907026179738,73.42103449401193,0.0005853243485617473,0.0,-0.0010753619240452261,0.0,0.6483761570053456,0.3494646502651032,0.9978408072704488,0.0003802536116153915
2024-01-12,16:28:00.000000000,47.615,387.98,,,,0,0.0,-1.0,0.06657907026179738,73.44634768017215,0.00007236599425252709,0.0,-0.0004906670110009781,0.0,0.6484230773905969,0.3494646502651032,0.9978877276557001,0.00004702191462753003
2024-01-12,16:29:00.000000000,47.5867,387.86,0.06615525678259809,21.927722104301502,3.0052343302298996,0,-1.0,-1.0,0.06657907026179738,73.41005819174073,0.00027653535145181563,0.0,-0.0004183365243545234,0.0,0.6486023892941926,0.3494646502651032,0.9980670395592958,0.00017969146089902194
2024-01-12,16:30:00.000000000,47.635,387.84,,,,0,0.0,-1.0,0.06657907026179738,73.45702661033549,-0.0006760869372369002,0.0,-0.00014191685774045393,0.0,0.6481638776913301,0.3494646502651032,0.9976285279564333,-0.0004393608700434443
2024-01-12,16:31:00.000000000,47.615,387.6,,,,0,0.0,-1.0,0.06657907026179738,73.42104763347267,0.000054739802612714475,0.0,-0.0008179078468436574,0.0,0.6481993580540556,0.3494646502651032,0.9976640083191588,0.00003556470342540402
2024-01-12,16:32:00.000000000,47.625,387.81,0.06605996520783658,22.006284892748894,3.135394190704139,0,-1.0,-1.0,0.06657907026179738,73.44502923822765,0.00005422974587413973,0.0,-0.0007632128163450602,0.0,0.6482345097405187,0.3494646502651032,0.9976991600056219,0.000035233992777074165
2024-01-12,16:33:00.000000000,47.63,387.88,,,,0,0.0,-1.0,0.06657907026179738,73.45468977314597,-4.622029362606665e-6,0.0,-0.0007090244593079831,0.0,0.6482315135815808,0.3494646502651032,0.997696163846684,-3.0030685179922755e-6
2024-01-12,16:34:00.000000000,47.63,387.78,,,,0,0.0,-1.0,0.06657907026179738,73.44803186611979,-0.00009063964529348546,0.0,-0.0007136432115386615,0.0,0.6481727581071217,0.3494646502651032,0.9976374083722249,-0.000058891150019630144
2024-01-12,16:35:00.000000000,47.615,387.59,0.06597189233995435,22.044954247957097,3.0742117969274982,0,-1.0,-1.0,0.06657907026179738,73.42038184277004,0.00003199509354512343,0.0,-0.0008042181724646769,0.0,0.6481934964551508,0.3494646502651032,0.997658146720254,0.000020787460308758333
2024-01-12,16:36:00.000000000,47.59,387.4,,,,0,0.0,-1.0,0.06657907026179738,73.38273181942031,0.00016820910407008884,0.0,-0.0007722488099551894,0.0,0.6483025285024535,0.3494646502651032,0.9977671787675567,0.00010928798372585141
2024-01-12,16:37:00.000000000,47.51,386.718,,,,0,0.0,-1.0,0.06657907026179738,73.25732489350176,0.00047140619085409024,0.0,-0.0006041696051656276,0.0,0.648608142327936,0.3494646502651032,0.9980727925930392,0.0003062977335653966
2024-01-12,16:38:00.000000000,47.5,386.55,0.06588082319486264,22.033767794025845,2.837571518816972,0,0.0,-1.0,0.06657907026179738,73.23613960969777,-0.00001617973091028669,0.0,-0.00013304822360360458,0.0,0.6485976480227269,0.3494646502651032,0.9980622982878301,-0.000010514568964241143
2024-01-12,16:39:00.000000000,47.51,386.965,,,,0,0.0,-1.0,0.06657907026179738,73.27376992385642,0.00024073243418626958,0.0,-0.00014922580182941125,0.0,0.6487537865133428,0.3494646502651032,0.998218436778446,0.0001564416278260022
2024-01-12,16:40:00.000000000,47.51,386.73,,,,0,0.0,-1.0,0.06657907026179738,73.2581238423449,-0.00021352909134849282,0.0,0.0,0.0,0.6486152587067997,0.3494646502651032,0.9980799089719029,-0.0001387750430558874
2024-01-12,16:41:00.000000000,47.52,386.87,0.06578548660543397,22.069568796955764,2.804247581628751,0,0.0,-1.0,0.06657907026179738,73.27744491218155,-9.267643337656725e-6,0.0,-0.00021352909134852993,0.0,0.6486092475719186,0.3494646502651032,0.9980738978370218,-6.022699011415487e-6
2024-01-12,16:42:00.000000000,47.52,386.6,,,,0,0.0,-1.0,0.06657907026179738,73.25946856321087,-0.0002453189926617648,0.0,-0.00022279475577480223,0.0,0.6484501314046731,0.3494646502651032,0.9979147816697763,-0.00015942323267880153
2024-01-12,16:43:00.000000000,47.54,386.7601,,,,0,0.0,-1.0,0.06657907026179738,73.29012787235979,-0.0001275014825287721,0.0,-0.00046805909265157375,0.0,0.6483674530515731,0.3494646502651032,0.9978321033166763,-0.00008285111576532523
2024-01-12,16:44:00.000000000,47.525,386.88,0.06569372817586287,22.109410443322172,2.783618896806249,0,0.0,-1.0,0.06657907026179738,73.28311070288417,0.0003135869890200502,0.0,-0.0005955008969520392,0.0,0.6485707726489541,0.3494646502651032,0.9980354229140573,0.00020376133089450445
2024-01-12,16:45:00.000000000,47.51,386.7,,,,0,0.0,-1.0,0.06657907026179738,73.25612647023704,0.000041152283574603105,0.0,-0.00028210064926526,0.0,0.6485974628173083,0.3494646502651032,0.9980621130824116,0.00002674270646254775
2024-01-12,16:46:00.000000000,47.53,386.87,,,,0,0.0,-1.0,0.06657907026179738,73.28744491218156,-0.00011850965200874216,0.0,-0.00024095997477657782,0.0,0.6485205977576961,0.3494646502651032,0.9979852480227993,-0.0000770143046256423
2024-01-12,16:47:00.000000000,47.555,386.8701,0.065611328098122,22.171938937546734,2.8282134737788547,0,0.0,-1.0,0.06657907026179738,73.31245157008857,-0.00034103170226389737,0.0,-0.0003594410707026263,0.0,0.6482994316742896,0.3494646502651032,0.9977640819393928,-0.00022161257778576521
2024-01-12,16:48:00.000000000,47.545,386.7946,,,,0,0.0,-1.0,0.06657907026179738,73.29742485028382,0.00006783677381841767,0.0,-0.0007003501921662991,0.0,0.6483434102162028,0.3494646502651032,0.997808060481306,0.000044077094685246905
2024-01-12,16:49:00.000000000,47.53,386.9,,,,0,0.0,-1.0,0.06657907026179738,73.28944228428941,0.00030038482321263744,0.0,-0.0006325609278452493,0.0,0.6485381627368616,0.3494646502651032,0.9980028130019648,0.00019518034416846926
2024-01-12,16:50:00.000000000,47.54,386.9989,0.06552136130413366,22.183305248797705,2.69811133532498,0,0.0,-1.0,0.06657907026179738,73.3060269543383,-0.000046600572260582604,0.0,-0.0003323661163352476,0.0,0.6485079404873453,0.3494646502651032,0.9979725907524485,-0.000030282729790523334
2024-01-12,16:51:00.000000000,47.535,386.885,,,,0,0.0,-1.0,0.06657907026179738,73.29344359823547,-0.00003524070543922743,0.0,-0.0003789512001445283,0.0,0.6484850866100396,0.3494646502651032,0.9979497368751428,-0.000022900305597056647
2024-01-12,16:52:00.000000000,47.5033,386.55,,,,0,0.0,-1.0,0.06657907026179738,73.23943960969778,0.0001281971619971651,0.0,-0.00041417855107617196,0.0,0.6485682205577404,0.3494646502651032,0.9980328708228436,0.00008330474434633418
2024-01-12,16:53:00.000000000,47.475,386.51,0.065425527061093,22.187379535616945,2.5639042988606873,0,0.0,-1.0,0.06657907026179738,73.2084764468873,0.00035004141656670945,0.0,-0.0002860344855938335,0.0,0.6487952462964046,0.3494646502651032,0.9982598965615078,0.00022747320784835705
2024-01-12,16:54:00.000000000,47.51,386.58,,,,0,0.0,-1.0,0.06657907026179738,73.24813698180563,-0.0004144255768480838,0.0,0.0,0.0,0.648526368952202,0.3494646502651032,0.9979910192173052,-0.0002693460341628581
2024-01-12,16:55:00.000000000,47.495,386.5078,,,,0,0.0,-1.0,0.06657907026179738,73.22832997293273,0.00013915700176274674,0.0,-0.00041442557684800985,0.0,0.6486166159372695,0.3494646502651032,0.9980812662023727,0.00009042865449663227
2024-01-12,16:56:00.000000000,47.47,386.36,0.06532916822095255,22.22942256615277,2.55665300825126,0,0.0,-1.0,0.06657907026179738,73.19348958634804,0.00020701842334672484,0.0,-0.0002753262453059069,0.0,0.6487508915264573,0.3494646502651032,0.9982155417915605,0.00013453372359014423
2024-01-12,16:57:00.000000000,47.47,386.4179,,,,0,0.0,-1.0,0.06657907026179738,73.19734451451619,0.00005266763738062234,0.0,-0.00006836481956451479,0.0,0.6487850597031626,0.3494646502651032,0.9982497099682658,0.00003422925738462692
2024-01-12,16:58:00.000000000,47.5,386.575,,,,0,0.0,-1.0,0.06657907026179738,73.23780408645432,-0.00026695542292518547,0.0,-0.000015700782797334334,0.0,0.648611863013162,0.3494646502651032,0.9980765132782652,-0.00017350036596164368
2024-01-12,16:59:00.000000000,47.47,386.42,0.0652336986450401,22.262394169583605,2.5228550970443626,0,0.0,-1.0,0.06657907026179738,73.19748433056374,0.0002687170151386808,0.0,-0.0002826520143134337,0.0,0.6487861560569744,0.3494646502651032,0.9982508063220776,0.00017462894026026694
2024-01-12,17:00:00.000000000,47.465,386.415,,,,0,0.0,-1.0,0.06657907026179738,73.19215143521244,0.00006376045148776972,0.0,-0.000014010952580356673,0.0,0.6488275229552036,0.3494646502651032,0.9982921732203068,0.00004143938373725056
2024-01-12,17:01:00.000000000,47.4,386.2796,,,,0,0.0,-1.0,0.06657907026179738,73.11813662909898,0.0007649070670660137,0.0,0.0,0.0,0.649323815712819,0.3494646502651032,0.9987884659779223,0.0004971417896771393
2024-01-12,17:02:00.000000000,47.41,386.27,0.06512268933764406,22.255058789548226,2.381683188149541,0,0.0,-1.0,0.06657907026179738,73.12749747002447,-0.0001455064306203975,0.0,0.0,0.0,0.6492293349220779,0.3494646502651032,0.9986939851871811,-0.00009459539628207478
2024-01-12,17:03:00.000000000,47.4,386.3243,,,,0,0.0,-1.0,0.06657907026179738,73.12111271353969,0.00018618500545291886,0.0,-0.00014550643062027913,0.0,0.6493502116893406,0.3494646502651032,0.9988148619544438,0.00012103484055732485
2024-01-12,17:04:00.000000000,47.39,386.305,,,,0,0.0,-1.0,0.06657907026179738,73.10982773748364,0.0001191861504910089,0.0,0.0,0.0,0.6494276052413923,0.3494646502651032,0.9988922555064955,0.00007748538292700011
2024-01-12,17:05:00.000000000,47.415,386.44,0.0650153032468952,22.29048621326982,2.3723679835525617,0,0.0,-1.0,0.06657907026179738,73.14381591196897,-0.00021901057641867612,0.0,0.0,0.0,0.6492853737272262,0.3494646502651032,0.9987500239923294,-0.00014238924506830545
2024-01-12,17:06:00.000000000,47.435,386.68,,,,0,0.0,-1.0,0.06657907026179738,73.17979488883182,-0.000054974205092193546,0.0,-0.00021901057641871002,0.0,0.6492496797799275,0.3494646502651032,0.9987143300450307,-0.00003573861971582378
2024-01-12,17:07:00.000000000,47.465,386.4,,,,0,0.0,-1.0,0.06657907026179738,73.1911527491585,-0.0006646935776084276,0.0,-0.00027397274157858753,0.0,0.6488181276875135,0.3494646502651032,0.9982827779526167,-0.00043210764022442733
2024-01-12,17:08:00.000000000,47.466,386.19,0.06493178341886142,22.38999456146991,2.524358189978796,0,0.0,-1.0,0.06657907026179738,73.17817114440354,-0.00020469147147220273,0.0,-0.0009384842112653002,0.0,0.6486853201502393,0.3494646502651032,0.9981499704153425,-0.00013303598960863355
2024-01-12,17:09:00.000000000,47.475,386.42,,,,0,0.0,-1.0,0.06657907026179738,73.20248433056375,0.00008627143943998183,0.0,-0.0011429835830233381,0.0,0.6487412831665523,0.3494646502651032,0.9982059334316555,0.00005606674144343993
2024-01-12,17:10:00.000000000,47.505,386.3874,,,,0,0.0,-1.0,0.06657907026179738,73.23031385287321,-0.00043947248491268775,0.0,-0.001056810750422077,0.0,0.6484561792227737,0.3494646502651032,0.9979208294878769,-0.000285616358538902
2024-01-12,17:11:00.000000000,47.49,386.52,0.06484831460393123,22.424829439288505,2.488515547538105,0,0.0,-1.0,0.06657907026179738,73.22414223758992,0.00032538962982714116,0.0,-0.0014958187960882885,0.0,0.6486671801388901,0.3494646502651032,0.9981318304039933,0.0002114405370461711
2024-01-12,17:12:00.000000000,47.525,386.63,,,,0,0.0,-1.0,0.06657907026179738,73.26646593531872,-0.0003779669030658629,0.0,-0.0011709158901853645,0.0,0.6484220054136925,0.3494646502651032,0.9978866556787958,-0.00024563361044036534
2024-01-12,17:13:00.000000000,47.51,386.38,,,,0,0.0,-1.0,0.06657907026179738,73.23482116775327,-0.000022449118357965855,0.0,-0.0015484402257984753,0.0,0.6484074489113472,0.3494646502651032,0.9978720991764504,-0.000014587330397242957
2024-01-12,17:14:00.000000000,47.52,386.51,0.06477708571923285,22.483008598659314,2.5078548389065625,0,0.0,-1.0,0.06657907026179738,73.2534764468873,-0.000018361768958087634,0.0,-0.0015708545830385168,0.0,0.6483955430035796,0.3494646502651032,0.9978601932686828,-0.000011931296382961381
2024-01-12,17:15:00.000000000,47.525,386.595,,,,0,0.0,-1.0,0.06657907026179738,73.26413566785956,8.999176615703134e-6,0.0,-0.0015891875083275941,0.0,0.6484013780295879,0.3494646502651032,0.9978660282946911,5.847538610741593e-6
2024-01-12,17:16:00.000000000,47.545,386.6626,,,,0,0.0,-1.0,0.06657907026179738,73.28863641300926,-0.00021155309769262082,0.0,-0.001580202633090999,0.0,0.6482642067095176,0.3494646502651032,0.9977288569746208,-0.0001374646657775441
2024-01-12,17:17:00.000000000,47.54,386.7022,0.06471470864138723,22.514679796016544,2.4578631481579114,0,0.0,-1.0,0.06657907026179738,73.28627294419162,0.00010419802518000175,0.0,-0.0017914214340215562,0.0,0.6483317545596515,0.3494646502651032,0.9977964048247547,0.00006770161017371735
2024-01-12,17:18:00.000000000,47.57,386.91,,,,0,0.0,-1.0,0.06657907026179738,73.33010807499203,-0.00022057158251053365,0.0,-0.0016874100714173723,0.0,0.6481887509985564,0.3494646502651032,0.9976534012636596,-0.00014331937898714493
2024-01-12,17:19:00.000000000,47.57,386.93,,,,0,0.0,-1.0,0.06657907026179738,73.33143965639727,0.000018158726888466096,0.0,-0.0019076094592181958,0.0,0.648200521281058,0.3494646502651032,0.9976651715461612,0.000011797967597399659
2024-01-12,17:20:00.000000000,47.595,386.98,0.06465928321633153,22.57315058094402,2.4712478346630955,0,0.0,-1.0,0.06657907026179738,73.35976860991035,-0.00029552190149886913,0.0,-0.0018894853720888838,0.0,0.6480089638304565,0.3494646502651032,0.9974736140955597,-0.0001920057510924608
2024-01-12,17:21:00.000000000,47.605,387.145,,,,0,0.0,-1.0,0.06657907026179738,73.38075415650354,0.00001343442886844749,0.0,-0.0021844488892777125,0.0,0.6480176694607872,0.3494646502651032,0.9974823197258904,8.727679818000461e-6
2024-01-12,17:22:00.000000000,47.605,387.2,,,,0,0.0,-1.0,0.06657907026179738,73.38441600536794,0.00004990203366662594,0.0,-0.002171043807232431,0.0,0.6480500068603452,0.3494646502651032,0.9975146571254484,0.00003241902028587089
2024-01-12,17:23:00.000000000,47.55,387.1,0.06458734426190876,22.548239036215115,2.297990936446291,0,0.0,-1.0,0.06657907026179738,73.32275809834177,0.0006587514843790017,0.0,-0.0021212501130669636,0.0,0.6484769107643162,0.3494646502651032,0.9979415610294194,0.0004279675500721543
2024-01-12,17:24:00.000000000,47.5,386.84,,,,0,0.0,-1.0,0.06657907026179738,73.2554475400737,0.0004458294065818089,0.0,-0.001463896005348797,0.0,0.6487660208406244,0.3494646502651032,0.9982306711057276,0.0002897064192916606
2024-01-12,17:25:00.000000000,47.46,386.51,,,,0,0.0,-1.0,0.06657907026179738,73.1934764468873,0.00024611011766388863,0.0,-0.0010187192466540873,0.0,0.6489256887223498,0.3494646502651032,0.998390338987453,0.0001599508874522231
2024-01-12,17:26:00.000000000,47.46,386.67,0.0645001991142521,22.519708008492138,2.1362468677238318,0,0.0,-1.0,0.06657907026179738,73.20412909812919,0.00014554099298203833,0.0,-0.0007728598461039793,0.0,0.649020134011458,0.3494646502651032,0.9984847842765612,0.00009459755911096342
2024-01-12,17:27:00.000000000,47.44,386.61,,,,0,0.0,-1.0,0.06657907026179738,73.18013435391349,0.00021863870223552337,0.0,-0.0006274313359113659,0.0,0.649162034931283,0.3494646502651032,0.9986266851963862,0.00014211625661159622
2024-01-12,17:28:00.000000000,47.43,386.4813,,,,0,0.0,-1.0,0.06657907026179738,73.1615656275708,0.000019558226695530543,0.0,-0.000408929814448844,0.0,0.6491747313895243,0.3494646502651032,0.9986393816546275,0.000012713918453736947
2024-01-12,17:29:00.000000000,47.47,386.8,0.06441311826755573,22.555005854109442,2.124147841341247,0,0.0,-1.0,0.06657907026179738,73.22278437726322,-0.000256709245441356,0.0,-0.0003893795856952931,0.0,0.6490080822340697,0.3494646502651032,0.9984727324991729,-0.00016687621028773608
2024-01-12,17:30:00.000000000,47.475,386.92,,,,0,0.0,-1.0,0.06657907026179738,73.23577386569464,0.000040827297907816485,0.0,-0.0006459888737970765,0.0,0.6490345794803876,0.3494646502651032,0.9984992297454908,0.000026537776601617066
2024-01-12,17:31:00.000000000,47.505,386.98,,,,0,0.0,-1.0,0.06657907026179738,73.26976860991036,-0.0003550895199384602,0.0,-0.0006051879498696344,0.0,0.6488041141031364,0.3494646502651032,0.9982687643682396,-0.00023081177269398192
2024-01-12,17:32:00.000000000,47.48,386.73,0.06433811698028614,22.598520020213936,2.1272600052351636,0,0.0,-1.0,0.06657907026179738,73.2281238423449,0.0001140338313205306,0.0,-0.0009600625739094593,0.0,0.6488780997220441,0.3494646502651032,0.9983427499871473,0.0000741139275799376
2024-01-12,17:33:00.000000000,47.5,386.885,,,,0,0.0,-1.0,0.06657907026179738,73.25844359823547,-0.00013219298271617506,0.0,-0.0008461382222024749,0.0,0.6487923225906227,0.3494646502651032,0.9982569728557259,-0.00008591952154963081
2024-01-12,17:34:00.000000000,47.4907,386.93,,,,0,0.0,-1.0,0.06657907026179738,73.25213965639726,0.0001678449275993578,0.0,-0.0009782193513833137,0.0,0.6489012190910348,0.3494646502651032,0.998365869356138,0.00010908664138914459
2024-01-12,17:35:00.000000000,47.455,386.76,0.0642569510888079,22.602981596892658,2.050601299933681,0,0.0,-1.0,0.06657907026179738,73.20512121445276,0.00033284431239630403,0.0,-0.0008105386129403369,0.0,0.6491172021711162,0.3494646502651032,0.9985818524362194,0.0002163366023527102
2024-01-12,17:36:00.000000000,47.47,386.695,,,,0,0.0,-1.0,0.06657907026179738,73.21579357488574,-0.0002640203205237088,0.0,-0.00047796408371136856,0.0,0.6489458220393416,0.3494646502651032,0.9984104723044448,-0.00017162351925035783
2024-01-12,17:37:00.000000000,47.445,386.585,,,,0,0.0,-1.0,0.06657907026179738,73.18346987715694,0.00024142744902598952,0.0,-0.0007418582120044537,0.0,0.6491024953737126,0.3494646502651032,0.9985671456388158,0.00015692276745590575
2024-01-12,17:38:00.000000000,47.46,386.63,0.06417584419741085,22.647693357955045,2.0591345244587584,0,0.0,-1.0,0.06657907026179738,73.20146593531872,-0.00016402531689691216,0.0,-0.0005006098679142257,0.0,0.6489960261312103,0.3494646502651032,0.9984606763963135,-0.00010662201632332557
2024-01-12,17:39:00.000000000,47.465,386.83,,,,0,0.0,-1.0,0.06657907026179738,73.21978174937108,0.00011360174207035314,0.0,-0.0006645530721188786,0.0,0.6490697532103756,0.3494646502651032,0.9985344034754788,0.00007384074396540858
2024-01-12,17:40:00.000000000,47.5,386.93,,,,0,0.0,-1.0,0.06657907026179738,73.26143965639726,-0.0003870824563617204,0.0,-0.0005510268244350858,0.0,0.6488185096959528,0.3494646502651032,0.998283159961056,-0.00025161227650081624
2024-01-12,17:41:00.000000000,47.44,386.72,0.0640853145148748,22.656927170807613,1.9962627202786356,0,0.0,-1.0,0.06657907026179738,73.18745805164228,0.0006281393794724045,0.0,-0.0009378959879802196,0.0,0.6492260581520235,0.3494646502651032,0.9986907084171267,0.00040824935490909757
2024-01-12,17:42:00.000000000,47.45,386.824,,,,0,0.0,-1.0,0.06657907026179738,73.20438227494951,-0.00004202600793442173,0.0,-0.00031034573791166586,0.0,0.6491987737725523,0.3494646502651032,0.9986634240376555,-0.0000273201495129932
2024-01-12,17:43:00.000000000,47.44,386.71,,,,0,0.0,-1.0,0.06657907026179738,73.18679226093965,0.00003292133497018325,0.0,-0.0003523587032536746,0.0,0.6492201462628459,0.3494646502651032,0.9986847965279491,0.00002140109448199999
2024-01-12,17:44:00.000000000,47.46,386.86,0.06399580667300733,22.702582230480385,2.006379006734189,0,0.0,-1.0,0.06657907026179738,73.21677912147894,-0.00013681620892784733,0.0,-0.0003194489684025248,0.0,0.6491313224236747,0.3494646502651032,0.9985959726887779,-0.00008894081443915004
2024-01-12,17:45:00.000000000,47.4317,386.82,,,,0,0.0,-1.0,0.06657907026179738,73.18581595866846,0.0003501497538834808,0.0,-0.0004562214715334578,0.0,0.6493586155964595,0.3494646502651032,0.9988232658615627,0.000227612747298393
2024-01-12,17:46:00.000000000,47.445,386.944,,,,0,0.0,-1.0,0.06657907026179738,73.20737176338093,-0.0000689231269947718,0.0,-0.00010623146348576196,0.0,0.6493138597701316,0.3494646502651032,0.9987785100352348,-0.00004480855408318613
2024-01-12,17:47:00.000000000,47.425,386.7473,0.06390144995824844,22.711286762562302,1.9453454249239484,0,0.0,-1.0,0.06657907026179738,73.17427566026043,0.00009430603384890792,0.0,-0.00017514726867584596,0.0,0.6493750939849696,0.3494646502651032,0.9988397442500728,0.00006130910329247788
2024-01-12,17:48:00.000000000,47.435,386.8569,,,,0,0.0,-1.0,0.06657907026179738,73.19157272636113,-0.00003693830755310698,0.0,-0.00008085775227117953,0.0,0.6493511071680307,0.3494646502651032,0.9988157574331339,-0.00002401468010961663
2024-01-12,17:49:00.000000000,47.455,386.9561,,,,0,0.0,-1.0,0.06657907026179738,73.21817737013109,-0.0001830177400355224,0.0,-0.00011779307307580034,0.0,0.6492322643959072,0.3494646502651032,0.9986969146610104,-0.00011898367765933061
2024-01-12,17:50:00.000000000,47.45,386.96,0.06380615985241478,22.75956838350958,1.9604812182079348,0,0.0,-1.0,0.06657907026179738,73.21343702850511,0.000071835417964953,0.0,-0.00030078925488929986,0.0,0.6492789022669764,0.3494646502651032,0.9987435525320796,0.000046698723491108067
2024-01-12,17:51:00.000000000,47.46,386.96,,,,0,0.0,-1.0,0.06657907026179738,73.22343702850512,-0.00013658694914301842,0.0,-0.00022897544424627103,0.0,0.6491902192425728,0.3494646502651032,0.998654869507676,-0.0000887945901415169
2024-01-12,17:52:00.000000000,47.49,387.0,,,,0,0.0,-1.0,0.06657907026179738,73.2561001913156,-0.0003733345264697787,0.0,-0.00036553111833192986,0.0,0.6489478541194831,0.3494646502651032,0.9984125043845863,-0.00024269157492739222
2024-01-12,17:53:00.000000000,47.5,387.33,0.0637126268110542,22.822188257274377,1.9973213947866841,0,0.0,-1.0,0.06657907026179738,73.28807128450198,0.00016341428434122314,0.0,-0.0007387291794147544,0.0,0.6490539014686387,0.3494646502651032,0.9985185517337419,0.00010621596653681095
2024-01-12,17:54:00.000000000,47.5,387.42,,,,0,0.0,-1.0,0.06657907026179738,73.29406340082554,0.00008176114091342087,0.0,-0.0005754356139737737,0.0,0.6491069688561371,0.3494646502651032,0.9985716191212403,0.00005314612072673792
2024-01-12,17:55:00.000000000,47.495,387.44,,,,0,0.0,-1.0,0.06657907026179738,73.29039498223077,0.0000863860060617566,0.0,-0.0004937215213327573,0.0,0.6491630426146834,0.3494646502651032,0.9986276928797866,0.00005615396780019897
2024-01-12,17:56:00.000000000,47.485,387.27,0.06361523482201566,22.848728010478,1.9670257550654457,0,0.0,-1.0,0.06657907026179738,73.26907654028628,-0.000017989286929413087,0.0,-0.0004073781659013065,0.0,0.6491513646344458,0.3494646502651032,0.998616014899549,-0.00001169402803553817
2024-01-12,17:57:00.000000000,47.48,387.3201,,,,0,0.0,-1.0,0.06657907026179738,73.26741215170638,0.00011376711450069232,0.0,-0.00042536012438809667,0.0,0.6492252167120743,0.3494646502651032,0.9986898669771775,0.0000739544294570365
2024-01-12,17:58:00.000000000,47.47,387.24,,,,0,0.0,-1.0,0.06657907026179738,73.25207916817841,0.00006369839380109915,0.0,-0.0003116414018815572,0.0,0.6492665713155941,0.3494646502651032,0.9987312215806973,0.00004140885462761253
2024-01-12,17:59:00.000000000,47.485,387.264,0.06351948571951259,22.886189882318675,1.9568667239371773,0,0.0,-1.0,0.06657907026179738,73.2686770658647,-0.00018295866091317574,0.0,-0.0002479628591371963,0.0,0.6491477823731304,0.3494646502651032,0.9986124326382336,-0.00011893985077950759
2024-01-12,18:00:00.000000000,47.52,387.48,,,,0,0.0,-1.0,0.06657907026179738,73.31805814504125,-0.0002814152192883213,0.0,-0.00043087615309778116,0.0,0.6489651023076033,0.3494646502651032,0.9984297525727065,-0.00018293389863423544
2024-01-12,18:01:00.000000000,47.51,387.48,,,,0,0.0,-1.0,0.06657907026179738,73.30805814504124,0.000136392046557243,0.0,-0.0007121701172790873,0.0,0.6490536159860512,0.3494646502651032,0.9985182662511544,0.00008865288541310781
2024-01-12,18:02:00.000000000,47.5131,387.4787,0.0634308846121356,22.934983290639696,1.9652835421875399,0,0.0,-1.0,0.06657907026179738,73.3110715922499,-0.000043467974353378195,0.0,-0.0005758752050617488,0.0,0.6490254029401175,0.3494646502651032,0.9984900532052207,-0.00002825491219066402
2024-01-12,18:03:00.000000000,47.495,387.39,,,,0,0.0,-1.0,0.06657907026179738,73.28706602871767,0.00016633826518871014,0.0,-0.0006193181472865517,0.0,0.6491333606997058,0.3494646502651032,0.998598010964809,0.00010812101657080342
2024-01-12,18:04:00.000000000,47.485,387.4,,,,0,0.0,-1.0,0.06657907026179738,73.2777318194203,0.0001455344207453757,0.0,-0.0004530828984041779,0.0,0.6492278319473417,0.3494646502651032,0.9986924822124449,0.00009460388124002616
2024-01-12,18:05:00.000000000,47.495,387.32,0.06334011463597405,22.962106799194526,1.9364001391517764,0,0.0,-1.0,0.06657907026179738,73.28240549379936,-0.00020915393040151536,0.0,-0.00030761441681614876,0.0,0.6490920433945638,0.3494646502651032,0.998556693659667,-0.00013596633117436815
2024-01-12,18:06:00.000000000,47.48,387.47,,,,0,0.0,-1.0,0.06657907026179738,73.27739235433863,0.000340966707777984,0.0,-0.0005167040084533836,0.0,0.649313362171645,0.3494646502651032,0.9987780124367482,0.00022163866957826834
2024-01-12,18:07:00.000000000,47.455,387.4,,,,0,0.0,-1.0,0.06657907026179738,73.2477318194203,0.00027756807970616594,0.0,-0.0001759134795399353,0.0,0.6494935908347106,0.3494646502651032,0.9989582410998138,0.00018044916970673215
2024-01-12,18:08:00.000000000,47.47,387.57,0.06323472060042357,22.96211933689384,1.8660463221716417,0,0.0,-1.0,0.06657907026179738,73.2740502613648,-0.00005026173458271565,0.0,0.0,0.0,0.6494609461602349,0.3494646502651032,0.9989255964253381,-0.00003267871782086017
2024-01-12,18:09:00.000000000,47.48,387.75,,,,0,0.0,-1.0,0.06657907026179738,73.29603449401193,0.000027079609221098427,0.0,-0.00005026173458277938,0.0,0.6494785333088612,0.3494646502651032,0.9989431835739644,0.000017606064645109484
2024-01-12,18:10:00.000000000,47.49,387.75,,,,0,0.0,-1.0,0.06657907026179738,73.30603449401194,-0.00013643302900407368,0.0,-0.00002318348642982304,0.0,0.6493899229852887,0.3494646502651032,0.998854573250392,-0.0000887040674880131
2024-01-12,18:11:00.000000000,47.505,387.74,0.06314285971874045,23.02198757265558,1.8952341364034482,0,0.0,-1.0,0.06657907026179738,73.32036870330933,-0.0002137039714499385,0.0,-0.00015961335244063513,0.0,0.6492511457797272,0.3494646502651032,0.9987157960448304,-0.0001389363469698587
2024-01-12,18:12:00.000000000,47.525,387.75,,,,0,0.0,-1.0,0.06657907026179738,73.34103449401194,-0.0002636949273348022,0.0,-0.000373283213883302,0.0,0.6490799415460188,0.3494646502651032,0.998544591811122,-0.00017142437757211245
2024-01-12,18:13:00.000000000,47.52,387.7578,,,,0,0.0,-1.0,0.06657907026179738,73.33655381075998,0.00007525550718112713,0.0,-0.000636879708328153,0.0,0.649128788386221,0.3494646502651032,0.9985934386513242,0.00004891803591228296
2024-01-12,18:14:00.000000000,47.51,387.795,0.06304947472690811,23.059728948278664,1.886195486801238,0,0.0,-1.0,0.06657907026179738,73.32903055217372,0.00017012991155735614,0.0,-0.0005616721298523641,0.0,0.6492392246095785,0.3494646502651032,0.9987038748746817,0.00011059177747717144
2024-01-12,18:15:00.000000000,47.525,387.8913,,,,0,0.0,-1.0,0.06657907026179738,73.35044211663993,-0.00011712190205047782,0.0,-0.00039163777552475576,0.0,0.6491631844767064,0.3494646502651032,0.9986278347418096,-0.00007613881830752208
2024-01-12,18:16:00.000000000,47.52,387.88,,,,0,0.0,-1.0,0.06657907026179738,73.34468977314597,0.00005790907843854912,0.0,-0.0005087138082141562,0.0,0.6492007769184757,0.3494646502651032,0.9986654271835789,0.00003764409568954421
2024-01-12,18:17:00.000000000,47.525,387.87,0.06295765207176983,23.105615490922634,1.8894332191550332,0,0.0,-1.0,0.06657907026179738,73.34902398244336,-0.00007724881951420918,0.0,-0.0004508341889234435,0.0,0.649150626924831,0.3494646502651032,0.9986152771899343,-0.000050217011903618835
2024-01-12,18:18:00.000000000,47.525,387.8301,,,,0,0.0,-1.0,0.06657907026179738,73.3463674775399,-0.00003621731768484229,0.0,-0.0005280481820286731,0.0,0.6491271164303504,0.3494646502651032,0.9985917666954536,-0.00002354309514154503
2024-01-12,18:19:00.000000000,47.51,387.73,,,,0,0.0,-1.0,0.06657907026179738,73.3247029126067,0.00011364482459675157,0.0,-0.0005642463752247862,0.0,0.6492008863676382,0.3494646502651032,0.9986655366327414,0.0000738739690713896
2024-01-12,18:20:00.000000000,47.515,387.58,0.06287460315783598,23.146061308085933,1.883133100125396,0,0.0,-1.0,0.06657907026179738,73.31971605206743,-0.0002043903342797904,0.0,-0.00045066567430829263,0.0,0.6490681959814588,0.3494646502651032,0.998532846246562,-0.00013286769324868966
2024-01-12,18:21:00.000000000,47.52,387.77,,,,0,0.0,-1.0,0.06657907026179738,73.33736607541718,0.00010433787474445821,0.0,-0.0006549638968801341,0.0,0.6491359183775918,0.3494646502651032,0.998600568642695,0.00006782190128999498
2024-01-12,18:22:00.000000000,47.545,388.01,,,,0,0.0,-1.0,0.06657907026179738,73.37834505228,-0.00012300718746687507,0.0,-0.0005506943596766956,0.0,0.6490560699939885,0.3494646502651032,0.9985207202590917,-0.00007996028253002074
2024-01-12,18:23:00.000000000,47.5286,387.81,0.06279059033692821,23.177781161435867,1.8700415098109122,0,0.0,-1.0,0.06657907026179738,73.34862923822763,0.00004203128246412598,0.0,-0.0006736338077791837,0.0,0.6490833506530014,0.3494646502651032,0.9985480009181046,0.000027321074524962832
2024-01-12,18:24:00.000000000,47.54,387.9147,,,,0,0.0,-1.0,0.06657907026179738,73.36700006688405,-0.00006038519587334555,0.0,-0.0006316308390079683,0.0,0.6490441556277341,0.3494646502651032,0.9985088058928373,-0.00003925201916306745
2024-01-12,18:25:00.000000000,47.535,388.02,,,,0,0.0,-1.0,0.06657907026179738,73.36901084298262,0.0001637081533607877,0.0,-0.0006919778937293231,0.0,0.6491504094479015,0.3494646502651032,0.9986150597130047,0.00010641250186308573
2024-01-12,18:26:00.000000000,47.535,387.99,0.06270013769773608,23.207973574655373,1.8521562161168392,0,0.0,-1.0,0.06657907026179738,73.36701347087477,-0.00002722364776221439,0.0,-0.0005283830227917896,0.0,0.64913273720581,0.3494646502651032,0.9985973874709132,-0.00001769675103493932
2024-01-12,18:27:00.000000000,47.54,388.08,,,,0,0.0,-1.0,0.06657907026179738,73.37800558719832,0.000013522648348623143,0.0,-0.0005555922860406293,0.0,0.6491415151995468,0.3494646502651032,0.99860616546465,8.790323154165657e-6
2024-01-12,18:28:00.000000000,47.545,387.9915,,,,0,0.0,-1.0,0.06657907026179738,73.37711333948016,-0.00014844022580073665,0.0,-0.0005420771507711475,0.0,0.6490451564864539,0.3494646502651032,0.9985098067515571,-0.00009649320865953754
2024-01-12,18:29:00.000000000,47.545,387.75,0.06262399682049961,23.262545232851277,1.8751359293616336,0,0.0,-1.0,0.06657907026179738,73.36103449401193,-0.00021912616531850917,0.0,-0.0006904369105172892,0.0,0.6489029337101945,0.3494646502651032,0.9983675839752977,-0.0001424350319824172
2024-01-12,18:30:00.000000000,47.56,387.745,,,,0,0.0,-1.0,0.06657907026179738,73.37570159866063,-0.000209005986039658,0.0,-0.000909411783043157,0.0,0.6487673091126903,0.3494646502651032,0.9982319593777935,-0.00013584635527140056
2024-01-12,18:31:00.000000000,47.56,387.7613,,,,0,0.0,-1.0,0.06657907026179738,73.37678683750589,0.000014790166521374835,0.0,-0.0011182276965764348,0.0,0.6487769044892256,0.3494646502651032,0.9982415547543289,9.612371598794235e-6
2024-01-12,18:32:00.000000000,47.55,387.77,0.06254551848182043,23.296724298304493,1.8606550871805514,0,0.0,-1.0,0.06657907026179738,73.36736607541717,0.00014417690344919781,0.0,-0.0011034540688290573,0.0,0.6488704431343443,0.3494646502651032,0.9983350933994475,0.00009370341744754308
2024-01-12,18:33:00.000000000,47.565,387.835,,,,0,0.0,-1.0,0.06657907026179738,73.38669371498418,-0.0001454646800597125,0.0,-0.0009594362579705695,0.0,0.6487760554029335,0.3494646502651032,0.9982407056680367,-0.00009454514023882816
2024-01-12,18:34:00.000000000,47.585,387.9501,,,,0,0.0,-1.0,0.06657907026179738,73.41435696597132,-0.00016810607466225525,0.0,-0.0011047613739419981,0.0,0.6486669922069248,0.3494646502651032,0.998131642472028,-0.00010925540842946037
2024-01-12,18:35:00.000000000,47.58,387.9395,0.06247679454092761,23.342783564189812,1.8625609232792637,0,0.0,-1.0,0.06657907026179738,73.40865122782654,0.00005849348864031809,0.0,-0.0012726817315062977,0.0,0.6487049350022648,0.3494646502651032,0.998169585267368,0.000038013818744391624
2024-01-12,18:36:00.000000000,47.58,388.02,,,,0,0.0,-1.0,0.06657907026179738,73.41401084298262,0.00007301067471516677,0.0,-0.00121426268646041,0.0,0.6487522973872604,0.3494646502651032,0.9982169476523636,0.00004744923677763613
2024-01-12,18:37:00.000000000,47.595,388.06,,,,0,0.0,-1.0,0.06657907026179738,73.4316740057931,-0.00016804472399569606,0.0,-0.0011413406658833392,0.0,0.6486432779865043,0.3494646502651032,0.9981079282516075,-0.000109214135276327
2024-01-12,18:38:00.000000000,47.59,388.1396,0.06240811742410403,23.366938266255236,1.8344149358454596,0,0.0,-1.0,0.06657907026179738,73.43197369978593,0.00014026227962634334,0.0,-0.0013091935936018206,0.0,0.648734258171339,0.3494646502651032,0.9981989084364422,0.00009115265219267065
2024-01-12,18:39:00.000000000,47.605,388.18,,,,0,0.0,-1.0,0.06657907026179738,73.4496634942245,-0.0001676409463232505,0.0,-0.0011691149444533755,0.0,0.6486255037463868,0.3494646502651032,0.99809015401149,-0.00010895065505784201
2024-01-12,18:40:00.000000000,47.63,388.31,,,,0,0.0,-1.0,0.06657907026179738,73.48331877335855,-0.00022252955409734367,0.0,-0.0013365598992410854,0.0,0.648481165402262,0.3494646502651032,0.9979458156673652,-0.000144614535615587
2024-01-12,18:41:00.000000000,47.605,388.33,0.062341604522607855,23.39588471573569,1.8117229627533196,0,0.0,-1.0,0.06657907026179738,73.45965035476377,0.00035833413412443354,0.0,-0.0015587920292600144,0.0,0.6487135383391625,0.3494646502651032,0.9981781886042657,0.0002328512563030143
2024-01-12,18:42:00.000000000,47.605,388.335,,,,0,0.0,-1.0,0.06657907026179738,73.45998325011507,4.531676229039092e-6,0.0,-0.0012010164635275489,0.0,0.6487164780988836,0.3494646502651032,0.9981811283639868,2.9451251837205107e-6
2024-01-12,18:43:00.000000000,47.605,388.3101,,,,0,0.0,-1.0,0.06657907026179738,73.45832543126556,-0.000022567645351551948,0.0,-0.0011964902299164137,0.0,0.6487018380954721,0.3494646502651032,0.9981664883605753,-0.000014666680220094806
2024-01-12,18:44:00.000000000,47.595,388.26,0.06227022553286427,23.417962234610116,1.782638679568436,0,0.0,-1.0,0.06657907026179738,73.44498981984545,0.00009072339371690693,0.0,-0.0012190308733007749,0.0,0.6487606905277344,0.3494646502651032,0.9982253407928376,0.000058960537093362574
2024-01-12,18:45:00.000000000,47.595,388.16,,,,0,0.0,-1.0,0.06657907026179738,73.43833191281928,-0.00009065161616209239,0.0,-0.0011284180742018313,0.0,0.6487018793226357,0.3494646502651032,0.9981665295877389,-0.000058915760495573695
2024-01-12,18:46:00.000000000,47.585,388.12,,,,0,0.0,-1.0,0.06657907026179738,73.4256687500088,0.00009990473637436727,0.0,-0.0012189673974417614,0.0,0.6487666877128749,0.3494646502651032,0.9982313379779781,0.00006492743276617797
2024-01-12,18:47:00.000000000,47.605,388.2,0.06220627626536988,23.456523553783413,1.7758080373951988,0,0.0,-1.0,0.06657907026179738,73.45099507562973,-0.000199843932358496,0.0,-0.001119184441683907,0.0,0.6486370356268192,0.3494646502651032,0.9981016858919224,-0.00012988180306819217
2024-01-12,18:48:00.000000000,47.595,387.9925,,,,0,0.0,-1.0,0.06657907026179738,73.42717991855042,-0.00005194153020520558,0.0,-0.0013188047118226631,0.0,0.648603344426641,0.3494646502651032,0.9980679946917442,-0.000033755278299171595
2024-01-12,18:49:00.000000000,47.605,388.235,,,,0,0.0,-1.0,0.06657907026179738,73.4533253430889,0.00008369413812848103,0.0,-0.0013706777412929583,0.0,0.6486576287245401,0.3494646502651032,0.9981222789896433,0.00005438937846702084
2024-01-12,18:50:00.000000000,47.585,388.21,0.062133236246306164,23.464256356821487,1.7291162643768123,0,0.0,-1.0,0.06657907026179738,73.43166086633236,0.000249621418197317,0.0,-0.0012870983208566056,0.0,0.6488195475617469,0.3494646502651032,0.9982841978268501,0.0001622234475826299
2024-01-12,18:51:00.000000000,47.585,388.0679,,,,0,0.0,-1.0,0.06657907026179738,73.42219998044816,-0.0001288393286027384,0.0,-0.0010377981899674094,0.0,0.6487359540868547,0.3494646502651032,0.9982006043519579,-0.00008373715127831076
2024-01-12,18:52:00.000000000,47.5967,388.055,,,,0,0.0,-1.0,0.06657907026179738,73.43304111044178,-0.00017105003676976931,0.0,-0.0011665038093481295,0.0,0.6486249877780542,0.3494646502651032,0.9980896380431574,-0.00011116634103073478
2024-01-12,18:53:00.000000000,47.605,388.0528,0.0620749193544448,23.516653734733502,1.7447696734569569,0,0.0,-1.0,0.06657907026179738,73.44119463648721,-0.00011502279936726449,0.0,-0.00133735431559856,0.0,0.6485503811162204,0.3494646502651032,0.9980150313813236,-0.00007474946035915169
2024-01-12,18:54:00.000000000,47.61,388.15,,,,0,0.0,-1.0,0.06657907026179738,73.45266612211665,0.000020036243102042873,0.0,-0.0014522232887286268,0.0,0.6485633756293203,0.3494646502651032,0.9980280258944235,0.000013020358102120947
2024-01-12,18:55:00.000000000,47.6,388.06,,,,0,0.0,-1.0,0.06657907026179738,73.4366740057931,0.000054564168845510966,0.0,-0.0014322161427255953,0.0,0.6485987639508551,0.3494646502651032,0.9980634142159583,0.0000354582442743621
2024-01-12,18:56:00.000000000,47.595,387.99,0.06201221675991963,23.53488001931878,1.7170810868588116,0,0.0,-1.0,0.06657907026179738,73.42701347087477,4.622555232414451e-6,0.0,-0.001377730121563503,0.0,0.6486017621344652,0.3494646502651032,0.9980664123995684,3.004001115904194e-6
2024-01-12,18:57:00.000000000,47.615,388.268,,,,0,0.0,-1.0,0.06657907026179738,73.46552245240754,-0.000020306129811732773,0.0,-0.0013731139349646426,0.0,0.6485885915428872,0.3494646502651032,0.9980532418079904,-0.000013196107407673029
2024-01-12,18:58:00.000000000,47.615,388.2994,,,,0,0.0,-1.0,0.06657907026179738,73.46761303521376,0.000028456651997216745,0.0,-0.0013933921821466244,0.0,0.6486070482027261,0.3494646502651032,0.9980716984678293,0.000018492660577376828
2024-01-12,18:59:00.000000000,47.615,388.3,0.06194790943368806,23.560626766898928,1.6982744555984906,0,0.0,-1.0,0.06657907026179738,73.46765298265592,5.43742208401303e-7,0.0,-0.0013649751814258648,0.0,0.6486074008777548,0.3494646502651032,0.998072051142858,3.533564064363046e-7
2024-01-12,19:00:00.000000000,47.615,388.35,,,,0,0.0,-1.0,0.06657907026179738,73.47098193616901,0.000045311826061414734,0.0,-0.001364432181412134,0.0,0.6486367904634855,0.3494646502651032,0.9981014407285888,0.000029446356800673322
2024-01-12,19:01:00.000000000,47.63,388.23,,,,0,0.0,-1.0,0.06657907026179738,73.4779924477376,-0.00031290569181975197,0.0,-0.0013191821802642778,0.0,0.6484338283198259,0.3494646502651032,0.9978984785849291,-0.00020334821229344308
2024-01-12,19:02:00.000000000,47.625,388.18,0.061891292323881054,23.600038145715853,1.698744058042576,0,0.0,-1.0,0.06657907026179738,73.4696634942245,0.000022742135859210926,0.0,-0.0016316750924711965,0.0,0.6484485750900452,0.3494646502651032,0.9979132253551484,0.00001477782613738307
2024-01-12,19:03:00.000000000,47.625,388.25,,,,0,0.0,-1.0,0.06657907026179738,73.47432402914284,0.00006343482053231851,0.0,-0.0016089700643887594,0.0,0.6484897093090305,0.3494646502651032,0.9979543595741337,0.000041220236329354986
2024-01-12,19:04:00.000000000,47.645,388.35,,,,0,0.0,-1.0,0.06657907026179738,73.50098193616901,-0.000181588509321027,0.0,-0.0015456373085837027,0.0,0.648371951029407,0.3494646502651032,0.9978366012945102,-0.00011799966450741389
2024-01-12,19:05:00.000000000,47.655,388.25,0.06184323923282318,23.644362367856402,1.7053204255348202,0,0.0,-1.0,0.06657907026179738,73.50432402914284,-0.0002266351630600707,0.0,-0.0017269451479299258,0.0,0.6482250071465618,0.3494646502651032,0.997689657411665,-0.0001472624702827733
2024-01-12,19:06:00.000000000,47.655,388.295,,,,0,0.0,-1.0,0.06657907026179738,73.50732008730462,0.00004076029813696954,0.0,-0.0019531889244948086,0.0,0.648251428991113,0.3494646502651032,0.9977160792562162,0.000026483029421891454
2024-01-12,19:07:00.000000000,47.645,388.35,,,,0,0.0,-1.0,0.06657907026179738,73.50098193616901,0.0001858569846944294,0.0,-0.0019125082389207515,0.0,0.6483719110470292,0.3494646502651032,0.9978365613121324,0.00012075785729143623
2024-01-12,19:08:00.000000000,47.635,388.435,0.061788514937369345,23.634178200302937,1.6431659025603405,0,0.0,-1.0,0.06657907026179738,73.49664115714126,0.000213047779223628,0.0,-0.0017270067072406858,0.0,0.6485100452427888,0.3494646502651032,0.997974695507892,0.00013843368855711587
2024-01-12,19:09:00.000000000,47.635,388.45,,,,0,0.0,-1.0,0.06657907026179738,73.49763984319519,0.000013588186319840916,0.0,-0.0015143268629607132,0.0,0.6485188573181139,0.3494646502651032,0.9979835075832171,8.829958680084099e-6
2024-01-12,19:10:00.000000000,47.615,388.33,,,,0,0.0,-1.0,0.06657907026179738,73.46965035476379,0.00016341356803030902,0.0,-0.0015007592535963843,0.0,0.6486248340985232,0.3494646502651032,0.9980894843636264,0.00010619091358132387
2024-01-12,19:11:00.000000000,47.64,388.365,0.06173761252311592,23.663272112460085,1.6358336620853864,0,0.0,-1.0,0.06657907026179738,73.49698062222294,-0.00030855914559783205,0.0,-0.0013375909299903066,0.0,0.6484246949739003,0.3494646502651032,0.9978893452390035,-0.00020052222547011224
2024-01-12,19:12:00.000000000,47.655,388.42,,,,0,0.0,-1.0,0.06657907026179738,73.51564247108735,-0.00015426689694749261,0.0,-0.0016457373496735483,0.0,0.6483246645083025,0.3494646502651032,0.9977893147734057,-0.0001002420419408858
2024-01-12,19:13:00.000000000,47.65,388.48,,,,0,0.0,-1.0,0.06657907026179738,73.51463721530305,0.0001223514331558765,0.0,-0.0017997503638269574,0.0,0.6484039879601554,0.3494646502651032,0.9978686382252586,0.00007949919955889939
2024-01-12,19:14:00.000000000,47.645,388.535,0.06168841944391535,23.67688995135835,1.6095989660403744,0,0.0,-1.0,0.06657907026179738,73.51329906416746,0.00011782481955292927,0.0,-0.0016776191327074752,0.0,0.6484803860430343,0.3494646502651032,0.9979450363081375,0.00007656126262743803
2024-01-12,19:15:00.000000000,47.61,388.575,,,,0,0.0,-1.0,0.06657907026179738,73.48096222697791,0.0005123312827737422,0.0,-0.001559991978326014,0.0,0.6488126228310693,0.3494646502651032,0.9982772730961725,0.00033292092845530423
2024-01-12,19:16:00.000000000,47.615,388.6315,,,,0,0.0,-1.0,0.06657907026179738,73.48972394444772,-0.000016851746257551314,0.0,-0.0010484599282436502,0.0,0.6488016892053807,0.3494646502651032,0.9982663394704839,-0.000010952493844412563
2024-01-12,19:17:00.000000000,47.595,388.5,0.06162637382147432,23.65315377035723,1.5393832116224504,0,0.0,-1.0,0.06657907026179738,73.46096879670827,0.00015301257995029057,0.0,-0.001065294006120432,0.0,0.6489009640257222,0.3494646502651032,0.9983656142908254,0.0000994472280755283
2024-01-12,19:18:00.000000000,47.595,388.42,,,,0,0.0,-1.0,0.06657907026179738,73.45564247108734,-0.00007250551834786853,0.0,-0.0009124444295544043,0.0,0.648853915124969,0.3494646502651032,0.9983185653900722,-0.00004712592268770518
2024-01-12,19:19:00.000000000,47.585,388.48,,,,0,0.0,-1.0,0.06657907026179738,73.44963721530306,0.00019051966254622903,0.0,-0.000984883790645985,0.0,0.6489775345539205,0.3494646502651032,0.9984421848190237,0.00012382763702601028
2024-01-12,19:20:00.000000000,47.59,388.3994,0.061560519440819444,23.679931185497395,1.5349113485194572,0,0.0,-1.0,0.06657907026179738,73.44927094223995,-0.00014113443518746192,0.0,-0.0007945517678271674,0.0,0.6488859414761319,0.3494646502651032,0.9983505917412351,-0.00009173598549946269
2024-01-12,19:21:00.000000000,47.585,388.3301,,,,0,0.0,-1.0,0.06657907026179738,73.4396570126708,5.256286766462718e-6,0.0,-0.0009355740643995913,0.0,0.6488893522067191,0.3494646502651032,0.9983540024718223,3.4163655687674157e-6
2024-01-12,19:22:00.000000000,47.56,388.04,,,,0,0.0,-1.0,0.06657907026179738,73.39534242438786,0.00007741609844490604,0.0,-0.0009303226952785959,0.0,0.6489395866886893,0.3494646502651032,0.9984042369537925,0.00005031730412849943
2024-01-12,19:23:00.000000000,47.575,388.1879,0.06149959479429097,23.70160144595326,1.5236679254906023,0,0.0,-1.0,0.06657907026179738,73.42018946887958,-0.00007020820856025815,0.0,-0.0008529786187870814,0.0,0.648894025802844,0.3494646502651032,0.9983586760679473,-0.00004563370642766481
2024-01-12,19:24:00.000000000,47.5725,388.13,,,,0,0.0,-1.0,0.06657907026179738,73.4138345407114,-0.000018454435734317548,0.0,-0.0009231269412466325,0.0,0.6488820508297465,0.3494646502651032,0.9983467010948497,-0.000011994660220449336
2024-01-12,19:25:00.000000000,47.55,388.13,,,,0,0.0,-1.0,0.06657907026179738,73.39133454071141,0.0003064817434038751,0.0,-0.0009415643411941899,0.0,0.6490809213319483,0.3494646502651032,0.9985455715970515,0.000199199839077651
2024-01-12,19:26:00.000000000,47.56,388.1629,0.06144172570829141,23.71060156806506,1.4984832526610445,0,0.0,-1.0,0.06657907026179738,73.40352499212304,-0.00010640968225013786,0.0,-0.000635371170071064,0.0,0.6490118528373547,0.3494646502651032,0.998476503102458,-0.0000691690960915
2024-01-12,19:27:00.000000000,47.565,388.14,,,,0,0.0,-1.0,0.06657907026179738,73.40700033141403,-0.00008888756649889152,0.0,-0.0007417132426768003,0.0,0.6489541637531271,0.3494646502651032,0.9984188140182303,-0.00005777710747163428
2024-01-12,19:28:00.000000000,47.56,388.225,,,,0,0.0,-1.0,0.06657907026179738,73.40765955238629,0.0001452071454238289,0.0,-0.0008305348800905499,0.0,0.6490483965347565,0.3494646502651032,0.9985130467998597,0.000094382017151907
2024-01-12,19:29:00.000000000,47.56,388.27,0.0613836360748577,23.726575621215005,1.4846801791212618,0,0.0,-1.0,0.06657907026179738,73.41065561054808,0.000040813972003004374,0.0,-0.0006854483342658702,0.0,0.6490748867778413,0.3494646502651032,0.9985395370429445,0.00002652969149443104
2024-01-12,19:30:00.000000000,47.555,388.21,,,,0,0.0,-1.0,0.06657907026179738,73.40166086633236,0.000013693594968407687,0.0,-0.0006446623381319849,0.0,0.649083774946445,0.3494646502651032,0.9985484252115482,8.901168430438421e-6
2024-01-12,19:31:00.000000000,47.545,387.99,,,,0,0.0,-1.0,0.06657907026179738,73.37701347087477,-0.00006331458175120805,0.0,-0.0006309775709085752,0.0,0.6490426784787128,0.3494646502651032,0.998507328743816,-0.00004115620904764636
2024-01-12,19:32:00.000000000,47.555,388.14,0.061324395398657805,23.75254916996496,1.4856076551043862,0,0.0,-1.0,0.06657907026179738,73.39700033141403,-1.790678048695926e-7,0.0,-0.0006942522025787934,0.0,0.649042562256065,0.3494646502651032,0.9985072125211683,-1.1639638927262789e-7
2024-01-12,19:33:00.000000000,47.525,387.71,,,,0,0.0,-1.0,0.06657907026179738,73.33837133120146,0.000018679234590450156,0.0,-0.0006944311460654884,0.0,0.6490546858743446,0.3494646502651032,0.9985193361394478,0.000012141743321915837
2024-01-12,19:34:00.000000000,47.545,387.8054,,,,0,0.0,-1.0,0.06657907026179738,73.36472297450445,-0.00018610116981443512,0.0,-0.000675764882917429,0.0,0.6489338960380298,0.3494646502651032,0.998398546303133,-0.00012096895066830871
2024-01-12,19:35:00.000000000,47.545,387.855,0.06127142889326155,23.780569946604043,1.488953636308116,0,0.0,-1.0,0.06657907026179738,73.36802529638942,0.00004501239493716557,0.0,-0.0008617402920967354,0.0,0.6489631061068464,0.3494646502651032,0.9984277563719496,0.000029256922423194382
2024-01-12,19:36:00.000000000,47.545,387.82,,,,0,0.0,-1.0,0.06657907026179738,73.36569502893026,-0.00003176134903114853,0.0,-0.0008167666861538248,0.0,0.648942494163125,0.3494646502651032,0.9984071444282282,-0.00002064440175048965
2024-01-12,19:37:00.000000000,47.565,388.01,,,,0,0.0,-1.0,0.06657907026179738,73.39834505228,-0.00010018274409252575,0.0,-0.0008485020935731225,0.0,0.6488774813233015,0.3494646502651032,0.9983421315884047,-0.00006511656110068331
2024-01-12,19:38:00.000000000,47.565,388.05,0.06121268631684401,23.81141707474868,1.497074992358302,0,0.0,-1.0,0.06657907026179738,73.40100821509047,0.000036283690164595035,0.0,-0.0009485998323975897,0.0,0.6489010249927886,0.3494646502651032,0.9983656752578918,0.000023582766610913895
2024-01-12,19:39:00.000000000,47.565,388.0,,,,0,0.0,-1.0,0.06657907026179738,73.39767926157738,-0.00004535296713276051,0.0,-0.0009123505609354154,0.0,0.6488715954059296,0.3494646502651032,0.9983362456710329,-0.000029477763096490652
2024-01-12,19:40:00.000000000,47.57,388.06,,,,0,0.0,-1.0,0.06657907026179738,73.40667400579309,-0.000013696015928650687,0.0,-0.000957662150263161,0.0,0.6488627084502233,0.3494646502651032,0.9983273587153265,-8.90176605814783e-6
2024-01-12,19:41:00.000000000,47.57,388.0099,0.06115497288859447,23.841265084993747,1.5054143435178535,0,0.0,-1.0,0.06657907026179738,73.40333839437298,-0.00004544016556114423,0.0,-0.0009713450500358212,0.0,0.6488332240213248,0.3494646502651032,0.998297874286428,-0.000029533828399171254
2024-01-12,19:42:00.000000000,47.585,388.0,,,,0,0.0,-1.0,0.06657907026179738,73.41767926157738,-0.00021332998114422002,0.0,-0.001016741077517147,0.0,0.6486948084418787,0.3494646502651032,0.9981594587069819,-0.00013865158186888703
2024-01-12,19:43:00.000000000,47.575,388.065,,,,0,0.0,-1.0,0.06657907026179738,73.4120069011444,0.00019515244435835068,0.0,-0.0012298541573063648,0.0,0.6488214028193887,0.3494646502651032,0.9982860530844919,0.00012682780933023397
2024-01-12,19:44:00.000000000,47.585,388.0172,0.061099987058808446,23.877154101404912,1.5241794509672215,0,0.0,-1.0,0.06657907026179738,73.4188244215859,-0.0001795684400272598,0.0,-0.0010349417219929213,0.0,0.648704894972228,0.3494646502651032,0.9981695452373313,-0.00011670787826863689
2024-01-12,19:45:00.000000000,47.565,387.92,,,,0,0.0,-1.0,0.06657907026179738,73.39235293595644,0.00018426492765496238,0.0,-0.0012143243191498065,0.0,0.6488244285327694,0.3494646502651032,0.9982890787978727,0.00011975276255595938
2024-01-12,19:46:00.000000000,47.565,387.94,,,,0,0.0,-1.0,0.06657907026179738,73.39368451736168,0.000018143326272662844,0.0,-0.0010302831488777642,0.0,0.64883620036607,0.3494646502651032,0.9983008506311732,0.00001179200849794375
2024-01-12,19:47:00.000000000,47.545,387.925,0.06104255730616081,23.86506595700757,1.477993262680073,0,0.0,-1.0,0.06657907026179738,73.37268583130775,0.00025889576291234477,0.0,-0.0010121585153683998,0.0,0.649004181309169,0.3494646502651032,0.9984688315742722,0.0001682668536171178
2024-01-12,19:48:00.000000000,47.545,387.95,,,,0,0.0,-1.0,0.06657907026179738,73.3743503080643,0.000022685236851878534,0.0,-0.000753524796006988,0.0,0.6490189041227399,0.3494646502651032,0.9984835543878431,0.000014745391248348847
2024-01-12,19:49:00.000000000,47.555,388.0,,,,0,0.0,-1.0,0.06657907026179738,73.38767926157738,-0.00009091796327870639,0.0,-0.0007308566530436211,0.0,0.6489598966458476,0.3494646502651032,0.9984245469109508,-0.00005909709442177485
2024-01-12,19:50:00.000000000,47.58,388.06,0.06099170224490919,23.911560026840537,1.5118200417031886,0,0.0,-1.0,0.06657907026179738,73.41667400579308,-0.0002862231916262002,0.0,-0.0008217081683239424,0.0,0.6487741492729923,0.3494646502651032,0.9982387995380955,-0.00018604047088992327
2024-01-12,19:51:00.000000000,47.555,388.095,,,,0,0.0,-1.0,0.06657907026179738,73.39400427325225,0.0003722624026390352,0.0,-0.0011076961680156483,0.0,0.6490156634965707,0.3494646502651032,0.9984803137616739,0.00024194032899761572
2024-01-12,19:52:00.000000000,47.565,388.1757,,,,0,0.0,-1.0,0.06657907026179738,73.40937720422238,-0.00006304423740998875,0.0,-0.0007358461190135612,0.0,0.6489747467989984,0.3494646502651032,0.9984393970641016,-0.00004097897275328909
2024-01-12,19:53:00.000000000,47.565,388.1526,0.06093607456175041,23.912504225062715,1.4833609930246756,0,0.0,-1.0,0.06657907026179738,73.40783922769933,-0.000020950682073916516,0.0,-0.0007988439655661761,0.0,0.6489611503354042,0.3494646502651032,0.9984258006005075,-0.000013617715440809308
2024-01-12,19:54:00.000000000,47.56,388.1199,,,,0,0.0,-1.0,0.06657907026179738,73.40066209210177,0.00003845453608403224,0.0,-0.0008197779113140458,0.0,0.648986105835377,0.3494646502651032,0.9984507561004802,0.000024994846845617842
2024-01-12,19:55:00.000000000,47.545,387.97,,,,0,0.0,-1.0,0.06657907026179738,73.37568188946953,0.00006838899302383918,0.0,-0.0007813548994092256,0.0,0.6490304893416414,0.3494646502651032,0.9984951396067446,0.0000444523738334366
2024-01-12,19:56:00.000000000,47.5775,388.12,0.06088365990302795,23.947333918436794,1.5036767263448756,0,0.0,-1.0,0.06657907026179738,73.4181687500088,-0.0003068201736733969,0.0,-0.0007130193424603748,0.0,0.6488313536941822,0.3494646502651032,0.9982960039592854,-0.00019943577045116462
2024-01-12,19:57:00.000000000,47.555,387.94,,,,0,0.0,-1.0,0.06657907026179738,73.38368451736167,0.0001432311310935101,0.0,-0.0010196207474153507,0.0,0.6489242865428608,0.3494646502651032,0.998388936807964,0.0000930914761854617
2024-01-12,19:58:00.000000000,47.55,387.93,,,,0,0.0,-1.0,0.06657907026179738,73.37801872665905,0.00005906230146235871,0.0,-0.0008765356577546957,0.0,0.0,0.998064472402146,0.998064472402146,-0.00032498798199365864
2024-01-12,19:59:00.000000000,47.56,387.92,0.06082832714238321,23.963475334926706,1.4974056912129277,1,0.0,0.0,0.0,0.0,0.0,0.0,-0.0008175251265054584,0.0,0.0,0.998064472402146,0.998064472402146,0.0
2024-01-12,20:00:00.000000000,47.535,387.81,,,,0,0.0,0.0,0.0,0.0,0.0,0.0,0.0,0.0,0.0,0.998064472402146,0.998064472402146,0.0
2024-01-12,20:01:00.000000000,47.535,387.68,,,,0,0.0,0.0,0.0,0.0,0.0,0.0,0.0,0.0,0.0,0.998064472402146,0.998064472402146,0.0
2024-01-12,20:02:00.000000000,47.515,387.681,0.06076881322600596,23.956085719728783,1.4588002865766418,0,0.0,0.0,0.0,0.0,0.0,0.0,0.0,0.0,0.0,0.998064472402146,0.998064472402146,0.0
2024-01-12,20:03:00.000000000,47.515,387.6,,,,0,0.0,0.0,0.0,0.0,0.0,0.0,0.0,0.0,0.0,0.998064472402146,0.998064472402146,0.0
2024-01-12,20:04:00.000000000,47.515,387.62,,,,0,0.0,0.0,0.0,0.0,0.0,0.0,0.0,0.0,0.0,0.998064472402146,0.998064472402146,0.0
2024-01-12,20:05:00.000000000,47.505,387.64,0.060708770043107235,23.971852380489914,1.453234269804234,0,0.0,0.0,0.0,0.0,0.0,0.0,0.0,0.0,0.0,0.998064472402146,0.998064472402146,0.0
2024-01-12,20:06:00.000000000,47.53,387.8,,,,0,0.0,0.0,0.0,0.0,0.0,0.0,0.0,0.0,0.0,0.998064472402146,0.998064472402146,0.0
2024-01-12,20:07:00.000000000,47.55,387.9768,,,,0,0.0,0.0,0.0,0.0,0.0,0.0,0.0,0.0,0.0,0.998064472402146,0.998064472402146,0.0
2024-01-12,20:08:00.000000000,47.51,387.8226,0.060643687378229776,23.99100748738774,1.4524056361089603,0,0.0,0.0,0.0,0.0,0.0,0.0,0.0,0.0,0.0,0.998064472402146,0.998064472402146,0.0
2024-01-12,20:09:00.000000000,47.5,387.87,,,,0,0.0,0.0,0.0,0.0,0.0,0.0,0.0,0.0,0.0,0.998064472402146,0.998064472402146,0.0
2024-01-12,20:10:00.000000000,47.48,387.6,,,,0,0.0,0.0,0.0,0.0,0.0,0.0,0.0,0.0,0.0,0.998064472402146,0.998064472402146,0.0
2024-01-12,20:11:00.000000000,47.49,387.6577,0.06057362509638409,24.00816781447347,1.4485618647408447,0,0.0,0.0,0.0,0.0,0.0,0.0,0.0,0.0,0.0,0.998064472402146,0.998064472402146,0.0
2024-01-12,20:12:00.000000000,47.515,387.78,,,,0,0.0,0.0,0.0,0.0,0.0,0.0,0.0,0.0,0.0,0.998064472402146,0.998064472402146,0.0
2024-01-12,20:13:00.000000000,47.52,387.75,,,,0,0.0,0.0,0.0,0.0,0.0,0.0,0.0,0.0,0.0,0.998064472402146,0.998064472402146,0.0
2024-01-12,20:14:00.000000000,47.5,387.75,0.06050764823169658,24.03815939815965,1.463047326519862,0,0.0,0.0,0.0,0.0,0.0,0.0,0.0,0.0,0.0,0.998064472402146,0.998064472402146,0.0
2024-01-12,20:15:00.000000000,47.485,387.785,,,,0,0.0,0.0,0.0,0.0,0.0,0.0,0.0,0.0,0.0,0.998064472402146,0.998064472402146,0.0
2024-01-12,20:16:00.000000000,47.48,387.927,,,,0,0.0,0.0,0.0,0.0,0.0,0.0,0.0,0.0,0.0,0.998064472402146,0.998064472402146,0.0
2024-01-12,20:17:00.000000000,47.485,387.9771,0.06043832096629854,24.036315502626294,1.4292880404203625,0,0.0,0.0,0.0,0.0,0.0,0.0,0.0,0.0,0.0,0.998064472402146,0.998064472402146,0.0
2024-01-12,20:18:00.000000000,47.495,387.9411,,,,0,0.0,0.0,0.0,0.0,0.0,0.0,0.0,0.0,0.0,0.998064472402146,0.998064472402146,0.0
2024-01-12,20:19:00.000000000,47.505,387.92,,,,0,0.0,0.0,0.0,0.0,0.0,0.0,0.0,0.0,0.0,0.998064472402146,0.998064472402146,0.0
2024-01-12,20:20:00.000000000,47.485,387.91,0.060373883798902815,24.065366735567608,1.44153687649446,0,0.0,0.0,0.0,0.0,0.0,0.0,0.0,0.0,0.0,0.998064472402146,0.998064472402146,0.0
2024-01-12,20:21:00.000000000,47.5,387.59,,,,0,0.0,0.0,0.0,0.0,0.0,0.0,0.0,0.0,0.0,0.998064472402146,0.998064472402146,0.0
2024-01-12,20:22:00.000000000,47.485,387.3599,,,,0,0.0,0.0,0.0,0.0,0.0,0.0,0.0,0.0,0.0,0.998064472402146,0.998064472402146,0.0
2024-01-12,20:23:00.000000000,47.48,387.3,0.0603220326292433,24.117276762694065,1.4894766519324558,0,0.0,0.0,0.0,0.0,0.0,0.0,0.0,0.0,0.0,0.998064472402146,0.998064472402146,0.0
2024-01-12,20:24:00.000000000,47.49,387.29,,,,0,0.0,0.0,0.0,0.0,0.0,0.0,0.0,0.0,0.0,0.998064472402146,0.998064472402146,0.0
2024-01-12,20:25:00.000000000,47.54,387.4443,,,,0,0.0,0.0,0.0,0.0,0.0,0.0,0.0,0.0,0.0,0.998064472402146,0.998064472402146,0.0
2024-01-12,20:26:00.000000000,47.535,387.53,0.06027889736262998,24.175118905060003,1.5435540728857784,0,0.0,0.0,0.0,0.0,0.0,0.0,0.0,0.0,0.0,0.998064472402146,0.998064472402146,0.0
2024-01-12,20:27:00.000000000,47.555,387.55,,,,0,0.0,0.0,0.0,0.0,0.0,0.0,0.0,0.0,0.0,0.998064472402146,0.998064472402146,0.0
2024-01-12,20:28:00.000000000,47.54,387.73,,,,0,0.0,0.0,0.0,0.0,0.0,0.0,0.0,0.0,0.0,0.998064472402146,0.998064472402146,0.0
2024-01-12,20:29:00.000000000,47.5537,387.61,0.06023909482060385,24.20442445658574,1.553253266204522,0,0.0,0.0,0.0,0.0,0.0,0.0,0.0,0.0,0.0,0.998064472402146,0.998064472402146,0.0
2024-01-12,20:30:00.000000000,47.55,387.6734,,,,0,0.0,0.0,0.0,0.0,0.0,0.0,0.0,0.0,0.0,0.998064472402146,0.998064472402146,0.0
2024-01-12,20:31:00.000000000,47.565,387.67,,,,0,0.0,0.0,0.0,0.0,0.0,0.0,0.0,0.0,0.0,0.998064472402146,0.998064472402146,0.0
2024-01-12,20:32:00.000000000,47.565,387.67,0.06019760167773595,24.2281957575921,1.5561843111185123,0,0.0,0.0,0.0,0.0,0.0,0.0,0.0,0.0,0.0,0.998064472402146,0.998064472402146,0.0
2024-01-12,20:33:00.000000000,47.555,387.68,,,,0,0.0,0.0,0.0,0.0,0.0,0.0,0.0,0.0,0.0,0.998064472402146,0.998064472402146,0.0
2024-01-12,20:34:00.000000000,47.575,387.917,,,,0,0.0,0.0,0.0,0.0,0.0,0.0,0.0,0.0,0.0,0.998064472402146,0.998064472402146,0.0
2024-01-12,20:35:00.000000000,47.57,387.89,0.060146612478773266,24.23973048560864,1.540763906285882,0,0.0,0.0,0.0,0.0,0.0,0.0,0.0,0.0,0.0,0.998064472402146,0.998064472402146,0.0
2024-01-12,20:36:00.000000000,47.571,387.785,,,,0,0.0,0.0,0.0,0.0,0.0,0.0,0.0,0.0,0.0,0.998064472402146,0.998064472402146,0.0
2024-01-12,20:37:00.000000000,47.545,387.8,,,,0,0.0,0.0,0.0,0.0,0.0,0.0,0.0,0.0,0.0,0.998064472402146,0.998064472402146,0.0
2024-01-12,20:38:00.000000000,47.55,387.83,0.0600814294383134,24.248619220938913,1.5218359821083856,0,0.0,0.0,0.0,0.0,0.0,0.0,0.0,0.0,0.0,0.998064472402146,0.998064472402146,0.0
2024-01-12,20:39:00.000000000,47.54,387.74,,,,0,0.0,0.0,0.0,0.0,0.0,0.0,0.0,0.0,0.0,0.998064472402146,0.998064472402146,0.0
2024-01-12,20:40:00.000000000,47.535,387.71,,,,0,0.0,0.0,0.0,0.0,0.0,0.0,0.0,0.0,0.0,0.998064472402146,0.998064472402146,0.0
2024-01-12,20:41:00.000000000,47.555,387.96,0.05994697044729786,24.297973345266325,1.56447899061624,0,0.0,0.0,0.0,0.0,0.0,0.0,0.0,0.0,0.0,0.998064472402146,0.998064472402146,0.0
2024-01-12,20:42:00.000000000,47.57,388.01,,,,0,0.0,0.0,0.0,0.0,0.0,0.0,0.0,0.0,0.0,0.998064472402146,0.998064472402146,0.0
2024-01-12,20:43:00.000000000,47.5402,387.97,,,,0,0.0,0.0,0.0,0.0,0.0,0.0,0.0,0.0,0.0,0.998064472402146,0.998064472402146,0.0
2024-01-12,20:44:00.000000000,47.555,388.04,0.05985130227791869,24.33030066407643,1.580543015850164,0,0.0,0.0,0.0,0.0,0.0,0.0,0.0,0.0,0.0,0.998064472402146,0.998064472402146,0.0
2024-01-12,20:45:00.000000000,47.545,388.085,,,,0,0.0,0.0,0.0,0.0,0.0,0.0,0.0,0.0,0.0,0.998064472402146,0.998064472402146,0.0
2024-01-12,20:46:00.000000000,47.555,388.31,,,,0,0.0,0.0,0.0,0.0,0.0,0.0,0.0,0.0,0.0,0.998064472402146,0.998064472402146,0.0
2024-01-12,20:47:00.000000000,47.56,388.3,0.05975140262610878,24.358530360281964,1.591159709142151,0,0.0,0.0,0.0,0.0,0.0,0.0,0.0,0.0,0.0,0.998064472402146,0.998064472402146,0.0
2024-01-12,20:48:00.000000000,47.545,388.27,,,,0,0.0,0.0,0.0,0.0,0.0,0.0,0.0,0.0,0.0,0.998064472402146,0.998064472402146,0.0
2024-01-12,20:49:00.000000000,47.56,388.54,,,,0,0.0,0.0,0.0,0.0,0.0,0.0,0.0,0.0,0.0,0.998064472402146,0.998064472402146,0.0
2024-01-12,20:50:00.000000000,47.5053,388.435,0.059632829184136815,24.341821995859814,1.531554933753651,0,0.0,0.0,0.0,0.0,0.0,0.0,0.0,0.0,0.0,0.998064472402146,0.998064472402146,0.0
2024-01-12,20:51:00.000000000,47.5075,388.34,,,,0,0.0,0.0,0.0,0.0,0.0,0.0,0.0,0.0,0.0,0.998064472402146,0.998064472402146,0.0
2024-01-12,20:52:00.000000000,47.53,388.3,,,,0,0.0,0.0,0.0,0.0,0.0,0.0,0.0,0.0,0.0,0.998064472402146,0.998064472402146,0.0
2024-01-12,20:53:00.000000000,47.515,388.2699,0.059499520644099184,24.413127069467674,1.6117729407250958,0,0.0,0.0,0.0,0.0,0.0,0.0,0.0,0.0,0.0,0.998064472402146,0.998064472402146,0.0
2024-01-12,20:54:00.000000000,47.56,388.5896,,,,0,0.0,0.0,0.0,0.0,0.0,0.0,0.0,0.0,0.0,0.998064472402146,0.998064472402146,0.0
2024-01-12,20:55:00.000000000,47.575,388.595,,,,0,0.0,0.0,0.0,0.0,0.0,0.0,0.0,0.0,0.0,0.998064472402146,0.998064472402146,0.0
2024-01-12,20:56:00.000000000,47.555,388.521,0.059374315913969834,24.486831406788525,1.6948900835340515,0,0.0,0.0,0.0,0.0,0.0,0.0,0.0,0.0,0.0,0.998064472402146,0.998064472402146,0.0
2024-01-12,20:57:00.000000000,47.56,388.53,,,,0,0.0,0.0,0.0,0.0,0.0,0.0,0.0,0.0,0.0,0.998064472402146,0.998064472402146,0.0
2024-01-12,20:58:00.000000000,47.56,388.62,,,,0,0.0,0.0,0.0,0.0,0.0,0.0,0.0,0.0,0.0,0.998064472402146,0.998064472402146,0.0
2024-01-12,20:59:00.000000000,47.55,388.41,0.059257062067112995,24.533964522512637,1.733108787862485,1,0.0,0.0,0.0,0.0,0.0,0.0,0.0,0.0,0.0,0.998064472402146,0.998064472402146,0.0
2024-01-13,14:29:00.000000000,47.4,388.22,0.059098191141841755,24.45690023491419,1.570631248986345,0,0.0,0.0,0.0,0.0,0.0,0.0,0.0,0.0,0.0,0.998064472402146,0.998064472402146,0.0
2024-01-13,14:30:00.000000000,47.4,388.22,,,,0,0.0,0.0,0.0,0.0,0.0,0.0,0.0,0.0,0.0,0.998064472402146,0.998064472402146,0.0
2024-01-13,14:31:00.000000000,47.4,388.22,,,,0,0.0,0.0,0.0,0.0,0.0,0.0,0.0,0.0,0.0,0.998064472402146,0.998064472402146,0.0
2024-01-13,14:32:00.000000000,47.4,388.22,0.0589407046296201,24.51803964868888,1.6342063632708852,0,0.0,0.0,0.0,0.0,0.0,0.0,0.0,0.0,0.0,0.998064472402146,0.998064472402146,0.0
2024-01-13,14:33:00.000000000,47.4,388.22,,,,0,0.0,0.0,0.0,0.0,0.0,0.0,0.0,0.0,0.0,0.998064472402146,0.998064472402146,0.0
2024-01-13,14:34:00.000000000,47.4,388.22,,,,0,0.0,0.0,0.0,0.0,0.0,0.0,0.0,0.0,0.0,0.998064472402146,0.998064472402146,0.0
2024-01-13,14:35:00.000000000,47.4,388.22,0.05877022437557689,24.584223492913537,1.702036731969375,0,0.0,0.0,0.0,0.0,0.0,0.0,0.0,0.0,0.0,0.998064472402146,0.998064472402146,0.0
2024-01-13,14:36:00.000000000,47.4,388.22,,,,0,0.0,0.0,0.0,0.0,0.0,0.0,0.0,0.0,0.0,0.998064472402146,0.998064472402146,0.0
2024-01-13,14:37:00.000000000,47.4,388.22,,,,0,0.0,0.0,0.0,0.0,0.0,0.0,0.0,0.0,0.0,0.998064472402146,0.998064472402146,0.0
2024-01-13,14:38:00.000000000,47.4,388.22,0.05859736929461118,24.651329292446047,1.7678351743455492,0,0.0,0.0,0.0,0.0,0.0,0.0,0.0,0.0,0.0,0.998064472402146,0.998064472402146,0.0
2024-01-13,14:39:00.000000000,47.4,388.22,,,,0,0.0,0.0,0.0,0.0,0.0,0.0,0.0,0.0,0.0,0.998064472402146,0.998064472402146,0.0
2024-01-13,14:40:00.000000000,47.4,388.22,,,,0,0.0,0.0,0.0,0.0,0.0,0.0,0.0,0.0,0.0,0.998064472402146,0.998064472402146,0.0
2024-01-13,14:41:00.000000000,47.4,388.22,0.05846412986516912,24.70305550374404,1.8042079676248362,0,0.0,0.0,0.0,0.0,0.0,0.0,0.0,0.0,0.0,0.998064472402146,0.998064472402146,0.0
2024-01-13,14:42:00.000000000,47.4,388.22,,,,0,0.0,0.0,0.0,0.0,0.0,0.0,0.0,0.0,0.0,0.998064472402146,0.998064472402146,0.0
2024-01-13,14:43:00.000000000,47.4,388.22,,,,0,0.0,0.0,0.0,0.0,0.0,0.0,0.0,0.0,0.0,0.998064472402146,0.998064472402146,0.0
2024-01-13,14:44:00.000000000,47.4,388.22,0.0583339713502072,24.753585642422557,1.838842041561625,0,0.0,0.0,0.0,0.0,0.0,0.0,0.0,0.0,0.0,0.998064472402146,0.998064472402146,0.0
2024-01-13,14:45:00.000000000,47.4,388.22,,,,0,0.0,0.0,0.0,0.0,0.0,0.0,0.0,0.0,0.0,0.998064472402146,0.998064472402146,0.0
2024-01-13,14:46:00.000000000,47.4,388.22,,,,0,0.0,0.0,0.0,0.0,0.0,0.0,0.0,0.0,0.0,0.998064472402146,0.998064472402146,0.0
2024-01-13,14:47:00.000000000,47.4,388.22,0.05819772415739797,24.806479527614957,1.8780485747912201,0,0.0,0.0,0.0,0.0,0.0,0.0,0.0,0.0,0.0,0.998064472402146,0.998064472402146,0.0
2024-01-13,14:48:00.000000000,47.4,388.22,,,,0,0.0,0.0,0.0,0.0,0.0,0.0,0.0,0.0,0.0,0.998064472402146,0.998064472402146,0.0
2024-01-13,14:49:00.000000000,47.4,388.22,,,,0,0.0,0.0,0.0,0.0,0.0,0.0,0.0,0.0,0.0,0.998064472402146,0.998064472402146,0.0
2024-01-13,14:50:00.000000000,47.4,388.22,0.05805645939154165,24.8613213350157,1.9175954147406928,0,0.0,0.0,0.0,0.0,0.0,0.0,0.0,0.0,0.0,0.998064472402146,0.998064472402146,0.0
2024-01-13,14:51:00.000000000,47.4,388.22,,,,0,0.0,0.0,0.0,0.0,0.0,0.0,0.0,0.0,0.0,0.998064472402146,0.998064472402146,0.0
2024-01-13,14:52:00.000000000,47.4,388.22,,,,0,0.0,0.0,0.0,0.0,0.0,0.0,0.0,0.0,0.0,0.998064472402146,0.998064472402146,0.0
2024-01-13,14:53:00.000000000,47.4,388.22,0.0579080178245281,24.918949320161698,1.9579555422860973,0,0.0,0.0,0.0,0.0,0.0,0.0,0.0,0.0,0.0,0.998064472402146,0.998064472402146,0.0
2024-01-13,14:54:00.000000000,47.4,388.22,,,,0,0.0,0.0,0.0,0.0,0.0,0.0,0.0,0.0,0.0,0.998064472402146,0.998064472402146,0.0
2024-01-13,14:55:00.000000000,47.4,388.22,,,,0,0.0,0.0,0.0,0.0,0.0,0.0,0.0,0.0,0.0,0.998064472402146,0.998064472402146,0.0
2024-01-13,14:56:00.000000000,47.4,388.22,0.057749427752433906,24.980517157950107,2.0027497720238365,0,0.0,0.0,0.0,0.0,0.0,0.0,0.0,0.0,0.0,0.998064472402146,0.998064472402146,0.0
2024-01-13,14:57:00.000000000,47.4,388.22,,,,0,0.0,0.0,0.0,0.0,0.0,0.0,0.0,0.0,0.0,0.998064472402146,0.998064472402146,0.0
2024-01-13,14:58:00.000000000,47.4,388.22,,,,0,0.0,0.0,0.0,0.0,0.0,0.0,0.0,0.0,0.0,0.998064472402146,0.998064472402146,0.0
2024-01-13,14:59:00.000000000,47.4,388.22,0.05760091391155427,25.0381732012564,2.0369947349307522,0,0.0,0.0,0.0,0.0,0.0,0.0,0.0,0.0,0.0,0.998064472402146,0.998064472402146,0.0
2024-01-13,15:00:00.000000000,47.4,388.22,,,,0,0.0,0.0,0.0,0.0,0.0,0.0,0.0,0.0,0.0,0.998064472402146,0.998064472402146,0.0
2024-01-13,15:01:00.000000000,47.4,388.22,,,,0,0.0,0.0,0.0,0.0,0.0,0.0,0.0,0.0,0.0,0.998064472402146,0.998064472402146,0.0
2024-01-13,15:02:00.000000000,47.4,388.22,0.05745566496885418,25.094561745791427,2.067359101576269,0,0.0,0.0,0.0,0.0,0.0,0.0,0.0,0.0,0.0,0.998064472402146,0.998064472402146,0.0
2024-01-13,15:03:00.000000000,47.4,388.22,,,,0,0.0,0.0,0.0,0.0,0.0,0.0,0.0,0.0,0.0,0.998064472402146,0.998064472402146,0.0
2024-01-13,15:04:00.000000000,47.4,388.22,,,,0,0.0,0.0,0.0,0.0,0.0,0.0,0.0,0.0,0.0,0.998064472402146,0.998064472402146,0.0
2024-01-13,15:05:00.000000000,47.4,388.22,0.05731508541155064,25.149137541527807,2.0909923649416053,0,0.0,0.0,0.0,0.0,0.0,0.0,0.0,0.0,0.0,0.998064472402146,0.998064472402146,0.0
2024-01-13,15:06:00.000000000,47.4,388.22,,,,0,0.0,0.0,0.0,0.0,0.0,0.0,0.0,0.0,0.0,0.998064472402146,0.998064472402146,0.0
2024-01-13,15:07:00.000000000,47.4,388.22,,,,0,0.0,0.0,0.0,0.0,0.0,0.0,0.0,0.0,0.0,0.998064472402146,0.998064472402146,0.0
2024-01-13,15:08:00.000000000,47.4,388.22,0.05717502832966803,25.203510501856275,2.1128903585751004,0,0.0,0.0,0.0,0.0,0.0,0.0,0.0,0.0,0.0,0.998064472402146,0.998064472402146,0.0
2024-01-13,15:09:00.000000000,47.4,388.22,,,,0,0.0,0.0,0.0,0.0,0.0,0.0,0.0,0.0,0.0,0.998064472402146,0.998064472402146,0.0
2024-01-13,15:10:00.000000000,47.4,388.22,,,,0,0.0,0.0,0.0,0.0,0.0,0.0,0.0,0.0,0.0,0.998064472402146,0.998064472402146,0.0
2024-01-13,15:11:00.000000000,47.4,388.22,0.05703846318255173,25.256527823269764,2.128994221904155,0,0.0,0.0,0.0,0.0,0.0,0.0,0.0,0.0,0.0,0.998064472402146,0.998064472402146,0.0
2024-01-13,15:12:00.000000000,47.4,388.22,,,,0,0.0,0.0,0.0,0.0,0.0,0.0,0.0,0.0,0.0,0.998064472402146,0.998064472402146,0.0
2024-01-13,15:13:00.000000000,47.4,388.22,,,,0,0.0,0.0,0.0,0.0,0.0,0.0,0.0,0.0,0.0,0.998064472402146,0.998064472402146,0.0
2024-01-13,15:14:00.000000000,47.4,388.22,0.05689962158900809,25.310428906715277,2.1420449261683414,0,0.0,0.0,0.0,0.0,0.0,0.0,0.0,0.0,0.0,0.998064472402146,0.998064472402146,0.0
2024-01-13,15:15:00.000000000,47.4,388.22,,,,0,0.0,0.0,0.0,0.0,0.0,0.0,0.0,0.0,0.0,0.998064472402146,0.998064472402146,0.0
2024-01-13,15:16:00.000000000,47.4,388.22,,,,0,0.0,0.0,0.0,0.0,0.0,0.0,0.0,0.0,0.0,0.998064472402146,0.998064472402146,0.0
2024-01-13,15:17:00.000000000,47.4,388.22,0.05676595537157967,25.36232080564534,2.1499465962854254,0,0.0,0.0,0.0,0.0,0.0,0.0,0.0,0.0,0.0,0.998064472402146,0.998064472402146,0.0
2024-01-13,15:18:00.000000000,47.4,388.22,,,,0,0.0,0.0,0.0,0.0,0.0,0.0,0.0,0.0,0.0,0.998064472402146,0.998064472402146,0.0
2024-01-13,15:19:00.000000000,47.4,388.22,,,,0,0.0,0.0,0.0,0.0,0.0,0.0,0.0,0.0,0.0,0.998064472402146,0.998064472402146,0.0
2024-01-13,15:20:00.000000000,47.4,388.22,0.056623423931395196,25.417654361353755,2.1603445911807575,0,0.0,0.0,0.0,0.0,0.0,0.0,0.0,0.0,0.0,0.998064472402146,0.998064472402146,0.0
2024-01-13,15:21:00.000000000,47.4,388.22,,,,0,0.0,0.0,0.0,0.0,0.0,0.0,0.0,0.0,0.0,0.998064472402146,0.998064472402146,0.0
2024-01-13,15:22:00.000000000,47.4,388.22,,,,0,0.0,0.0,0.0,0.0,0.0,0.0,0.0,0.0,0.0,0.998064472402146,0.998064472402146,0.0
2024-01-13,15:23:00.000000000,47.4,388.22,0.05648285034496596,25.472227839077313,2.166256310637357,0,0.0,0.0,0.0,0.0,0.0,0.0,0.0,0.0,0.0,0.998064472402146,0.998064472402146,0.0
2024-01-13,15:24:00.000000000,47.4,388.22,,,,0,0.0,0.0,0.0,0.0,0.0,0.0,0.0,0.0,0.0,0.998064472402146,0.998064472402146,0.0
2024-01-13,15:25:00.000000000,47.4,388.22,,,,0,0.0,0.0,0.0,0.0,0.0,0.0,0.0,0.0,0.0,0.998064472402146,0.998064472402146,0.0
2024-01-13,15:26:00.000000000,47.4,388.22,0.05634736508515143,25.52482592664251,2.1674495712543194,0,0.0,0.0,0.0,0.0,0.0,0.0,0.0,0.0,0.0,0.998064472402146,0.998064472402146,0.0
2024-01-13,15:27:00.000000000,47.4,388.22,,,,0,0.0,0.0,0.0,0.0,0.0,0.0,0.0,0.0,0.0,0.998064472402146,0.998064472402146,0.0
2024-01-13,15:28:00.000000000,47.4,388.22,,,,0,0.0,0.0,0.0,0.0,0.0,0.0,0.0,0.0,0.0,0.998064472402146,0.998064472402146,0.0
2024-01-13,15:29:00.000000000,47.4,388.22,0.056207398662149424,25.579163691380348,2.1709282105605885,0,0.0,0.0,0.0,0.0,0.0,0.0,0.0,0.0,0.0,0.998064472402146,0.998064472402146,0.0
2024-01-13,15:30:00.000000000,47.4,388.22,,,,0,0.0,0.0,0.0,0.0,0.0,0.0,0.0,0.0,0.0,0.998064472402146,0.998064472402146,0.0
2024-01-13,15:31:00.000000000,47.4,388.22,,,,0,0.0,0.0,0.0,0.0,0.0,0.0,0.0,0.0,0.0,0.998064472402146,0.998064472402146,0.0
2024-01-13,15:32:00.000000000,47.4,388.22,0.056073958027738235,25.63096801447146,2.1676305667798603,0,0.0,0.0,0.0,0.0,0.0,0.0,0.0,0.0,0.0,0.998064472402146,0.998064472402146,0.0
2024-01-13,15:33:00.000000000,47.4,388.22,,,,0,0.0,0.0,0.0,0.0,0.0,0.0,0.0,0.0,0.0,0.998064472402146,0.998064472402146,0.0
2024-01-13,15:34:00.000000000,47.4,388.22,,,,0,0.0,0.0,0.0,0.0,0.0,0.0,0.0,0.0,0.0,0.998064472402146,0.998064472402146,0.0
2024-01-13,15:35:00.000000000,47.4,388.22,0.05593993940911771,25.682996722592318,2.162981630261753,0,0.0,0.0,0.0,0.0,0.0,0.0,0.0,0.0,0.0,0.998064472402146,0.998064472402146,0.0
2024-01-13,15:36:00.000000000,47.4,388.22,,,,0,0.0,0.0,0.0,0.0,0.0,0.0,0.0,0.0,0.0,0.998064472402146,0.998064472402146,0.0
2024-01-13,15:37:00.000000000,47.4,388.22,,,,0,0.0,0.0,0.0,0.0,0.0,0.0,0.0,0.0,0.0,0.998064472402146,0.998064472402146,0.0
2024-01-13,15:38:00.000000000,47.4,388.22,0.05580696136067983,25.734621460556873,2.1558979969302547,0,0.0,0.0,0.0,0.0,0.0,0.0,0.0,0.0,0.0,0.998064472402146,0.998064472402146,0.0
2024-01-13,15:39:00.000000000,47.4,388.22,,,,0,0.0,0.0,0.0,0.0,0.0,0.0,0.0,0.0,0.0,0.998064472402146,0.998064472402146,0.0
2024-01-13,15:40:00.000000000,47.4,388.22,,,,0,0.0,0.0,0.0,0.0,0.0,0.0,0.0,0.0,0.0,0.998064472402146,0.998064472402146,0.0
2024-01-13,15:41:00.000000000,47.4,388.22,0.05567688869376248,25.785118271307528,2.1459214328099354,0,0.0,0.0,0.0,0.0,0.0,0.0,0.0,0.0,0.0,0.998064472402146,0.998064472402146,0.0
2024-01-13,15:42:00.000000000,47.4,388.22,,,,0,0.0,0.0,0.0,0.0,0.0,0.0,0.0,0.0,0.0,0.998064472402146,0.998064472402146,0.0
2024-01-13,15:43:00.000000000,47.4,388.22,,,,0,0.0,0.0,0.0,0.0,0.0,0.0,0.0,0.0,0.0,0.998064472402146,0.998064472402146,0.0
2024-01-13,15:44:00.000000000,47.4,388.22,0.05554504400312152,25.83630301710816,2.136061425583355,0,0.0,0.0,0.0,0.0,0.0,0.0,0.0,0.0,0.0,0.998064472402146,0.998064472402146,0.0
2024-01-13,15:45:00.000000000,47.4,388.22,,,,0,0.0,0.0,0.0,0.0,0.0,0.0,0.0,0.0,0.0,0.998064472402146,0.998064472402146,0.0
2024-01-13,15:46:00.000000000,47.4,388.22,,,,0,0.0,0.0,0.0,0.0,0.0,0.0,0.0,0.0,0.0,0.998064472402146,0.998064472402146,0.0
2024-01-13,15:47:00.000000000,47.4,388.22,0.05541282254315466,25.887634032296496,2.1256883212680067,0,0.0,0.0,0.0,0.0,0.0,0.0,0.0,0.0,0.0,0.998064472402146,0.998064472402146,0.0
2024-01-13,15:48:00.000000000,47.4,388.22,,,,0,0.0,0.0,0.0,0.0,0.0,0.0,0.0,0.0,0.0,0.998064472402146,0.998064472402146,0.0
2024-01-13,15:49:00.000000000,47.4,388.22,,,,0,0.0,0.0,0.0,0.0,0.0,0.0,0.0,0.0,0.0,0.998064472402146,0.998064472402146,0.0
2024-01-13,15:50:00.000000000,47.4,388.22,0.05528820745882146,25.93601210033633,2.110115877117471,0,0.0,0.0,0.0,0.0,0.0,0.0,0.0,0.0,0.0,0.998064472402146,0.998064472402146,0.0
2024-01-13,15:51:00.000000000,47.4,388.22,,,,0,0.0,0.0,0.0,0.0,0.0,0.0,0.0,0.0,0.0,0.998064472402146,0.998064472402146,0.0
2024-01-13,15:52:00.000000000,47.4,388.22,,,,0,0.0,0.0,0.0,0.0,0.0,0.0,0.0,0.0,0.0,0.998064472402146,0.998064472402146,0.0
2024-01-13,15:53:00.000000000,47.4,388.22,0.055164549782671636,25.984018483371216,2.093830112606132,0,0.0,0.0,0.0,0.0,0.0,0.0,0.0,0.0,0.0,0.998064472402146,0.998064472402146,0.0
2024-01-13,15:54:00.000000000,47.4,388.22,,,,0,0.0,0.0,0.0,0.0,0.0,0.0,0.0,0.0,0.0,0.998064472402146,0.998064472402146,0.0
2024-01-13,15:55:00.000000000,47.4,388.22,,,,0,0.0,0.0,0.0,0.0,0.0,0.0,0.0,0.0,0.0,0.998064472402146,0.998064472402146,0.0
2024-01-13,15:56:00.000000000,47.4,388.22,0.05503586393871173,26.03397690171333,2.079356702059496,0,0.0,0.0,0.0,0.0,0.0,0.0,0.0,0.0,0.0,0.998064472402146,0.998064472402146,0.0
2024-01-13,15:57:00.000000000,47.4,388.22,,,,0,0.0,0.0,0.0,0.0,0.0,0.0,0.0,0.0,0.0,0.998064472402146,0.998064472402146,0.0
2024-01-13,15:58:00.000000000,47.4,388.22,,,,0,0.0,0.0,0.0,0.0,0.0,0.0,0.0,0.0,0.0,0.998064472402146,0.998064472402146,0.0
2024-01-13,15:59:00.000000000,47.4,388.22,0.054898052283773584,26.087478142393415,2.0690781153909574,0,0.0,0.0,0.0,0.0,0.0,0.0,0.0,0.0,0.0,0.998064472402146,0.998064472402146,0.0
2024-01-13,16:00:00.000000000,47.4,388.22,,,,0,0.0,0.0,0.0,0.0,0.0,0.0,0.0,0.0,0.0,0.998064472402146,0.998064472402146,0.0
2024-01-13,16:01:00.000000000,47.4,388.22,,,,0,0.0,0.0,0.0,0.0,0.0,0.0,0.0,0.0,0.0,0.998064472402146,0.998064472402146,0.0
2024-01-13,16:02:00.000000000,47.4,388.22,0.05475600613737829,26.142623297346997,2.0601826419817404,0,0.0,0.0,0.0,0.0,0.0,0.0,0.0,0.0,0.0,0.998064472402146,0.998064472402146,0.0
2024-01-13,16:03:00.000000000,47.4,388.22,,,,0,0.0,0.0,0.0,0.0,0.0,0.0,0.0,0.0,0.0,0.998064472402146,0.998064472402146,0.0
2024-01-13,16:04:00.000000000,47.4,388.22,,,,0,0.0,0.0,0.0,0.0,0.0,0.0,0.0,0.0,0.0,0.998064472402146,0.998064472402146,0.0
2024-01-13,16:05:00.000000000,47.4,388.22,0.054616583824333355,26.1967498277173,2.049667475685718,0,0.0,0.0,0.0,0.0,0.0,0.0,0.0,0.0,0.0,0.998064472402146,0.998064472402146,0.0
2024-01-13,16:06:00.000000000,47.4,388.22,,,,0,0.0,0.0,0.0,0.0,0.0,0.0,0.0,0.0,0.0,0.998064472402146,0.998064472402146,0.0
2024-01-13,16:07:00.000000000,47.4,388.22,,,,0,0.0,0.0,0.0,0.0,0.0,0.0,0.0,0.0,0.0,0.998064472402146,0.998064472402146,0.0
2024-01-13,16:08:00.000000000,47.4,388.22,0.0544746397933562,26.251855339423255,2.0395366576216034,0,0.0,0.0,0.0,0.0,0.0,0.0,0.0,0.0,0.0,0.998064472402146,0.998064472402146,0.0
2024-01-13,16:09:00.000000000,47.4,388.22,,,,0,0.0,0.0,0.0,0.0,0.0,0.0,0.0,0.0,0.0,0.998064472402146,0.998064472402146,0.0
2024-01-13,16:10:00.000000000,47.4,388.22,,,,0,0.0,0.0,0.0,0.0,0.0,0.0,0.0,0.0,0.0,0.998064472402146,0.998064472402146,0.0
2024-01-13,16:11:00.000000000,47.4,388.22,0.05433417621117994,26.306386111295723,2.0288550346378176,0,0.0,0.0,0.0,0.0,0.0,0.0,0.0,0.0,0.0,0.998064472402146,0.998064472402146,0.0
2024-01-13,16:12:00.000000000,47.4,388.22,,,,0,0.0,0.0,0.0,0.0,0.0,0.0,0.0,0.0,0.0,0.998064472402146,0.998064472402146,0.0
2024-01-13,16:13:00.000000000,47.4,388.22,,,,0,0.0,0.0,0.0,0.0,0.0,0.0,0.0,0.0,0.0,0.998064472402146,0.998064472402146,0.0
2024-01-13,16:14:00.000000000,47.4,388.22,0.054194038180745197,26.360790497471097,2.0170557385406997,0,0.0,0.0,0.0,0.0,0.0,0.0,0.0,0.0,0.0,0.998064472402146,0.998064472402146,0.0
2024-01-13,16:15:00.000000000,47.4,388.22,,,,0,0.0,0.0,0.0,0.0,0.0,0.0,0.0,0.0,0.0,0.998064472402146,0.998064472402146,0.0
2024-01-13,16:16:00.000000000,47.4,388.22,,,,0,0.0,0.0,0.0,0.0,0.0,0.0,0.0,0.0,0.0,0.998064472402146,0.998064472402146,0.0
2024-01-13,16:17:00.000000000,47.4,388.22,0.05405266872991027,26.41567294567423,2.005763076568018,0,0.0,0.0,0.0,0.0,0.0,0.0,0.0,0.0,0.0,0.998064472402146,0.998064472402146,0.0
2024-01-13,16:18:00.000000000,47.4,388.22,,,,0,0.0,0.0,0.0,0.0,0.0,0.0,0.0,0.0,0.0,0.998064472402146,0.998064472402146,0.0
2024-01-13,16:19:00.000000000,47.4,388.22,,,,0,0.0,0.0,0.0,0.0,0.0,0.0,0.0,0.0,0.0,0.998064472402146,0.998064472402146,0.0
2024-01-13,16:20:00.000000000,47.4,388.22,0.053917972925389336,26.46796455090535,1.991513053815602,0,0.0,0.0,0.0,0.0,0.0,0.0,0.0,0.0,0.0,0.998064472402146,0.998064472402146,0.0
2024-01-13,16:21:00.000000000,47.4,388.22,,,,0,0.0,0.0,0.0,0.0,0.0,0.0,0.0,0.0,0.0,0.998064472402146,0.998064472402146,0.0
2024-01-13,16:22:00.000000000,47.4,388.22,,,,0,0.0,0.0,0.0,0.0,0.0,0.0,0.0,0.0,0.0,0.998064472402146,0.998064472402146,0.0
2024-01-13,16:23:00.000000000,47.4,388.22,0.05378062222637009,26.521286839278602,1.9781342954145211,0,0.0,0.0,0.0,0.0,0.0,0.0,0.0,0.0,0.0,0.998064472402146,0.998064472402146,0.0
2024-01-13,16:24:00.000000000,47.4,388.22,,,,0,0.0,0.0,0.0,0.0,0.0,0.0,0.0,0.0,0.0,0.998064472402146,0.998064472402146,0.0
2024-01-13,16:25:00.000000000,47.4,388.22,,,,0,0.0,0.0,0.0,0.0,0.0,0.0,0.0,0.0,0.0,0.998064472402146,0.998064472402146,0.0
2024-01-13,16:26:00.000000000,47.4,388.22,0.05364672111331532,26.573269929388726,1.9630075779065546,0,0.0,0.0,0.0,0.0,0.0,0.0,0.0,0.0,0.0,0.998064472402146,0.998064472402146,0.0
2024-01-13,16:27:00.000000000,47.4,388.22,,,,0,0.0,0.0,0.0,0.0,0.0,0.0,0.0,0.0,0.0,0.998064472402146,0.998064472402146,0.0
2024-01-13,16:28:00.000000000,47.4,388.22,,,,0,0.0,0.0,0.0,0.0,0.0,0.0,0.0,0.0,0.0,0.998064472402146,0.998064472402146,0.0
2024-01-13,16:29:00.000000000,47.4,388.22,0.053515196263619565,26.62433050653761,1.947902973289098,0,0.0,0.0,0.0,0.0,0.0,0.0,0.0,0.0,0.0,0.998064472402146,0.998064472402146,0.0
2024-01-13,16:30:00.000000000,47.4,388.22,,,,0,0.0,0.0,0.0,0.0,0.0,0.0,0.0,0.0,0.0,0.998064472402146,0.998064472402146,0.0
2024-01-13,16:31:00.000000000,47.4,388.22,,,,0,0.0,0.0,0.0,0.0,0.0,0.0,0.0,0.0,0.0,0.998064472402146,0.998064472402146,0.0
2024-01-13,16:32:00.000000000,47.4,388.22,0.05338808250616356,26.67367860945718,1.931284526135454,0,0.0,0.0,0.0,0.0,0.0,0.0,0.0,0.0,0.0,0.998064472402146,0.998064472402146,0.0
2024-01-13,16:33:00.000000000,47.4,388.22,,,,0,0.0,0.0,0.0,0.0,0.0,0.0,0.0,0.0,0.0,0.998064472402146,0.998064472402146,0.0
2024-01-13,16:34:00.000000000,47.4,388.22,,,,0,0.0,0.0,0.0,0.0,0.0,0.0,0.0,0.0,0.0,0.998064472402146,0.998064472402146,0.0
2024-01-13,16:35:00.000000000,47.4,388.22,0.053257330510887525,26.724439149063244,1.9167440832996583,0,0.0,0.0,0.0,0.0,0.0,0.0,0.0,0.0,0.0,0.998064472402146,0.998064472402146,0.0
2024-01-13,16:36:00.000000000,47.4,388.22,,,,0,0.0,0.0,0.0,0.0,0.0,0.0,0.0,0.0,0.0,0.998064472402146,0.998064472402146,0.0
2024-01-13,16:37:00.000000000,47.4,388.22,,,,0,0.0,0.0,0.0,0.0,0.0,0.0,0.0,0.0,0.0,0.998064472402146,0.998064472402146,0.0
2024-01-13,16:38:00.000000000,47.4,388.22,0.053125685345093675,26.77554643532773,1.9038549766797126,0,0.0,0.0,0.0,0.0,0.0,0.0,0.0,0.0,0.0,0.998064472402146,0.998064472402146,0.0
2024-01-13,16:39:00.000000000,47.4,388.22,,,,0,0.0,0.0,0.0,0.0,0.0,0.0,0.0,0.0,0.0,0.998064472402146,0.998064472402146,0.0
2024-01-13,16:40:00.000000000,47.4,388.22,,,,0,0.0,0.0,0.0,0.0,0.0,0.0,0.0,0.0,0.0,0.998064472402146,0.998064472402146,0.0
2024-01-13,16:41:00.000000000,47.4,388.22,0.05299554438376746,26.826069759333794,1.8906238982542436,0,0.0,0.0,0.0,0.0,0.0,0.0,0.0,0.0,0.0,0.998064472402146,0.998064472402146,0.0
2024-01-13,16:42:00.000000000,47.4,388.22,,,,0,0.0,0.0,0.0,0.0,0.0,0.0,0.0,0.0,0.0,0.998064472402146,0.998064472402146,0.0
2024-01-13,16:43:00.000000000,47.4,388.22,,,,0,0.0,0.0,0.0,0.0,0.0,0.0,0.0,0.0,0.0,0.998064472402146,0.998064472402146,0.0
2024-01-13,16:44:00.000000000,47.4,388.22,0.05286601628271518,26.87635515872431,1.8775443251869817,0,0.0,0.0,0.0,0.0,0.0,0.0,0.0,0.0,0.0,0.998064472402146,0.998064472402146,0.0
2024-01-13,16:45:00.000000000,47.4,388.22,,,,0,0.0,0.0,0.0,0.0,0.0,0.0,0.0,0.0,0.0,0.998064472402146,0.998064472402146,0.0
2024-01-13,16:46:00.000000000,47.4,388.22,,,,0,0.0,0.0,0.0,0.0,0.0,0.0,0.0,0.0,0.0,0.998064472402146,0.998064472402146,0.0
2024-01-13,16:47:00.000000000,47.4,388.22,0.052725568414667044,26.930879830057957,1.869122373237126,0,0.0,0.0,0.0,0.0,0.0,0.0,0.0,0.0,0.0,0.998064472402146,0.998064472402146,0.0
2024-01-13,16:48:00.000000000,47.4,388.22,,,,0,0.0,0.0,0.0,0.0,0.0,0.0,0.0,0.0,0.0,0.998064472402146,0.998064472402146,0.0
2024-01-13,16:49:00.000000000,47.4,388.22,,,,0,0.0,0.0,0.0,0.0,0.0,0.0,0.0,0.0,0.0,0.998064472402146,0.998064472402146,0.0
2024-01-13,16:50:00.000000000,47.4,388.22,0.05258306863294019,26.986201095319956,1.8616274619876765,0,0.0,0.0,0.0,0.0,0.0,0.0,0.0,0.0,0.0,0.998064472402146,0.998064472402146,0.0
2024-01-13,16:51:00.000000000,47.4,388.22,,,,0,0.0,0.0,0.0,0.0,0.0,0.0,0.0,0.0,0.0,0.998064472402146,0.998064472402146,0.0
2024-01-13,16:52:00.000000000,47.4,388.22,,,,0,0.0,0.0,0.0,0.0,0.0,0.0,0.0,0.0,0.0,0.998064472402146,0.998064472402146,0.0
2024-01-13,16:53:00.000000000,47.4,388.22,0.05244481628067955,27.03987342351458,1.8525507604694622,0,0.0,0.0,0.0,0.0,0.0,0.0,0.0,0.0,0.0,0.998064472402146,0.998064472402146,0.0
2024-01-13,16:54:00.000000000,47.4,388.22,,,,0,0.0,0.0,0.0,0.0,0.0,0.0,0.0,0.0,0.0,0.998064472402146,0.998064472402146,0.0
2024-01-13,16:55:00.000000000,47.4,388.22,,,,0,0.0,0.0,0.0,0.0,0.0,0.0,0.0,0.0,0.0,0.998064472402146,0.998064472402146,0.0
2024-01-13,16:56:00.000000000,47.4,388.22,0.052309218269376845,27.092515283462518,1.8425803325712877,0,0.0,0.0,0.0,0.0,0.0,0.0,0.0,0.0,0.0,0.998064472402146,0.998064472402146,0.0
2024-01-13,16:57:00.000000000,47.4,388.22,,,,0,0.0,0.0,0.0,0.0,0.0,0.0,0.0,0.0,0.0,0.998064472402146,0.998064472402146,0.0
2024-01-13,16:58:00.000000000,47.4,388.22,,,,0,0.0,0.0,0.0,0.0,0.0,0.0,0.0,0.0,0.0,0.998064472402146,0.998064472402146,0.0
2024-01-13,16:59:00.000000000,47.4,388.22,0.052170616187858176,27.146323383549696,1.833753072424074,0,0.0,0.0,0.0,0.0,0.0,0.0,0.0,0.0,0.0,0.998064472402146,0.998064472402146,0.0
2024-01-13,17:00:00.000000000,47.4,388.22,,,,0,0.0,0.0,0.0,0.0,0.0,0.0,0.0,0.0,0.0,0.998064472402146,0.998064472402146,0.0
2024-01-13,17:01:00.000000000,47.4,388.22,,,,0,0.0,0.0,0.0,0.0,0.0,0.0,0.0,0.0,0.0,0.998064472402146,0.998064472402146,0.0
2024-01-13,17:02:00.000000000,47.4,388.22,0.05203553828225025,27.198763328064803,1.8237322405589713,0,0.0,0.0,0.0,0.0,0.0,0.0,0.0,0.0,0.0,0.998064472402146,0.998064472402146,0.0
2024-01-13,17:03:00.000000000,47.4,388.22,,,,0,0.0,0.0,0.0,0.0,0.0,0.0,0.0,0.0,0.0,0.998064472402146,0.998064472402146,0.0
2024-01-13,17:04:00.000000000,47.4,388.22,,,,0,0.0,0.0,0.0,0.0,0.0,0.0,0.0,0.0,0.0,0.998064472402146,0.998064472402146,0.0
2024-01-13,17:05:00.000000000,47.4,388.22,0.05189596784405234,27.252947363581995,1.8152952806836964,0,0.0,0.0,0.0,0.0,0.0,0.0,0.0,0.0,0.0,0.998064472402146,0.998064472402146,0.0
2024-01-13,17:06:00.000000000,47.4,388.22,,,,0,0.0,0.0,0.0,0.0,0.0,0.0,0.0,0.0,0.0,0.998064472402146,0.998064472402146,0.0
2024-01-13,17:07:00.000000000,47.4,388.22,,,,0,0.0,0.0,0.0,0.0,0.0,0.0,0.0,0.0,0.0,0.998064472402146,0.998064472402146,0.0
2024-01-13,17:08:00.000000000,47.4,388.22,0.051758321042167925,27.306384605009566,1.8070010427105674,0,0.0,0.0,0.0,0.0,0.0,0.0,0.0,0.0,0.0,0.998064472402146,0.998064472402146,0.0
2024-01-13,17:09:00.000000000,47.4,388.22,,,,0,0.0,0.0,0.0,0.0,0.0,0.0,0.0,0.0,0.0,0.998064472402146,0.998064472402146,0.0
2024-01-13,17:10:00.000000000,47.4,388.22,,,,0,0.0,0.0,0.0,0.0,0.0,0.0,0.0,0.0,0.0,0.998064472402146,0.998064472402146,0.0
2024-01-13,17:11:00.000000000,47.4,388.22,0.051627057187780115,27.35734385856,1.7963379565349222,0,0.0,0.0,0.0,0.0,0.0,0.0,0.0,0.0,0.0,0.998064472402146,0.998064472402146,0.0
2024-01-13,17:12:00.000000000,47.4,388.22,,,,0,0.0,0.0,0.0,0.0,0.0,0.0,0.0,0.0,0.0,0.998064472402146,0.998064472402146,0.0
2024-01-13,17:13:00.000000000,47.4,388.22,,,,0,0.0,0.0,0.0,0.0,0.0,0.0,0.0,0.0,0.0,0.998064472402146,0.998064472402146,0.0
2024-01-13,17:14:00.000000000,47.4,388.22,0.05149547916983892,27.408425076685134,1.7865678544311232,0,0.0,0.0,0.0,0.0,0.0,0.0,0.0,0.0,0.0,0.998064472402146,0.998064472402146,0.0
2024-01-13,17:15:00.000000000,47.4,388.22,,,,0,0.0,0.0,0.0,0.0,0.0,0.0,0.0,0.0,0.0,0.998064472402146,0.998064472402146,0.0
2024-01-13,17:16:00.000000000,47.4,388.22,,,,0,0.0,0.0,0.0,0.0,0.0,0.0,0.0,0.0,0.0,0.998064472402146,0.998064472402146,0.0
2024-01-13,17:17:00.000000000,47.4,388.22,0.05137177470211635,27.456449625144387,1.7743418067071763,0,0.0,0.0,0.0,0.0,0.0,0.0,0.0,0.0,0.0,0.998064472402146,0.998064472402146,0.0
2024-01-13,17:18:00.000000000,47.4,388.22,,,,0,0.0,0.0,0.0,0.0,0.0,0.0,0.0,0.0,0.0,0.998064472402146,0.998064472402146,0.0
2024-01-13,17:19:00.000000000,47.4,388.22,,,,0,0.0,0.0,0.0,0.0,0.0,0.0,0.0,0.0,0.0,0.998064472402146,0.998064472402146,0.0
2024-01-13,17:20:00.000000000,47.4,388.22,0.05124944082690699,27.503942082178167,1.7623493540255508,0,0.0,0.0,0.0,0.0,0.0,0.0,0.0,0.0,0.0,0.998064472402146,0.998064472402146,0.0
2024-01-13,17:21:00.000000000,47.4,388.22,,,,0,0.0,0.0,0.0,0.0,0.0,0.0,0.0,0.0,0.0,0.998064472402146,0.998064472402146,0.0
2024-01-13,17:22:00.000000000,47.4,388.22,,,,0,0.0,0.0,0.0,0.0,0.0,0.0,0.0,0.0,0.0,0.998064472402146,0.998064472402146,0.0
2024-01-13,17:23:00.000000000,47.4,388.22,0.05112360922273136,27.55279242755123,1.7526413664880016,0,0.0,0.0,0.0,0.0,0.0,0.0,0.0,0.0,0.0,0.998064472402146,0.998064472402146,0.0
2024-01-13,17:24:00.000000000,47.4,388.22,,,,0,0.0,0.0,0.0,0.0,0.0,0.0,0.0,0.0,0.0,0.998064472402146,0.998064472402146,0.0
2024-01-13,17:25:00.000000000,47.4,388.22,,,,0,0.0,0.0,0.0,0.0,0.0,0.0,0.0,0.0,0.0,0.998064472402146,0.998064472402146,0.0
2024-01-13,17:26:00.000000000,47.4,388.22,0.05099188249434599,27.603931378044997,1.7454999041775752,0,0.0,0.0,0.0,0.0,0.0,0.0,0.0,0.0,0.0,0.998064472402146,0.998064472402146,0.0
2024-01-13,17:27:00.000000000,47.4,388.22,,,,0,0.0,0.0,0.0,0.0,0.0,0.0,0.0,0.0,0.0,0.998064472402146,0.998064472402146,0.0
2024-01-13,17:28:00.000000000,47.4,388.22,,,,0,0.0,0.0,0.0,0.0,0.0,0.0,0.0,0.0,0.0,0.998064472402146,0.998064472402146,0.0
2024-01-13,17:29:00.000000000,47.4,388.22,0.050862032710592184,27.6543416610939,1.7382008903451893,0,0.0,0.0,0.0,0.0,0.0,0.0,0.0,0.0,0.0,0.998064472402146,0.998064472402146,0.0
2024-01-13,17:30:00.000000000,47.4,388.22,,,,0,0.0,0.0,0.0,0.0,0.0,0.0,0.0,0.0,0.0,0.998064472402146,0.998064472402146,0.0
2024-01-13,17:31:00.000000000,47.4,388.22,,,,0,0.0,0.0,0.0,0.0,0.0,0.0,0.0,0.0,0.0,0.998064472402146,0.998064472402146,0.0
2024-01-13,17:32:00.000000000,47.4,388.22,0.05073224744892762,27.704726895377316,1.7314200360462921,0,0.0,0.0,0.0,0.0,0.0,0.0,0.0,0.0,0.0,0.998064472402146,0.998064472402146,0.0
2024-01-13,17:33:00.000000000,47.4,388.22,,,,0,0.0,0.0,0.0,0.0,0.0,0.0,0.0,0.0,0.0,0.998064472402146,0.998064472402146,0.0
2024-01-13,17:34:00.000000000,47.4,388.22,,,,0,0.0,0.0,0.0,0.0,0.0,0.0,0.0,0.0,0.0,0.998064472402146,0.998064472402146,0.0
2024-01-13,17:35:00.000000000,47.4,388.22,0.050601801226717986,27.75536872776354,1.7251622890665246,0,0.0,0.0,0.0,0.0,0.0,0.0,0.0,0.0,0.0,0.998064472402146,0.998064472402146,0.0
2024-01-13,17:36:00.000000000,47.4,388.22,,,,0,0.0,0.0,0.0,0.0,0.0,0.0,0.0,0.0,0.0,0.998064472402146,0.998064472402146,0.0
2024-01-13,17:37:00.000000000,47.4,388.22,,,,0,0.0,0.0,0.0,0.0,0.0,0.0,0.0,0.0,0.0,0.998064472402146,0.998064472402146,0.0
2024-01-13,17:38:00.000000000,47.4,388.22,0.05047085503905186,27.806204656739283,1.7199688183287924,0,0.0,0.0,0.0,0.0,0.0,0.0,0.0,0.0,0.0,0.998064472402146,0.998064472402146,0.0
2024-01-13,17:39:00.000000000,47.4,388.22,,,,0,0.0,0.0,0.0,0.0,0.0,0.0,0.0,0.0,0.0,0.998064472402146,0.998064472402146,0.0
2024-01-13,17:40:00.000000000,47.4,388.22,,,,0,0.0,0.0,0.0,0.0,0.0,0.0,0.0,0.0,0.0,0.998064472402146,0.998064472402146,0.0
2024-01-13,17:41:00.000000000,47.4,388.22,0.0503354919295368,27.858755323115222,1.7165188341649034,0,0.0,0.0,0.0,0.0,0.0,0.0,0.0,0.0,0.0,0.998064472402146,0.998064472402146,0.0
2024-01-13,17:42:00.000000000,47.4,388.22,,,,0,0.0,0.0,0.0,0.0,0.0,0.0,0.0,0.0,0.0,0.998064472402146,0.998064472402146,0.0
2024-01-13,17:43:00.000000000,47.4,388.22,,,,0,0.0,0.0,0.0,0.0,0.0,0.0,0.0,0.0,0.0,0.998064472402146,0.998064472402146,0.0
2024-01-13,17:44:00.000000000,47.4,388.22,0.05020586749757222,27.90907812009251,1.7110627042834239,0,0.0,0.0,0.0,0.0,0.0,0.0,0.0,0.0,0.0,0.998064472402146,0.998064472402146,0.0
2024-01-13,17:45:00.000000000,47.4,388.22,,,,0,0.0,0.0,0.0,0.0,0.0,0.0,0.0,0.0,0.0,0.998064472402146,0.998064472402146,0.0
2024-01-13,17:46:00.000000000,47.4,388.22,,,,0,0.0,0.0,0.0,0.0,0.0,0.0,0.0,0.0,0.0,0.998064472402146,0.998064472402146,0.0
2024-01-13,17:47:00.000000000,47.4,388.22,0.05007259839874707,27.960815849638408,1.706587568390212,0,0.0,0.0,0.0,0.0,0.0,0.0,0.0,0.0,0.0,0.998064472402146,0.998064472402146,0.0
2024-01-13,17:48:00.000000000,47.4,388.22,,,,0,0.0,0.0,0.0,0.0,0.0,0.0,0.0,0.0,0.0,0.998064472402146,0.998064472402146,0.0
2024-01-13,17:49:00.000000000,47.4,388.22,,,,0,0.0,0.0,0.0,0.0,0.0,0.0,0.0,0.0,0.0,0.998064472402146,0.998064472402146,0.0
2024-01-13,17:50:00.000000000,47.4,388.22,0.04993050258825037,28.01598028518944,1.7051822527502873,0,0.0,0.0,0.0,0.0,0.0,0.0,0.0,0.0,0.0,0.998064472402146,0.998064472402146,0.0
2024-01-13,17:51:00.000000000,47.4,388.22,,,,0,0.0,0.0,0.0,0.0,0.0,0.0,0.0,0.0,0.0,0.998064472402146,0.998064472402146,0.0
2024-01-13,17:52:00.000000000,47.4,388.22,,,,0,0.0,0.0,0.0,0.0,0.0,0.0,0.0,0.0,0.0,0.998064472402146,0.998064472402146,0.0
2024-01-13,17:53:00.000000000,47.4,388.22,0.049781072501094384,28.073992033625135,1.7063173723043437,0,0.0,0.0,0.0,0.0,0.0,0.0,0.0,0.0,0.0,0.998064472402146,0.998064472402146,0.0
2024-01-13,17:54:00.000000000,47.4,388.22,,,,0,0.0,0.0,0.0,0.0,0.0,0.0,0.0,0.0,0.0,0.998064472402146,0.998064472402146,0.0
2024-01-13,17:55:00.000000000,47.4,388.22,,,,0,0.0,0.0,0.0,0.0,0.0,0.0,0.0,0.0,0.0,0.998064472402146,0.998064472402146,0.0
2024-01-13,17:56:00.000000000,47.4,388.22,0.04963525771454275,28.13060025006021,1.70667736885345,0,0.0,0.0,0.0,0.0,0.0,0.0,0.0,0.0,0.0,0.998064472402146,0.998064472402146,0.0
2024-01-13,17:57:00.000000000,47.4,388.22,,,,0,0.0,0.0,0.0,0.0,0.0,0.0,0.0,0.0,0.0,0.998064472402146,0.998064472402146,0.0
2024-01-13,17:58:00.000000000,47.4,388.22,,,,0,0.0,0.0,0.0,0.0,0.0,0.0,0.0,0.0,0.0,0.998064472402146,0.998064472402146,0.0
2024-01-13,17:59:00.000000000,47.4,388.22,0.04948751787451577,28.187955810755486,1.7081654940316375,0,0.0,0.0,0.0,0.0,0.0,0.0,0.0,0.0,0.0,0.998064472402146,0.998064472402146,0.0
2024-01-13,18:00:00.000000000,47.4,388.22,,,,0,0.0,0.0,0.0,0.0,0.0,0.0,0.0,0.0,0.0,0.998064472402146,0.998064472402146,0.0
2024-01-13,18:01:00.000000000,47.4,388.22,,,,0,0.0,0.0,0.0,0.0,0.0,0.0,0.0,0.0,0.0,0.998064472402146,0.998064472402146,0.0
2024-01-13,18:02:00.000000000,47.4,388.22,0.04933978266852515,28.245309572425164,1.70938430110227,0,0.0,0.0,0.0,0.0,0.0,0.0,0.0,0.0,0.0,0.998064472402146,0.998064472402146,0.0
2024-01-13,18:03:00.000000000,47.4,388.22,,,,0,0.0,0.0,0.0,0.0,0.0,0.0,0.0,0.0,0.0,0.998064472402146,0.998064472402146,0.0
2024-01-13,18:04:00.000000000,47.4,388.22,,,,0,0.0,0.0,0.0,0.0,0.0,0.0,0.0,0.0,0.0,0.998064472402146,0.998064472402146,0.0
2024-01-13,18:05:00.000000000,47.4,388.22,0.049202676997708195,28.29853673594972,1.707374870709061,0,0.0,0.0,0.0,0.0,0.0,0.0,0.0,0.0,0.0,0.998064472402146,0.998064472402146,0.0
2024-01-13,18:06:00.000000000,47.4,388.22,,,,0,0.0,0.0,0.0,0.0,0.0,0.0,0.0,0.0,0.0,0.998064472402146,0.998064472402146,0.0
2024-01-13,18:07:00.000000000,47.4,388.22,,,,0,0.0,0.0,0.0,0.0,0.0,0.0,0.0,0.0,0.0,0.998064472402146,0.998064472402146,0.0
2024-01-13,18:08:00.000000000,47.4,388.22,0.049066992370145404,28.35121222206215,1.7052948246228574,0,0.0,0.0,0.0,0.0,0.0,0.0,0.0,0.0,0.0,0.998064472402146,0.998064472402146,0.0
2024-01-13,18:09:00.000000000,47.4,388.22,,,,0,0.0,0.0,0.0,0.0,0.0,0.0,0.0,0.0,0.0,0.998064472402146,0.998064472402146,0.0
2024-01-13,18:10:00.000000000,47.4,388.22,,,,0,0.0,0.0,0.0,0.0,0.0,0.0,0.0,0.0,0.0,0.998064472402146,0.998064472402146,0.0
2024-01-13,18:11:00.000000000,47.4,388.22,0.04894009371679097,28.400476817267407,1.7018379842212954,0,0.0,0.0,0.0,0.0,0.0,0.0,0.0,0.0,0.0,0.998064472402146,0.998064472402146,0.0
2024-01-13,18:12:00.000000000,47.4,388.22,,,,0,0.0,0.0,0.0,0.0,0.0,0.0,0.0,0.0,0.0,0.998064472402146,0.998064472402146,0.0
2024-01-13,18:13:00.000000000,47.4,388.22,,,,0,0.0,0.0,0.0,0.0,0.0,0.0,0.0,0.0,0.0,0.998064472402146,0.998064472402146,0.0
2024-01-13,18:14:00.000000000,47.4,388.22,0.04881351028813543,28.44961903594006,1.698003537573662,0,0.0,0.0,0.0,0.0,0.0,0.0,0.0,0.0,0.0,0.998064472402146,0.998064472402146,0.0
2024-01-13,18:15:00.000000000,47.4,388.22,,,,0,0.0,0.0,0.0,0.0,0.0,0.0,0.0,0.0,0.0,0.998064472402146,0.998064472402146,0.0
2024-01-13,18:16:00.000000000,47.4,388.22,,,,0,0.0,0.0,0.0,0.0,0.0,0.0,0.0,0.0,0.0,0.998064472402146,0.998064472402146,0.0
2024-01-13,18:17:00.000000000,47.4,388.22,0.04869211760924303,28.496746101739667,1.6922314672546266,0,0.0,0.0,0.0,0.0,0.0,0.0,0.0,0.0,0.0,0.998064472402146,0.998064472402146,0.0
2024-01-13,18:18:00.000000000,47.4,388.22,,,,0,0.0,0.0,0.0,0.0,0.0,0.0,0.0,0.0,0.0,0.998064472402146,0.998064472402146,0.0
2024-01-13,18:19:00.000000000,47.4,388.22,,,,0,0.0,0.0,0.0,0.0,0.0,0.0,0.0,0.0,0.0,0.998064472402146,0.998064472402146,0.0
2024-01-13,18:20:00.000000000,47.4,388.22,0.04857306800407076,28.542963539459645,1.686016231316098,0,0.0,0.0,0.0,0.0,0.0,0.0,0.0,0.0,0.0,0.998064472402146,0.998064472402146,0.0
2024-01-13,18:21:00.000000000,47.4,388.22,,,,0,0.0,0.0,0.0,0.0,0.0,0.0,0.0,0.0,0.0,0.998064472402146,0.998064472402146,0.0
2024-01-13,18:22:00.000000000,47.4,388.22,,,,0,0.0,0.0,0.0,0.0,0.0,0.0,0.0,0.0,0.0,0.998064472402146,0.998064472402146,0.0
2024-01-13,18:23:00.000000000,47.4,388.22,0.04845238023553074,28.589816944962255,1.6832393865699116,0,0.0,0.0,0.0,0.0,0.0,0.0,0.0,0.0,0.0,0.998064472402146,0.998064472402146,0.0
2024-01-13,18:24:00.000000000,47.4,388.22,,,,0,0.0,0.0,0.0,0.0,0.0,0.0,0.0,0.0,0.0,0.998064472402146,0.998064472402146,0.0
2024-01-13,18:25:00.000000000,47.4,388.22,,,,0,0.0,0.0,0.0,0.0,0.0,0.0,0.0,0.0,0.0,0.998064472402146,0.998064472402146,0.0
2024-01-13,18:26:00.000000000,47.4,388.22,0.048337191219842646,28.634535624632687,1.6788260337606118,0,0.0,0.0,0.0,0.0,0.0,0.0,0.0,0.0,0.0,0.998064472402146,0.998064472402146,0.0
2024-01-13,18:27:00.000000000,47.4,388.22,,,,0,0.0,0.0,0.0,0.0,0.0,0.0,0.0,0.0,0.0,0.998064472402146,0.998064472402146,0.0
2024-01-13,18:28:00.000000000,47.4,388.22,,,,0,0.0,0.0,0.0,0.0,0.0,0.0,0.0,0.0,0.0,0.998064472402146,0.998064472402146,0.0
2024-01-13,18:29:00.000000000,47.4,388.22,0.04821517154123848,28.681906104260396,1.6765698297576415,0,0.0,0.0,0.0,0.0,0.0,0.0,0.0,0.0,0.0,0.998064472402146,0.998064472402146,0.0
2024-01-13,18:30:00.000000000,47.4,388.22,,,,0,0.0,0.0,0.0,0.0,0.0,0.0,0.0,0.0,0.0,0.998064472402146,0.998064472402146,0.0
2024-01-13,18:31:00.000000000,47.4,388.22,,,,0,0.0,0.0,0.0,0.0,0.0,0.0,0.0,0.0,0.0,0.998064472402146,0.998064472402146,0.0
2024-01-13,18:32:00.000000000,47.4,388.22,0.04809692253364443,28.727812733988557,1.673034959682582,0,0.0,0.0,0.0,0.0,0.0,0.0,0.0,0.0,0.0,0.998064472402146,0.998064472402146,0.0
2024-01-13,18:33:00.000000000,47.4,388.22,,,,0,0.0,0.0,0.0,0.0,0.0,0.0,0.0,0.0,0.0,0.998064472402146,0.998064472402146,0.0
2024-01-13,18:34:00.000000000,47.4,388.22,,,,0,0.0,0.0,0.0,0.0,0.0,0.0,0.0,0.0,0.0,0.998064472402146,0.998064472402146,0.0
2024-01-13,18:35:00.000000000,47.4,388.22,0.04797932160794424,28.773467765363883,1.6695673154078459,0,0.0,0.0,0.0,0.0,0.0,0.0,0.0,0.0,0.0,0.998064472402146,0.998064472402146,0.0
2024-01-13,18:36:00.000000000,47.4,388.22,,,,0,0.0,0.0,0.0,0.0,0.0,0.0,0.0,0.0,0.0,0.998064472402146,0.998064472402146,0.0
2024-01-13,18:37:00.000000000,47.4,388.22,,,,0,0.0,0.0,0.0,0.0,0.0,0.0,0.0,0.0,0.0,0.998064472402146,0.998064472402146,0.0
2024-01-13,18:38:00.000000000,47.4,388.22,0.04786448688010334,28.81804890340628,1.6655356974092637,0,0.0,0.0,0.0,0.0,0.0,0.0,0.0,0.0,0.0,0.998064472402146,0.998064472402146,0.0
2024-01-13,18:39:00.000000000,47.4,388.22,,,,0,0.0,0.0,0.0,0.0,0.0,0.0,0.0,0.0,0.0,0.998064472402146,0.998064472402146,0.0
2024-01-13,18:40:00.000000000,47.4,388.22,,,,0,0.0,0.0,0.0,0.0,0.0,0.0,0.0,0.0,0.0,0.998064472402146,0.998064472402146,0.0
2024-01-13,18:41:00.000000000,47.4,388.22,0.047754314940398467,28.860819853838503,1.660331055947792,0,0.0,0.0,0.0,0.0,0.0,0.0,0.0,0.0,0.0,0.998064472402146,0.998064472402146,0.0
2024-01-13,18:42:00.000000000,47.4,388.22,,,,0,0.0,0.0,0.0,0.0,0.0,0.0,0.0,0.0,0.0,0.998064472402146,0.998064472402146,0.0
2024-01-13,18:43:00.000000000,47.4,388.22,,,,0,0.0,0.0,0.0,0.0,0.0,0.0,0.0,0.0,0.0,0.998064472402146,0.998064472402146,0.0
2024-01-13,18:44:00.000000000,47.4,388.22,0.047641458328971514,28.904633047526676,1.6562730109018435,0,0.0,0.0,0.0,0.0,0.0,0.0,0.0,0.0,0.0,0.998064472402146,0.998064472402146,0.0
2024-01-13,18:45:00.000000000,47.4,388.22,,,,0,0.0,0.0,0.0,0.0,0.0,0.0,0.0,0.0,0.0,0.998064472402146,0.998064472402146,0.0
2024-01-13,18:46:00.000000000,47.4,388.22,,,,0,0.0,0.0,0.0,0.0,0.0,0.0,0.0,0.0,0.0,0.998064472402146,0.998064472402146,0.0
2024-01-13,18:47:00.000000000,47.4,388.22,0.04752603407843189,28.94944305007117,1.6532177749099344,0,0.0,0.0,0.0,0.0,0.0,0.0,0.0,0.0,0.0,0.998064472402146,0.998064472402146,0.0
2024-01-13,18:48:00.000000000,47.4,388.22,,,,0,0.0,0.0,0.0,0.0,0.0,0.0,0.0,0.0,0.0,0.998064472402146,0.998064472402146,0.0
2024-01-13,18:49:00.000000000,47.4,388.22,,,,0,0.0,0.0,0.0,0.0,0.0,0.0,0.0,0.0,0.0,0.998064472402146,0.998064472402146,0.0
2024-01-13,18:50:00.000000000,47.4,388.22,0.04741121532907846,28.99401798494516,1.6500365901394678,0,0.0,0.0,0.0,0.0,0.0,0.0,0.0,0.0,0.0,0.998064472402146,0.998064472402146,0.0
2024-01-13,18:51:00.000000000,47.4,388.22,,,,0,0.0,0.0,0.0,0.0,0.0,0.0,0.0,0.0,0.0,0.998064472402146,0.998064472402146,0.0
2024-01-13,18:52:00.000000000,47.4,388.22,,,,0,0.0,0.0,0.0,0.0,0.0,0.0,0.0,0.0,0.0,0.998064472402146,0.998064472402146,0.0
2024-01-13,18:53:00.000000000,47.4,388.22,0.047300012412159566,29.037189181351412,1.6458600697466301,0,0.0,0.0,0.0,0.0,0.0,0.0,0.0,0.0,0.0,0.998064472402146,0.998064472402146,0.0
2024-01-13,18:54:00.000000000,47.4,388.22,,,,0,0.0,0.0,0.0,0.0,0.0,0.0,0.0,0.0,0.0,0.998064472402146,0.998064472402146,0.0
2024-01-13,18:55:00.000000000,47.4,388.22,,,,0,0.0,0.0,0.0,0.0,0.0,0.0,0.0,0.0,0.0,0.998064472402146,0.998064472402146,0.0
2024-01-13,18:56:00.000000000,47.4,388.22,0.04718950955983929,29.080088598679186,1.641676006556879,0,0.0,0.0,0.0,0.0,0.0,0.0,0.0,0.0,0.0,0.998064472402146,0.998064472402146,0.0
2024-01-13,18:57:00.000000000,47.4,388.22,,,,0,0.0,0.0,0.0,0.0,0.0,0.0,0.0,0.0,0.0,0.998064472402146,0.998064472402146,0.0
2024-01-13,18:58:00.000000000,47.4,388.22,,,,0,0.0,0.0,0.0,0.0,0.0,0.0,0.0,0.0,0.0,0.998064472402146,0.998064472402146,0.0
2024-01-13,18:59:00.000000000,47.4,388.22,0.047075588070743454,29.124315199175975,1.6388251921617318,0,0.0,0.0,0.0,0.0,0.0,0.0,0.0,0.0,0.0,0.998064472402146,0.998064472402146,0.0
2024-01-13,19:00:00.000000000,47.4,388.22,,,,0,0.0,0.0,0.0,0.0,0.0,0.0,0.0,0.0,0.0,0.998064472402146,0.998064472402146,0.0
2024-01-13,19:01:00.000000000,47.4,388.22,,,,0,0.0,0.0,0.0,0.0,0.0,0.0,0.0,0.0,0.0,0.998064472402146,0.998064472402146,0.0
2024-01-13,19:02:00.000000000,47.4,388.22,0.04696903633679425,29.165680713329735,1.633836193803847,0,0.0,0.0,0.0,0.0,0.0,0.0,0.0,0.0,0.0,0.998064472402146,0.998064472402146,0.0
2024-01-13,19:03:00.000000000,47.4,388.22,,,,0,0.0,0.0,0.0,0.0,0.0,0.0,0.0,0.0,0.0,0.998064472402146,0.998064472402146,0.0
2024-01-13,19:04:00.000000000,47.4,388.22,,,,0,0.0,0.0,0.0,0.0,0.0,0.0,0.0,0.0,0.0,0.998064472402146,0.998064472402146,0.0
2024-01-13,19:05:00.000000000,47.4,388.22,0.04686516409327764,29.206005995707752,1.6283197235906541,0,0.0,0.0,0.0,0.0,0.0,0.0,0.0,0.0,0.0,0.998064472402146,0.998064472402146,0.0
2024-01-13,19:06:00.000000000,47.4,388.22,,,,0,0.0,0.0,0.0,0.0,0.0,0.0,0.0,0.0,0.0,0.998064472402146,0.998064472402146,0.0
2024-01-13,19:07:00.000000000,47.4,388.22,,,,0,0.0,0.0,0.0,0.0,0.0,0.0,0.0,0.0,0.0,0.998064472402146,0.998064472402146,0.0
2024-01-13,19:08:00.000000000,47.4,388.22,0.046763181755239004,29.245597578981112,1.6225350008105812,0,0.0,0.0,0.0,0.0,0.0,0.0,0.0,0.0,0.0,0.998064472402146,0.998064472402146,0.0
2024-01-13,19:09:00.000000000,47.4,388.22,,,,0,0.0,0.0,0.0,0.0,0.0,0.0,0.0,0.0,0.0,0.998064472402146,0.998064472402146,0.0
2024-01-13,19:10:00.000000000,47.4,388.22,,,,0,0.0,0.0,0.0,0.0,0.0,0.0,0.0,0.0,0.0,0.998064472402146,0.998064472402146,0.0
2024-01-13,19:11:00.000000000,47.4,388.22,0.04666091088415484,29.285301176553407,1.6172338272979137,0,0.0,0.0,0.0,0.0,0.0,0.0,0.0,0.0,0.0,0.998064472402146,0.998064472402146,0.0
2024-01-13,19:12:00.000000000,47.4,388.22,,,,0,0.0,0.0,0.0,0.0,0.0,0.0,0.0,0.0,0.0,0.998064472402146,0.998064472402146,0.0
2024-01-13,19:13:00.000000000,47.4,388.22,,,,0,0.0,0.0,0.0,0.0,0.0,0.0,0.0,0.0,0.0,0.998064472402146,0.998064472402146,0.0
2024-01-13,19:14:00.000000000,47.4,388.22,0.04656308647763825,29.323278567651275,1.6108145261953934,0,0.0,0.0,0.0,0.0,0.0,0.0,0.0,0.0,0.0,0.998064472402146,0.998064472402146,0.0
2024-01-13,19:15:00.000000000,47.4,388.22,,,,0,0.0,0.0,0.0,0.0,0.0,0.0,0.0,0.0,0.0,0.998064472402146,0.998064472402146,0.0
2024-01-13,19:16:00.000000000,47.4,388.22,,,,0,0.0,0.0,0.0,0.0,0.0,0.0,0.0,0.0,0.0,0.998064472402146,0.998064472402146,0.0
2024-01-13,19:17:00.000000000,47.4,388.22,0.04646673648315101,29.360683562511113,1.6042919668366022,0,0.0,0.0,0.0,0.0,0.0,0.0,0.0,0.0,0.0,0.998064472402146,0.998064472402146,0.0
2024-01-13,19:18:00.000000000,47.4,388.22,,,,0,0.0,0.0,0.0,0.0,0.0,0.0,0.0,0.0,0.0,0.998064472402146,0.998064472402146,0.0
2024-01-13,19:19:00.000000000,47.4,388.22,,,,0,0.0,0.0,0.0,0.0,0.0,0.0,0.0,0.0,0.0,0.998064472402146,0.998064472402146,0.0
2024-01-13,19:20:00.000000000,47.4,388.22,0.04637349443541448,29.396881990283386,1.5971864502328128,0,0.0,0.0,0.0,0.0,0.0,0.0,0.0,0.0,0.0,0.998064472402146,0.998064472402146,0.0
2024-01-13,19:21:00.000000000,47.4,388.22,,,,0,0.0,0.0,0.0,0.0,0.0,0.0,0.0,0.0,0.0,0.998064472402146,0.998064472402146,0.0
2024-01-13,19:22:00.000000000,47.4,388.22,,,,0,0.0,0.0,0.0,0.0,0.0,0.0,0.0,0.0,0.0,0.998064472402146,0.998064472402146,0.0
2024-01-13,19:23:00.000000000,47.4,388.22,0.04627397353837134,29.435517992933477,1.592522401013147,0,0.0,0.0,0.0,0.0,0.0,0.0,0.0,0.0,0.0,0.998064472402146,0.998064472402146,0.0
2024-01-13,19:24:00.000000000,47.4,388.22,,,,0,0.0,0.0,0.0,0.0,0.0,0.0,0.0,0.0,0.0,0.998064472402146,0.998064472402146,0.0
2024-01-13,19:25:00.000000000,47.4,388.22,,,,0,0.0,0.0,0.0,0.0,0.0,0.0,0.0,0.0,0.0,0.998064472402146,0.998064472402146,0.0
2024-01-13,19:26:00.000000000,47.4,388.22,0.046177939607733406,29.472800285485736,1.5870963012905555,0,0.0,0.0,0.0,0.0,0.0,0.0,0.0,0.0,0.0,0.998064472402146,0.998064472402146,0.0
2024-01-13,19:27:00.000000000,47.4,388.22,,,,0,0.0,0.0,0.0,0.0,0.0,0.0,0.0,0.0,0.0,0.998064472402146,0.998064472402146,0.0
2024-01-13,19:28:00.000000000,47.4,388.22,,,,0,0.0,0.0,0.0,0.0,0.0,0.0,0.0,0.0,0.0,0.998064472402146,0.998064472402146,0.0
2024-01-13,19:29:00.000000000,47.4,388.22,0.04607157318888097,29.514093856612625,1.585434298699425,0,0.0,0.0,0.0,0.0,0.0,0.0,0.0,0.0,0.0,0.998064472402146,0.998064472402146,0.0
2024-01-13,19:30:00.000000000,47.4,388.22,,,,0,0.0,0.0,0.0,0.0,0.0,0.0,0.0,0.0,0.0,0.998064472402146,0.998064472402146,0.0
2024-01-13,19:31:00.000000000,47.4,388.22,,,,0,0.0,0.0,0.0,0.0,0.0,0.0,0.0,0.0,0.0,0.998064472402146,0.998064472402146,0.0
2024-01-13,19:32:00.000000000,47.4,388.22,0.04595071102229778,29.561014966923555,1.5887721805617734,0,0.0,0.0,0.0,0.0,0.0,0.0,0.0,0.0,0.0,0.998064472402146,0.998064472402146,0.0
2024-01-13,19:33:00.000000000,47.4,388.22,,,,0,0.0,0.0,0.0,0.0,0.0,0.0,0.0,0.0,0.0,0.998064472402146,0.998064472402146,0.0
2024-01-13,19:34:00.000000000,47.4,388.22,,,,0,0.0,0.0,0.0,0.0,0.0,0.0,0.0,0.0,0.0,0.998064472402146,0.998064472402146,0.0
2024-01-13,19:35:00.000000000,47.4,388.22,0.04584920608727828,29.600421212796824,1.5858644370154265,0,0.0,0.0,0.0,0.0,0.0,0.0,0.0,0.0,0.0,0.998064472402146,0.998064472402146,0.0
2024-01-13,19:36:00.000000000,47.4,388.22,,,,0,0.0,0.0,0.0,0.0,0.0,0.0,0.0,0.0,0.0,0.998064472402146,0.998064472402146,0.0
2024-01-13,19:37:00.000000000,47.4,388.22,,,,0,0.0,0.0,0.0,0.0,0.0,0.0,0.0,0.0,0.0,0.998064472402146,0.998064472402146,0.0
2024-01-13,19:38:00.000000000,47.4,388.22,0.0457426156131608,29.641801766658713,1.584962918318334,0,0.0,0.0,0.0,0.0,0.0,0.0,0.0,0.0,0.0,0.998064472402146,0.998064472402146,0.0
2024-01-13,19:39:00.000000000,47.4,388.22,,,,0,0.0,0.0,0.0,0.0,0.0,0.0,0.0,0.0,0.0,0.998064472402146,0.998064472402146,0.0
2024-01-13,19:40:00.000000000,47.4,388.22,,,,0,0.0,0.0,0.0,0.0,0.0,0.0,0.0,0.0,0.0,0.998064472402146,0.998064472402146,0.0
2024-01-13,19:41:00.000000000,47.4,388.22,0.04564139180747191,29.681098872503252,1.5825494093265997,0,0.0,0.0,0.0,0.0,0.0,0.0,0.0,0.0,0.0,0.998064472402146,0.998064472402146,0.0
2024-01-13,19:42:00.000000000,47.4,388.22,,,,0,0.0,0.0,0.0,0.0,0.0,0.0,0.0,0.0,0.0,0.998064472402146,0.998064472402146,0.0
2024-01-13,19:43:00.000000000,47.4,388.22,,,,0,0.0,0.0,0.0,0.0,0.0,0.0,0.0,0.0,0.0,0.998064472402146,0.998064472402146,0.0
2024-01-13,19:44:00.000000000,47.4,388.22,0.045542524506669534,29.71948113602075,1.5797429939288914,0,0.0,0.0,0.0,0.0,0.0,0.0,0.0,0.0,0.0,0.998064472402146,0.998064472402146,0.0
2024-01-13,19:45:00.000000000,47.4,388.22,,,,0,0.0,0.0,0.0,0.0,0.0,0.0,0.0,0.0,0.0,0.998064472402146,0.998064472402146,0.0
2024-01-13,19:46:00.000000000,47.4,388.22,,,,0,0.0,0.0,0.0,0.0,0.0,0.0,0.0,0.0,0.0,0.998064472402146,0.998064472402146,0.0
2024-01-13,19:47:00.000000000,47.4,388.22,0.04544787585367414,29.756225636086622,1.5759567845094014,0,0.0,0.0,0.0,0.0,0.0,0.0,0.0,0.0,0.0,0.998064472402146,0.998064472402146,0.0
2024-01-13,19:48:00.000000000,47.4,388.22,,,,0,0.0,0.0,0.0,0.0,0.0,0.0,0.0,0.0,0.0,0.998064472402146,0.998064472402146,0.0
2024-01-13,19:49:00.000000000,47.4,388.22,,,,0,0.0,0.0,0.0,0.0,0.0,0.0,0.0,0.0,0.0,0.998064472402146,0.998064472402146,0.0
2024-01-13,19:50:00.000000000,47.4,388.22,0.04535055633256749,29.794007020570646,1.5734965072369256,0,0.0,0.0,0.0,0.0,0.0,0.0,0.0,0.0,0.0,0.998064472402146,0.998064472402146,0.0
2024-01-13,19:51:00.000000000,47.4,388.22,,,,0,0.0,0.0,0.0,0.0,0.0,0.0,0.0,0.0,0.0,0.998064472402146,0.998064472402146,0.0
2024-01-13,19:52:00.000000000,47.4,388.22,,,,0,0.0,0.0,0.0,0.0,0.0,0.0,0.0,0.0,0.0,0.998064472402146,0.998064472402146,0.0
2024-01-13,19:53:00.000000000,47.4,388.22,0.045241882306676605,29.836196450902005,1.5751665542389013,0,0.0,0.0,0.0,0.0,0.0,0.0,0.0,0.0,0.0,0.998064472402146,0.998064472402146,0.0
2024-01-13,19:54:00.000000000,47.4,388.22,,,,0,0.0,0.0,0.0,0.0,0.0,0.0,0.0,0.0,0.0,0.998064472402146,0.998064472402146,0.0
2024-01-13,19:55:00.000000000,47.4,388.22,,,,0,0.0,0.0,0.0,0.0,0.0,0.0,0.0,0.0,0.0,0.998064472402146,0.998064472402146,0.0
2024-01-13,19:56:00.000000000,47.4,388.22,0.04512436148763294,29.881820383271137,1.5799494789029833,0,0.0,0.0,0.0,0.0,0.0,0.0,0.0,0.0,0.0,0.998064472402146,0.998064472402146,0.0
2024-01-13,19:57:00.000000000,47.4,388.22,,,,0,0.0,0.0,0.0,0.0,0.0,0.0,0.0,0.0,0.0,0.998064472402146,0.998064472402146,0.0
2024-01-13,19:58:00.000000000,47.4,388.22,,,,0,0.0,0.0,0.0,0.0,0.0,0.0,0.0,0.0,0.0,0.998064472402146,0.998064472402146,0.0
2024-01-13,19:59:00.000000000,47.4,388.22,0.04499854537701759,29.930664713734227,1.587569624540997,1,0.0,0.0,0.0,0.0,0.0,0.0,0.0,0.0,0.0,0.998064472402146,0.998064472402146,0.0
2024-01-13,20:00:00.000000000,47.4,388.22,,,,0,0.0,0.0,0.0,0.0,0.0,0.0,0.0,0.0,0.0,0.998064472402146,0.998064472402146,0.0
2024-01-13,20:01:00.000000000,47.4,388.22,,,,0,0.0,0.0,0.0,0.0,0.0,0.0,0.0,0.0,0.0,0.998064472402146,0.998064472402146,0.0
2024-01-13,20:02:00.000000000,47.4,388.22,0.044875354373193906,29.97848992523866,1.5941847534114595,0,0.0,0.0,0.0,0.0,0.0,0.0,0.0,0.0,0.0,0.998064472402146,0.998064472402146,0.0
2024-01-13,20:03:00.000000000,47.4,388.22,,,,0,0.0,0.0,0.0,0.0,0.0,0.0,0.0,0.0,0.0,0.998064472402146,0.998064472402146,0.0
2024-01-13,20:04:00.000000000,47.4,388.22,,,,0,0.0,0.0,0.0,0.0,0.0,0.0,0.0,0.0,0.0,0.998064472402146,0.998064472402146,0.0
2024-01-13,20:05:00.000000000,47.4,388.22,0.04475151048191539,30.026568600710803,1.6009463867476499,0,0.0,0.0,0.0,0.0,0.0,0.0,0.0,0.0,0.0,0.998064472402146,0.998064472402146,0.0
2024-01-13,20:06:00.000000000,47.4,388.22,,,,0,0.0,0.0,0.0,0.0,0.0,0.0,0.0,0.0,0.0,0.998064472402146,0.998064472402146,0.0
2024-01-13,20:07:00.000000000,47.4,388.22,,,,0,0.0,0.0,0.0,0.0,0.0,0.0,0.0,0.0,0.0,0.998064472402146,0.998064472402146,0.0
2024-01-13,20:08:00.000000000,47.4,388.22,0.04463386801418326,30.072239759533772,1.6054915760032589,0,0.0,0.0,0.0,0.0,0.0,0.0,0.0,0.0,0.0,0.998064472402146,0.998064472402146,0.0
2024-01-13,20:09:00.000000000,47.4,388.22,,,,0,0.0,0.0,0.0,0.0,0.0,0.0,0.0,0.0,0.0,0.998064472402146,0.998064472402146,0.0
2024-01-13,20:10:00.000000000,47.4,388.22,,,,0,0.0,0.0,0.0,0.0,0.0,0.0,0.0,0.0,0.0,0.998064472402146,0.998064472402146,0.0
2024-01-13,20:11:00.000000000,47.4,388.22,0.04450443465168472,30.122488379522956,1.6140593669220786,0,0.0,0.0,0.0,0.0,0.0,0.0,0.0,0.0,0.0,0.998064472402146,0.998064472402146,0.0
2024-01-13,20:12:00.000000000,47.4,388.22,,,,0,0.0,0.0,0.0,0.0,0.0,0.0,0.0,0.0,0.0,0.998064472402146,0.998064472402146,0.0
2024-01-13,20:13:00.000000000,47.4,388.22,,,,0,0.0,0.0,0.0,0.0,0.0,0.0,0.0,0.0,0.0,0.998064472402146,0.998064472402146,0.0
2024-01-13,20:14:00.000000000,47.4,388.22,0.044380513001222324,30.170597242665465,1.620581311049221,0,0.0,0.0,0.0,0.0,0.0,0.0,0.0,0.0,0.0,0.998064472402146,0.998064472402146,0.0
2024-01-13,20:15:00.000000000,47.4,388.22,,,,0,0.0,0.0,0.0,0.0,0.0,0.0,0.0,0.0,0.0,0.998064472402146,0.998064472402146,0.0
2024-01-13,20:16:00.000000000,47.4,388.22,,,,0,0.0,0.0,0.0,0.0,0.0,0.0,0.0,0.0,0.0,0.998064472402146,0.998064472402146,0.0
2024-01-13,20:17:00.000000000,47.4,388.22,0.04426749690235747,30.21447235256678,1.6232313285879059,0,0.0,0.0,0.0,0.0,0.0,0.0,0.0,0.0,0.0,0.998064472402146,0.998064472402146,0.0
2024-01-13,20:18:00.000000000,47.4,388.22,,,,0,0.0,0.0,0.0,0.0,0.0,0.0,0.0,0.0,0.0,0.998064472402146,0.998064472402146,0.0
2024-01-13,20:19:00.000000000,47.4,388.22,,,,0,0.0,0.0,0.0,0.0,0.0,0.0,0.0,0.0,0.0,0.998064472402146,0.998064472402146,0.0
2024-01-13,20:20:00.000000000,47.4,388.22,0.04415813398475198,30.256929224439585,1.6246952536941326,0,0.0,0.0,0.0,0.0,0.0,0.0,0.0,0.0,0.0,0.998064472402146,0.998064472402146,0.0
2024-01-13,20:21:00.000000000,47.4,388.22,,,,0,0.0,0.0,0.0,0.0,0.0,0.0,0.0,0.0,0.0,0.998064472402146,0.998064472402146,0.0
2024-01-13,20:22:00.000000000,47.4,388.22,,,,0,0.0,0.0,0.0,0.0,0.0,0.0,0.0,0.0,0.0,0.998064472402146,0.998064472402146,0.0
2024-01-13,20:23:00.000000000,47.4,388.22,0.0440596551742728,30.29516066824381,1.6225172987557486,0,0.0,0.0,0.0,0.0,0.0,0.0,0.0,0.0,0.0,0.998064472402146,0.998064472402146,0.0
2024-01-13,20:24:00.000000000,47.4,388.22,,,,0,0.0,0.0,0.0,0.0,0.0,0.0,0.0,0.0,0.0,0.998064472402146,0.998064472402146,0.0
2024-01-13,20:25:00.000000000,47.4,388.22,,,,0,0.0,0.0,0.0,0.0,0.0,0.0,0.0,0.0,0.0,0.998064472402146,0.998064472402146,0.0
2024-01-13,20:26:00.000000000,47.4,388.22,0.04395702594817174,30.335003386400764,1.622134905560863,0,0.0,0.0,0.0,0.0,0.0,0.0,0.0,0.0,0.0,0.998064472402146,0.998064472402146,0.0
2024-01-13,20:27:00.000000000,47.4,388.22,,,,0,0.0,0.0,0.0,0.0,0.0,0.0,0.0,0.0,0.0,0.998064472402146,0.998064472402146,0.0
2024-01-13,20:28:00.000000000,47.4,388.22,,,,0,0.0,0.0,0.0,0.0,0.0,0.0,0.0,0.0,0.0,0.998064472402146,0.998064472402146,0.0
2024-01-13,20:29:00.000000000,47.4,388.22,0.04385610559779064,30.374182684825715,1.6213966348633706,0,0.0,0.0,0.0,0.0,0.0,0.0,0.0,0.0,0.0,0.998064472402146,0.998064472402146,0.0
2024-01-13,20:30:00.000000000,47.4,388.22,,,,0,0.0,0.0,0.0,0.0,0.0,0.0,0.0,0.0,0.0,0.998064472402146,0.998064472402146,0.0
2024-01-13,20:31:00.000000000,47.4,388.22,,,,0,0.0,0.0,0.0,0.0,0.0,0.0,0.0,0.0,0.0,0.998064472402146,0.998064472402146,0.0
2024-01-13,20:32:00.000000000,47.4,388.22,0.04375805802129426,30.41224671497314,1.6198989740610064,0,0.0,0.0,0.0,0.0,0.0,0.0,0.0,0.0,0.0,0.998064472402146,0.998064472402146,0.0
2024-01-13,20:33:00.000000000,47.4,388.22,,,,0,0.0,0.0,0.0,0.0,0.0,0.0,0.0,0.0,0.0,0.998064472402146,0.998064472402146,0.0
2024-01-13,20:34:00.000000000,47.4,388.22,,,,0,0.0,0.0,0.0,0.0,0.0,0.0,0.0,0.0,0.0,0.998064472402146,0.998064472402146,0.0
2024-01-13,20:35:00.000000000,47.4,388.22,0.04366001129621639,30.45031041458287,1.6187032761805749,0,0.0,0.0,0.0,0.0,0.0,0.0,0.0,0.0,0.0,0.998064472402146,0.998064472402146,0.0
2024-01-13,20:36:00.000000000,47.4,388.22,,,,0,0.0,0.0,0.0,0.0,0.0,0.0,0.0,0.0,0.0,0.998064472402146,0.998064472402146,0.0
2024-01-13,20:37:00.000000000,47.4,388.22,,,,0,0.0,0.0,0.0,0.0,0.0,0.0,0.0,0.0,0.0,0.998064472402146,0.998064472402146,0.0
2024-01-13,20:38:00.000000000,47.4,388.22,0.043560638103377666,30.48888907550672,1.6182810855091945,0,0.0,0.0,0.0,0.0,0.0,0.0,0.0,0.0,0.0,0.998064472402146,0.998064472402146,0.0
2024-01-13,20:39:00.000000000,47.4,388.22,,,,0,0.0,0.0,0.0,0.0,0.0,0.0,0.0,0.0,0.0,0.998064472402146,0.998064472402146,0.0
2024-01-13,20:40:00.000000000,47.4,388.22,,,,0,0.0,0.0,0.0,0.0,0.0,0.0,0.0,0.0,0.0,0.998064472402146,0.998064472402146,0.0
2024-01-13,20:41:00.000000000,47.4,388.22,0.043472573489689734,30.52307751983265,1.6139862904054465,0,0.0,0.0,0.0,0.0,0.0,0.0,0.0,0.0,0.0,0.998064472402146,0.998064472402146,0.0
2024-01-13,20:42:00.000000000,47.4,388.22,,,,0,0.0,0.0,0.0,0.0,0.0,0.0,0.0,0.0,0.0,0.998064472402146,0.998064472402146,0.0
2024-01-13,20:43:00.000000000,47.4,388.22,,,,0,0.0,0.0,0.0,0.0,0.0,0.0,0.0,0.0,0.0,0.998064472402146,0.998064472402146,0.0
2024-01-13,20:44:00.000000000,47.4,388.22,0.04338441722224289,30.557301545980863,1.6100202481999781,0,0.0,0.0,0.0,0.0,0.0,0.0,0.0,0.0,0.0,0.998064472402146,0.998064472402146,0.0
2024-01-13,20:45:00.000000000,47.4,388.22,,,,0,0.0,0.0,0.0,0.0,0.0,0.0,0.0,0.0,0.0,0.998064472402146,0.998064472402146,0.0
2024-01-13,20:46:00.000000000,47.4,388.22,,,,0,0.0,0.0,0.0,0.0,0.0,0.0,0.0,0.0,0.0,0.998064472402146,0.998064472402146,0.0
2024-01-13,20:47:00.000000000,47.4,388.22,0.04329616418820137,30.59156313885646,1.606409654716738,0,0.0,0.0,0.0,0.0,0.0,0.0,0.0,0.0,0.0,0.998064472402146,0.998064472402146,0.0
2024-01-13,20:48:00.000000000,47.4,388.22,,,,0,0.0,0.0,0.0,0.0,0.0,0.0,0.0,0.0,0.0,0.998064472402146,0.998064472402146,0.0
2024-01-13,20:49:00.000000000,47.4,388.22,,,,0,0.0,0.0,0.0,0.0,0.0,0.0,0.0,0.0,0.0,0.998064472402146,0.998064472402146,0.0
2024-01-13,20:50:00.000000000,47.4,388.22,0.04320780924253645,30.6258642958625,1.6031675741765408,0,0.0,0.0,0.0,0.0,0.0,0.0,0.0,0.0,0.0,0.998064472402146,0.998064472402146,0.0
2024-01-13,20:51:00.000000000,47.4,388.22,,,,0,0.0,0.0,0.0,0.0,0.0,0.0,0.0,0.0,0.0,0.998064472402146,0.998064472402146,0.0
2024-01-13,20:52:00.000000000,47.4,388.22,,,,0,0.0,0.0,0.0,0.0,0.0,0.0,0.0,0.0,0.0,0.998064472402146,0.998064472402146,0.0
2024-01-13,20:53:00.000000000,47.4,388.22,0.04311934720684978,30.660207027356776,1.600252732740786,0,0.0,0.0,0.0,0.0,0.0,0.0,0.0,0.0,0.0,0.998064472402146,0.998064472402146,0.0
2024-01-13,20:54:00.000000000,47.4,388.22,,,,0,0.0,0.0,0.0,0.0,0.0,0.0,0.0,0.0,0.0,0.998064472402146,0.998064472402146,0.0
2024-01-13,20:55:00.000000000,47.4,388.22,,,,0,0.0,0.0,0.0,0.0,0.0,0.0,0.0,0.0,0.0,0.998064472402146,0.998064472402146,0.0
2024-01-13,20:56:00.000000000,47.4,388.22,0.04303077286857184,30.694593356963036,1.5976867096080498,0,0.0,0.0,0.0,0.0,0.0,0.0,0.0,0.0,0.0,0.998064472402146,0.998064472402146,0.0
2024-01-13,20:57:00.000000000,47.4,388.22,,,,0,0.0,0.0,0.0,0.0,0.0,0.0,0.0,0.0,0.0,0.998064472402146,0.998064472402146,0.0
2024-01-13,20:58:00.000000000,47.4,388.22,,,,0,0.0,0.0,0.0,0.0,0.0,0.0,0.0,0.0,0.0,0.998064472402146,0.998064472402146,0.0
2024-01-13,20:59:00.000000000,47.4,388.22,0.042942080979095854,30.729025322295406,1.595413470040053,1,0.0,0.0,0.0,0.0,0.0,0.0,0.0,0.0,0.0,0.998064472402146,0.998064472402146,0.0
2024-01-16,14:29:00.000000000,47.4,393.68,0.04275811587384883,30.56698494278319,1.4051365709270165,0,0.0,0.0,0.0,0.0,0.0,0.0,0.0,0.0,0.0,0.998064472402146,0.998064472402146,0.0
2024-01-16,14:30:00.000000000,47.47,392.63,,,,0,0.0,0.0,0.0,0.0,0.0,0.0,0.0,0.0,0.0,0.998064472402146,0.998064472402146,0.0
2024-01-16,14:31:00.000000000,47.41,392.58,,,,0,0.0,0.0,0.0,0.0,0.0,0.0,0.0,0.0,0.0,0.998064472402146,0.998064472402146,0.0
2024-01-16,14:32:00.000000000,47.41,392.6214,0.04259978815643929,30.684411534315384,1.490797416687214,0,0.0,0.0,0.0,0.0,0.0,0.0,0.0,0.0,0.0,0.998064472402146,0.998064472402146,0.0
2024-01-16,14:33:00.000000000,47.42,392.92,,,,0,0.0,0.0,0.0,0.0,0.0,0.0,0.0,0.0,0.0,0.998064472402146,0.998064472402146,0.0
2024-01-16,14:34:00.000000000,47.49,393.46,,,,0,0.0,0.0,0.0,0.0,0.0,0.0,0.0,0.0,0.0,0.998064472402146,0.998064472402146,0.0
2024-01-16,14:35:00.000000000,47.55,393.4,0.042464613296715206,30.844421129072234,1.615433370676371,0,0.0,0.0,0.0,0.0,0.0,0.0,0.0,0.0,0.0,0.998064472402146,0.998064472402146,0.0
2024-01-16,14:36:00.000000000,47.51,393.07,,,,0,0.0,0.0,0.0,0.0,0.0,0.0,0.0,0.0,0.0,0.998064472402146,0.998064472402146,0.0
2024-01-16,14:37:00.000000000,47.54,392.6799,,,,0,0.0,0.0,0.0,0.0,0.0,0.0,0.0,0.0,0.0,0.998064472402146,0.998064472402146,0.0
2024-01-16,14:38:00.000000000,47.57,391.83,0.04236129051616553,30.97157553705086,1.7034938201169796,0,0.0,0.0,0.0,0.0,0.0,0.0,0.0,0.0,0.0,0.998064472402146,0.998064472402146,0.0
2024-01-16,14:39:00.000000000,47.585,391.16,,,,0,0.0,0.0,0.0,0.0,0.0,0.0,0.0,0.0,0.0,0.998064472402146,0.998064472402146,0.0
2024-01-16,14:40:00.000000000,47.52,390.7,,,,0,0.0,0.0,0.0,0.0,0.0,0.0,0.0,0.0,0.0,0.998064472402146,0.998064472402146,0.0
2024-01-16,14:41:00.000000000,47.44,390.24,0.04225250127403864,30.95138390281916,1.6449573543113074,0,0.0,0.0,0.0,0.0,0.0,0.0,0.0,0.0,0.0,0.998064472402146,0.998064472402146,0.0
2024-01-16,14:42:00.000000000,47.52,390.52,,,,0,0.0,0.0,0.0,0.0,0.0,0.0,0.0,0.0,0.0,0.998064472402146,0.998064472402146,0.0
2024-01-16,14:43:00.000000000,47.52,391.15,,,,0,0.0,0.0,0.0,0.0,0.0,0.0,0.0,0.0,0.0,0.998064472402146,0.998064472402146,0.0
2024-01-16,14:44:00.000000000,47.44,391.2103,0.04212841466467237,30.95893026050912,1.6160459168072936,0,0.0,0.0,0.0,0.0,0.0,0.0,0.0,0.0,0.0,0.998064472402146,0.998064472402146,0.0
2024-01-16,14:45:00.000000000,47.405,391.13,,,,0,0.0,0.0,0.0,0.0,0.0,0.0,0.0,0.0,0.0,0.998064472402146,0.998064472402146,0.0
2024-01-16,14:46:00.000000000,47.45,390.56,,,,0,0.0,0.0,0.0,0.0,0.0,0.0,0.0,0.0,0.0,0.998064472402146,0.998064472402146,0.0
2024-01-16,14:47:00.000000000,47.44,390.1998,0.042020307004181974,31.043684611029594,1.6642650978866558,0,0.0,0.0,0.0,0.0,0.0,0.0,0.0,0.0,0.0,0.998064472402146,0.998064472402146,0.0
2024-01-16,14:48:00.000000000,47.525,390.5202,,,,0,0.0,0.0,0.0,0.0,0.0,0.0,0.0,0.0,0.0,0.998064472402146,0.998064472402146,0.0
2024-01-16,14:49:00.000000000,47.41,389.9201,,,,0,0.0,0.0,0.0,0.0,0.0,0.0,0.0,0.0,0.0,0.998064472402146,0.998064472402146,0.0
2024-01-16,14:50:00.000000000,47.42,389.725,0.041915016892545565,31.08467004155268,1.6675861892408321,0,0.0,0.0,0.0,0.0,0.0,0.0,0.0,0.0,0.0,0.998064472402146,0.998064472402146,0.0
2024-01-16,14:51:00.000000000,47.49,389.73,,,,0,0.0,0.0,0.0,0.0,0.0,0.0,0.0,0.0,0.0,0.998064472402146,0.998064472402146,0.0
2024-01-16,14:52:00.000000000,47.58,390.17,,,,0,0.0,0.0,0.0,0.0,0.0,0.0,0.0,0.0,0.0,0.998064472402146,0.998064472402146,0.0
2024-01-16,14:53:00.000000000,47.57,390.1349,0.04183489006689187,31.248749347242146,1.7919460037982449,0,0.0,0.0,0.0,0.0,0.0,0.0,0.0,0.0,0.0,0.998064472402146,0.998064472402146,0.0
2024-01-16,14:54:00.000000000,47.55,390.2,,,,0,0.0,0.0,0.0,0.0,0.0,0.0,0.0,0.0,0.0,0.998064472402146,0.998064472402146,0.0
2024-01-16,14:55:00.000000000,47.565,390.655,,,,0,0.0,0.0,0.0,0.0,0.0,0.0,0.0,0.0,0.0,0.998064472402146,0.998064472402146,0.0
2024-01-16,14:56:00.000000000,47.58,390.6,0.041751048758359076,31.27204035498494,1.771708649754174,0,0.0,0.0,0.0,0.0,0.0,0.0,0.0,0.0,0.0,0.998064472402146,0.998064472402146,0.0
2024-01-16,14:57:00.000000000,47.6,391.18,,,,0,0.0,0.0,0.0,0.0,0.0,0.0,0.0,0.0,0.0,0.998064472402146,0.998064472402146,0.0
2024-01-16,14:58:00.000000000,47.6,391.285,,,,0,0.0,0.0,0.0,0.0,0.0,0.0,0.0,0.0,0.0,0.998064472402146,0.998064472402146,0.0
2024-01-16,14:59:00.000000000,47.68,391.93,0.04167328571480329,31.346989129797144,1.8031644750589382,0,0.0,0.0,0.0,0.0,0.0,0.0,0.0,0.0,0.0,0.998064472402146,0.998064472402146,0.0
2024-01-16,15:00:00.000000000,47.69,391.1377,,,,0,0.0,0.0,0.0,0.0,0.0,0.0,0.0,0.0,0.0,0.998064472402146,0.998064472402146,0.0
2024-01-16,15:01:00.000000000,47.73,391.62,,,,0,0.0,0.0,0.0,0.0,0.0,0.0,0.0,0.0,0.0,0.998064472402146,0.998064472402146,0.0
2024-01-16,15:02:00.000000000,47.755,391.765,0.04161547303203878,31.45151420760333,1.8615939479120966,0,0.0,0.0,0.0,0.0,0.0,0.0,0.0,0.0,0.0,0.998064472402146,0.998064472402146,0.0
2024-01-16,15:03:00.000000000,47.74,391.63,,,,0,0.0,0.0,0.0,0.0,0.0,0.0,0.0,0.0,0.0,0.998064472402146,0.998064472402146,0.0
2024-01-16,15:04:00.000000000,47.615,391.168,,,,0,0.0,0.0,0.0,0.0,0.0,0.0,0.0,0.0,0.0,0.998064472402146,0.998064472402146,0.0
2024-01-16,15:05:00.000000000,47.665,391.73,0.04153649885455284,31.393907303706012,1.7577997230657514,0,0.0,0.0,0.0,0.0,0.0,0.0,0.0,0.0,0.0,0.998064472402146,0.998064472402146,0.0
2024-01-16,15:06:00.000000000,47.64,391.66,,,,0,0.0,0.0,0.0,0.0,0.0,0.0,0.0,0.0,0.0,0.998064472402146,0.998064472402146,0.0
2024-01-16,15:07:00.000000000,47.61,391.46,,,,0,0.0,0.0,0.0,0.0,0.0,0.0,0.0,0.0,0.0,0.998064472402146,0.998064472402146,0.0
2024-01-16,15:08:00.000000000,47.62,391.59,0.04144865420770514,31.389121498804744,1.7110379546615209,0,0.0,0.0,0.0,0.0,0.0,0.0,0.0,0.0,0.0,0.998064472402146,0.998064472402146,0.0
2024-01-16,15:09:00.000000000,47.665,391.785,,,,0,0.0,0.0,0.0,0.0,0.0,0.0,0.0,0.0,0.0,0.998064472402146,0.998064472402146,0.0
2024-01-16,15:10:00.000000000,47.615,391.68,,,,0,0.0,0.0,0.0,0.0,0.0,0.0,0.0,0.0,0.0,0.998064472402146,0.998064472402146,0.0
2024-01-16,15:11:00.000000000,47.64,391.42,0.0413675954233898,31.447895799376763,1.7291655323271287,0,0.0,0.0,0.0,0.0,0.0,0.0,0.0,0.0,0.0,0.998064472402146,0.998064472402146,0.0
2024-01-16,15:12:00.000000000,47.68,391.716,,,,0,0.0,0.0,0.0,0.0,0.0,0.0,0.0,0.0,0.0,0.998064472402146,0.998064472402146,0.0
2024-01-16,15:13:00.000000000,47.715,391.78,,,,0,0.0,0.0,0.0,0.0,0.0,0.0,0.0,0.0,0.0,0.998064472402146,0.998064472402146,0.0
2024-01-16,15:14:00.000000000,47.715,391.74,0.04130013320687847,31.536085817537433,1.7751466455718652,0,0.0,0.0,0.0,0.0,0.0,0.0,0.0,0.0,0.0,0.998064472402146,0.998064472402146,0.0
2024-01-16,15:15:00.000000000,47.72,391.2,,,,0,0.0,0.0,0.0,0.0,0.0,0.0,0.0,0.0,0.0,0.998064472402146,0.998064472402146,0.0
2024-01-16,15:16:00.000000000,47.715,391.5312,,,,0,0.0,0.0,0.0,0.0,0.0,0.0,0.0,0.0,0.0,0.998064472402146,0.998064472402146,0.0
2024-01-16,15:17:00.000000000,47.74,391.31,0.04124298685209559,31.601206814906476,1.7955632607556586,0,0.0,0.0,0.0,0.0,0.0,0.0,0.0,0.0,0.0,0.998064472402146,0.998064472402146,0.0
2024-01-16,15:18:00.000000000,47.725,391.2499,,,,0,0.0,0.0,0.0,0.0,0.0,0.0,0.0,0.0,0.0,0.998064472402146,0.998064472402146,0.0
2024-01-16,15:19:00.000000000,47.73,390.876,,,,0,0.0,0.0,0.0,0.0,0.0,0.0,0.0,0.0,0.0,0.998064472402146,0.998064472402146,0.0
2024-01-16,15:20:00.000000000,47.78,391.585,0.04119208430030298,31.64979766926586,1.7981351833047705,0,0.0,0.0,0.0,0.0,0.0,0.0,0.0,0.0,0.0,0.998064472402146,0.998064472402146,0.0
2024-01-16,15:21:00.000000000,47.775,391.71,,,,0,0.0,0.0,0.0,0.0,0.0,0.0,0.0,0.0,0.0,0.998064472402146,0.998064472402146,0.0
2024-01-16,15:22:00.000000000,47.775,391.8169,,,,0,0.0,0.0,0.0,0.0,0.0,0.0,0.0,0.0,0.0,0.998064472402146,0.998064472402146,0.0
2024-01-16,15:23:00.000000000,47.745,391.56,0.04113311076817472,31.638919147613503,1.7415910502909813,0,0.0,0.0,0.0,0.0,0.0,0.0,0.0,0.0,0.0,0.998064472402146,0.998064472402146,0.0
2024-01-16,15:24:00.000000000,47.785,391.99,,,,0,0.0,0.0,0.0,0.0,0.0,0.0,0.0,0.0,0.0,0.998064472402146,0.998064472402146,0.0
2024-01-16,15:25:00.000000000,47.755,392.16,,,,0,0.0,0.0,0.0,0.0,0.0,0.0,0.0,0.0,0.0,0.998064472402146,0.998064472402146,0.0
2024-01-16,15:26:00.000000000,47.755,392.3677,0.04106749050332905,31.64144320643694,1.7008803413378653,0,0.0,0.0,0.0,0.0,0.0,0.0,0.0,0.0,0.0,0.998064472402146,0.998064472402146,0.0
2024-01-16,15:27:00.000000000,47.77,392.305,,,,0,0.0,0.0,0.0,0.0,0.0,0.0,0.0,0.0,0.0,0.998064472402146,0.998064472402146,0.0
2024-01-16,15:28:00.000000000,47.76,392.34,,,,0,0.0,0.0,0.0,0.0,0.0,0.0,0.0,0.0,0.0,0.998064472402146,0.998064472402146,0.0
2024-01-16,15:29:00.000000000,47.71,392.12,0.04099366770302266,31.635563020290757,1.6535815300465593,0,0.0,0.0,0.0,0.0,0.0,0.0,0.0,0.0,0.0,0.998064472402146,0.998064472402146,0.0
2024-01-16,15:30:00.000000000,47.72,392.39,,,,0,0.0,0.0,0.0,0.0,0.0,0.0,0.0,0.0,0.0,0.998064472402146,0.998064472402146,0.0
2024-01-16,15:31:00.000000000,47.745,392.53,,,,0,0.0,0.0,0.0,0.0,0.0,0.0,0.0,0.0,0.0,0.998064472402146,0.998064472402146,0.0
2024-01-16,15:32:00.000000000,47.755,392.375,0.04092772229118212,31.695984965997418,1.674215354579992,0,0.0,0.0,0.0,0.0,0.0,0.0,0.0,0.0,0.0,0.998064472402146,0.998064472402146,0.0
2024-01-16,15:33:00.000000000,47.73,392.28,,,,0,0.0,0.0,0.0,0.0,0.0,0.0,0.0,0.0,0.0,0.998064472402146,0.998064472402146,0.0
2024-01-16,15:34:00.000000000,47.78,392.48,,,,0,0.0,0.0,0.0,0.0,0.0,0.0,0.0,0.0,0.0,0.998064472402146,0.998064472402146,0.0
2024-01-16,15:35:00.000000000,47.79,392.18,0.04087228301439342,31.76070804741519,1.6980231868781985,0,0.0,0.0,0.0,0.0,0.0,0.0,0.0,0.0,0.0,0.998064472402146,0.998064472402146,0.0
2024-01-16,15:36:00.000000000,47.74,391.7762,,,,0,0.0,0.0,0.0,0.0,0.0,0.0,0.0,0.0,0.0,0.998064472402146,0.998064472402146,0.0
2024-01-16,15:37:00.000000000,47.74,391.52,,,,0,0.0,0.0,0.0,0.0,0.0,0.0,0.0,0.0,0.0,0.998064472402146,0.998064472402146,0.0
2024-01-16,15:38:00.000000000,47.78,391.66,0.04081948706766977,31.79263969507646,1.6880385216430647,0,0.0,0.0,0.0,0.0,0.0,0.0,0.0,0.0,0.0,0.998064472402146,0.998064472402146,0.0
2024-01-16,15:39:00.000000000,47.795,391.8821,,,,0,0.0,0.0,0.0,0.0,0.0,0.0,0.0,0.0,0.0,0.998064472402146,0.998064472402146,0.0
2024-01-16,15:40:00.000000000,47.81,392.2,,,,0,0.0,0.0,0.0,0.0,0.0,0.0,0.0,0.0,0.0,0.998064472402146,0.998064472402146,0.0
2024-01-16,15:41:00.000000000,47.81,392.6199,0.040763944561582,31.805264162626134,1.6592877062300797,0,0.0,0.0,0.0,0.0,0.0,0.0,0.0,0.0,0.0,0.998064472402146,0.998064472402146,0.0
2024-01-16,15:42:00.000000000,47.8,392.32,,,,0,0.0,0.0,0.0,0.0,0.0,0.0,0.0,0.0,0.0,0.998064472402146,0.998064472402146,0.0
2024-01-16,15:43:00.000000000,47.745,392.216,,,,0,0.0,0.0,0.0,0.0,0.0,0.0,0.0,0.0,0.0,0.998064472402146,0.998064472402146,0.0
2024-01-16,15:44:00.000000000,47.73,392.26,0.040692576317859726,31.76793001355634,1.5819081167474645,0,0.0,0.0,0.0,0.0,0.0,0.0,0.0,0.0,0.0,0.998064472402146,0.998064472402146,0.0
2024-01-16,15:45:00.000000000,47.75,392.53,,,,0,0.0,0.0,0.0,0.0,0.0,0.0,0.0,0.0,0.0,0.998064472402146,0.998064472402146,0.0
2024-01-16,15:46:00.000000000,47.74,392.49,,,,0,0.0,0.0,0.0,0.0,0.0,0.0,0.0,0.0,0.0,0.998064472402146,0.998064472402146,0.0
2024-01-16,15:47:00.000000000,47.775,392.5077,0.04062924301749903,31.827709270460396,1.6051475809391031,0,0.0,0.0,0.0,0.0,0.0,0.0,0.0,0.0,0.0,0.998064472402146,0.998064472402146,0.0
2024-01-16,15:48:00.000000000,47.72,392.43,,,,0,0.0,0.0,0.0,0.0,0.0,0.0,0.0,0.0,0.0,0.998064472402146,0.998064472402146,0.0
2024-01-16,15:49:00.000000000,47.735,392.525,,,,0,0.0,0.0,0.0,0.0,0.0,0.0,0.0,0.0,0.0,0.998064472402146,0.998064472402146,0.0
2024-01-16,15:50:00.000000000,47.705,392.3,0.040551086189700346,31.79680888778055,1.536244424487599,0,0.0,0.0,0.0,0.0,0.0,0.0,0.0,0.0,0.0,0.998064472402146,0.998064472402146,0.0
2024-01-16,15:51:00.000000000,47.7,392.45,,,,0,0.0,0.0,0.0,0.0,0.0,0.0,0.0,0.0,0.0,0.998064472402146,0.998064472402146,0.0
2024-01-16,15:52:00.000000000,47.705,392.4599,,,,0,0.0,0.0,0.0,0.0,0.0,0.0,0.0,0.0,0.0,0.998064472402146,0.998064472402146,0.0
2024-01-16,15:53:00.000000000,47.7087,392.32,0.04047346095163339,31.830151799455187,1.5349855838571294,0,0.0,0.0,0.0,0.0,0.0,0.0,0.0,0.0,0.0,0.998064472402146,0.998064472402146,0.0
2024-01-16,15:54:00.000000000,47.7,392.415,,,,0,0.0,0.0,0.0,0.0,0.0,0.0,0.0,0.0,0.0,0.998064472402146,0.998064472402146,0.0
2024-01-16,15:55:00.000000000,47.715,392.59,,,,0,0.0,0.0,0.0,0.0,0.0,0.0,0.0,0.0,0.0,0.998064472402146,0.998064472402146,0.0
2024-01-16,15:56:00.000000000,47.69,392.808,0.04038505733958425,31.826426396552588,1.4962062497310136,0,0.0,0.0,0.0,0.0,0.0,0.0,0.0,0.0,0.0,0.998064472402146,0.998064472402146,0.0
2024-01-16,15:57:00.000000000,47.695,392.935,,,,0,0.0,0.0,0.0,0.0,0.0,0.0,0.0,0.0,0.0,0.998064472402146,0.998064472402146,0.0
2024-01-16,15:58:00.000000000,47.675,392.88,,,,0,0.0,0.0,0.0,0.0,0.0,0.0,0.0,0.0,0.0,0.998064472402146,0.998064472402146,0.0
2024-01-16,15:59:00.000000000,47.645,392.81,0.040285328621764684,31.82052006408462,1.456628661271649,0,0.0,0.0,0.0,0.0,0.0,0.0,0.0,0.0,0.0,0.998064472402146,0.998064472402146,0.0
2024-01-16,16:00:00.000000000,47.49,391.21,,,,0,0.0,0.0,0.0,0.0,0.0,0.0,0.0,0.0,0.0,0.998064472402146,0.998064472402146,0.0
2024-01-16,16:01:00.000000000,47.51,391.24,,,,0,0.0,0.0,0.0,0.0,0.0,0.0,0.0,0.0,0.0,0.998064472402146,0.998064472402146,0.0
2024-01-16,16:02:00.000000000,47.46,391.0575,0.04016749740167796,31.752198884843324,1.3538873806398692,0,0.0,0.0,0.0,0.0,0.0,0.0,0.0,0.0,0.0,0.998064472402146,0.998064472402146,0.0
2024-01-16,16:03:00.000000000,47.485,391.05,,,,0,0.0,0.0,0.0,0.0,0.0,0.0,0.0,0.0,0.0,0.998064472402146,0.998064472402146,0.0
2024-01-16,16:04:00.000000000,47.455,390.675,,,,0,0.0,0.0,0.0,0.0,0.0,0.0,0.0,0.0,0.0,0.998064472402146,0.998064472402146,0.0
2024-01-16,16:05:00.000000000,47.515,391.01,0.04006200269010846,31.85035632814069,1.4274272195074627,0,0.0,0.0,0.0,0.0,0.0,0.0,0.0,0.0,0.0,0.998064472402146,0.998064472402146,0.0
2024-01-16,16:06:00.000000000,47.56,391.67,,,,0,0.0,0.0,0.0,0.0,0.0,0.0,0.0,0.0,0.0,0.998064472402146,0.998064472402146,0.0
2024-01-16,16:07:00.000000000,47.49,391.39,,,,0,0.0,0.0,0.0,0.0,0.0,0.0,0.0,0.0,0.0,0.998064472402146,0.998064472402146,0.0
2024-01-16,16:08:00.000000000,47.47,391.38,0.039941400384603296,31.83773471747396,1.3832300774914648,0,0.0,0.0,0.0,0.0,0.0,0.0,0.0,0.0,0.0,0.998064472402146,0.998064472402146,0.0
2024-01-16,16:09:00.000000000,47.48,391.3502,,,,0,0.0,0.0,0.0,0.0,0.0,0.0,0.0,0.0,0.0,0.998064472402146,0.998064472402146,0.0
2024-01-16,16:10:00.000000000,47.45,391.2849,,,,0,0.0,0.0,0.0,0.0,0.0,0.0,0.0,0.0,0.0,0.998064472402146,0.998064472402146,0.0
2024-01-16,16:11:00.000000000,47.49,390.98,0.039830734355967394,31.91697948150387,1.4373211136149135,0,0.0,0.0,0.0,0.0,0.0,0.0,0.0,0.0,0.0,0.998064472402146,0.998064472402146,0.0
2024-01-16,16:12:00.000000000,47.45,390.63,,,,0,0.0,0.0,0.0,0.0,0.0,0.0,0.0,0.0,0.0,0.998064472402146,0.998064472402146,0.0
2024-01-16,16:13:00.000000000,47.5,391.15,,,,0,0.0,0.0,0.0,0.0,0.0,0.0,0.0,0.0,0.0,0.998064472402146,0.998064472402146,0.0
2024-01-16,16:14:00.000000000,47.535,391.25,0.03972594880337418,31.99222253067985,1.4858576602055742,0,0.0,0.0,0.0,0.0,0.0,0.0,0.0,0.0,0.0,0.998064472402146,0.998064472402146,0.0
2024-01-16,16:15:00.000000000,47.52,391.3165,,,,0,0.0,0.0,0.0,0.0,0.0,0.0,0.0,0.0,0.0,0.998064472402146,0.998064472402146,0.0
2024-01-16,16:16:00.000000000,47.555,391.4942,,,,0,0.0,0.0,0.0,0.0,0.0,0.0,0.0,0.0,0.0,0.998064472402146,0.998064472402146,0.0
2024-01-16,16:17:00.000000000,47.565,391.7899,0.039620512067229934,32.042083539231186,1.5061377728753558,0,0.0,0.0,0.0,0.0,0.0,0.0,0.0,0.0,0.0,0.998064472402146,0.998064472402146,0.0
2024-01-16,16:18:00.000000000,47.575,391.81,,,,0,0.0,0.0,0.0,0.0,0.0,0.0,0.0,0.0,0.0,0.998064472402146,0.998064472402146,0.0
2024-01-16,16:19:00.000000000,47.555,391.68,,,,0,0.0,0.0,0.0,0.0,0.0,0.0,0.0,0.0,0.0,0.998064472402146,0.998064472402146,0.0
2024-01-16,16:20:00.000000000,47.56,391.8,0.039513680235930805,32.07854008356232,1.511652109279591,0,0.0,0.0,0.0,0.0,0.0,0.0,0.0,0.0,0.0,0.998064472402146,0.998064472402146,0.0
2024-01-16,16:21:00.000000000,47.6,391.9864,,,,0,0.0,0.0,0.0,0.0,0.0,0.0,0.0,0.0,0.0,0.998064472402146,0.998064472402146,0.0
2024-01-16,16:22:00.000000000,47.67,392.3,,,,0,0.0,0.0,0.0,0.0,0.0,0.0,0.0,0.0,0.0,0.998064472402146,0.998064472402146,0.0
2024-01-16,16:23:00.000000000,47.645,392.12,0.03942219134171135,32.18677033108815,1.593845347458204,0,0.0,0.0,0.0,0.0,0.0,0.0,0.0,0.0,0.0,0.998064472402146,0.998064472402146,0.0
2024-01-16,16:24:00.000000000,47.64,392.12,,,,0,0.0,0.0,0.0,0.0,0.0,0.0,0.0,0.0,0.0,0.998064472402146,0.998064472402146,0.0
2024-01-16,16:25:00.000000000,47.635,392.17,,,,0,0.0,0.0,0.0,0.0,0.0,0.0,0.0,0.0,0.0,0.998064472402146,0.998064472402146,0.0
2024-01-16,16:26:00.000000000,47.635,392.33,0.0393255821219764,32.206394366085,1.578305976255467,0,0.0,0.0,0.0,0.0,0.0,0.0,0.0,0.0,0.0,0.998064472402146,0.998064472402146,0.0
2024-01-16,16:27:00.000000000,47.64,391.965,,,,0,0.0,0.0,0.0,0.0,0.0,0.0,0.0,0.0,0.0,0.998064472402146,0.998064472402146,0.0
2024-01-16,16:28:00.000000000,47.655,392.1401,,,,0,0.0,0.0,0.0,0.0,0.0,0.0,0.0,0.0,0.0,0.998064472402146,0.998064472402146,0.0
2024-01-16,16:29:00.000000000,47.625,391.65,0.039234814613100626,32.25868485677914,1.5986427665978509,0,0.0,0.0,0.0,0.0,0.0,0.0,0.0,0.0,0.0,0.998064472402146,0.998064472402146,0.0
2024-01-16,16:30:00.000000000,47.63,391.87,,,,0,0.0,0.0,0.0,0.0,0.0,0.0,0.0,0.0,0.0,0.998064472402146,0.998064472402146,0.0
2024-01-16,16:31:00.000000000,47.625,392.055,,,,0,0.0,0.0,0.0,0.0,0.0,0.0,0.0,0.0,0.0,0.998064472402146,0.998064472402146,0.0
2024-01-16,16:32:00.000000000,47.605,392.225,0.03913216531101268,32.25638646088805,1.5596475771758227,0,0.0,0.0,0.0,0.0,0.0,0.0,0.0,0.0,0.0,0.998064472402146,0.998064472402146,0.0
2024-01-16,16:33:00.000000000,47.605,392.0141,,,,0,0.0,0.0,0.0,0.0,0.0,0.0,0.0,0.0,0.0,0.998064472402146,0.998064472402146,0.0
2024-01-16,16:34:00.000000000,47.625,392.155,,,,0,0.0,0.0,0.0,0.0,0.0,0.0,0.0,0.0,0.0,0.998064472402146,0.998064472402146,0.0
2024-01-16,16:35:00.000000000,47.63,391.84,0.0390398873797202,32.33261052913044,1.6073129633541667,0,0.0,0.0,0.0,0.0,0.0,0.0,0.0,0.0,0.0,0.998064472402146,0.998064472402146,0.0
2024-01-16,16:36:00.000000000,47.62,391.865,,,,0,0.0,0.0,0.0,0.0,0.0,0.0,0.0,0.0,0.0,0.998064472402146,0.998064472402146,0.0
2024-01-16,16:37:00.000000000,47.59,391.8,,,,0,0.0,0.0,0.0,0.0,0.0,0.0,0.0,0.0,0.0,0.998064472402146,0.998064472402146,0.0
2024-01-16,16:38:00.000000000,47.56,391.482,0.038936207336419275,32.31717567952391,1.554020766204914,0,0.0,0.0,0.0,0.0,0.0,0.0,0.0,0.0,0.0,0.998064472402146,0.998064472402146,0.0
2024-01-16,16:39:00.000000000,47.595,391.63,,,,0,0.0,0.0,0.0,0.0,0.0,0.0,0.0,0.0,0.0,0.998064472402146,0.998064472402146,0.0
2024-01-16,16:40:00.000000000,47.58,391.62,,,,0,0.0,0.0,0.0,0.0,0.0,0.0,0.0,0.0,0.0,0.998064472402146,0.998064472402146,0.0
2024-01-16,16:41:00.000000000,47.59,391.68,0.038836465282740686,32.37853327805613,1.5868069632155217,0,0.0,0.0,0.0,0.0,0.0,0.0,0.0,0.0,0.0,0.998064472402146,0.998064472402146,0.0
2024-01-16,16:42:00.000000000,47.58,391.62,,,,0,0.0,0.0,0.0,0.0,0.0,0.0,0.0,0.0,0.0,0.998064472402146,0.998064472402146,0.0
2024-01-16,16:43:00.000000000,47.545,391.27,,,,0,0.0,0.0,0.0,0.0,0.0,0.0,0.0,0.0,0.0,0.998064472402146,0.998064472402146,0.0
2024-01-16,16:44:00.000000000,47.56,391.5432,0.03873158508291489,32.39491123556324,1.5694524001271208,0,0.0,0.0,0.0,0.0,0.0,0.0,0.0,0.0,0.0,0.998064472402146,0.998064472402146,0.0
2024-01-16,16:45:00.000000000,47.575,391.845,,,,0,0.0,0.0,0.0,0.0,0.0,0.0,0.0,0.0,0.0,0.998064472402146,0.998064472402146,0.0
2024-01-16,16:46:00.000000000,47.56,391.35,,,,0,0.0,0.0,0.0,0.0,0.0,0.0,0.0,0.0,0.0,0.998064472402146,0.998064472402146,0.0
2024-01-16,16:47:00.000000000,47.56,391.31,0.038629368205034195,32.44394192768807,1.5890283668809833,0,0.0,0.0,0.0,0.0,0.0,0.0,0.0,0.0,0.0,0.998064472402146,0.998064472402146,0.0
2024-01-16,16:48:00.000000000,47.58,391.47,,,,0,0.0,0.0,0.0,0.0,0.0,0.0,0.0,0.0,0.0,0.998064472402146,0.998064472402146,0.0
2024-01-16,16:49:00.000000000,47.58,391.605,,,,0,0.0,0.0,0.0,0.0,0.0,0.0,0.0,0.0,0.0,0.998064472402146,0.998064472402146,0.0
2024-01-16,16:50:00.000000000,47.5951,391.3,0.03853452064177679,32.516542072872745,1.6341043314427235,0,0.0,0.0,0.0,0.0,0.0,0.0,0.0,0.0,0.0,0.998064472402146,0.998064472402146,0.0
2024-01-16,16:51:00.000000000,47.6,391.455,,,,0,0.0,0.0,0.0,0.0,0.0,0.0,0.0,0.0,0.0,0.998064472402146,0.998064472402146,0.0
2024-01-16,16:52:00.000000000,47.61,391.34,,,,0,0.0,0.0,0.0,0.0,0.0,0.0,0.0,0.0,0.0,0.998064472402146,0.998064472402146,0.0
2024-01-16,16:53:00.000000000,47.6,391.21,0.038441444065094525,32.56132266729438,1.6466409035573542,0,0.0,0.0,0.0,0.0,0.0,0.0,0.0,0.0,0.0,0.998064472402146,0.998064472402146,0.0
2024-01-16,16:54:00.000000000,47.595,390.77,,,,0,0.0,0.0,0.0,0.0,0.0,0.0,0.0,0.0,0.0,0.998064472402146,0.998064472402146,0.0
2024-01-16,16:55:00.000000000,47.605,390.82,,,,0,0.0,0.0,0.0,0.0,0.0,0.0,0.0,0.0,0.0,0.998064472402146,0.998064472402146,0.0
2024-01-16,16:56:00.000000000,47.59,390.745,0.03835104022738874,32.60452278634899,1.6571400180538944,0,0.0,0.0,0.0,0.0,0.0,0.0,0.0,0.0,0.0,0.998064472402146,0.998064472402146,0.0
2024-01-16,16:57:00.000000000,47.55,390.49,,,,0,0.0,0.0,0.0,0.0,0.0,0.0,0.0,0.0,0.0,0.998064472402146,0.998064472402146,0.0
2024-01-16,16:58:00.000000000,47.55,390.5,,,,0,0.0,0.0,0.0,0.0,0.0,0.0,0.0,0.0,0.0,0.998064472402146,0.998064472402146,0.0
2024-01-16,16:59:00.000000000,47.535,390.58,0.03825109021408891,32.594889184181156,1.6086270706079897,0,0.0,0.0,0.0,0.0,0.0,0.0,0.0,0.0,0.0,0.998064472402146,0.998064472402146,0.0
2024-01-16,17:00:00.000000000,47.575,390.97,,,,0,0.0,0.0,0.0,0.0,0.0,0.0,0.0,0.0,0.0,0.998064472402146,0.998064472402146,0.0
2024-01-16,17:01:00.000000000,47.555,390.85,,,,0,0.0,0.0,0.0,0.0,0.0,0.0,0.0,0.0,0.0,0.998064472402146,0.998064472402146,0.0
2024-01-16,17:02:00.000000000,47.54,390.71,0.03815031340304253,32.63429105029725,1.6171250376039008,0,0.0,0.0,0.0,0.0,0.0,0.0,0.0,0.0,0.0,0.998064472402146,0.998064472402146,0.0
2024-01-16,17:03:00.000000000,47.52,390.63,,,,0,0.0,0.0,0.0,0.0,0.0,0.0,0.0,0.0,0.0,0.998064472402146,0.998064472402146,0.0
2024-01-16,17:04:00.000000000,47.49,390.3204,,,,0,0.0,0.0,0.0,0.0,0.0,0.0,0.0,0.0,0.0,0.998064472402146,0.998064472402146,0.0
2024-01-16,17:05:00.000000000,47.485,390.435,0.03804153959001071,32.63225149017417,1.579040048535414,0,0.0,0.0,0.0,0.0,0.0,0.0,0.0,0.0,0.0,0.998064472402146,0.998064472402146,0.0
2024-01-16,17:06:00.000000000,47.505,390.57,,,,0,0.0,0.0,0.0,0.0,0.0,0.0,0.0,0.0,0.0,0.998064472402146,0.998064472402146,0.0
2024-01-16,17:07:00.000000000,47.48,390.375,,,,0,0.0,0.0,0.0,0.0,0.0,0.0,0.0,0.0,0.0,0.998064472402146,0.998064472402146,0.0
2024-01-16,17:08:00.000000000,47.47,390.2,0.03793235215292622,32.66879618992819,1.5863911226347076,0,0.0,0.0,0.0,0.0,0.0,0.0,0.0,0.0,0.0,0.998064472402146,0.998064472402146,0.0
2024-01-16,17:09:00.000000000,47.465,390.18,,,,0,0.0,0.0,0.0,0.0,0.0,0.0,0.0,0.0,0.0,0.998064472402146,0.998064472402146,0.0
2024-01-16,17:10:00.000000000,47.5,390.3731,,,,0,0.0,0.0,0.0,0.0,0.0,0.0,0.0,0.0,0.0,0.998064472402146,0.998064472402146,0.0
2024-01-16,17:11:00.000000000,47.505,390.34,0.03782785358418551,32.739275631949035,1.6324263057328754,0,0.0,0.0,0.0,0.0,0.0,0.0,0.0,0.0,0.0,0.998064472402146,0.998064472402146,0.0
2024-01-16,17:12:00.000000000,47.5,390.1,,,,0,0.0,0.0,0.0,0.0,0.0,0.0,0.0,0.0,0.0,0.998064472402146,0.998064472402146,0.0
2024-01-16,17:13:00.000000000,47.515,390.38,,,,0,0.0,0.0,0.0,0.0,0.0,0.0,0.0,0.0,0.0,0.998064472402146,0.998064472402146,0.0
2024-01-16,17:14:00.000000000,47.5,390.16,0.03772405743207316,32.78158175230234,1.6448116411524318,0,0.0,0.0,0.0,0.0,0.0,0.0,0.0,0.0,0.0,0.998064472402146,0.998064472402146,0.0
2024-01-16,17:15:00.000000000,47.52,390.32,,,,0,0.0,0.0,0.0,0.0,0.0,0.0,0.0,0.0,0.0,0.998064472402146,0.998064472402146,0.0
2024-01-16,17:16:00.000000000,47.535,390.3066,,,,0,0.0,0.0,0.0,0.0,0.0,0.0,0.0,0.0,0.0,0.998064472402146,0.998064472402146,0.0
2024-01-16,17:17:00.000000000,47.575,390.58,0.03762981701203555,32.877546071439156,1.7179628925262669,0,0.0,0.0,0.0,0.0,0.0,0.0,0.0,0.0,0.0,0.998064472402146,0.998064472402146,0.0
2024-01-16,17:18:00.000000000,47.56,390.355,,,,0,0.0,0.0,0.0,0.0,0.0,0.0,0.0,0.0,0.0,0.998064472402146,0.998064472402146,0.0
2024-01-16,17:19:00.000000000,47.55,390.285,,,,0,0.0,0.0,0.0,0.0,0.0,0.0,0.0,0.0,0.0,0.998064472402146,0.998064472402146,0.0
2024-01-16,17:20:00.000000000,47.565,390.27,0.03753637732005362,32.915678023302675,1.7216562544713803,0,0.0,0.0,0.0,0.0,0.0,0.0,0.0,0.0,0.0,0.998064472402146,0.998064472402146,0.0
2024-01-16,17:21:00.000000000,47.555,390.5,,,,0,0.0,0.0,0.0,0.0,0.0,0.0,0.0,0.0,0.0,0.998064472402146,0.998064472402146,0.0
2024-01-16,17:22:00.000000000,47.55,390.5298,,,,0,0.0,0.0,0.0,0.0,0.0,0.0,0.0,0.0,0.0,0.998064472402146,0.998064472402146,0.0
2024-01-16,17:23:00.000000000,47.555,390.64,0.037436713096685705,32.9307223959107,1.6986670493296558,0,0.0,0.0,0.0,0.0,0.0,0.0,0.0,0.0,0.0,0.998064472402146,0.998064472402146,0.0
2024-01-16,17:24:00.000000000,47.555,390.64,,,,0,0.0,0.0,0.0,0.0,0.0,0.0,0.0,0.0,0.0,0.998064472402146,0.998064472402146,0.0
2024-01-16,17:25:00.000000000,47.53,390.33,,,,0,0.0,0.0,0.0,0.0,0.0,0.0,0.0,0.0,0.0,0.998064472402146,0.998064472402146,0.0
2024-01-16,17:26:00.000000000,47.5625,390.36,0.037341019771932694,32.98605952182835,1.7227907196043792,0,0.0,0.0,0.0,0.0,0.0,0.0,0.0,0.0,0.0,0.998064472402146,0.998064472402146,0.0
2024-01-16,17:27:00.000000000,47.545,390.14,,,,0,0.0,0.0,0.0,0.0,0.0,0.0,0.0,0.0,0.0,0.998064472402146,0.998064472402146,0.0
2024-01-16,17:28:00.000000000,47.555,389.8,,,,0,0.0,0.0,0.0,0.0,0.0,0.0,0.0,0.0,0.0,0.998064472402146,0.998064472402146,0.0
2024-01-16,17:29:00.000000000,47.565,389.78,0.03725093917795782,33.0453289272156,1.7501418028549527,0,0.0,0.0,0.0,0.0,0.0,0.0,0.0,0.0,0.0,0.998064472402146,0.998064472402146,0.0
2024-01-16,17:30:00.000000000,47.565,389.5,,,,0,0.0,0.0,0.0,0.0,0.0,0.0,0.0,0.0,0.0,0.998064472402146,0.998064472402146,0.0
2024-01-16,17:31:00.000000000,47.575,389.5,,,,0,0.0,0.0,0.0,0.0,0.0,0.0,0.0,0.0,0.0,0.998064472402146,0.998064472402146,0.0
2024-01-16,17:32:00.000000000,47.575,389.41,0.03716537264866393,33.10243223688378,1.7732748504036617,0,0.0,0.0,0.0,0.0,0.0,0.0,0.0,0.0,0.0,0.998064472402146,0.998064472402146,0.0
2024-01-16,17:33:00.000000000,47.595,389.58,,,,0,0.0,0.0,0.0,0.0,0.0,0.0,0.0,0.0,0.0,0.998064472402146,0.998064472402146,0.0
2024-01-16,17:34:00.000000000,47.595,389.606,,,,0,0.0,0.0,0.0,0.0,0.0,0.0,0.0,0.0,0.0,0.998064472402146,0.998064472402146,0.0
2024-01-16,17:35:00.000000000,47.585,389.8299,0.03707744640258371,33.13110277662543,1.7623288662463488,0,0.0,0.0,0.0,0.0,0.0,0.0,0.0,0.0,0.0,0.998064472402146,0.998064472402146,0.0
2024-01-16,17:36:00.000000000,47.62,389.59,,,,0,0.0,0.0,0.0,0.0,0.0,0.0,0.0,0.0,0.0,0.998064472402146,0.998064472402146,0.0
2024-01-16,17:37:00.000000000,47.62,389.726,,,,0,0.0,0.0,0.0,0.0,0.0,0.0,0.0,0.0,0.0,0.998064472402146,0.998064472402146,0.0
2024-01-16,17:38:00.000000000,47.645,389.96,0.03699887747208551,33.21691774098554,1.8170386812678445,0,0.0,0.0,0.0,0.0,0.0,0.0,0.0,0.0,0.0,0.998064472402146,0.998064472402146,0.0
2024-01-16,17:39:00.000000000,47.64,389.835,,,,0,0.0,0.0,0.0,0.0,0.0,0.0,0.0,0.0,0.0,0.998064472402146,0.998064472402146,0.0
2024-01-16,17:40:00.000000000,47.63,389.8,,,,0,0.0,0.0,0.0,0.0,0.0,0.0,0.0,0.0,0.0,0.998064472402146,0.998064472402146,0.0
2024-01-16,17:41:00.000000000,47.63,389.79,0.03691836088221807,33.23959211172022,1.7964262450806738,0,0.0,0.0,0.0,0.0,0.0,0.0,0.0,0.0,0.0,0.998064472402146,0.998064472402146,0.0
2024-01-16,17:42:00.000000000,47.64,389.8,,,,0,0.0,0.0,0.0,0.0,0.0,0.0,0.0,0.0,0.0,0.998064472402146,0.998064472402146,0.0
2024-01-16,17:43:00.000000000,47.655,389.75,,,,0,0.0,0.0,0.0,0.0,0.0,0.0,0.0,0.0,0.0,0.998064472402146,0.998064472402146,0.0
2024-01-16,17:44:00.000000000,47.655,389.4463,0.036844186906396695,33.30616773279536,1.8268200726647978,0,0.0,0.0,0.0,0.0,0.0,0.0,0.0,0.0,0.0,0.998064472402146,0.998064472402146,0.0
2024-01-16,17:45:00.000000000,47.665,389.5442,,,,0,0.0,0.0,0.0,0.0,0.0,0.0,0.0,0.0,0.0,0.998064472402146,0.998064472402146,0.0
2024-01-16,17:46:00.000000000,47.655,389.54,,,,0,0.0,0.0,0.0,0.0,0.0,0.0,0.0,0.0,0.0,0.998064472402146,0.998064472402146,0.0
2024-01-16,17:47:00.000000000,47.64,389.43,0.03676695529242784,33.321844600469824,1.7974513787357025,0,0.0,0.0,0.0,0.0,0.0,0.0,0.0,0.0,0.0,0.998064472402146,0.998064472402146,0.0
2024-01-16,17:48:00.000000000,47.645,389.305,,,,0,0.0,0.0,0.0,0.0,0.0,0.0,0.0,0.0,0.0,0.998064472402146,0.998064472402146,0.0
2024-01-16,17:49:00.000000000,47.62,389.13,,,,0,0.0,0.0,0.0,0.0,0.0,0.0,0.0,0.0,0.0,0.998064472402146,0.998064472402146,0.0
2024-01-16,17:50:00.000000000,47.62,389.1866,0.036687432405026525,33.3417429195579,1.7743837074373043,0,0.0,0.0,0.0,0.0,0.0,0.0,0.0,0.0,0.0,0.998064472402146,0.998064472402146,0.0
2024-01-16,17:51:00.000000000,47.6301,389.24,,,,0,0.0,0.0,0.0,0.0,0.0,0.0,0.0,0.0,0.0,0.998064472402146,0.998064472402146,0.0
2024-01-16,17:52:00.000000000,47.64,389.2419,,,,0,0.0,0.0,0.0,0.0,0.0,0.0,0.0,0.0,0.0,0.998064472402146,0.998064472402146,0.0
2024-01-16,17:53:00.000000000,47.645,389.35,0.03661041859302582,33.3907335208054,1.7855517697154513,0,0.0,0.0,0.0,0.0,0.0,0.0,0.0,0.0,0.0,0.998064472402146,0.998064472402146,0.0
2024-01-16,17:54:00.000000000,47.645,389.13,,,,0,0.0,0.0,0.0,0.0,0.0,0.0,0.0,0.0,0.0,0.998064472402146,0.998064472402146,0.0
2024-01-16,17:55:00.000000000,47.65,388.89,,,,0,0.0,0.0,0.0,0.0,0.0,0.0,0.0,0.0,0.0,0.998064472402146,0.998064472402146,0.0
2024-01-16,17:56:00.000000000,47.675,388.9201,0.03654036645352452,33.463717024858596,1.8231435449776157,0,0.0,0.0,0.0,0.0,0.0,0.0,0.0,0.0,0.0,0.998064472402146,0.998064472402146,0.0
2024-01-16,17:57:00.000000000,47.64,388.5,,,,0,0.0,0.0,0.0,0.0,0.0,0.0,0.0,0.0,0.0,0.998064472402146,0.998064472402146,0.0
2024-01-16,17:58:00.000000000,47.63,388.56,,,,0,0.0,0.0,0.0,0.0,0.0,0.0,0.0,0.0,0.0,0.998064472402146,0.998064472402146,0.0
2024-01-16,17:59:00.000000000,47.6,388.38,0.03646107285409884,33.43924852492509,1.7481632837612735,0,0.0,0.0,0.0,0.0,0.0,0.0,0.0,0.0,0.0,0.998064472402146,0.998064472402146,0.0
2024-01-16,18:00:00.000000000,47.595,388.235,,,,0,0.0,0.0,0.0,0.0,0.0,0.0,0.0,0.0,0.0,0.998064472402146,0.998064472402146,0.0
2024-01-16,18:01:00.000000000,47.62,388.3657,,,,0,0.0,0.0,0.0,0.0,0.0,0.0,0.0,0.0,0.0,0.998064472402146,0.998064472402146,0.0
2024-01-16,18:02:00.000000000,47.63,387.71,0.03638893571703811,33.52164573314716,1.7983468224581238,0,0.0,0.0,0.0,0.0,0.0,0.0,0.0,0.0,0.0,0.998064472402146,0.998064472402146,0.0
2024-01-16,18:03:00.000000000,47.64,388.02,,,,0,0.0,0.0,0.0,0.0,0.0,0.0,0.0,0.0,0.0,0.998064472402146,0.998064472402146,0.0
2024-01-16,18:04:00.000000000,47.665,387.87,,,,0,0.0,0.0,0.0,0.0,0.0,0.0,0.0,0.0,0.0,0.998064472402146,0.998064472402146,0.0
2024-01-16,18:05:00.000000000,47.685,388.09,0.03632223786120755,33.58870270844396,1.828325688156318,0,0.0,0.0,0.0,0.0,0.0,0.0,0.0,0.0,0.0,0.998064472402146,0.998064472402146,0.0
2024-01-16,18:06:00.000000000,47.7,387.86,,,,0,0.0,0.0,0.0,0.0,0.0,0.0,0.0,0.0,0.0,0.998064472402146,0.998064472402146,0.0
2024-01-16,18:07:00.000000000,47.705,387.99,,,,0,0.0,0.0,0.0,0.0,0.0,0.0,0.0,0.0,0.0,0.998064472402146,0.998064472402146,0.0
2024-01-16,18:08:00.000000000,47.695,388.25,0.03625568069225714,33.61873197123117,1.8148516473397136,0,0.0,0.0,0.0,0.0,0.0,0.0,0.0,0.0,0.0,0.998064472402146,0.998064472402146,0.0
2024-01-16,18:09:00.000000000,47.705,388.38,,,,0,0.0,0.0,0.0,0.0,0.0,0.0,0.0,0.0,0.0,0.998064472402146,0.998064472402146,0.0
2024-01-16,18:10:00.000000000,47.695,388.5362,,,,0,0.0,0.0,0.0,0.0,0.0,0.0,0.0,0.0,0.0,0.998064472402146,0.998064472402146,0.0
2024-01-16,18:11:00.000000000,47.68,388.54,0.03618493572846538,33.62070507206206,1.770583139482292,0,0.0,0.0,0.0,0.0,0.0,0.0,0.0,0.0,0.0,0.998064472402146,0.998064472402146,0.0
2024-01-16,18:12:00.000000000,47.65,388.5427,,,,0,0.0,0.0,0.0,0.0,0.0,0.0,0.0,0.0,0.0,0.998064472402146,0.998064472402146,0.0
2024-01-16,18:13:00.000000000,47.65,388.41,,,,0,0.0,0.0,0.0,0.0,0.0,0.0,0.0,0.0,0.0,0.998064472402146,0.998064472402146,0.0
2024-01-16,18:14:00.000000000,47.675,388.7894,0.03611150182616207,33.635230871907545,1.7429229257628416,0,0.0,0.0,0.0,0.0,0.0,0.0,0.0,0.0,0.0,0.998064472402146,0.998064472402146,0.0
2024-01-16,18:15:00.000000000,47.69,388.81,,,,0,0.0,0.0,0.0,0.0,0.0,0.0,0.0,0.0,0.0,0.998064472402146,0.998064472402146,0.0
2024-01-16,18:16:00.000000000,47.7,388.9,,,,0,0.0,0.0,0.0,0.0,0.0,0.0,0.0,0.0,0.0,0.998064472402146,0.998064472402146,0.0
2024-01-16,18:17:00.000000000,47.745,389.095,0.03604731072500502,33.71917163345417,1.7951083218042925,0,0.0,0.0,0.0,0.0,0.0,0.0,0.0,0.0,0.0,0.998064472402146,0.998064472402146,0.0
2024-01-16,18:18:00.000000000,47.7109,388.8699,,,,0,0.0,0.0,0.0,0.0,0.0,0.0,0.0,0.0,0.0,0.998064472402146,0.998064472402146,0.0
2024-01-16,18:19:00.000000000,47.71,388.99,,,,0,0.0,0.0,0.0,0.0,0.0,0.0,0.0,0.0,0.0,0.998064472402146,0.998064472402146,0.0
2024-01-16,18:20:00.000000000,47.665,388.69,0.03597138619707824,33.68328189905766,1.7094949504798682,0,0.0,0.0,0.0,0.0,0.0,0.0,0.0,0.0,0.0,0.998064472402146,0.998064472402146,0.0
2024-01-16,18:21:00.000000000,47.655,388.3899,,,,0,0.0,0.0,0.0,0.0,0.0,0.0,0.0,0.0,0.0,0.998064472402146,0.998064472402146,0.0
2024-01-16,18:22:00.000000000,47.65,388.3799,,,,0,0.0,0.0,0.0,0.0,0.0,0.0,0.0,0.0,0.0,0.998064472402146,0.998064472402146,0.0
2024-01-16,18:23:00.000000000,47.6475,388.3066,0.03589396849050591,33.70963513494452,1.7057864909722182,0,0.0,0.0,0.0,0.0,0.0,0.0,0.0,0.0,0.0,0.998064472402146,0.998064472402146,0.0
2024-01-16,18:24:00.000000000,47.66,388.4944,,,,0,0.0,0.0,0.0,0.0,0.0,0.0,0.0,0.0,0.0,0.998064472402146,0.998064472402146,0.0
2024-01-16,18:25:00.000000000,47.665,388.4325,,,,0,0.0,0.0,0.0,0.0,0.0,0.0,0.0,0.0,0.0,0.998064472402146,0.998064472402146,0.0
2024-01-16,18:26:00.000000000,47.72,388.5076,0.03582585106177003,33.801384586034274,1.7747457030244773,0,0.0,0.0,0.0,0.0,0.0,0.0,0.0,0.0,0.0,0.998064472402146,0.998064472402146,0.0
2024-01-16,18:27:00.000000000,47.7,388.5404,,,,0,0.0,0.0,0.0,0.0,0.0,0.0,0.0,0.0,0.0,0.998064472402146,0.998064472402146,0.0
2024-01-16,18:28:00.000000000,47.74,388.8,,,,0,0.0,0.0,0.0,0.0,0.0,0.0,0.0,0.0,0.0,0.998064472402146,0.998064472402146,0.0
2024-01-16,18:29:00.000000000,47.76,389.01,0.03576151196808764,33.84841422929422,1.7851370469161978,0,0.0,0.0,0.0,0.0,0.0,0.0,0.0,0.0,0.0,0.998064472402146,0.998064472402146,0.0
2024-01-16,18:30:00.000000000,47.78,389.135,,,,0,0.0,0.0,0.0,0.0,0.0,0.0,0.0,0.0,0.0,0.998064472402146,0.998064472402146,0.0
2024-01-16,18:31:00.000000000,47.8,389.3113,,,,0,0.0,0.0,0.0,0.0,0.0,0.0,0.0,0.0,0.0,0.998064472402146,0.998064472402146,0.0
2024-01-16,18:32:00.000000000,47.815,389.37,0.03570447198855565,33.912749741816086,1.8115701649122116,0,0.0,0.0,0.0,0.0,0.0,0.0,0.0,0.0,0.0,0.998064472402146,0.998064472402146,0.0
2024-01-16,18:33:00.000000000,47.79,389.45,,,,0,0.0,0.0,0.0,0.0,0.0,0.0,0.0,0.0,0.0,0.998064472402146,0.998064472402146,0.0
2024-01-16,18:34:00.000000000,47.825,389.64,,,,0,0.0,0.0,0.0,0.0,0.0,0.0,0.0,0.0,0.0,0.998064472402146,0.998064472402146,0.0
2024-01-16,18:35:00.000000000,47.805,389.6,0.035644225945396554,33.9180095716735,1.771116410237246,0,0.0,0.0,0.0,0.0,0.0,0.0,0.0,0.0,0.0,0.998064472402146,0.998064472402146,0.0
2024-01-16,18:36:00.000000000,47.815,389.5305,,,,0,0.0,0.0,0.0,0.0,0.0,0.0,0.0,0.0,0.0,0.998064472402146,0.998064472402146,0.0
2024-01-16,18:37:00.000000000,47.795,389.54,,,,0,0.0,0.0,0.0,0.0,0.0,0.0,0.0,0.0,0.0,0.998064472402146,0.998064472402146,0.0
2024-01-16,18:38:00.000000000,47.77,389.25,0.03557841455403626,33.92110213484139,1.7313191432261597,0,0.0,0.0,0.0,0.0,0.0,0.0,0.0,0.0,0.0,0.998064472402146,0.998064472402146,0.0
2024-01-16,18:39:00.000000000,47.75,389.2,,,,0,0.0,0.0,0.0,0.0,0.0,0.0,0.0,0.0,0.0,0.998064472402146,0.998064472402146,0.0
2024-01-16,18:40:00.000000000,47.755,389.22,,,,0,0.0,0.0,0.0,0.0,0.0,0.0,0.0,0.0,0.0,0.998064472402146,0.998064472402146,0.0
2024-01-16,18:41:00.000000000,47.77,389.22,0.03551192837389922,33.94804723831095,1.7192714347523252,0,0.0,0.0,0.0,0.0,0.0,0.0,0.0,0.0,0.0,0.998064472402146,0.998064472402146,0.0
2024-01-16,18:42:00.000000000,47.765,389.21,,,,0,0.0,0.0,0.0,0.0,0.0,0.0,0.0,0.0,0.0,0.998064472402146,0.998064472402146,0.0
2024-01-16,18:43:00.000000000,47.785,389.38,,,,0,0.0,0.0,0.0,0.0,0.0,0.0,0.0,0.0,0.0,0.998064472402146,0.998064472402146,0.0
2024-01-16,18:44:00.000000000,47.77,389.39,0.03544403247970261,33.9684481927286,1.700255955687524,0,0.0,0.0,0.0,0.0,0.0,0.0,0.0,0.0,0.0,0.998064472402146,0.998064472402146,0.0
2024-01-16,18:45:00.000000000,47.775,389.3,,,,0,0.0,0.0,0.0,0.0,0.0,0.0,0.0,0.0,0.0,0.998064472402146,0.998064472402146,0.0
2024-01-16,18:46:00.000000000,47.76,389.099,,,,0,0.0,0.0,0.0,0.0,0.0,0.0,0.0,0.0,0.0,0.998064472402146,0.998064472402146,0.0
2024-01-16,18:47:00.000000000,47.775,389.13,0.03537708573419794,34.00871462825155,1.70118107696234,0,0.0,0.0,0.0,0.0,0.0,0.0,0.0,0.0,0.0,0.998064472402146,0.998064472402146,0.0
2024-01-16,18:48:00.000000000,47.8099,388.925,,,,0,0.0,0.0,0.0,0.0,0.0,0.0,0.0,0.0,0.0,0.998064472402146,0.998064472402146,0.0
2024-01-16,18:49:00.000000000,47.82,388.9025,,,,0,0.0,0.0,0.0,0.0,0.0,0.0,0.0,0.0,0.0,0.998064472402146,0.998064472402146,0.0
2024-01-16,18:50:00.000000000,47.825,388.85,0.035318124651673805,34.09154722919664,1.7504122938753044,0,0.0,0.0,0.0,0.0,0.0,0.0,0.0,0.0,0.0,0.998064472402146,0.998064472402146,0.0
2024-01-16,18:51:00.000000000,47.8,388.885,,,,0,0.0,0.0,0.0,0.0,0.0,0.0,0.0,0.0,0.0,0.998064472402146,0.998064472402146,0.0
2024-01-16,18:52:00.000000000,47.77,388.78,,,,0,0.0,0.0,0.0,0.0,0.0,0.0,0.0,0.0,0.0,0.998064472402146,0.998064472402146,0.0
2024-01-16,18:53:00.000000000,47.78,388.625,0.03525170008041903,34.080308056247155,1.6891628715370166,0,0.0,0.0,0.0,0.0,0.0,0.0,0.0,0.0,0.0,0.998064472402146,0.998064472402146,0.0
2024-01-16,18:54:00.000000000,47.76,388.6857,,,,0,0.0,0.0,0.0,0.0,0.0,0.0,0.0,0.0,0.0,0.998064472402146,0.998064472402146,0.0
2024-01-16,18:55:00.000000000,47.75,388.7354,,,,0,0.0,0.0,0.0,0.0,0.0,0.0,0.0,0.0,0.0,0.998064472402146,0.998064472402146,0.0
2024-01-16,18:56:00.000000000,47.73,388.7041,0.0351764161381733,34.056782823785866,1.6155149421640387,0,0.0,0.0,0.0,0.0,0.0,0.0,0.0,0.0,0.0,0.998064472402146,0.998064472402146,0.0
2024-01-16,18:57:00.000000000,47.745,388.69,,,,0,0.0,0.0,0.0,0.0,0.0,0.0,0.0,0.0,0.0,0.998064472402146,0.998064472402146,0.0
2024-01-16,18:58:00.000000000,47.76,388.7872,,,,0,0.0,0.0,0.0,0.0,0.0,0.0,0.0,0.0,0.0,0.998064472402146,0.998064472402146,0.0
2024-01-16,18:59:00.000000000,47.765,388.86,0.03510528346042038,34.113959473580934,1.6385838281994156,0,0.0,0.0,0.0,0.0,0.0,0.0,0.0,0.0,0.0,0.998064472402146,0.998064472402146,0.0
2024-01-16,19:00:00.000000000,47.765,388.96,,,,0,0.0,0.0,0.0,0.0,0.0,0.0,0.0,0.0,0.0,0.998064472402146,0.998064472402146,0.0
2024-01-16,19:01:00.000000000,47.75,388.965,,,,0,0.0,0.0,0.0,0.0,0.0,0.0,0.0,0.0,0.0,0.998064472402146,0.998064472402146,0.0
2024-01-16,19:02:00.000000000,47.705,388.8,0.035023944944548364,34.087690205559596,1.5671969017898313,0,0.0,0.0,0.0,0.0,0.0,0.0,0.0,0.0,0.0,0.998064472402146,0.998064472402146,0.0
2024-01-16,19:03:00.000000000,47.71,388.87,,,,0,0.0,0.0,0.0,0.0,0.0,0.0,0.0,0.0,0.0,0.998064472402146,0.998064472402146,0.0
2024-01-16,19:04:00.000000000,47.675,388.7604,,,,0,0.0,0.0,0.0,0.0,0.0,0.0,0.0,0.0,0.0,0.998064472402146,0.998064472402146,0.0
2024-01-16,19:05:00.000000000,47.65,388.83,0.03493284238059759,34.06706289715224,1.504700386506528,0,0.0,0.0,0.0,0.0,0.0,0.0,0.0,0.0,0.0,0.998064472402146,0.998064472402146,0.0
2024-01-16,19:06:00.000000000,47.665,388.78,,,,0,0.0,0.0,0.0,0.0,0.0,0.0,0.0,0.0,0.0,0.998064472402146,0.998064472402146,0.0
2024-01-16,19:07:00.000000000,47.675,388.99,,,,0,0.0,0.0,0.0,0.0,0.0,0.0,0.0,0.0,0.0,0.998064472402146,0.998064472402146,0.0
2024-01-16,19:08:00.000000000,47.66,388.7799,0.03484267583950388,34.11386797138526,1.5202553810401036,0,0.0,0.0,0.0,0.0,0.0,0.0,0.0,0.0,0.0,0.998064472402146,0.998064472402146,0.0
2024-01-16,19:09:00.000000000,47.66,388.595,,,,0,0.0,0.0,0.0,0.0,0.0,0.0,0.0,0.0,0.0,0.998064472402146,0.998064472402146,0.0
2024-01-16,19:10:00.000000000,47.66,388.57,,,,0,0.0,0.0,0.0,0.0,0.0,0.0,0.0,0.0,0.0,0.998064472402146,0.998064472402146,0.0
2024-01-16,19:11:00.000000000,47.6425,388.5001,0.034750285652896326,34.14201054882121,1.5132957153592288,0,0.0,0.0,0.0,0.0,0.0,0.0,0.0,0.0,0.0,0.998064472402146,0.998064472402146,0.0
2024-01-16,19:12:00.000000000,47.64,388.37,,,,0,0.0,0.0,0.0,0.0,0.0,0.0,0.0,0.0,0.0,0.998064472402146,0.998064472402146,0.0
2024-01-16,19:13:00.000000000,47.65,388.45,,,,0,0.0,0.0,0.0,0.0,0.0,0.0,0.0,0.0,0.0,0.998064472402146,0.998064472402146,0.0
2024-01-16,19:14:00.000000000,47.64,388.3617,0.03465724612501283,34.180452977571605,1.5179246744531734,0,0.0,0.0,0.0,0.0,0.0,0.0,0.0,0.0,0.0,0.998064472402146,0.998064472402146,0.0
2024-01-16,19:15:00.000000000,47.645,388.19,,,,0,0.0,0.0,0.0,0.0,0.0,0.0,0.0,0.0,0.0,0.998064472402146,0.998064472402146,0.0
2024-01-16,19:16:00.000000000,47.645,388.05,,,,0,0.0,0.0,0.0,0.0,0.0,0.0,0.0,0.0,0.0,0.998064472402146,0.998064472402146,0.0
2024-01-16,19:17:00.000000000,47.64,388.18,0.03456407938166117,34.222915665626765,1.5276400175198357,0,0.0,0.0,0.0,0.0,0.0,0.0,0.0,0.0,0.0,0.998064472402146,0.998064472402146,0.0
2024-01-16,19:18:00.000000000,47.64,388.12,,,,0,0.0,0.0,0.0,0.0,0.0,0.0,0.0,0.0,0.0,0.998064472402146,0.998064472402146,0.0
2024-01-16,19:19:00.000000000,47.625,388.07,,,,0,0.0,0.0,0.0,0.0,0.0,0.0,0.0,0.0,0.0,0.998064472402146,0.998064472402146,0.0
2024-01-16,19:20:00.000000000,47.635,388.22,0.03446900344216418,34.25344348368302,1.524030309244159,0,0.0,0.0,0.0,0.0,0.0,0.0,0.0,0.0,0.0,0.998064472402146,0.998064472402146,0.0
2024-01-16,19:21:00.000000000,47.64,388.47,,,,0,0.0,0.0,0.0,0.0,0.0,0.0,0.0,0.0,0.0,0.998064472402146,0.998064472402146,0.0
2024-01-16,19:22:00.000000000,47.66,388.73,,,,0,0.0,0.0,0.0,0.0,0.0,0.0,0.0,0.0,0.0,0.998064472402146,0.998064472402146,0.0
2024-01-16,19:23:00.000000000,47.655,388.69,0.03437366296997839,34.2943009401991,1.5331091760002684,0,0.0,0.0,0.0,0.0,0.0,0.0,0.0,0.0,0.0,0.998064472402146,0.998064472402146,0.0
2024-01-16,19:24:00.000000000,47.66,388.82,,,,0,0.0,0.0,0.0,0.0,0.0,0.0,0.0,0.0,0.0,0.998064472402146,0.998064472402146,0.0
2024-01-16,19:25:00.000000000,47.665,388.84,,,,0,0.0,0.0,0.0,0.0,0.0,0.0,0.0,0.0,0.0,0.998064472402146,0.998064472402146,0.0
2024-01-16,19:26:00.000000000,47.685,388.895,0.03428108736361475,34.35325652972705,1.5616925383901938,0,0.0,0.0,0.0,0.0,0.0,0.0,0.0,0.0,0.0,0.998064472402146,0.998064472402146,0.0
2024-01-16,19:27:00.000000000,47.7,388.9,,,,0,0.0,0.0,0.0,0.0,0.0,0.0,0.0,0.0,0.0,0.998064472402146,0.998064472402146,0.0
2024-01-16,19:28:00.000000000,47.725,388.9,,,,0,0.0,0.0,0.0,0.0,0.0,0.0,0.0,0.0,0.0,0.998064472402146,0.998064472402146,0.0
2024-01-16,19:29:00.000000000,47.705,388.663,0.03419161231006491,34.41598538473324,1.5924624179467384,0,0.0,0.0,0.0,0.0,0.0,0.0,0.0,0.0,0.0,0.998064472402146,0.998064472402146,0.0
2024-01-16,19:30:00.000000000,47.66,388.49,,,,0,0.0,0.0,0.0,0.0,0.0,0.0,0.0,0.0,0.0,0.998064472402146,0.998064472402146,0.0
2024-01-16,19:31:00.000000000,47.67,388.46,,,,0,0.0,0.0,0.0,0.0,0.0,0.0,0.0,0.0,0.0,0.998064472402146,0.998064472402146,0.0
2024-01-16,19:32:00.000000000,47.67,388.52,0.034096279766424514,34.422913385148746,1.5589530089424348,0,0.0,0.0,0.0,0.0,0.0,0.0,0.0,0.0,0.0,0.998064472402146,0.998064472402146,0.0
2024-01-16,19:33:00.000000000,47.7,388.61,,,,0,0.0,0.0,0.0,0.0,0.0,0.0,0.0,0.0,0.0,0.998064472402146,0.998064472402146,0.0
2024-01-16,19:34:00.000000000,47.705,388.815,,,,0,0.0,0.0,0.0,0.0,0.0,0.0,0.0,0.0,0.0,0.998064472402146,0.998064472402146,0.0
2024-01-16,19:35:00.000000000,47.72,388.845,0.03400639361867164,34.496783873347624,1.6025527586636625,0,0.0,0.0,0.0,0.0,0.0,0.0,0.0,0.0,0.0,0.998064472402146,0.998064472402146,0.0
2024-01-16,19:36:00.000000000,47.725,389.03,,,,0,0.0,0.0,0.0,0.0,0.0,0.0,0.0,0.0,0.0,0.998064472402146,0.998064472402146,0.0
2024-01-16,19:37:00.000000000,47.6903,389.06,,,,0,0.0,0.0,0.0,0.0,0.0,0.0,0.0,0.0,0.0,0.998064472402146,0.998064472402146,0.0
2024-01-16,19:38:00.000000000,47.685,389.02,0.03390905391732676,34.49369984508155,1.5593642320599876,0,0.0,0.0,0.0,0.0,0.0,0.0,0.0,0.0,0.0,0.998064472402146,0.998064472402146,0.0
2024-01-16,19:39:00.000000000,47.68,389.08,,,,0,0.0,0.0,0.0,0.0,0.0,0.0,0.0,0.0,0.0,0.998064472402146,0.998064472402146,0.0
2024-01-16,19:40:00.000000000,47.665,388.98,,,,0,0.0,0.0,0.0,0.0,0.0,0.0,0.0,0.0,0.0,0.998064472402146,0.998064472402146,0.0
2024-01-16,19:41:00.000000000,47.66,389.02,0.033806536310090306,34.50858124464867,1.537700447729645,0,0.0,0.0,0.0,0.0,0.0,0.0,0.0,0.0,0.0,0.998064472402146,0.998064472402146,0.0
2024-01-16,19:42:00.000000000,47.65,389.13,,,,0,0.0,0.0,0.0,0.0,0.0,0.0,0.0,0.0,0.0,0.998064472402146,0.998064472402146,0.0
2024-01-16,19:43:00.000000000,47.645,389.105,,,,0,0.0,0.0,0.0,0.0,0.0,0.0,0.0,0.0,0.0,0.998064472402146,0.998064472402146,0.0
2024-01-16,19:44:00.000000000,47.65,389.2,0.03370027257067376,34.53385391549377,1.530259769656112,0,0.0,0.0,0.0,0.0,0.0,0.0,0.0,0.0,0.0,0.998064472402146,0.998064472402146,0.0
2024-01-16,19:45:00.000000000,47.6502,389.14,,,,0,0.0,0.0,0.0,0.0,0.0,0.0,0.0,0.0,0.0,0.998064472402146,0.998064472402146,0.0
2024-01-16,19:46:00.000000000,47.675,389.47,,,,0,0.0,0.0,0.0,0.0,0.0,0.0,0.0,0.0,0.0,0.998064472402146,0.998064472402146,0.0
2024-01-16,19:47:00.000000000,47.66,389.465,0.033593073086541296,34.57667379035019,1.5432028687172419,0,0.0,0.0,0.0,0.0,0.0,0.0,0.0,0.0,0.0,0.998064472402146,0.998064472402146,0.0
2024-01-16,19:48:00.000000000,47.68,389.6701,,,,0,0.0,0.0,0.0,0.0,0.0,0.0,0.0,0.0,0.0,0.998064472402146,0.998064472402146,0.0
2024-01-16,19:49:00.000000000,47.69,389.76,,,,0,0.0,0.0,0.0,0.0,0.0,0.0,0.0,0.0,0.0,0.998064472402146,0.998064472402146,0.0
2024-01-16,19:50:00.000000000,47.675,389.7501,0.03348573877357414,34.6239299644256,1.5618869163579325,0,0.0,0.0,0.0,0.0,0.0,0.0,0.0,0.0,0.0,0.998064472402146,0.998064472402146,0.0
2024-01-16,19:51:00.000000000,47.68,389.61,,,,0,0.0,0.0,0.0,0.0,0.0,0.0,0.0,0.0,0.0,0.998064472402146,0.998064472402146,0.0
2024-01-16,19:52:00.000000000,47.685,389.56,,,,0,0.0,0.0,0.0,0.0,0.0,0.0,0.0,0.0,0.0,0.998064472402146,0.998064472402146,0.0
2024-01-16,19:53:00.000000000,47.69,389.605,0.033380789438355256,34.6846775308696,1.596645328726351,0,0.0,0.0,0.0,0.0,0.0,0.0,0.0,0.0,0.0,0.998064472402146,0.998064472402146,0.0
2024-01-16,19:54:00.000000000,47.68,389.38,,,,0,0.0,0.0,0.0,0.0,0.0,0.0,0.0,0.0,0.0,0.998064472402146,0.998064472402146,0.0
2024-01-16,19:55:00.000000000,47.695,389.5627,,,,0,0.0,0.0,0.0,0.0,0.0,0.0,0.0,0.0,0.0,0.998064472402146,0.998064472402146,0.0
2024-01-16,19:56:00.000000000,47.7,389.7,0.033275980942338794,34.73235022677058,1.618829492839289,0,0.0,0.0,0.0,0.0,0.0,0.0,0.0,0.0,0.0,0.998064472402146,0.998064472402146,0.0
2024-01-16,19:57:00.000000000,47.695,389.6928,,,,0,0.0,0.0,0.0,0.0,0.0,0.0,0.0,0.0,0.0,0.998064472402146,0.998064472402146,0.0
2024-01-16,19:58:00.000000000,47.69,389.665,,,,0,0.0,0.0,0.0,0.0,0.0,0.0,0.0,0.0,0.0,0.998064472402146,0.998064472402146,0.0
2024-01-16,19:59:00.000000000,47.69,389.7193,0.03316810521718765,34.76374925243128,1.6200986930457595,1,0.0,0.0,0.0,0.0,0.0,0.0,0.0,0.0,0.0,0.998064472402146,0.998064472402146,0.0
2024-01-16,20:00:00.000000000,47.695,389.77,,,,0,0.0,0.0,0.0,0.0,0.0,0.0,0.0,0.0,0.0,0.998064472402146,0.998064472402146,0.0
2024-01-16,20:01:00.000000000,47.67,389.54,,,,0,0.0,0.0,0.0,0.0,0.0,0.0,0.0,0.0,0.0,0.998064472402146,0.998064472402146,0.0
2024-01-16,20:02:00.000000000,47.665,389.55,0.03305552864288085,34.78821881716576,1.615439903893146,0,0.0,0.0,0.0,0.0,0.0,0.0,0.0,0.0,0.0,0.998064472402146,0.998064472402146,0.0
2024-01-16,20:03:00.000000000,47.675,389.6,,,,0,0.0,0.0,0.0,0.0,0.0,0.0,0.0,0.0,0.0,0.998064472402146,0.998064472402146,0.0
2024-01-16,20:04:00.000000000,47.64,389.4982,,,,0,0.0,0.0,0.0,0.0,0.0,0.0,0.0,0.0,0.0,0.998064472402146,0.998064472402146,0.0
2024-01-16,20:05:00.000000000,47.63,389.4702,0.032936070144413215,34.80238217364136,1.5981166301298986,0,0.0,0.0,0.0,0.0,0.0,0.0,0.0,0.0,0.0,0.998064472402146,0.998064472402146,0.0
2024-01-16,20:06:00.000000000,47.6375,389.59,,,,0,0.0,0.0,0.0,0.0,0.0,0.0,0.0,0.0,0.0,0.998064472402146,0.998064472402146,0.0
2024-01-16,20:07:00.000000000,47.635,389.55,,,,0,0.0,0.0,0.0,0.0,0.0,0.0,0.0,0.0,0.0,0.998064472402146,0.998064472402146,0.0
2024-01-16,20:08:00.000000000,47.65,389.56,0.032818318730771574,34.86529575524062,1.6378196101086375,0,0.0,0.0,0.0,0.0,0.0,0.0,0.0,0.0,0.0,0.998064472402146,0.998064472402146,0.0
2024-01-16,20:09:00.000000000,47.63,389.5601,,,,0,0.0,0.0,0.0,0.0,0.0,0.0,0.0,0.0,0.0,0.998064472402146,0.998064472402146,0.0
2024-01-16,20:10:00.000000000,47.65,389.7774,,,,0,0.0,0.0,0.0,0.0,0.0,0.0,0.0,0.0,0.0,0.998064472402146,0.998064472402146,0.0
2024-01-16,20:11:00.000000000,47.645,389.8501,0.0326965637220196,34.89824136331429,1.6407282995688848,0,0.0,0.0,0.0,0.0,0.0,0.0,0.0,0.0,0.0,0.998064472402146,0.998064472402146,0.0
2024-01-16,20:12:00.000000000,47.655,389.78,,,,0,0.0,0.0,0.0,0.0,0.0,0.0,0.0,0.0,0.0,0.998064472402146,0.998064472402146,0.0
2024-01-16,20:13:00.000000000,47.63,389.655,,,,0,0.0,0.0,0.0,0.0,0.0,0.0,0.0,0.0,0.0,0.998064472402146,0.998064472402146,0.0
2024-01-16,20:14:00.000000000,47.6,389.545,0.032567517304396706,34.913486471658786,1.623007470558837,0,0.0,0.0,0.0,0.0,0.0,0.0,0.0,0.0,0.0,0.998064472402146,0.998064472402146,0.0
2024-01-16,20:15:00.000000000,47.615,389.53,,,,0,0.0,0.0,0.0,0.0,0.0,0.0,0.0,0.0,0.0,0.998064472402146,0.998064472402146,0.0
2024-01-16,20:16:00.000000000,47.62,389.57,,,,0,0.0,0.0,0.0,0.0,0.0,0.0,0.0,0.0,0.0,0.998064472402146,0.998064472402146,0.0
2024-01-16,20:17:00.000000000,47.635,389.54,0.032443369186548755,34.9970099670718,1.6849215405106006,0,0.0,0.0,0.0,0.0,0.0,0.0,0.0,0.0,0.0,0.998064472402146,0.998064472402146,0.0
2024-01-16,20:18:00.000000000,47.665,389.66,,,,0,0.0,0.0,0.0,0.0,0.0,0.0,0.0,0.0,0.0,0.998064472402146,0.998064472402146,0.0
2024-01-16,20:19:00.000000000,47.685,389.79,,,,0,0.0,0.0,0.0,0.0,0.0,0.0,0.0,0.0,0.0,0.998064472402146,0.998064472402146,0.0
2024-01-16,20:20:00.000000000,47.695,389.76,0.03232739363325908,35.09507505750094,1.7617183092065978,0,0.0,0.0,0.0,0.0,0.0,0.0,0.0,0.0,0.0,0.998064472402146,0.998064472402146,0.0
2024-01-16,20:21:00.000000000,47.695,389.6,,,,0,0.0,0.0,0.0,0.0,0.0,0.0,0.0,0.0,0.0,0.998064472402146,0.998064472402146,0.0
2024-01-16,20:22:00.000000000,47.692,389.61,,,,0,0.0,0.0,0.0,0.0,0.0,0.0,0.0,0.0,0.0,0.998064472402146,0.998064472402146,0.0
2024-01-16,20:23:00.000000000,47.695,389.53,0.032211215123000035,35.1477653731378,1.7805354243204836,0,0.0,0.0,0.0,0.0,0.0,0.0,0.0,0.0,0.0,0.998064472402146,0.998064472402146,0.0
2024-01-16,20:24:00.000000000,47.695,389.64,,,,0,0.0,0.0,0.0,0.0,0.0,0.0,0.0,0.0,0.0,0.998064472402146,0.998064472402146,0.0
2024-01-16,20:25:00.000000000,47.705,389.73,,,,0,0.0,0.0,0.0,0.0,0.0,0.0,0.0,0.0,0.0,0.998064472402146,0.998064472402146,0.0
2024-01-16,20:26:00.000000000,47.71,389.7299,0.032095404746202885,35.20146111780282,1.800928786837662,0,0.0,0.0,0.0,0.0,0.0,0.0,0.0,0.0,0.0,0.998064472402146,0.998064472402146,0.0
2024-01-16,20:27:00.000000000,47.705,389.6238,,,,0,0.0,0.0,0.0,0.0,0.0,0.0,0.0,0.0,0.0,0.998064472402146,0.998064472402146,0.0
2024-01-16,20:28:00.000000000,47.695,389.58,,,,0,0.0,0.0,0.0,0.0,0.0,0.0,0.0,0.0,0.0,0.998064472402146,0.998064472402146,0.0
2024-01-16,20:29:00.000000000,47.685,389.47,0.0319749733919394,35.23170711304137,1.791244140909638,0,0.0,0.0,0.0,0.0,0.0,0.0,0.0,0.0,0.0,0.998064472402146,0.998064472402146,0.0
2024-01-16,20:30:00.000000000,47.73,389.61,,,,0,0.0,0.0,0.0,0.0,0.0,0.0,0.0,0.0,0.0,0.998064472402146,0.998064472402146,0.0
2024-01-16,20:31:00.000000000,47.725,389.54,,,,0,0.0,0.0,0.0,0.0,0.0,0.0,0.0,0.0,0.0,0.998064472402146,0.998064472402146,0.0
2024-01-16,20:32:00.000000000,47.735,389.6798,0.03186109559869812,35.31937463931844,1.8514020419892592,0,0.0,0.0,0.0,0.0,0.0,0.0,0.0,0.0,0.0,0.998064472402146,0.998064472402146,0.0
2024-01-16,20:33:00.000000000,47.74,389.53,,,,0,0.0,0.0,0.0,0.0,0.0,0.0,0.0,0.0,0.0,0.998064472402146,0.998064472402146,0.0
2024-01-16,20:34:00.000000000,47.745,389.47,,,,0,0.0,0.0,0.0,0.0,0.0,0.0,0.0,0.0,0.0,0.998064472402146,0.998064472402146,0.0
2024-01-16,20:35:00.000000000,47.745,389.46,0.03174834890417693,35.38028803577925,1.8757386650649948,0,0.0,0.0,0.0,0.0,0.0,0.0,0.0,0.0,0.0,0.998064472402146,0.998064472402146,0.0
2024-01-16,20:36:00.000000000,47.745,389.5,,,,0,0.0,0.0,0.0,0.0,0.0,0.0,0.0,0.0,0.0,0.998064472402146,0.998064472402146,0.0
2024-01-16,20:37:00.000000000,47.755,389.59,,,,0,0.0,0.0,0.0,0.0,0.0,0.0,0.0,0.0,0.0,0.998064472402146,0.998064472402146,0.0
2024-01-16,20:38:00.000000000,47.73,389.52,0.03163127030222904,35.40898759187574,1.8617052264231304,0,0.0,0.0,0.0,0.0,0.0,0.0,0.0,0.0,0.0,0.998064472402146,0.998064472402146,0.0
2024-01-16,20:39:00.000000000,47.735,389.51,,,,0,0.0,0.0,0.0,0.0,0.0,0.0,0.0,0.0,0.0,0.998064472402146,0.998064472402146,0.0
2024-01-16,20:40:00.000000000,47.745,389.62,,,,0,0.0,0.0,0.0,0.0,0.0,0.0,0.0,0.0,0.0,0.998064472402146,0.998064472402146,0.0
2024-01-16,20:41:00.000000000,47.745,389.65,0.03151256544966021,35.4661288725399,1.88113736344487,0,0.0,0.0,0.0,0.0,0.0,0.0,0.0,0.0,0.0,0.998064472402146,0.998064472402146,0.0
2024-01-16,20:42:00.000000000,47.74,389.51,,,,0,0.0,0.0,0.0,0.0,0.0,0.0,0.0,0.0,0.0,0.998064472402146,0.998064472402146,0.0
2024-01-16,20:43:00.000000000,47.76,389.68,,,,0,0.0,0.0,0.0,0.0,0.0,0.0,0.0,0.0,0.0,0.998064472402146,0.998064472402146,0.0
2024-01-16,20:44:00.000000000,47.775,389.7363,0.03142050339009125,35.52928926460838,1.9047837648016268,0,0.0,0.0,0.0,0.0,0.0,0.0,0.0,0.0,0.0,0.998064472402146,0.998064472402146,0.0
2024-01-16,20:45:00.000000000,47.805,389.79,,,,0,0.0,0.0,0.0,0.0,0.0,0.0,0.0,0.0,0.0,0.998064472402146,0.998064472402146,0.0
2024-01-16,20:46:00.000000000,47.77,389.65,,,,0,0.0,0.0,0.0,0.0,0.0,0.0,0.0,0.0,0.0,0.998064472402146,0.998064472402146,0.0
2024-01-16,20:47:00.000000000,47.795,389.7364,0.031337197532100125,35.581753447750415,1.9138914377614717,0,0.0,0.0,0.0,0.0,0.0,0.0,0.0,0.0,0.0,0.998064472402146,0.998064472402146,0.0
2024-01-16,20:48:00.000000000,47.76,389.73,,,,0,0.0,0.0,0.0,0.0,0.0,0.0,0.0,0.0,0.0,0.998064472402146,0.998064472402146,0.0
2024-01-16,20:49:00.000000000,47.8,389.7593,,,,0,0.0,0.0,0.0,0.0,0.0,0.0,0.0,0.0,0.0,0.998064472402146,0.998064472402146,0.0
2024-01-16,20:50:00.000000000,47.765,389.75,0.031266434774126786,35.57890704678408,1.858150523900649,0,0.0,0.0,0.0,0.0,0.0,0.0,0.0,0.0,0.0,0.998064472402146,0.998064472402146,0.0
2024-01-16,20:51:00.000000000,47.785,389.84,,,,0,0.0,0.0,0.0,0.0,0.0,0.0,0.0,0.0,0.0,0.998064472402146,0.998064472402146,0.0
2024-01-16,20:52:00.000000000,47.785,389.81,,,,0,0.0,0.0,0.0,0.0,0.0,0.0,0.0,0.0,0.0,0.998064472402146,0.998064472402146,0.0
2024-01-16,20:53:00.000000000,47.785,389.87,0.031145466134282495,35.64231711822728,1.8836059231691058,0,0.0,0.0,0.0,0.0,0.0,0.0,0.0,0.0,0.0,0.998064472402146,0.998064472402146,0.0
2024-01-16,20:54:00.000000000,47.84,389.86,,,,0,0.0,0.0,0.0,0.0,0.0,0.0,0.0,0.0,0.0,0.998064472402146,0.998064472402146,0.0
2024-01-16,20:55:00.000000000,47.835,389.9862,,,,0,0.0,0.0,0.0,0.0,0.0,0.0,0.0,0.0,0.0,0.998064472402146,0.998064472402146,0.0
2024-01-16,20:56:00.000000000,47.865,390.02,0.031071242629046352,35.74659394981934,1.9538349466382587,0,0.0,0.0,0.0,0.0,0.0,0.0,0.0,0.0,0.0,0.998064472402146,0.998064472402146,0.0
2024-01-16,20:57:00.000000000,47.895,390.03,,,,0,0.0,0.0,0.0,0.0,0.0,0.0,0.0,0.0,0.0,0.998064472402146,0.998064472402146,0.0
2024-01-16,20:58:00.000000000,47.89,390.18,,,,0,0.0,0.0,0.0,0.0,0.0,0.0,0.0,0.0,0.0,0.998064472402146,0.998064472402146,0.0
2024-01-16,20:59:00.000000000,47.9,390.27,0.031023764248134834,35.792355526880414,1.9539651215528215,1,0.0,0.0,0.0,0.0,0.0,0.0,0.0,0.0,0.0,0.998064472402146,0.998064472402146,0.0
2024-01-17,14:29:00.000000000,47.86,387.75,0.03098581251586405,35.84525119697371,1.961961544658795,0,0.0,0.0,0.0,0.0,0.0,0.0,0.0,0.0,0.0,0.998064472402146,0.998064472402146,0.0
2024-01-17,14:30:00.000000000,47.945,387.5787,,,,0,0.0,0.0,0.0,0.0,0.0,0.0,0.0,0.0,0.0,0.998064472402146,0.998064472402146,0.0
2024-01-17,14:31:00.000000000,47.765,386.74,,,,0,0.0,0.0,0.0,0.0,0.0,0.0,0.0,0.0,0.0,0.998064472402146,0.998064472402146,0.0
2024-01-17,14:32:00.000000000,47.69,385.6,0.030901844010425686,35.77424894957986,1.8274723981183036,0,0.0,0.0,0.0,0.0,0.0,0.0,0.0,0.0,0.0,0.998064472402146,0.998064472402146,0.0
2024-01-17,14:33:00.000000000,47.74,385.89,,,,0,0.0,0.0,0.0,0.0,0.0,0.0,0.0,0.0,0.0,0.998064472402146,0.998064472402146,0.0
2024-01-17,14:34:00.000000000,47.725,386.08,,,,0,0.0,0.0,0.0,0.0,0.0,0.0,0.0,0.0,0.0,0.998064472402146,0.998064472402146,0.0
2024-01-17,14:35:00.000000000,47.65,386.775,0.030795614252021958,35.73902629767421,1.7409968198149843,0,0.0,0.0,0.0,0.0,0.0,0.0,0.0,0.0,0.0,0.998064472402146,0.998064472402146,0.0
2024-01-17,14:36:00.000000000,47.625,386.25,,,,0,0.0,0.0,0.0,0.0,0.0,0.0,0.0,0.0,0.0,0.998064472402146,0.998064472402146,0.0
2024-01-17,14:37:00.000000000,47.68,386.2,,,,0,0.0,0.0,0.0,0.0,0.0,0.0,0.0,0.0,0.0,0.998064472402146,0.998064472402146,0.0
2024-01-17,14:38:00.000000000,47.63,386.46,0.030732870179178255,35.752974990554776,1.713367644225036,0,0.0,0.0,0.0,0.0,0.0,0.0,0.0,0.0,0.0,0.998064472402146,0.998064472402146,0.0
2024-01-17,14:39:00.000000000,47.62,386.2,,,,0,0.0,0.0,0.0,0.0,0.0,0.0,0.0,0.0,0.0,0.998064472402146,0.998064472402146,0.0
2024-01-17,14:40:00.000000000,47.54,386.54,,,,0,0.0,0.0,0.0,0.0,0.0,0.0,0.0,0.0,0.0,0.998064472402146,0.998064472402146,0.0
2024-01-17,14:41:00.000000000,47.58,386.58,0.03066254578487059,35.72647305048473,1.6405651348364223,0,0.0,0.0,0.0,0.0,0.0,0.0,0.0,0.0,0.0,0.998064472402146,0.998064472402146,0.0
2024-01-17,14:42:00.000000000,47.58,386.65,,,,0,0.0,0.0,0.0,0.0,0.0,0.0,0.0,0.0,0.0,0.998064472402146,0.998064472402146,0.0
2024-01-17,14:43:00.000000000,47.5,386.47,,,,0,0.0,0.0,0.0,0.0,0.0,0.0,0.0,0.0,0.0,0.998064472402146,0.998064472402146,0.0
2024-01-17,14:44:00.000000000,47.48,386.312,0.030590652746295112,35.66246375627324,1.528019668756261,0,0.0,0.0,0.0,0.0,0.0,0.0,0.0,0.0,0.0,0.998064472402146,0.998064472402146,0.0
2024-01-17,14:45:00.000000000,47.52,386.31,,,,0,0.0,0.0,0.0,0.0,0.0,0.0,0.0,0.0,0.0,0.998064472402146,0.998064472402146,0.0
2024-01-17,14:46:00.000000000,47.545,386.29,,,,0,0.0,0.0,0.0,0.0,0.0,0.0,0.0,0.0,0.0,0.998064472402146,0.998064472402146,0.0
2024-01-17,14:47:00.000000000,47.565,385.62,0.030553109201952755,35.783110029542975,1.634451763544414,0,0.0,0.0,0.0,0.0,0.0,0.0,0.0,0.0,0.0,0.998064472402146,0.998064472402146,0.0
2024-01-17,14:48:00.000000000,47.62,385.22,,,,0,0.0,0.0,0.0,0.0,0.0,0.0,0.0,0.0,0.0,0.998064472402146,0.998064472402146,0.0
2024-01-17,14:49:00.000000000,47.56,385.35,,,,0,0.0,0.0,0.0,0.0,0.0,0.0,0.0,0.0,0.0,0.998064472402146,0.998064472402146,0.0
2024-01-17,14:50:00.000000000,47.59,385.43,0.03051649999044408,35.82802540868314,1.647669763365304,0,0.0,0.0,0.0,0.0,0.0,0.0,0.0,0.0,0.0,0.998064472402146,0.998064472402146,0.0
2024-01-17,14:51:00.000000000,47.51,385.02,,,,0,0.0,0.0,0.0,0.0,0.0,0.0,0.0,0.0,0.0,0.998064472402146,0.998064472402146,0.0
2024-01-17,14:52:00.000000000,47.5,385.3,,,,0,0.0,0.0,0.0,0.0,0.0,0.0,0.0,0.0,0.0,0.998064472402146,0.998064472402146,0.0
2024-01-17,14:53:00.000000000,47.57,385.55,0.030460697741638704,35.8258779857112,1.6050152908151556,0,0.0,0.0,0.0,0.0,0.0,0.0,0.0,0.0,0.0,0.998064472402146,0.998064472402146,0.0
2024-01-17,14:54:00.000000000,47.52,385.215,,,,0,0.0,0.0,0.0,0.0,0.0,0.0,0.0,0.0,0.0,0.998064472402146,0.998064472402146,0.0
2024-01-17,14:55:00.000000000,47.55,385.57,,,,0,0.0,0.0,0.0,0.0,0.0,0.0,0.0,0.0,0.0,0.998064472402146,0.998064472402146,0.0
2024-01-17,14:56:00.000000000,47.51,385.34,0.030416683667462318,35.78923511558007,1.5240324621247614,0,0.0,0.0,0.0,0.0,0.0,0.0,0.0,0.0,0.0,0.998064472402146,0.998064472402146,0.0
2024-01-17,14:57:00.000000000,47.51,385.53,,,,0,0.0,0.0,0.0,0.0,0.0,0.0,0.0,0.0,0.0,0.998064472402146,0.998064472402146,0.0
2024-01-17,14:58:00.000000000,47.52,385.935,,,,0,0.0,0.0,0.0,0.0,0.0,0.0,0.0,0.0,0.0,0.998064472402146,0.998064472402146,0.0
2024-01-17,14:59:00.000000000,47.565,385.82,0.030380314091969337,35.84366721703639,1.5520411495360031,0,0.0,0.0,0.0,0.0,0.0,0.0,0.0,0.0,0.0,0.998064472402146,0.998064472402146,0.0
2024-01-17,15:00:00.000000000,47.53,385.33,,,,0,0.0,0.0,0.0,0.0,0.0,0.0,0.0,0.0,0.0,0.998064472402146,0.998064472402146,0.0
2024-01-17,15:01:00.000000000,47.56,385.3034,,,,0,0.0,0.0,0.0,0.0,0.0,0.0,0.0,0.0,0.0,0.998064472402146,0.998064472402146,0.0
2024-01-17,15:02:00.000000000,47.56,385.755,0.030327727148945178,35.86092761365865,1.535599199463558,0,0.0,0.0,0.0,0.0,0.0,0.0,0.0,0.0,0.0,0.998064472402146,0.998064472402146,0.0
2024-01-17,15:03:00.000000000,47.61,385.89,,,,0,0.0,0.0,0.0,0.0,0.0,0.0,0.0,0.0,0.0,0.998064472402146,0.998064472402146,0.0
2024-01-17,15:04:00.000000000,47.62,386.34,,,,0,0.0,0.0,0.0,0.0,0.0,0.0,0.0,0.0,0.0,0.998064472402146,0.998064472402146,0.0
2024-01-17,15:05:00.000000000,47.575,386.1361,0.03027393192070031,35.88514199647528,1.527338182557259,0,0.0,0.0,0.0,0.0,0.0,0.0,0.0,0.0,0.0,0.998064472402146,0.998064472402146,0.0
2024-01-17,15:06:00.000000000,47.57,386.25,,,,0,0.0,0.0,0.0,0.0,0.0,0.0,0.0,0.0,0.0,0.998064472402146,0.998064472402146,0.0
2024-01-17,15:07:00.000000000,47.6,386.4298,,,,0,0.0,0.0,0.0,0.0,0.0,0.0,0.0,0.0,0.0,0.998064472402146,0.998064472402146,0.0
2024-01-17,15:08:00.000000000,47.605,386.4547,0.030219990047150085,35.92634281232563,1.5400307280734395,0,0.0,0.0,0.0,0.0,0.0,0.0,0.0,0.0,0.0,0.998064472402146,0.998064472402146,0.0
2024-01-17,15:09:00.000000000,47.55,386.28,,,,0,0.0,0.0,0.0,0.0,0.0,0.0,0.0,0.0,0.0,0.998064472402146,0.998064472402146,0.0
2024-01-17,15:10:00.000000000,47.535,386.07,,,,0,0.0,0.0,0.0,0.0,0.0,0.0,0.0,0.0,0.0,0.998064472402146,0.998064472402146,0.0
2024-01-17,15:11:00.000000000,47.54,386.33,0.0301617016639166,35.8876297961791,1.457878314556579,0,0.0,0.0,0.0,0.0,0.0,0.0,0.0,0.0,0.0,0.998064472402146,0.998064472402146,0.0
2024-01-17,15:12:00.000000000,47.46,386.24,,,,0,0.0,0.0,0.0,0.0,0.0,0.0,0.0,0.0,0.0,0.998064472402146,0.998064472402146,0.0
2024-01-17,15:13:00.000000000,47.465,386.4,,,,0,0.0,0.0,0.0,0.0,0.0,0.0,0.0,0.0,0.0,0.998064472402146,0.998064472402146,0.0
2024-01-17,15:14:00.000000000,47.505,386.5701,0.03008497531360436,35.87504808452243,1.4094448356474683,0,0.0,0.0,0.0,0.0,0.0,0.0,0.0,0.0,0.0,0.998064472402146,0.998064472402146,0.0
2024-01-17,15:15:00.000000000,47.51,386.625,,,,0,0.0,0.0,0.0,0.0,0.0,0.0,0.0,0.0,0.0,0.998064472402146,0.998064472402146,0.0
2024-01-17,15:16:00.000000000,47.485,386.46,,,,0,0.0,0.0,0.0,0.0,0.0,0.0,0.0,0.0,0.0,0.998064472402146,0.998064472402146,0.0
2024-01-17,15:17:00.000000000,47.4,386.25,0.029997333890149885,35.81352978492961,1.3027006182856715,0,0.0,0.0,0.0,0.0,0.0,0.0,0.0,0.0,0.0,0.998064472402146,0.998064472402146,0.0
2024-01-17,15:18:00.000000000,47.47,386.57,,,,0,0.0,0.0,0.0,0.0,0.0,0.0,0.0,0.0,0.0,0.998064472402146,0.998064472402146,0.0
2024-01-17,15:19:00.000000000,47.45,386.42,,,,0,0.0,0.0,0.0,0.0,0.0,0.0,0.0,0.0,0.0,0.998064472402146,0.998064472402146,0.0
2024-01-17,15:20:00.000000000,47.5,386.2325,0.029926515044628194,35.941407278025636,1.4300671182674431,0,0.0,0.0,0.0,0.0,0.0,0.0,0.0,0.0,0.0,0.998064472402146,0.998064472402146,0.0
2024-01-17,15:21:00.000000000,47.505,386.02,,,,0,0.0,0.0,0.0,0.0,0.0,0.0,0.0,0.0,0.0,0.998064472402146,0.998064472402146,0.0
2024-01-17,15:22:00.000000000,47.5,386.0817,,,,0,0.0,0.0,0.0,0.0,0.0,0.0,0.0,0.0,0.0,0.998064472402146,0.998064472402146,0.0
2024-01-17,15:23:00.000000000,47.47,385.91,0.02984723035701858,35.951655332922954,1.4097527731238964,0,0.0,0.0,0.0,0.0,0.0,0.0,0.0,0.0,0.0,0.998064472402146,0.998064472402146,0.0
2024-01-17,15:24:00.000000000,47.52,386.22,,,,0,0.0,0.0,0.0,0.0,0.0,0.0,0.0,0.0,0.0,0.998064472402146,0.998064472402146,0.0
2024-01-17,15:25:00.000000000,47.55,386.4644,,,,0,0.0,0.0,0.0,0.0,0.0,0.0,0.0,0.0,0.0,0.998064472402146,0.998064472402146,0.0
2024-01-17,15:26:00.000000000,47.615,386.86,0.029791015992443038,36.09004755316349,1.5453893598739599,0,0.0,0.0,0.0,0.0,0.0,0.0,0.0,0.0,0.0,0.998064472402146,0.998064472402146,0.0
2024-01-17,15:27:00.000000000,47.63,387.14,,,,0,0.0,0.0,0.0,0.0,0.0,0.0,0.0,0.0,0.0,0.998064472402146,0.998064472402146,0.0
2024-01-17,15:28:00.000000000,47.62,387.11,,,,0,0.0,0.0,0.0,0.0,0.0,0.0,0.0,0.0,0.0,0.998064472402146,0.998064472402146,0.0
2024-01-17,15:29:00.000000000,47.6,387.01,0.02975225127879836,36.08558123259225,1.5022468425684883,0,0.0,0.0,0.0,0.0,0.0,0.0,0.0,0.0,0.0,0.998064472402146,0.998064472402146,0.0
2024-01-17,15:30:00.000000000,47.58,386.96,,,,0,0.0,0.0,0.0,0.0,0.0,0.0,0.0,0.0,0.0,0.998064472402146,0.998064472402146,0.0
2024-01-17,15:31:00.000000000,47.611,386.915,,,,0,0.0,0.0,0.0,0.0,0.0,0.0,0.0,0.0,0.0,0.998064472402146,0.998064472402146,0.0
2024-01-17,15:32:00.000000000,47.6,386.7,0.029714134255788296,36.10954428328667,1.4962096101093512,0,0.0,0.0,0.0,0.0,0.0,0.0,0.0,0.0,0.0,0.998064472402146,0.998064472402146,0.0
2024-01-17,15:33:00.000000000,47.635,386.74,,,,0,0.0,0.0,0.0,0.0,0.0,0.0,0.0,0.0,0.0,0.998064472402146,0.998064472402146,0.0
2024-01-17,15:34:00.000000000,47.655,386.75,,,,0,0.0,0.0,0.0,0.0,0.0,0.0,0.0,0.0,0.0,0.998064472402146,0.998064472402146,0.0
2024-01-17,15:35:00.000000000,47.61,386.26,0.02967642575486129,36.147183787927275,1.5077273718847668,0,0.0,0.0,0.0,0.0,0.0,0.0,0.0,0.0,0.0,0.998064472402146,0.998064472402146,0.0
2024-01-17,15:36:00.000000000,47.6,386.35,,,,0,0.0,0.0,0.0,0.0,0.0,0.0,0.0,0.0,0.0,0.998064472402146,0.998064472402146,0.0
2024-01-17,15:37:00.000000000,47.64,386.59,,,,0,0.0,0.0,0.0,0.0,0.0,0.0,0.0,0.0,0.0,0.998064472402146,0.998064472402146,0.0
2024-01-17,15:38:00.000000000,47.66,386.89,0.029634252253103323,36.19480414579685,1.5299080335478343,0,0.0,0.0,0.0,0.0,0.0,0.0,0.0,0.0,0.0,0.998064472402146,0.998064472402146,0.0
2024-01-17,15:39:00.000000000,47.665,386.9715,,,,0,0.0,0.0,0.0,0.0,0.0,0.0,0.0,0.0,0.0,0.998064472402146,0.998064472402146,0.0
2024-01-17,15:40:00.000000000,47.655,386.96,,,,0,0.0,0.0,0.0,0.0,0.0,0.0,0.0,0.0,0.0,0.998064472402146,0.998064472402146,0.0
2024-01-17,15:41:00.000000000,47.695,386.98,0.02958952722907095,36.244444752894125,1.5555476585493946,0,0.0,0.0,0.0,0.0,0.0,0.0,0.0,0.0,0.0,0.998064472402146,0.998064472402146,0.0
2024-01-17,15:42:00.000000000,47.705,387.11,,,,0,0.0,0.0,0.0,0.0,0.0,0.0,0.0,0.0,0.0,0.998064472402146,0.998064472402146,0.0
2024-01-17,15:43:00.000000000,47.68,386.92,,,,0,0.0,0.0,0.0,0.0,0.0,0.0,0.0,0.0,0.0,0.998064472402146,0.998064472402146,0.0
2024-01-17,15:44:00.000000000,47.665,386.78,0.029532412552856,36.24245347280635,1.51714657474454,0,0.0,0.0,0.0,0.0,0.0,0.0,0.0,0.0,0.0,0.998064472402146,0.998064472402146,0.0
2024-01-17,15:45:00.000000000,47.645,386.752,,,,0,0.0,0.0,0.0,0.0,0.0,0.0,0.0,0.0,0.0,0.998064472402146,0.998064472402146,0.0
2024-01-17,15:46:00.000000000,47.68,387.21,,,,0,0.0,0.0,0.0,0.0,0.0,0.0,0.0,0.0,0.0,0.998064472402146,0.998064472402146,0.0
2024-01-17,15:47:00.000000000,47.66,387.43,0.02947416109931395,36.24082576529279,1.479251158079697,0,0.0,0.0,0.0,0.0,0.0,0.0,0.0,0.0,0.0,0.998064472402146,0.998064472402146,0.0
2024-01-17,15:48:00.000000000,47.645,387.19,,,,0,0.0,0.0,0.0,0.0,0.0,0.0,0.0,0.0,0.0,0.998064472402146,0.998064472402146,0.0
2024-01-17,15:49:00.000000000,47.64,387.24,,,,0,0.0,0.0,0.0,0.0,0.0,0.0,0.0,0.0,0.0,0.998064472402146,0.998064472402146,0.0
2024-01-17,15:50:00.000000000,47.64,387.43,0.02938815579728496,36.254146799457885,1.4610381534805374,0,0.0,0.0,0.0,0.0,0.0,0.0,0.0,0.0,0.0,0.998064472402146,0.998064472402146,0.0
2024-01-17,15:51:00.000000000,47.645,387.41,,,,0,0.0,0.0,0.0,0.0,0.0,0.0,0.0,0.0,0.0,0.998064472402146,0.998064472402146,0.0
2024-01-17,15:52:00.000000000,47.635,387.17,,,,0,0.0,0.0,0.0,0.0,0.0,0.0,0.0,0.0,0.0,0.998064472402146,0.998064472402146,0.0
2024-01-17,15:53:00.000000000,47.64,387.18,0.02930526201272844,36.293588653911804,1.4753495401806005,0,0.0,0.0,0.0,0.0,0.0,0.0,0.0,0.0,0.0,0.998064472402146,0.998064472402146,0.0
2024-01-17,15:54:00.000000000,47.6,387.15,,,,0,0.0,0.0,0.0,0.0,0.0,0.0,0.0,0.0,0.0,0.998064472402146,0.998064472402146,0.0
2024-01-17,15:55:00.000000000,47.57,387.095,,,,0,0.0,0.0,0.0,0.0,0.0,0.0,0.0,0.0,0.0,0.998064472402146,0.998064472402146,0.0
2024-01-17,15:56:00.000000000,47.575,387.23,0.029215937654190366,36.261712462167864,1.4008594656338424,0,0.0,0.0,0.0,0.0,0.0,0.0,0.0,0.0,0.0,0.998064472402146,0.998064472402146,0.0
2024-01-17,15:57:00.000000000,47.595,387.15,,,,0,0.0,0.0,0.0,0.0,0.0,0.0,0.0,0.0,0.0,0.998064472402146,0.998064472402146,0.0
2024-01-17,15:58:00.000000000,47.635,387.31,,,,0,0.0,0.0,0.0,0.0,0.0,0.0,0.0,0.0,0.0,0.998064472402146,0.998064472402146,0.0
2024-01-17,15:59:00.000000000,47.645,387.3673,0.02915211677229965,36.352423236629576,1.4833725844386918,0,0.0,0.0,0.0,0.0,0.0,0.0,0.0,0.0,0.0,0.998064472402146,0.998064472402146,0.0
2024-01-17,16:00:00.000000000,47.675,387.54,,,,0,0.0,0.0,0.0,0.0,0.0,0.0,0.0,0.0,0.0,0.998064472402146,0.998064472402146,0.0
2024-01-17,16:01:00.000000000,47.66,388.01,,,,0,0.0,0.0,0.0,0.0,0.0,0.0,0.0,0.0,0.0,0.998064472402146,0.998064472402146,0.0
2024-01-17,16:02:00.000000000,47.67,388.23,0.029056284378003124,36.38947871592785,1.4959799300068741,0,0.0,0.0,0.0,0.0,0.0,0.0,0.0,0.0,0.0,0.998064472402146,0.998064472402146,0.0
2024-01-17,16:03:00.000000000,47.705,388.145,,,,0,0.0,0.0,0.0,0.0,0.0,0.0,0.0,0.0,0.0,0.998064472402146,0.998064472402146,0.0
2024-01-17,16:04:00.000000000,47.705,388.44,,,,0,0.0,0.0,0.0,0.0,0.0,0.0,0.0,0.0,0.0,0.998064472402146,0.998064472402146,0.0
2024-01-17,16:05:00.000000000,47.735,388.68,0.028961135377562806,36.47838590144889,1.5738094422002809,0,0.0,0.0,0.0,0.0,0.0,0.0,0.0,0.0,0.0,0.998064472402146,0.998064472402146,0.0
2024-01-17,16:06:00.000000000,47.735,388.61,,,,0,0.0,0.0,0.0,0.0,0.0,0.0,0.0,0.0,0.0,0.998064472402146,0.998064472402146,0.0
2024-01-17,16:07:00.000000000,47.725,388.62,,,,0,0.0,0.0,0.0,0.0,0.0,0.0,0.0,0.0,0.0,0.998064472402146,0.998064472402146,0.0
2024-01-17,16:08:00.000000000,47.685,388.63,0.02885535744055931,36.470942437875436,1.527274702447301,0,0.0,0.0,0.0,0.0,0.0,0.0,0.0,0.0,0.0,0.998064472402146,0.998064472402146,0.0
2024-01-17,16:09:00.000000000,47.68,388.4901,,,,0,0.0,0.0,0.0,0.0,0.0,0.0,0.0,0.0,0.0,0.998064472402146,0.998064472402146,0.0
2024-01-17,16:10:00.000000000,47.685,388.7499,,,,0,0.0,0.0,0.0,0.0,0.0,0.0,0.0,0.0,0.0,0.998064472402146,0.998064472402146,0.0
2024-01-17,16:11:00.000000000,47.67,388.96,0.028755833920051706,36.48513083845669,1.5086505415542657,0,0.0,0.0,0.0,0.0,0.0,0.0,0.0,0.0,0.0,0.998064472402146,0.998064472402146,0.0
2024-01-17,16:12:00.000000000,47.68,388.799,,,,0,0.0,0.0,0.0,0.0,0.0,0.0,0.0,0.0,0.0,0.998064472402146,0.998064472402146,0.0
2024-01-17,16:13:00.000000000,47.655,388.68,,,,0,0.0,0.0,0.0,0.0,0.0,0.0,0.0,0.0,0.0,0.998064472402146,0.998064472402146,0.0
2024-01-17,16:14:00.000000000,47.63,388.42,0.028642941385815156,36.50450870692168,1.4985515325282646,0,0.0,0.0,0.0,0.0,0.0,0.0,0.0,0.0,0.0,0.998064472402146,0.998064472402146,0.0
2024-01-17,16:15:00.000000000,47.685,388.44,,,,0,0.0,0.0,0.0,0.0,0.0,0.0,0.0,0.0,0.0,0.998064472402146,0.998064472402146,0.0
2024-01-17,16:16:00.000000000,47.6869,388.221,,,,0,0.0,0.0,0.0,0.0,0.0,0.0,0.0,0.0,0.0,0.998064472402146,0.998064472402146,0.0
2024-01-17,16:17:00.000000000,47.675,388.34,0.028537742725648362,36.59265298992172,1.5781013780986746,0,0.0,0.0,0.0,0.0,0.0,0.0,0.0,0.0,0.0,0.998064472402146,0.998064472402146,0.0
2024-01-17,16:18:00.000000000,47.695,388.6399,,,,0,0.0,0.0,0.0,0.0,0.0,0.0,0.0,0.0,0.0,0.998064472402146,0.998064472402146,0.0
2024-01-17,16:19:00.000000000,47.695,388.7499,,,,0,0.0,0.0,0.0,0.0,0.0,0.0,0.0,0.0,0.0,0.998064472402146,0.998064472402146,0.0
2024-01-17,16:20:00.000000000,47.71,388.87,0.02842400864861007,36.656755756815,1.623416613628654,0,0.0,0.0,0.0,0.0,0.0,0.0,0.0,0.0,0.0,0.998064472402146,0.998064472402146,0.0
2024-01-17,16:21:00.000000000,47.72,389.0974,,,,0,0.0,0.0,0.0,0.0,0.0,0.0,0.0,0.0,0.0,0.998064472402146,0.998064472402146,0.0
2024-01-17,16:22:00.000000000,47.72,389.385,,,,0,0.0,0.0,0.0,0.0,0.0,0.0,0.0,0.0,0.0,0.998064472402146,0.998064472402146,0.0
2024-01-17,16:23:00.000000000,47.705,389.22,0.0283146451043605,36.6843738324808,1.6225320717938803,0,0.0,0.0,0.0,0.0,0.0,0.0,0.0,0.0,0.0,0.998064472402146,0.998064472402146,0.0
2024-01-17,16:24:00.000000000,47.74,389.27,,,,0,0.0,0.0,0.0,0.0,0.0,0.0,0.0,0.0,0.0,0.998064472402146,0.998064472402146,0.0
2024-01-17,16:25:00.000000000,47.72,389.33,,,,0,0.0,0.0,0.0,0.0,0.0,0.0,0.0,0.0,0.0,0.998064472402146,0.998064472402146,0.0
2024-01-17,16:26:00.000000000,47.73,389.11,0.028215970597869778,36.75088368066289,1.6737844622614564,0,0.0,0.0,0.0,0.0,0.0,0.0,0.0,0.0,0.0,0.998064472402146,0.998064472402146,0.0
2024-01-17,16:27:00.000000000,47.725,388.985,,,,0,0.0,0.0,0.0,0.0,0.0,0.0,0.0,0.0,0.0,0.998064472402146,0.998064472402146,0.0
2024-01-17,16:28:00.000000000,47.73,389.22,,,,0,0.0,0.0,0.0,0.0,0.0,0.0,0.0,0.0,0.0,0.998064472402146,0.998064472402146,0.0
2024-01-17,16:29:00.000000000,47.71,389.21,0.02811962872413895,36.76555930427788,1.656385866491169,0,0.0,0.0,0.0,0.0,0.0,0.0,0.0,0.0,0.0,0.998064472402146,0.998064472402146,0.0
2024-01-17,16:30:00.000000000,47.72,389.58,,,,0,0.0,0.0,0.0,0.0,0.0,0.0,0.0,0.0,0.0,0.998064472402146,0.998064472402146,0.0
2024-01-17,16:31:00.000000000,47.715,389.5048,,,,0,0.0,0.0,0.0,0.0,0.0,0.0,0.0,0.0,0.0,0.998064472402146,0.998064472402146,0.0
2024-01-17,16:32:00.000000000,47.71,389.49,0.02803175878971288,36.791910268994734,1.6554419598798826,0,0.0,0.0,0.0,0.0,0.0,0.0,0.0,0.0,0.0,0.998064472402146,0.998064472402146,0.0
2024-01-17,16:33:00.000000000,47.72,389.558,,,,0,0.0,0.0,0.0,0.0,0.0,0.0,0.0,0.0,0.0,0.998064472402146,0.998064472402146,0.0
2024-01-17,16:34:00.000000000,47.715,389.74,,,,0,0.0,0.0,0.0,0.0,0.0,0.0,0.0,0.0,0.0,0.998064472402146,0.998064472402146,0.0
2024-01-17,16:35:00.000000000,47.73,389.64,0.027931490810174063,36.84677392072378,1.6919055058216927,0,0.0,0.0,0.0,0.0,0.0,0.0,0.0,0.0,0.0,0.998064472402146,0.998064472402146,0.0
2024-01-17,16:36:00.000000000,47.71,389.52,,,,0,0.0,0.0,0.0,0.0,0.0,0.0,0.0,0.0,0.0,0.998064472402146,0.998064472402146,0.0
2024-01-17,16:37:00.000000000,47.72,389.81,,,,0,0.0,0.0,0.0,0.0,0.0,0.0,0.0,0.0,0.0,0.998064472402146,0.998064472402146,0.0
2024-01-17,16:38:00.000000000,47.705,389.7448,0.027830438807928768,36.858231192891566,1.6704078858420868,0,0.0,0.0,0.0,0.0,0.0,0.0,0.0,0.0,0.0,0.998064472402146,0.998064472402146,0.0
2024-01-17,16:39:00.000000000,47.695,389.87,,,,0,0.0,0.0,0.0,0.0,0.0,0.0,0.0,0.0,0.0,0.998064472402146,0.998064472402146,0.0
2024-01-17,16:40:00.000000000,47.7071,389.96,,,,0,0.0,0.0,0.0,0.0,0.0,0.0,0.0,0.0,0.0,0.998064472402146,0.998064472402146,0.0
2024-01-17,16:41:00.000000000,47.73,390.09,0.027747556382226795,36.905955730857144,1.697965530274674,0,0.0,0.0,0.0,0.0,0.0,0.0,0.0,0.0,0.0,0.998064472402146,0.998064472402146,0.0
2024-01-17,16:42:00.000000000,47.725,389.83,,,,0,0.0,0.0,0.0,0.0,0.0,0.0,0.0,0.0,0.0,0.998064472402146,0.998064472402146,0.0
2024-01-17,16:43:00.000000000,47.76,389.63,,,,0,0.0,0.0,0.0,0.0,0.0,0.0,0.0,0.0,0.0,0.998064472402146,0.998064472402146,0.0
2024-01-17,16:44:00.000000000,47.75,389.7618,0.027666433869700992,36.96668093536438,1.741669366093754,0,0.0,0.0,0.0,0.0,0.0,0.0,0.0,0.0,0.0,0.998064472402146,0.998064472402146,0.0
2024-01-17,16:45:00.000000000,47.77,389.8,,,,0,0.0,0.0,0.0,0.0,0.0,0.0,0.0,0.0,0.0,0.998064472402146,0.998064472402146,0.0
2024-01-17,16:46:00.000000000,47.74,389.63,,,,0,0.0,0.0,0.0,0.0,0.0,0.0,0.0,0.0,0.0,0.998064472402146,0.998064472402146,0.0
2024-01-17,16:47:00.000000000,47.73,389.72,0.027581413495333173,36.98097153259875,1.721525554631151,0,0.0,0.0,0.0,0.0,0.0,0.0,0.0,0.0,0.0,0.998064472402146,0.998064472402146,0.0
2024-01-17,16:48:00.000000000,47.73,389.58,,,,0,0.0,0.0,0.0,0.0,0.0,0.0,0.0,0.0,0.0,0.998064472402146,0.998064472402146,0.0
2024-01-17,16:49:00.000000000,47.73,389.6597,,,,0,0.0,0.0,0.0,0.0,0.0,0.0,0.0,0.0,0.0,0.998064472402146,0.998064472402146,0.0
2024-01-17,16:50:00.000000000,47.69,389.45,0.02748333918740293,36.98661355346593,1.6899510769231558,0,0.0,0.0,0.0,0.0,0.0,0.0,0.0,0.0,0.0,0.998064472402146,0.998064472402146,0.0
2024-01-17,16:51:00.000000000,47.6955,389.28,,,,0,0.0,0.0,0.0,0.0,0.0,0.0,0.0,0.0,0.0,0.998064472402146,0.998064472402146,0.0
2024-01-17,16:52:00.000000000,47.695,389.51,,,,0,0.0,0.0,0.0,0.0,0.0,0.0,0.0,0.0,0.0,0.998064472402146,0.998064472402146,0.0
2024-01-17,16:53:00.000000000,47.71,389.495,0.027393467524043945,37.04038136672251,1.7252419635309295,0,0.0,0.0,0.0,0.0,0.0,0.0,0.0,0.0,0.0,0.998064472402146,0.998064472402146,0.0
2024-01-17,16:54:00.000000000,47.7,389.45,,,,0,0.0,0.0,0.0,0.0,0.0,0.0,0.0,0.0,0.0,0.998064472402146,0.998064472402146,0.0
2024-01-17,16:55:00.000000000,47.6875,389.53,,,,0,0.0,0.0,0.0,0.0,0.0,0.0,0.0,0.0,0.0,0.998064472402146,0.998064472402146,0.0
2024-01-17,16:56:00.000000000,47.68,389.7,0.027298329067998523,37.041841162200974,1.687806920430883,0,0.0,0.0,0.0,0.0,0.0,0.0,0.0,0.0,0.0,0.998064472402146,0.998064472402146,0.0
2024-01-17,16:57:00.000000000,47.685,389.75,,,,0,0.0,0.0,0.0,0.0,0.0,0.0,0.0,0.0,0.0,0.998064472402146,0.998064472402146,0.0
2024-01-17,16:58:00.000000000,47.705,389.73,,,,0,0.0,0.0,0.0,0.0,0.0,0.0,0.0,0.0,0.0,0.998064472402146,0.998064472402146,0.0
2024-01-17,16:59:00.000000000,47.69,389.75,0.027204052508981925,37.087220534624294,1.7127681258652503,0,0.0,0.0,0.0,0.0,0.0,0.0,0.0,0.0,0.0,0.998064472402146,0.998064472402146,0.0
2024-01-17,17:00:00.000000000,47.67,389.91,,,,0,0.0,0.0,0.0,0.0,0.0,0.0,0.0,0.0,0.0,0.998064472402146,0.998064472402146,0.0
2024-01-17,17:01:00.000000000,47.695,389.785,,,,0,0.0,0.0,0.0,0.0,0.0,0.0,0.0,0.0,0.0,0.998064472402146,0.998064472402146,0.0
2024-01-17,17:02:00.000000000,47.69,389.7423,0.02709917532456976,37.12830508089893,1.732148885716859,0,0.0,0.0,0.0,0.0,0.0,0.0,0.0,0.0,0.0,0.998064472402146,0.998064472402146,0.0
2024-01-17,17:03:00.000000000,47.68,389.48,,,,0,0.0,0.0,0.0,0.0,0.0,0.0,0.0,0.0,0.0,0.998064472402146,0.998064472402146,0.0
2024-01-17,17:04:00.000000000,47.65,389.38,,,,0,0.0,0.0,0.0,0.0,0.0,0.0,0.0,0.0,0.0,0.998064472402146,0.998064472402146,0.0
2024-01-17,17:05:00.000000000,47.625,389.285,0.026983179694149692,37.12085289276294,1.6857577081975392,0,0.0,0.0,0.0,0.0,0.0,0.0,0.0,0.0,0.0,0.998064472402146,0.998064472402146,0.0
2024-01-17,17:06:00.000000000,47.6,389.21,,,,0,0.0,0.0,0.0,0.0,0.0,0.0,0.0,0.0,0.0,0.998064472402146,0.998064472402146,0.0
2024-01-17,17:07:00.000000000,47.605,389.1,,,,0,0.0,0.0,0.0,0.0,0.0,0.0,0.0,0.0,0.0,0.998064472402146,0.998064472402146,0.0
2024-01-17,17:08:00.000000000,47.615,389.2683,0.026864252320444114,37.15759816844967,1.7017815286489288,0,0.0,0.0,0.0,0.0,0.0,0.0,0.0,0.0,0.0,0.998064472402146,0.998064472402146,0.0
2024-01-17,17:09:00.000000000,47.615,389.235,,,,0,0.0,0.0,0.0,0.0,0.0,0.0,0.0,0.0,0.0,0.998064472402146,0.998064472402146,0.0
2024-01-17,17:10:00.000000000,47.62,389.2212,,,,0,0.0,0.0,0.0,0.0,0.0,0.0,0.0,0.0,0.0,0.998064472402146,0.998064472402146,0.0
2024-01-17,17:11:00.000000000,47.605,389.165,0.02675458011456944,37.19305382971358,1.7153788014930869,0,0.0,0.0,0.0,0.0,0.0,0.0,0.0,0.0,0.0,0.998064472402146,0.998064472402146,0.0
2024-01-17,17:12:00.000000000,47.625,389.3734,,,,0,0.0,0.0,0.0,0.0,0.0,0.0,0.0,0.0,0.0,0.998064472402146,0.998064472402146,0.0
2024-01-17,17:13:00.000000000,47.64,389.4952,,,,0,0.0,0.0,0.0,0.0,0.0,0.0,0.0,0.0,0.0,0.998064472402146,0.998064472402146,0.0
2024-01-17,17:14:00.000000000,47.61,389.51,0.026649944999109488,37.22957992339686,1.729188837599379,0,0.0,0.0,0.0,0.0,0.0,0.0,0.0,0.0,0.0,0.998064472402146,0.998064472402146,0.0
2024-01-17,17:15:00.000000000,47.585,389.585,,,,0,0.0,0.0,0.0,0.0,0.0,0.0,0.0,0.0,0.0,0.998064472402146,0.998064472402146,0.0
2024-01-17,17:16:00.000000000,47.5857,389.59,,,,0,0.0,0.0,0.0,0.0,0.0,0.0,0.0,0.0,0.0,0.998064472402146,0.998064472402146,0.0
2024-01-17,17:17:00.000000000,47.575,389.27,0.026537220877339528,37.24485602907804,1.7127129527083653,0,0.0,0.0,0.0,0.0,0.0,0.0,0.0,0.0,0.0,0.998064472402146,0.998064472402146,0.0
2024-01-17,17:18:00.000000000,47.575,389.321,,,,0,0.0,0.0,0.0,0.0,0.0,0.0,0.0,0.0,0.0,0.998064472402146,0.998064472402146,0.0
2024-01-17,17:19:00.000000000,47.59,389.45,,,,0,0.0,0.0,0.0,0.0,0.0,0.0,0.0,0.0,0.0,0.998064472402146,0.998064472402146,0.0
2024-01-17,17:20:00.000000000,47.58,389.24,0.026426003898292492,37.29394224262863,1.7445426590185173,0,0.0,0.0,0.0,0.0,0.0,0.0,0.0,0.0,0.0,0.998064472402146,0.998064472402146,0.0
2024-01-17,17:21:00.000000000,47.56,389.26,,,,0,0.0,0.0,0.0,0.0,0.0,0.0,0.0,0.0,0.0,0.998064472402146,0.998064472402146,0.0
2024-01-17,17:22:00.000000000,47.54,389.175,,,,0,0.0,0.0,0.0,0.0,0.0,0.0,0.0,0.0,0.0,0.998064472402146,0.998064472402146,0.0
2024-01-17,17:23:00.000000000,47.525,389.0305,0.026303829371516395,37.29200810768429,1.7043848704880935,0,0.0,0.0,0.0,0.0,0.0,0.0,0.0,0.0,0.0,0.998064472402146,0.998064472402146,0.0
2024-01-17,17:24:00.000000000,47.53,389.13,,,,0,0.0,0.0,0.0,0.0,0.0,0.0,0.0,0.0,0.0,0.998064472402146,0.998064472402146,0.0
2024-01-17,17:25:00.000000000,47.535,388.8849,,,,0,0.0,0.0,0.0,0.0,0.0,0.0,0.0,0.0,0.0,0.998064472402146,0.998064472402146,0.0
2024-01-17,17:26:00.000000000,47.51,388.8,0.0261780136672837,37.3319882861601,1.726352058323572,0,0.0,0.0,0.0,0.0,0.0,0.0,0.0,0.0,0.0,0.998064472402146,0.998064472402146,0.0
2024-01-17,17:27:00.000000000,47.49,388.63,,,,0,0.0,0.0,0.0,0.0,0.0,0.0,0.0,0.0,0.0,0.998064472402146,0.998064472402146,0.0
2024-01-17,17:28:00.000000000,47.48,388.55,,,,0,0.0,0.0,0.0,0.0,0.0,0.0,0.0,0.0,0.0,0.998064472402146,0.998064472402146,0.0
2024-01-17,17:29:00.000000000,47.495,388.72,0.026052991009808908,37.367681334667076,1.7405013359031252,0,0.0,0.0,0.0,0.0,0.0,0.0,0.0,0.0,0.0,0.998064472402146,0.998064472402146,0.0
2024-01-17,17:30:00.000000000,47.495,388.67,,,,0,0.0,0.0,0.0,0.0,0.0,0.0,0.0,0.0,0.0,0.998064472402146,0.998064472402146,0.0
2024-01-17,17:31:00.000000000,47.525,388.98,,,,0,0.0,0.0,0.0,0.0,0.0,0.0,0.0,0.0,0.0,0.998064472402146,0.998064472402146,0.0
2024-01-17,17:32:00.000000000,47.505,388.77,0.025939557927699045,37.420478064448446,1.7788129257703402,0,0.0,0.0,0.0,0.0,0.0,0.0,0.0,0.0,0.0,0.998064472402146,0.998064472402146,0.0
2024-01-17,17:33:00.000000000,47.52,388.86,,,,0,0.0,0.0,0.0,0.0,0.0,0.0,0.0,0.0,0.0,0.998064472402146,0.998064472402146,0.0
2024-01-17,17:34:00.000000000,47.5,388.809,,,,0,0.0,0.0,0.0,0.0,0.0,0.0,0.0,0.0,0.0,0.998064472402146,0.998064472402146,0.0
2024-01-17,17:35:00.000000000,47.495,388.72,0.02582781153939447,37.45521309840658,1.790964008016678,0,0.0,0.0,0.0,0.0,0.0,0.0,0.0,0.0,0.0,0.998064472402146,0.998064472402146,0.0
2024-01-17,17:36:00.000000000,47.5,388.785,,,,0,0.0,0.0,0.0,0.0,0.0,0.0,0.0,0.0,0.0,0.998064472402146,0.998064472402146,0.0
2024-01-17,17:37:00.000000000,47.48,388.7915,,,,0,0.0,0.0,0.0,0.0,0.0,0.0,0.0,0.0,0.0,0.998064472402146,0.998064472402146,0.0
2024-01-17,17:38:00.000000000,47.485,388.9,0.02571975289237259,37.4825881001563,1.789939519965199,0,0.0,0.0,0.0,0.0,0.0,0.0,0.0,0.0,0.0,0.998064472402146,0.998064472402146,0.0
2024-01-17,17:39:00.000000000,47.51,388.95,,,,0,0.0,0.0,0.0,0.0,0.0,0.0,0.0,0.0,0.0,0.998064472402146,0.998064472402146,0.0
2024-01-17,17:40:00.000000000,47.51,389.07,,,,0,0.0,0.0,0.0,0.0,0.0,0.0,0.0,0.0,0.0,0.998064472402146,0.998064472402146,0.0
2024-01-17,17:41:00.000000000,47.525,388.91,0.025621635844282415,37.56048960380012,1.8582634714920514,0,0.0,0.0,0.0,0.0,0.0,0.0,0.0,0.0,0.0,0.998064472402146,0.998064472402146,0.0
2024-01-17,17:42:00.000000000,47.51,388.95,,,,0,0.0,0.0,0.0,0.0,0.0,0.0,0.0,0.0,0.0,0.998064472402146,0.998064472402146,0.0
2024-01-17,17:43:00.000000000,47.49,388.88,,,,0,0.0,0.0,0.0,0.0,0.0,0.0,0.0,0.0,0.0,0.998064472402146,0.998064472402146,0.0
2024-01-17,17:44:00.000000000,47.505,388.93,0.02552290481033147,37.57837663211778,1.8360204416318593,0,0.0,0.0,0.0,0.0,0.0,0.0,0.0,0.0,0.0,0.998064472402146,0.998064472402146,0.0
2024-01-17,17:45:00.000000000,47.505,388.93,,,,0,0.0,0.0,0.0,0.0,0.0,0.0,0.0,0.0,0.0,0.998064472402146,0.998064472402146,0.0
2024-01-17,17:46:00.000000000,47.515,388.8937,,,,0,0.0,0.0,0.0,0.0,0.0,0.0,0.0,0.0,0.0,0.998064472402146,0.998064472402146,0.0
2024-01-17,17:47:00.000000000,47.52,389.06,0.025422596324541764,37.629084673973786,1.8605759550747913,0,0.0,0.0,0.0,0.0,0.0,0.0,0.0,0.0,0.0,0.998064472402146,0.998064472402146,0.0
2024-01-17,17:48:00.000000000,47.54,389.2,,,,0,0.0,0.0,0.0,0.0,0.0,0.0,0.0,0.0,0.0,0.998064472402146,0.998064472402146,0.0
2024-01-17,17:49:00.000000000,47.53,389.245,,,,0,0.0,0.0,0.0,0.0,0.0,0.0,0.0,0.0,0.0,0.998064472402146,0.998064472402146,0.0
2024-01-17,17:50:00.000000000,47.525,389.34,0.025314610448916593,37.66900956781881,1.8680957384702683,0,0.0,0.0,0.0,0.0,0.0,0.0,0.0,0.0,0.0,0.998064472402146,0.998064472402146,0.0
2024-01-17,17:51:00.000000000,47.545,389.36,,,,0,0.0,0.0,0.0,0.0,0.0,0.0,0.0,0.0,0.0,0.998064472402146,0.998064472402146,0.0
2024-01-17,17:52:00.000000000,47.565,389.43,,,,0,0.0,0.0,0.0,0.0,0.0,0.0,0.0,0.0,0.0,0.998064472402146,0.998064472402146,0.0
2024-01-17,17:53:00.000000000,47.545,389.27,0.02521714910437413,37.72872036814029,1.900133447776561,0,0.0,0.0,0.0,0.0,0.0,0.0,0.0,0.0,0.0,0.998064472402146,0.998064472402146,0.0
2024-01-17,17:54:00.000000000,47.54,389.26,,,,0,0.0,0.0,0.0,0.0,0.0,0.0,0.0,0.0,0.0,0.998064472402146,0.998064472402146,0.0
2024-01-17,17:55:00.000000000,47.535,389.28,,,,0,0.0,0.0,0.0,0.0,0.0,0.0,0.0,0.0,0.0,0.998064472402146,0.998064472402146,0.0
2024-01-17,17:56:00.000000000,47.545,389.3,0.02511497043745049,37.76774200870052,1.8991939794882349,0,0.0,0.0,0.0,0.0,0.0,0.0,0.0,0.0,0.0,0.998064472402146,0.998064472402146,0.0
2024-01-17,17:57:00.000000000,47.55,389.35,,,,0,0.0,0.0,0.0,0.0,0.0,0.0,0.0,0.0,0.0,0.998064472402146,0.998064472402146,0.0
2024-01-17,17:58:00.000000000,47.54,389.435,,,,0,0.0,0.0,0.0,0.0,0.0,0.0,0.0,0.0,0.0,0.998064472402146,0.998064472402146,0.0
2024-01-17,17:59:00.000000000,47.53,389.51,0.025010969418444082,37.78797730182185,1.8716851351398376,0,0.0,0.0,0.0,0.0,0.0,0.0,0.0,0.0,0.0,0.998064472402146,0.998064472402146,0.0
2024-01-17,18:00:00.000000000,47.555,389.59,,,,0,0.0,0.0,0.0,0.0,0.0,0.0,0.0,0.0,0.0,0.998064472402146,0.998064472402146,0.0
2024-01-17,18:01:00.000000000,47.56,389.61,,,,0,0.0,0.0,0.0,0.0,0.0,0.0,0.0,0.0,0.0,0.998064472402146,0.998064472402146,0.0
2024-01-17,18:02:00.000000000,47.55,389.59,0.024908953638886653,37.84572075182615,1.89608296551799,0,0.0,0.0,0.0,0.0,0.0,0.0,0.0,0.0,0.0,0.998064472402146,0.998064472402146,0.0
2024-01-17,18:03:00.000000000,47.54,389.64,,,,0,0.0,0.0,0.0,0.0,0.0,0.0,0.0,0.0,0.0,0.998064472402146,0.998064472402146,0.0
2024-01-17,18:04:00.000000000,47.5507,389.87,,,,0,0.0,0.0,0.0,0.0,0.0,0.0,0.0,0.0,0.0,0.998064472402146,0.998064472402146,0.0
2024-01-17,18:05:00.000000000,47.54,389.645,0.024803613256274896,37.875396112758764,1.878461109924041,0,0.0,0.0,0.0,0.0,0.0,0.0,0.0,0.0,0.0,0.998064472402146,0.998064472402146,0.0
2024-01-17,18:06:00.000000000,47.53,389.55,,,,0,0.0,0.0,0.0,0.0,0.0,0.0,0.0,0.0,0.0,0.998064472402146,0.998064472402146,0.0
2024-01-17,18:07:00.000000000,47.53,389.64,,,,0,0.0,0.0,0.0,0.0,0.0,0.0,0.0,0.0,0.0,0.998064472402146,0.998064472402146,0.0
2024-01-17,18:08:00.000000000,47.51,389.65,0.02469005418221199,37.889520387901094,1.8395750503722506,0,0.0,0.0,0.0,0.0,0.0,0.0,0.0,0.0,0.0,0.998064472402146,0.998064472402146,0.0
2024-01-17,18:09:00.000000000,47.495,389.32,,,,0,0.0,0.0,0.0,0.0,0.0,0.0,0.0,0.0,0.0,0.998064472402146,0.998064472402146,0.0
2024-01-17,18:10:00.000000000,47.45,388.85,,,,0,0.0,0.0,0.0,0.0,0.0,0.0,0.0,0.0,0.0,0.998064472402146,0.998064472402146,0.0
2024-01-17,18:11:00.000000000,47.45,389.145,0.024569692050213858,37.88882718711953,1.7837934239294246,0,0.0,0.0,0.0,0.0,0.0,0.0,0.0,0.0,0.0,0.998064472402146,0.998064472402146,0.0
2024-01-17,18:12:00.000000000,47.46,389.2,,,,0,0.0,0.0,0.0,0.0,0.0,0.0,0.0,0.0,0.0,0.998064472402146,0.998064472402146,0.0
2024-01-17,18:13:00.000000000,47.465,388.965,,,,0,0.0,0.0,0.0,0.0,0.0,0.0,0.0,0.0,0.0,0.998064472402146,0.998064472402146,0.0
2024-01-17,18:14:00.000000000,47.445,388.89,0.024451622539560857,37.93600851059018,1.7941972000409279,0,0.0,0.0,0.0,0.0,0.0,0.0,0.0,0.0,0.0,0.998064472402146,0.998064472402146,0.0
2024-01-17,18:15:00.000000000,47.45,388.84,,,,0,0.0,0.0,0.0,0.0,0.0,0.0,0.0,0.0,0.0,0.998064472402146,0.998064472402146,0.0
2024-01-17,18:16:00.000000000,47.46,388.82,,,,0,0.0,0.0,0.0,0.0,0.0,0.0,0.0,0.0,0.0,0.998064472402146,0.998064472402146,0.0
2024-01-17,18:17:00.000000000,47.47,388.73,0.024339942662308718,38.00833408888073,1.834318730063844,0,0.0,0.0,0.0,0.0,0.0,0.0,0.0,0.0,0.0,0.998064472402146,0.998064472402146,0.0
2024-01-17,18:18:00.000000000,47.46,388.7,,,,0,0.0,0.0,0.0,0.0,0.0,0.0,0.0,0.0,0.0,0.998064472402146,0.998064472402146,0.0
2024-01-17,18:19:00.000000000,47.46,388.8501,,,,0,0.0,0.0,0.0,0.0,0.0,0.0,0.0,0.0,0.0,0.998064472402146,0.998064472402146,0.0
2024-01-17,18:20:00.000000000,47.44,388.78,0.024228041751978756,38.0206219276657,1.7917307532912956,0,0.0,0.0,0.0,0.0,0.0,0.0,0.0,0.0,0.0,0.998064472402146,0.998064472402146,0.0
2024-01-17,18:21:00.000000000,47.41,388.44,,,,0,0.0,0.0,0.0,0.0,0.0,0.0,0.0,0.0,0.0,0.998064472402146,0.998064472402146,0.0
2024-01-17,18:22:00.000000000,47.395,388.35,,,,0,0.0,0.0,0.0,0.0,0.0,0.0,0.0,0.0,0.0,0.998064472402146,0.998064472402146,0.0
2024-01-17,18:23:00.000000000,47.39,388.345,0.02411165973905882,38.0263574986352,1.7424422782654436,0,0.0,0.0,0.0,0.0,0.0,0.0,0.0,0.0,0.0,0.998064472402146,0.998064472402146,0.0
2024-01-17,18:24:00.000000000,47.37,388.345,,,,0,0.0,0.0,0.0,0.0,0.0,0.0,0.0,0.0,0.0,0.998064472402146,0.998064472402146,0.0
2024-01-17,18:25:00.000000000,47.405,388.3909,,,,0,0.0,0.0,0.0,0.0,0.0,0.0,0.0,0.0,0.0,0.998064472402146,0.998064472402146,0.0
2024-01-17,18:26:00.000000000,47.415,388.37,0.02399312959245798,38.09678826017709,1.7810877870205375,0,0.0,0.0,0.0,0.0,0.0,0.0,0.0,0.0,0.0,0.998064472402146,0.998064472402146,0.0
2024-01-17,18:27:00.000000000,47.41,388.44,,,,0,0.0,0.0,0.0,0.0,0.0,0.0,0.0,0.0,0.0,0.998064472402146,0.998064472402146,0.0
2024-01-17,18:28:00.000000000,47.4,388.43,,,,0,0.0,0.0,0.0,0.0,0.0,0.0,0.0,0.0,0.0,0.998064472402146,0.998064472402146,0.0
2024-01-17,18:29:00.000000000,47.405,388.4299,0.02385872893939401,38.13755630394408,1.780289765190025,0,0.0,0.0,0.0,0.0,0.0,0.0,0.0,0.0,0.0,0.998064472402146,0.998064472402146,0.0
2024-01-17,18:30:00.000000000,47.375,388.315,,,,0,0.0,0.0,0.0,0.0,0.0,0.0,0.0,0.0,0.0,0.998064472402146,0.998064472402146,0.0
2024-01-17,18:31:00.000000000,47.37,388.31,,,,0,0.0,0.0,0.0,0.0,0.0,0.0,0.0,0.0,0.0,0.998064472402146,0.998064472402146,0.0
2024-01-17,18:32:00.000000000,47.365,388.35,0.023714104458229714,38.155627533646495,1.7507165959666628,0,0.0,0.0,0.0,0.0,0.0,0.0,0.0,0.0,0.0,0.998064472402146,0.998064472402146,0.0
2024-01-17,18:33:00.000000000,47.36,388.3,,,,0,0.0,0.0,0.0,0.0,0.0,0.0,0.0,0.0,0.0,0.998064472402146,0.998064472402146,0.0
2024-01-17,18:34:00.000000000,47.34,388.2,,,,0,0.0,0.0,0.0,0.0,0.0,0.0,0.0,0.0,0.0,0.998064472402146,0.998064472402146,0.0
2024-01-17,18:35:00.000000000,47.365,388.2462,0.023590231739329302,38.20618217008601,1.764872564723989,0,0.0,0.0,0.0,0.0,0.0,0.0,0.0,0.0,0.0,0.998064472402146,0.998064472402146,0.0
2024-01-17,18:36:00.000000000,47.35,388.153,,,,0,0.0,0.0,0.0,0.0,0.0,0.0,0.0,0.0,0.0,0.998064472402146,0.998064472402146,0.0
2024-01-17,18:37:00.000000000,47.355,388.1984,,,,0,0.0,0.0,0.0,0.0,0.0,0.0,0.0,0.0,0.0,0.998064472402146,0.998064472402146,0.0
2024-01-17,18:38:00.000000000,47.33,387.74,0.023482632051841198,38.22484424821909,1.7407029313350113,0,0.0,0.0,0.0,0.0,0.0,0.0,0.0,0.0,0.0,0.998064472402146,0.998064472402146,0.0
2024-01-17,18:39:00.000000000,47.345,387.77,,,,0,0.0,0.0,0.0,0.0,0.0,0.0,0.0,0.0,0.0,0.998064472402146,0.998064472402146,0.0
2024-01-17,18:40:00.000000000,47.34,387.665,,,,0,0.0,0.0,0.0,0.0,0.0,0.0,0.0,0.0,0.0,0.998064472402146,0.998064472402146,0.0
2024-01-17,18:41:00.000000000,47.325,387.65,0.023376851306946132,38.262963590862334,1.7393212611737854,0,0.0,0.0,0.0,0.0,0.0,0.0,0.0,0.0,0.0,0.998064472402146,0.998064472402146,0.0
2024-01-17,18:42:00.000000000,47.325,387.5,,,,0,0.0,0.0,0.0,0.0,0.0,0.0,0.0,0.0,0.0,0.998064472402146,0.998064472402146,0.0
2024-01-17,18:43:00.000000000,47.33,387.58,,,,0,0.0,0.0,0.0,0.0,0.0,0.0,0.0,0.0,0.0,0.998064472402146,0.998064472402146,0.0
2024-01-17,18:44:00.000000000,47.355,387.71,0.023259057185135955,38.337230938750935,1.781894472583488,0,0.0,0.0,0.0,0.0,0.0,0.0,0.0,0.0,0.0,0.998064472402146,0.998064472402146,0.0
2024-01-17,18:45:00.000000000,47.355,387.5699,,,,0,0.0,0.0,0.0,0.0,0.0,0.0,0.0,0.0,0.0,0.998064472402146,0.998064472402146,0.0
2024-01-17,18:46:00.000000000,47.37,387.48,,,,0,0.0,0.0,0.0,0.0,0.0,0.0,0.0,0.0,0.0,0.998064472402146,0.998064472402146,0.0
2024-01-17,18:47:00.000000000,47.36,387.305,0.023171138860537222,38.38570206361963,1.7903838734130362,0,0.0,0.0,0.0,0.0,0.0,0.0,0.0,0.0,0.0,0.998064472402146,0.998064472402146,0.0
2024-01-17,18:48:00.000000000,47.36,387.13,,,,0,0.0,0.0,0.0,0.0,0.0,0.0,0.0,0.0,0.0,0.998064472402146,0.998064472402146,0.0
2024-01-17,18:49:00.000000000,47.39,387.155,,,,0,0.0,0.0,0.0,0.0,0.0,0.0,0.0,0.0,0.0,0.998064472402146,0.998064472402146,0.0
2024-01-17,18:50:00.000000000,47.37,387.41,0.023089705291347528,38.42481727307905,1.788455844065147,0,0.0,0.0,0.0,0.0,0.0,0.0,0.0,0.0,0.0,0.998064472402146,0.998064472402146,0.0
2024-01-17,18:51:00.000000000,47.385,387.46,,,,0,0.0,0.0,0.0,0.0,0.0,0.0,0.0,0.0,0.0,0.998064472402146,0.998064472402146,0.0
2024-01-17,18:52:00.000000000,47.37,387.4321,,,,0,0.0,0.0,0.0,0.0,0.0,0.0,0.0,0.0,0.0,0.998064472402146,0.998064472402146,0.0
2024-01-17,18:53:00.000000000,47.395,387.64,0.02299203226963308,38.48236861099944,1.807922868663777,0,0.0,0.0,0.0,0.0,0.0,0.0,0.0,0.0,0.0,0.998064472402146,0.998064472402146,0.0
2024-01-17,18:54:00.000000000,47.39,387.68,,,,0,0.0,0.0,0.0,0.0,0.0,0.0,0.0,0.0,0.0,0.998064472402146,0.998064472402146,0.0
2024-01-17,18:55:00.000000000,47.36,387.54,,,,0,0.0,0.0,0.0,0.0,0.0,0.0,0.0,0.0,0.0,0.998064472402146,0.998064472402146,0.0
2024-01-17,18:56:00.000000000,47.37,387.515,0.022895701429165007,38.49757226067712,1.7750547011475648,0,0.0,0.0,0.0,0.0,0.0,0.0,0.0,0.0,0.0,0.998064472402146,0.998064472402146,0.0
2024-01-17,18:57:00.000000000,47.38,387.61,,,,0,0.0,0.0,0.0,0.0,0.0,0.0,0.0,0.0,0.0,0.998064472402146,0.998064472402146,0.0
2024-01-17,18:58:00.000000000,47.395,387.7,,,,0,0.0,0.0,0.0,0.0,0.0,0.0,0.0,0.0,0.0,0.998064472402146,0.998064472402146,0.0
2024-01-17,18:59:00.000000000,47.4,387.61,0.02280656835014855,38.55994604179892,1.8007239231713288,0,0.0,0.0,0.0,0.0,0.0,0.0,0.0,0.0,0.0,0.998064472402146,0.998064472402146,0.0
2024-01-17,19:00:00.000000000,47.41,387.5,,,,0,0.0,0.0,0.0,0.0,0.0,0.0,0.0,0.0,0.0,0.998064472402146,0.998064472402146,0.0
2024-01-17,19:01:00.000000000,47.45,387.6474,,,,0,0.0,0.0,0.0,0.0,0.0,0.0,0.0,0.0,0.0,0.998064472402146,0.998064472402146,0.0
2024-01-17,19:02:00.000000000,47.45,387.6,0.022716726992097043,38.644996617863185,1.8509170623052729,0,0.0,0.0,0.0,0.0,0.0,0.0,0.0,0.0,0.0,0.998064472402146,0.998064472402146,0.0
2024-01-17,19:03:00.000000000,47.425,387.63,,,,0,0.0,0.0,0.0,0.0,0.0,0.0,0.0,0.0,0.0,0.998064472402146,0.998064472402146,0.0
2024-01-17,19:04:00.000000000,47.43,387.615,,,,0,0.0,0.0,0.0,0.0,0.0,0.0,0.0,0.0,0.0,0.998064472402146,0.998064472402146,0.0
2024-01-17,19:05:00.000000000,47.425,387.525,0.022646677308681397,38.64884637595324,1.8034362662291334,0,0.0,0.0,0.0,0.0,0.0,0.0,0.0,0.0,0.0,0.998064472402146,0.998064472402146,0.0
2024-01-17,19:06:00.000000000,47.405,387.3486,,,,0,0.0,0.0,0.0,0.0,0.0,0.0,0.0,0.0,0.0,0.998064472402146,0.998064472402146,0.0
2024-01-17,19:07:00.000000000,47.41,387.37,,,,0,0.0,0.0,0.0,0.0,0.0,0.0,0.0,0.0,0.0,0.998064472402146,0.998064472402146,0.0
2024-01-17,19:08:00.000000000,47.405,387.365,0.02258013042103654,38.65824777945518,1.766607188143996,0,0.0,0.0,0.0,0.0,0.0,0.0,0.0,0.0,0.0,0.998064472402146,0.998064472402146,0.0
2024-01-17,19:09:00.000000000,47.405,387.64,,,,0,0.0,0.0,0.0,0.0,0.0,0.0,0.0,0.0,0.0,0.998064472402146,0.998064472402146,0.0
2024-01-17,19:10:00.000000000,47.415,387.64,,,,0,0.0,0.0,0.0,0.0,0.0,0.0,0.0,0.0,0.0,0.998064472402146,0.998064472402146,0.0
2024-01-17,19:11:00.000000000,47.425,387.655,0.02253190730315821,38.6903934743942,1.7619346250143422,0,0.0,0.0,0.0,0.0,0.0,0.0,0.0,0.0,0.0,0.998064472402146,0.998064472402146,0.0
2024-01-17,19:12:00.000000000,47.44,387.6,,,,0,0.0,0.0,0.0,0.0,0.0,0.0,0.0,0.0,0.0,0.998064472402146,0.998064472402146,0.0
2024-01-17,19:13:00.000000000,47.43,387.495,,,,0,0.0,0.0,0.0,0.0,0.0,0.0,0.0,0.0,0.0,0.998064472402146,0.998064472402146,0.0
2024-01-17,19:14:00.000000000,47.42,387.23,0.02247474002260643,38.71710642104611,1.7479793844449838,0,0.0,0.0,0.0,0.0,0.0,0.0,0.0,0.0,0.0,0.998064472402146,0.998064472402146,0.0
2024-01-17,19:15:00.000000000,47.4293,387.225,,,,0,0.0,0.0,0.0,0.0,0.0,0.0,0.0,0.0,0.0,0.998064472402146,0.998064472402146,0.0
2024-01-17,19:16:00.000000000,47.445,387.525,,,,0,0.0,0.0,0.0,0.0,0.0,0.0,0.0,0.0,0.0,0.998064472402146,0.998064472402146,0.0
2024-01-17,19:17:00.000000000,47.455,387.425,0.022426689930832338,38.76633965354728,1.7621145474430233,0,0.0,0.0,0.0,0.0,0.0,0.0,0.0,0.0,0.0,0.998064472402146,0.998064472402146,0.0
2024-01-17,19:18:00.000000000,47.47,387.54,,,,0,0.0,0.0,0.0,0.0,0.0,0.0,0.0,0.0,0.0,0.998064472402146,0.998064472402146,0.0
2024-01-17,19:19:00.000000000,47.46,387.49,,,,0,0.0,0.0,0.0,0.0,0.0,0.0,0.0,0.0,0.0,0.998064472402146,0.998064472402146,0.0
2024-01-17,19:20:00.000000000,47.4613,387.58,0.022383447395251013,38.785923458548616,1.7371390496739285,0,0.0,0.0,0.0,0.0,0.0,0.0,0.0,0.0,0.0,0.998064472402146,0.998064472402146,0.0
2024-01-17,19:21:00.000000000,47.495,387.74,,,,0,0.0,0.0,0.0,0.0,0.0,0.0,0.0,0.0,0.0,0.998064472402146,0.998064472402146,0.0
2024-01-17,19:22:00.000000000,47.51,387.78,,,,0,0.0,0.0,0.0,0.0,0.0,0.0,0.0,0.0,0.0,0.998064472402146,0.998064472402146,0.0
2024-01-17,19:23:00.000000000,47.53,388.11,0.0223450723560658,38.8576539678873,1.775719840208931,0,0.0,0.0,0.0,0.0,0.0,0.0,0.0,0.0,0.0,0.998064472402146,0.998064472402146,0.0
2024-01-17,19:24:00.000000000,47.53,388.1999,,,,0,0.0,0.0,0.0,0.0,0.0,0.0,0.0,0.0,0.0,0.998064472402146,0.998064472402146,0.0
2024-01-17,19:25:00.000000000,47.54,388.255,,,,0,0.0,0.0,0.0,0.0,0.0,0.0,0.0,0.0,0.0,0.998064472402146,0.998064472402146,0.0
2024-01-17,19:26:00.000000000,47.51,388.1929,0.02230827435082154,38.85008628575896,1.7192586397027183,0,0.0,0.0,0.0,0.0,0.0,0.0,0.0,0.0,0.0,0.998064472402146,0.998064472402146,0.0
2024-01-17,19:27:00.000000000,47.48,387.99,,,,0,0.0,0.0,0.0,0.0,0.0,0.0,0.0,0.0,0.0,0.998064472402146,0.998064472402146,0.0
2024-01-17,19:28:00.000000000,47.505,388.09,,,,0,0.0,0.0,0.0,0.0,0.0,0.0,0.0,0.0,0.0,0.998064472402146,0.998064472402146,0.0
2024-01-17,19:29:00.000000000,47.525,388.07,0.022271770007508237,38.881994213186275,1.7118695845248144,0,0.0,0.0,0.0,0.0,0.0,0.0,0.0,0.0,0.0,0.998064472402146,0.998064472402146,0.0
2024-01-17,19:30:00.000000000,47.545,388.2,,,,0,0.0,0.0,0.0,0.0,0.0,0.0,0.0,0.0,0.0,0.998064472402146,0.998064472402146,0.0
2024-01-17,19:31:00.000000000,47.55,388.2,,,,0,0.0,0.0,0.0,0.0,0.0,0.0,0.0,0.0,0.0,0.998064472402146,0.998064472402146,0.0
2024-01-17,19:32:00.000000000,47.55,388.37,0.022236987937589592,38.913820994678325,1.7042523445762994,0,0.0,0.0,0.0,0.0,0.0,0.0,0.0,0.0,0.0,0.998064472402146,0.998064472402146,0.0
2024-01-17,19:33:00.000000000,47.54,388.19,,,,0,0.0,0.0,0.0,0.0,0.0,0.0,0.0,0.0,0.0,0.998064472402146,0.998064472402146,0.0
2024-01-17,19:34:00.000000000,47.54,388.08,,,,0,0.0,0.0,0.0,0.0,0.0,0.0,0.0,0.0,0.0,0.998064472402146,0.998064472402146,0.0
2024-01-17,19:35:00.000000000,47.5448,388.25,0.02220439759386834,38.92394263418062,1.6711110269184088,0,0.0,0.0,0.0,0.0,0.0,0.0,0.0,0.0,0.0,0.998064472402146,0.998064472402146,0.0
2024-01-17,19:36:00.000000000,47.541,388.16,,,,0,0.0,0.0,0.0,0.0,0.0,0.0,0.0,0.0,0.0,0.998064472402146,0.998064472402146,0.0
2024-01-17,19:37:00.000000000,47.545,388.22,,,,0,0.0,0.0,0.0,0.0,0.0,0.0,0.0,0.0,0.0,0.998064472402146,0.998064472402146,0.0
2024-01-17,19:38:00.000000000,47.58,388.04,0.022186482746020416,38.97075723523424,1.683369764462988,0,0.0,0.0,0.0,0.0,0.0,0.0,0.0,0.0,0.0,0.998064472402146,0.998064472402146,0.0
2024-01-17,19:39:00.000000000,47.59,388.06,,,,0,0.0,0.0,0.0,0.0,0.0,0.0,0.0,0.0,0.0,0.998064472402146,0.998064472402146,0.0
2024-01-17,19:40:00.000000000,47.6,388.18,,,,0,0.0,0.0,0.0,0.0,0.0,0.0,0.0,0.0,0.0,0.998064472402146,0.998064472402146,0.0
2024-01-17,19:41:00.000000000,47.6,388.18,0.022176967512519002,38.99134475099038,1.6653878274596703,0,0.0,0.0,0.0,0.0,0.0,0.0,0.0,0.0,0.0,0.998064472402146,0.998064472402146,0.0
2024-01-17,19:42:00.000000000,47.6,388.32,,,,0,0.0,0.0,0.0,0.0,0.0,0.0,0.0,0.0,0.0,0.998064472402146,0.998064472402146,0.0
2024-01-17,19:43:00.000000000,47.625,388.5274,,,,0,0.0,0.0,0.0,0.0,0.0,0.0,0.0,0.0,0.0,0.998064472402146,0.998064472402146,0.0
2024-01-17,19:44:00.000000000,47.645,388.6083,0.02218892437996549,39.02219981787306,1.6609222029153152,0,0.0,0.0,0.0,0.0,0.0,0.0,0.0,0.0,0.0,0.998064472402146,0.998064472402146,0.0
2024-01-17,19:45:00.000000000,47.65,388.58,,,,0,0.0,0.0,0.0,0.0,0.0,0.0,0.0,0.0,0.0,0.998064472402146,0.998064472402146,0.0
2024-01-17,19:46:00.000000000,47.63,388.48,,,,0,0.0,0.0,0.0,0.0,0.0,0.0,0.0,0.0,0.0,0.998064472402146,0.998064472402146,0.0
2024-01-17,19:47:00.000000000,47.655,388.622,0.022208019489914105,39.0244750497906,1.6231546675840705,0,0.0,0.0,0.0,0.0,0.0,0.0,0.0,0.0,0.0,0.998064472402146,0.998064472402146,0.0
2024-01-17,19:48:00.000000000,47.625,388.41,,,,0,0.0,0.0,0.0,0.0,0.0,0.0,0.0,0.0,0.0,0.998064472402146,0.998064472402146,0.0
2024-01-17,19:49:00.000000000,47.645,388.265,,,,0,0.0,0.0,0.0,0.0,0.0,0.0,0.0,0.0,0.0,0.998064472402146,0.998064472402146,0.0
2024-01-17,19:50:00.000000000,47.63,388.41,0.022214886459918613,39.00151595010301,1.5593348965787057,0,0.0,0.0,0.0,0.0,0.0,0.0,0.0,0.0,0.0,0.998064472402146,0.998064472402146,0.0
2024-01-17,19:51:00.000000000,47.625,388.43,,,,0,0.0,0.0,0.0,0.0,0.0,0.0,0.0,0.0,0.0,0.998064472402146,0.998064472402146,0.0
2024-01-17,19:52:00.000000000,47.635,388.51,,,,0,0.0,0.0,0.0,0.0,0.0,0.0,0.0,0.0,0.0,0.998064472402146,0.998064472402146,0.0
2024-01-17,19:53:00.000000000,47.62,388.4771,0.022215048586558213,38.989962348734764,1.5100273402059177,0,0.0,0.0,0.0,0.0,0.0,0.0,0.0,0.0,0.0,0.998064472402146,0.998064472402146,0.0
2024-01-17,19:54:00.000000000,47.615,388.4833,,,,0,0.0,0.0,0.0,0.0,0.0,0.0,0.0,0.0,0.0,0.998064472402146,0.998064472402146,0.0
2024-01-17,19:55:00.000000000,47.6227,388.6,,,,0,0.0,0.0,0.0,0.0,0.0,0.0,0.0,0.0,0.0,0.998064472402146,0.998064472402146,0.0
2024-01-17,19:56:00.000000000,47.605,388.55,0.022228581251228268,38.96808475483525,1.4501793294143102,0,0.0,0.0,0.0,0.0,0.0,0.0,0.0,0.0,0.0,0.998064472402146,0.998064472402146,0.0
2024-01-17,19:57:00.000000000,47.61,388.64,,,,0,0.0,0.0,0.0,0.0,0.0,0.0,0.0,0.0,0.0,0.998064472402146,0.998064472402146,0.0
2024-01-17,19:58:00.000000000,47.615,388.6,,,,0,0.0,0.0,0.0,0.0,0.0,0.0,0.0,0.0,0.0,0.998064472402146,0.998064472402146,0.0
2024-01-17,19:59:00.000000000,47.605,388.5,0.022239127426458664,38.965098994820806,1.4138336495021322,1,0.0,0.0,0.0,0.0,0.0,0.0,0.0,0.0,0.0,0.998064472402146,0.998064472402146,0.0
2024-01-17,20:00:00.000000000,47.61,388.5,,,,0,0.0,0.0,0.0,0.0,0.0,0.0,0.0,0.0,0.0,0.998064472402146,0.998064472402146,0.0
2024-01-17,20:01:00.000000000,47.595,388.3395,,,,0,0.0,0.0,0.0,0.0,0.0,0.0,0.0,0.0,0.0,0.998064472402146,0.998064472402146,0.0
2024-01-17,20:02:00.000000000,47.61,388.3,0.022256002011127443,38.96799441907921,1.3868822639422165,0,0.0,0.0,0.0,0.0,0.0,0.0,0.0,0.0,0.0,0.998064472402146,0.998064472402146,0.0
2024-01-17,20:03:00.000000000,47.56,388.305,,,,0,0.0,0.0,0.0,0.0,0.0,0.0,0.0,0.0,0.0,0.998064472402146,0.998064472402146,0.0
2024-01-17,20:04:00.000000000,47.56,388.3,,,,0,0.0,0.0,0.0,0.0,0.0,0.0,0.0,0.0,0.0,0.998064472402146,0.998064472402146,0.0
2024-01-17,20:05:00.000000000,47.57,388.32,0.02227081191442688,38.92179831738976,1.3010940366592911,0,0.0,0.0,0.0,0.0,0.0,0.0,0.0,0.0,0.0,0.998064472402146,0.998064472402146,0.0
2024-01-17,20:06:00.000000000,47.585,388.5,,,,0,0.0,0.0,0.0,0.0,0.0,0.0,0.0,0.0,0.0,0.998064472402146,0.998064472402146,0.0
2024-01-17,20:07:00.000000000,47.575,388.4202,,,,0,0.0,0.0,0.0,0.0,0.0,0.0,0.0,0.0,0.0,0.998064472402146,0.998064472402146,0.0
2024-01-17,20:08:00.000000000,47.56,388.4,0.02227029792598681,38.910216285546724,1.2604907919267259,0,0.0,0.0,0.0,0.0,0.0,0.0,0.0,0.0,0.0,0.998064472402146,0.998064472402146,0.0
2024-01-17,20:09:00.000000000,47.56,388.45,,,,0,0.0,0.0,0.0,0.0,0.0,0.0,0.0,0.0,0.0,0.998064472402146,0.998064472402146,0.0
2024-01-17,20:10:00.000000000,47.565,388.43,,,,0,0.0,0.0,0.0,0.0,0.0,0.0,0.0,0.0,0.0,0.998064472402146,0.998064472402146,0.0
2024-01-17,20:11:00.000000000,47.55,388.225,0.022270144224704604,38.904173258364054,1.2267279502849964,0,0.0,0.0,0.0,0.0,0.0,0.0,0.0,0.0,0.0,0.998064472402146,0.998064472402146,0.0
2024-01-17,20:12:00.000000000,47.55,388.21,,,,0,0.0,0.0,0.0,0.0,0.0,0.0,0.0,0.0,0.0,0.998064472402146,0.998064472402146,0.0
2024-01-17,20:13:00.000000000,47.55,388.19,,,,0,0.0,0.0,0.0,0.0,0.0,0.0,0.0,0.0,0.0,0.998064472402146,0.998064472402146,0.0
2024-01-17,20:14:00.000000000,47.51,387.98,0.022264211425443197,38.871931251156546,1.1598172480580824,0,0.0,0.0,0.0,0.0,0.0,0.0,0.0,0.0,0.0,0.998064472402146,0.998064472402146,0.0
2024-01-17,20:15:00.000000000,47.52,388.142,,,,0,0.0,0.0,0.0,0.0,0.0,0.0,0.0,0.0,0.0,0.998064472402146,0.998064472402146,0.0
2024-01-17,20:16:00.000000000,47.515,388.25,,,,0,0.0,0.0,0.0,0.0,0.0,0.0,0.0,0.0,0.0,0.998064472402146,0.998064472402146,0.0
2024-01-17,20:17:00.000000000,47.5,388.18,0.02226878634250061,38.85570251756811,1.1146626226681864,0,0.0,0.0,0.0,0.0,0.0,0.0,0.0,0.0,0.0,0.998064472402146,0.998064472402146,0.0
2024-01-17,20:18:00.000000000,47.51,388.302,,,,0,0.0,0.0,0.0,0.0,0.0,0.0,0.0,0.0,0.0,0.998064472402146,0.998064472402146,0.0
2024-01-17,20:19:00.000000000,47.54,388.43,,,,0,0.0,0.0,0.0,0.0,0.0,0.0,0.0,0.0,0.0,0.998064472402146,0.998064472402146,0.0
2024-01-17,20:20:00.000000000,47.53,388.28,0.022265846677396603,38.88461705210045,1.1286749532026217,0,0.0,0.0,0.0,0.0,0.0,0.0,0.0,0.0,0.0,0.998064472402146,0.998064472402146,0.0
2024-01-17,20:21:00.000000000,47.505,388.1964,,,,0,0.0,0.0,0.0,0.0,0.0,0.0,0.0,0.0,0.0,0.998064472402146,0.998064472402146,0.0
2024-01-17,20:22:00.000000000,47.495,388.07,,,,0,0.0,0.0,0.0,0.0,0.0,0.0,0.0,0.0,0.0,0.998064472402146,0.998064472402146,0.0
2024-01-17,20:23:00.000000000,47.505,387.97,0.02226623416692031,38.866369130259926,1.080949668538089,0,0.0,0.0,0.0,0.0,0.0,0.0,0.0,0.0,0.0,0.998064472402146,0.998064472402146,0.0
2024-01-17,20:24:00.000000000,47.49,387.81,,,,0,0.0,0.0,0.0,0.0,0.0,0.0,0.0,0.0,0.0,0.998064472402146,0.998064472402146,0.0
2024-01-17,20:25:00.000000000,47.5,387.795,,,,0,0.0,0.0,0.0,0.0,0.0,0.0,0.0,0.0,0.0,0.998064472402146,0.998064472402146,0.0
2024-01-17,20:26:00.000000000,47.51,387.825,0.022262572560831605,38.87601779659548,1.0713418066408504,0,0.0,0.0,0.0,0.0,0.0,0.0,0.0,0.0,0.0,0.998064472402146,0.998064472402146,0.0
2024-01-17,20:27:00.000000000,47.501,387.97,,,,0,0.0,0.0,0.0,0.0,0.0,0.0,0.0,0.0,0.0,0.998064472402146,0.998064472402146,0.0
2024-01-17,20:28:00.000000000,47.52,387.9409,,,,0,0.0,0.0,0.0,0.0,0.0,0.0,0.0,0.0,0.0,0.998064472402146,0.998064472402146,0.0
2024-01-17,20:29:00.000000000,47.52,387.905,0.02227316532205142,38.880127805749645,1.054322293568785,0,0.0,0.0,0.0,0.0,0.0,0.0,0.0,0.0,0.0,0.998064472402146,0.998064472402146,0.0
2024-01-17,20:30:00.000000000,47.535,388.06,,,,0,0.0,0.0,0.0,0.0,0.0,0.0,0.0,0.0,0.0,0.998064472402146,0.998064472402146,0.0
2024-01-17,20:31:00.000000000,47.525,388.16,,,,0,0.0,0.0,0.0,0.0,0.0,0.0,0.0,0.0,0.0,0.998064472402146,0.998064472402146,0.0
2024-01-17,20:32:00.000000000,47.535,388.32,0.022296950005201013,38.87664837398034,1.027653648672945,0,0.0,0.0,0.0,0.0,0.0,0.0,0.0,0.0,0.0,0.998064472402146,0.998064472402146,0.0
2024-01-17,20:33:00.000000000,47.55,388.3,,,,0,0.0,0.0,0.0,0.0,0.0,0.0,0.0,0.0,0.0,0.998064472402146,0.998064472402146,0.0
2024-01-17,20:34:00.000000000,47.57,388.41,,,,0,0.0,0.0,0.0,0.0,0.0,0.0,0.0,0.0,0.0,0.998064472402146,0.998064472402146,0.0
2024-01-17,20:35:00.000000000,47.59,388.5,0.022306303481994326,38.92400109724521,1.0722371369466095,0,0.0,0.0,0.0,0.0,0.0,0.0,0.0,0.0,0.0,0.998064472402146,0.998064472402146,0.0
2024-01-17,20:36:00.000000000,47.595,388.515,,,,0,0.0,0.0,0.0,0.0,0.0,0.0,0.0,0.0,0.0,0.998064472402146,0.998064472402146,0.0
2024-01-17,20:37:00.000000000,47.595,388.68,,,,0,0.0,0.0,0.0,0.0,0.0,0.0,0.0,0.0,0.0,0.998064472402146,0.998064472402146,0.0
2024-01-17,20:38:00.000000000,47.57,388.695,0.022317710673286764,38.895217449846804,1.0089751262688882,0,0.0,0.0,0.0,0.0,0.0,0.0,0.0,0.0,0.0,0.998064472402146,0.998064472402146,0.0
2024-01-17,20:39:00.000000000,47.55,388.69,,,,0,0.0,0.0,0.0,0.0,0.0,0.0,0.0,0.0,0.0,0.998064472402146,0.998064472402146,0.0
2024-01-17,20:40:00.000000000,47.555,388.82,,,,0,0.0,0.0,0.0,0.0,0.0,0.0,0.0,0.0,0.0,0.998064472402146,0.998064472402146,0.0
2024-01-17,20:41:00.000000000,47.575,388.77,0.022118036741964806,38.976170855826346,1.1039538380764802,0,0.0,0.0,0.0,0.0,0.0,0.0,0.0,0.0,0.0,0.998064472402146,0.998064472402146,0.0
2024-01-17,20:42:00.000000000,47.57,388.74,,,,0,0.0,0.0,0.0,0.0,0.0,0.0,0.0,0.0,0.0,0.998064472402146,0.998064472402146,0.0
2024-01-17,20:43:00.000000000,47.59,388.76,,,,0,0.0,0.0,0.0,0.0,0.0,0.0,0.0,0.0,0.0,0.998064472402146,0.998064472402146,0.0
2024-01-17,20:44:00.000000000,47.58,388.765,0.021925168055365638,39.05626204095577,1.1983783103988295,0,0.0,0.0,0.0,0.0,0.0,0.0,0.0,0.0,0.0,0.998064472402146,0.998064472402146,0.0
2024-01-17,20:45:00.000000000,47.585,388.83,,,,0,0.0,0.0,0.0,0.0,0.0,0.0,0.0,0.0,0.0,0.998064472402146,0.998064472402146,0.0
2024-01-17,20:46:00.000000000,47.58,388.775,,,,0,0.0,0.0,0.0,0.0,0.0,0.0,0.0,0.0,0.0,0.998064472402146,0.998064472402146,0.0
2024-01-17,20:47:00.000000000,47.595,388.835,0.02172841930120187,39.146230081017166,1.3063992222413077,0,0.0,0.0,0.0,0.0,0.0,0.0,0.0,0.0,0.0,0.998064472402146,0.998064472402146,0.0
2024-01-17,20:48:00.000000000,47.62,389.08,,,,0,0.0,0.0,0.0,0.0,0.0,0.0,0.0,0.0,0.0,0.998064472402146,0.998064472402146,0.0
2024-01-17,20:49:00.000000000,47.61,389.05,,,,0,0.0,0.0,0.0,0.0,0.0,0.0,0.0,0.0,0.0,0.998064472402146,0.998064472402146,0.0
2024-01-17,20:50:00.000000000,47.6861,389.6825,0.021598955517171784,39.26936501667971,1.4627338466699429,0,0.0,0.0,0.0,0.0,0.0,0.0,0.0,0.0,0.0,0.998064472402146,0.998064472402146,0.0
2024-01-17,20:51:00.000000000,47.68,389.65,,,,0,0.0,0.0,0.0,0.0,0.0,0.0,0.0,0.0,0.0,0.998064472402146,0.998064472402146,0.0
2024-01-17,20:52:00.000000000,47.705,389.69,,,,0,0.0,0.0,0.0,0.0,0.0,0.0,0.0,0.0,0.0,0.998064472402146,0.998064472402146,0.0
2024-01-17,20:53:00.000000000,47.715,389.75,0.021438772938125406,39.359238247365624,1.5661725854784578,0,0.0,0.0,0.0,0.0,0.0,0.0,0.0,0.0,0.0,0.998064472402146,0.998064472402146,0.0
2024-01-17,20:54:00.000000000,47.725,389.57,,,,0,0.0,0.0,0.0,0.0,0.0,0.0,0.0,0.0,0.0,0.998064472402146,0.998064472402146,0.0
2024-01-17,20:55:00.000000000,47.805,389.635,,,,0,0.0,0.0,0.0,0.0,0.0,0.0,0.0,0.0,0.0,0.998064472402146,0.998064472402146,0.0
2024-01-17,20:56:00.000000000,47.765,389.7599,0.021269071200817388,39.475168935676535,1.7042795903467687,0,0.0,0.0,0.0,0.0,0.0,0.0,0.0,0.0,0.0,0.998064472402146,0.998064472402146,0.0
2024-01-17,20:57:00.000000000,47.775,389.64,,,,0,0.0,0.0,0.0,0.0,0.0,0.0,0.0,0.0,0.0,0.998064472402146,0.998064472402146,0.0
2024-01-17,20:58:00.000000000,47.775,389.635,,,,0,0.0,0.0,0.0,0.0,0.0,0.0,0.0,0.0,0.0,0.998064472402146,0.998064472402146,0.0
2024-01-17,20:59:00.000000000,47.74,389.4,0.021083788643762622,39.52997270211884,1.7487715059055329,1,0.0,0.0,0.0,0.0,0.0,0.0,0.0,0.0,0.0,0.998064472402146,0.998064472402146,0.0
2024-01-18,14:29:00.000000000,47.73,391.66,0.020953751350650734,39.52325374600413,1.7007829677201052,0,0.0,0.0,0.0,0.0,0.0,0.0,0.0,0.0,0.0,0.998064472402146,0.998064472402146,0.0
2024-01-18,14:30:00.000000000,47.97,390.88,,,,0,0.0,0.0,0.0,0.0,0.0,0.0,0.0,0.0,0.0,0.998064472402146,0.998064472402146,0.0
2024-01-18,14:31:00.000000000,47.95,391.51,,,,0,0.0,0.0,0.0,0.0,0.0,0.0,0.0,0.0,0.0,0.998064472402146,0.998064472402146,0.0
2024-01-18,14:32:00.000000000,48.05,391.86,0.020938846118963555,39.84490375982294,2.1354999749794756,0,0.0,0.0,0.0,0.0,0.0,0.0,0.0,0.0,0.0,0.998064472402146,0.998064472402146,0.0
2024-01-18,14:33:00.000000000,48.16,391.64,,,,0,0.0,0.0,0.0,0.0,0.0,0.0,0.0,0.0,0.0,0.998064472402146,0.998064472402146,0.0
2024-01-18,14:34:00.000000000,48.18,391.505,,,,0,0.0,0.0,0.0,0.0,0.0,0.0,0.0,0.0,0.0,0.998064472402146,0.998064472402146,0.0
2024-01-18,14:35:00.000000000,48.07,391.88,0.020899929080135167,39.87973579207663,2.123979333281257,0,0.0,0.0,0.0,0.0,0.0,0.0,0.0,0.0,0.0,0.998064472402146,0.998064472402146,0.0
2024-01-18,14:36:00.000000000,47.975,392.3201,,,,0,0.0,0.0,0.0,0.0,0.0,0.0,0.0,0.0,0.0,0.998064472402146,0.998064472402146,0.0
2024-01-18,14:37:00.000000000,47.97,392.2,,,,0,0.0,0.0,0.0,0.0,0.0,0.0,0.0,0.0,0.0,0.998064472402146,0.998064472402146,0.0
2024-01-18,14:38:00.000000000,47.93,392.165,0.020870110961573117,39.74547293475468,1.8710243502217891,0,0.0,0.0,0.0,0.0,0.0,0.0,0.0,0.0,0.0,0.998064472402146,0.998064472402146,0.0
2024-01-18,14:39:00.000000000,47.965,392.16,,,,0,0.0,0.0,0.0,0.0,0.0,0.0,0.0,0.0,0.0,0.998064472402146,0.998064472402146,0.0
2024-01-18,14:40:00.000000000,47.98,392.8637,,,,0,0.0,0.0,0.0,0.0,0.0,0.0,0.0,0.0,0.0,0.998064472402146,0.998064472402146,0.0
2024-01-18,14:41:00.000000000,47.96,392.55,0.020828088908067244,39.7839336991382,1.8821035272872693,0,0.0,0.0,0.0,0.0,0.0,0.0,0.0,0.0,0.0,0.998064472402146,0.998064472402146,0.0
2024-01-18,14:42:00.000000000,47.91,392.6387,,,,0,0.0,0.0,0.0,0.0,0.0,0.0,0.0,0.0,0.0,0.998064472402146,0.998064472402146,0.0
2024-01-18,14:43:00.000000000,47.935,392.95,,,,0,0.0,0.0,0.0,0.0,0.0,0.0,0.0,0.0,0.0,0.998064472402146,0.998064472402146,0.0
2024-01-18,14:44:00.000000000,47.91,392.68,0.020778817489491386,39.75057394822652,1.7898395989411708,0,0.0,0.0,0.0,0.0,0.0,0.0,0.0,0.0,0.0,0.998064472402146,0.998064472402146,0.0
2024-01-18,14:45:00.000000000,47.915,392.22,,,,0,0.0,0.0,0.0,0.0,0.0,0.0,0.0,0.0,0.0,0.998064472402146,0.998064472402146,0.0
2024-01-18,14:46:00.000000000,47.871,392.11,,,,0,0.0,0.0,0.0,0.0,0.0,0.0,0.0,0.0,0.0,0.998064472402146,0.998064472402146,0.0
2024-01-18,14:47:00.000000000,47.95,392.02,0.02080055677878284,39.795765731581554,1.8172070704851409,0,0.0,0.0,0.0,0.0,0.0,0.0,0.0,0.0,0.0,0.998064472402146,0.998064472402146,0.0
2024-01-18,14:48:00.000000000,47.985,392.08,,,,0,0.0,0.0,0.0,0.0,0.0,0.0,0.0,0.0,0.0,0.998064472402146,0.998064472402146,0.0
2024-01-18,14:49:00.000000000,47.935,392.05,,,,0,0.0,0.0,0.0,0.0,0.0,0.0,0.0,0.0,0.0,0.998064472402146,0.998064472402146,0.0
2024-01-18,14:50:00.000000000,47.85,391.74,0.02079878273330983,39.70228485205321,1.6382638376693106,0,0.0,0.0,0.0,0.0,0.0,0.0,0.0,0.0,0.0,0.998064472402146,0.998064472402146,0.0
2024-01-18,14:51:00.000000000,47.9,392.065,,,,0,0.0,0.0,0.0,0.0,0.0,0.0,0.0,0.0,0.0,0.998064472402146,0.998064472402146,0.0
2024-01-18,14:52:00.000000000,47.95,391.97,,,,0,0.0,0.0,0.0,0.0,0.0,0.0,0.0,0.0,0.0,0.998064472402146,0.998064472402146,0.0
2024-01-18,14:53:00.000000000,47.935,391.735,0.020819335638449985,39.779337553671795,1.720564422634777,0,0.0,0.0,0.0,0.0,0.0,0.0,0.0,0.0,0.0,0.998064472402146,0.998064472402146,0.0
2024-01-18,14:54:00.000000000,47.92,391.766,,,,0,0.0,0.0,0.0,0.0,0.0,0.0,0.0,0.0,0.0,0.998064472402146,0.998064472402146,0.0
2024-01-18,14:55:00.000000000,47.91,391.68,,,,0,0.0,0.0,0.0,0.0,0.0,0.0,0.0,0.0,0.0,0.998064472402146,0.998064472402146,0.0
2024-01-18,14:56:00.000000000,47.935,392.16,0.020877937002555195,39.74750822507796,1.6362105917858325,0,0.0,0.0,0.0,0.0,0.0,0.0,0.0,0.0,0.0,0.998064472402146,0.998064472402146,0.0
2024-01-18,14:57:00.000000000,47.895,392.06,,,,0,0.0,0.0,0.0,0.0,0.0,0.0,0.0,0.0,0.0,0.998064472402146,0.998064472402146,0.0
2024-01-18,14:58:00.000000000,47.825,392.0552,,,,0,0.0,0.0,0.0,0.0,0.0,0.0,0.0,0.0,0.0,0.998064472402146,0.998064472402146,0.0
2024-01-18,14:59:00.000000000,47.91,392.18,0.020944871846688622,39.695840159165655,1.524844490779892,0,0.0,0.0,0.0,0.0,0.0,0.0,0.0,0.0,0.0,0.998064472402146,0.998064472402146,0.0
2024-01-18,15:00:00.000000000,47.875,392.43,,,,0,0.0,0.0,0.0,0.0,0.0,0.0,0.0,0.0,0.0,0.998064472402146,0.998064472402146,0.0
2024-01-18,15:01:00.000000000,47.81,392.0227,,,,0,0.0,0.0,0.0,0.0,0.0,0.0,0.0,0.0,0.0,0.998064472402146,0.998064472402146,0.0
2024-01-18,15:02:00.000000000,47.75,391.675,0.020976388772197548,39.534072927649525,1.242591751093365,0,0.0,0.0,0.0,0.0,0.0,0.0,0.0,0.0,0.0,0.998064472402146,0.998064472402146,0.0
2024-01-18,15:03:00.000000000,47.75,391.195,,,,0,0.0,0.0,0.0,0.0,0.0,0.0,0.0,0.0,0.0,0.998064472402146,0.998064472402146,0.0
2024-01-18,15:04:00.000000000,47.73,391.095,,,,0,0.0,0.0,0.0,0.0,0.0,0.0,0.0,0.0,0.0,0.998064472402146,0.998064472402146,0.0
2024-01-18,15:05:00.000000000,47.79,391.55,0.02102563926578985,39.55741094547999,1.257556114954074,0,0.0,0.0,0.0,0.0,0.0,0.0,0.0,0.0,0.0,0.998064472402146,0.998064472402146,0.0
2024-01-18,15:06:00.000000000,47.78,391.6335,,,,0,0.0,0.0,0.0,0.0,0.0,0.0,0.0,0.0,0.0,0.998064472402146,0.998064472402146,0.0
2024-01-18,15:07:00.000000000,47.73,391.74,,,,0,0.0,0.0,0.0,0.0,0.0,0.0,0.0,0.0,0.0,0.998064472402146,0.998064472402146,0.0
2024-01-18,15:08:00.000000000,47.63,391.59,0.0209965551252607,39.40795897849917,0.9918898514501645,0,0.0,0.0,0.0,0.0,0.0,0.0,0.0,0.0,0.0,0.998064472402146,0.998064472402146,0.0
2024-01-18,15:09:00.000000000,47.6,391.495,,,,0,0.0,0.0,0.0,0.0,0.0,0.0,0.0,0.0,0.0,0.998064472402146,0.998064472402146,0.0
2024-01-18,15:10:00.000000000,47.63,391.75,,,,0,0.0,0.0,0.0,0.0,0.0,0.0,0.0,0.0,0.0,0.998064472402146,0.998064472402146,0.0
2024-01-18,15:11:00.000000000,47.7,391.98,0.020966526737455922,39.48154084945203,1.0947886897754313,0,0.0,0.0,0.0,0.0,0.0,0.0,0.0,0.0,0.0,0.998064472402146,0.998064472402146,0.0
2024-01-18,15:12:00.000000000,47.73,392.1,,,,0,0.0,0.0,0.0,0.0,0.0,0.0,0.0,0.0,0.0,0.998064472402146,0.998064472402146,0.0
2024-01-18,15:13:00.000000000,47.68,391.725,,,,0,0.0,0.0,0.0,0.0,0.0,0.0,0.0,0.0,0.0,0.998064472402146,0.998064472402146,0.0
2024-01-18,15:14:00.000000000,47.66,391.9079,0.020963406155471164,39.44427551676222,1.0111776746997534,0,0.0,0.0,0.0,0.0,0.0,0.0,0.0,0.0,0.0,0.998064472402146,0.998064472402146,0.0
2024-01-18,15:15:00.000000000,47.67,391.855,,,,0,0.0,0.0,0.0,0.0,0.0,0.0,0.0,0.0,0.0,0.998064472402146,0.998064472402146,0.0
2024-01-18,15:16:00.000000000,47.66,391.73,,,,0,0.0,0.0,0.0,0.0,0.0,0.0,0.0,0.0,0.0,0.998064472402146,0.998064472402146,0.0
2024-01-18,15:17:00.000000000,47.68,392.17,0.020950302666065485,39.4639198034491,1.0251472144291198,0,0.0,0.0,0.0,0.0,0.0,0.0,0.0,0.0,0.0,0.998064472402146,0.998064472402146,0.0
2024-01-18,15:18:00.000000000,47.69,392.01,,,,0,0.0,0.0,0.0,0.0,0.0,0.0,0.0,0.0,0.0,0.998064472402146,0.998064472402146,0.0
2024-01-18,15:19:00.000000000,47.6725,391.525,,,,0,0.0,0.0,0.0,0.0,0.0,0.0,0.0,0.0,0.0,0.998064472402146,0.998064472402146,0.0
2024-01-18,15:20:00.000000000,47.67,391.27,0.020946125822582096,39.47440934939831,1.0240583995954715,0,0.0,0.0,0.0,0.0,0.0,0.0,0.0,0.0,0.0,0.998064472402146,0.998064472402146,0.0
2024-01-18,15:21:00.000000000,47.69,391.565,,,,0,0.0,0.0,0.0,0.0,0.0,0.0,0.0,0.0,0.0,0.998064472402146,0.998064472402146,0.0
2024-01-18,15:22:00.000000000,47.74,392.0243,,,,0,0.0,0.0,0.0,0.0,0.0,0.0,0.0,0.0,0.0,0.998064472402146,0.998064472402146,0.0
2024-01-18,15:23:00.000000000,47.75,391.8501,0.02098542075464016,39.52686077875218,1.0975754561826099,0,0.0,0.0,0.0,0.0,0.0,0.0,0.0,0.0,0.0,0.998064472402146,0.998064472402146,0.0
2024-01-18,15:24:00.000000000,47.795,392.115,,,,0,0.0,0.0,0.0,0.0,0.0,0.0,0.0,0.0,0.0,0.998064472402146,0.998064472402146,0.0
2024-01-18,15:25:00.000000000,47.77,392.05,,,,0,0.0,0.0,0.0,0.0,0.0,0.0,0.0,0.0,0.0,0.998064472402146,0.998064472402146,0.0
2024-01-18,15:26:00.000000000,47.78,392.222,0.021026650914932558,39.53288492484332,1.088145769968144,0,0.0,0.0,0.0,0.0,0.0,0.0,0.0,0.0,0.0,0.998064472402146,0.998064472402146,0.0
2024-01-18,15:27:00.000000000,47.76,391.98,,,,0,0.0,0.0,0.0,0.0,0.0,0.0,0.0,0.0,0.0,0.998064472402146,0.998064472402146,0.0
2024-01-18,15:28:00.000000000,47.76,392.15,,,,0,0.0,0.0,0.0,0.0,0.0,0.0,0.0,0.0,0.0,0.998064472402146,0.998064472402146,0.0
2024-01-18,15:29:00.000000000,47.765,392.2,0.02103726059560906,39.51418639440213,1.0341663984941198,0,0.0,0.0,0.0,0.0,0.0,0.0,0.0,0.0,0.0,0.998064472402146,0.998064472402146,0.0
2024-01-18,15:30:00.000000000,47.805,392.25,,,,0,0.0,0.0,0.0,0.0,0.0,0.0,0.0,0.0,0.0,0.998064472402146,0.998064472402146,0.0
2024-01-18,15:31:00.000000000,47.75,391.76,,,,0,0.0,0.0,0.0,0.0,0.0,0.0,0.0,0.0,0.0,0.998064472402146,0.998064472402146,0.0
2024-01-18,15:32:00.000000000,47.7,391.65,0.020993968741833038,39.4777121422611,0.9474021736652961,0,0.0,0.0,0.0,0.0,0.0,0.0,0.0,0.0,0.0,0.998064472402146,0.998064472402146,0.0
2024-01-18,15:33:00.000000000,47.725,392.063,,,,0,0.0,0.0,0.0,0.0,0.0,0.0,0.0,0.0,0.0,0.998064472402146,0.998064472402146,0.0
2024-01-18,15:34:00.000000000,47.76,392.34,,,,0,0.0,0.0,0.0,0.0,0.0,0.0,0.0,0.0,0.0,0.998064472402146,0.998064472402146,0.0
2024-01-18,15:35:00.000000000,47.76,392.27,0.020936966703332227,39.54705607128386,1.063594805543535,0,0.0,0.0,0.0,0.0,0.0,0.0,0.0,0.0,0.0,0.998064472402146,0.998064472402146,0.0
2024-01-18,15:36:00.000000000,47.76,392.3239,,,,0,0.0,0.0,0.0,0.0,0.0,0.0,0.0,0.0,0.0,0.998064472402146,0.998064472402146,0.0
2024-01-18,15:37:00.000000000,47.85,392.6,,,,0,0.0,0.0,0.0,0.0,0.0,0.0,0.0,0.0,0.0,0.998064472402146,0.998064472402146,0.0
2024-01-18,15:38:00.000000000,47.82,392.565,0.02087302791355793,39.625979797114134,1.1989598086595783,0,0.0,0.0,0.0,0.0,0.0,0.0,0.0,0.0,0.0,0.998064472402146,0.998064472402146,0.0
2024-01-18,15:39:00.000000000,47.835,392.77,,,,0,0.0,0.0,0.0,0.0,0.0,0.0,0.0,0.0,0.0,0.998064472402146,0.998064472402146,0.0
2024-01-18,15:40:00.000000000,47.85,392.75,,,,0,0.0,0.0,0.0,0.0,0.0,0.0,0.0,0.0,0.0,0.998064472402146,0.998064472402146,0.0
2024-01-18,15:41:00.000000000,47.845,392.36,0.02085468135022248,39.66245722542671,1.2517874453134865,0,0.0,0.0,0.0,0.0,0.0,0.0,0.0,0.0,0.0,0.998064472402146,0.998064472402146,0.0
2024-01-18,15:42:00.000000000,47.81,392.15,,,,0,0.0,0.0,0.0,0.0,0.0,0.0,0.0,0.0,0.0,0.998064472402146,0.998064472402146,0.0
2024-01-18,15:43:00.000000000,47.86,392.305,,,,0,0.0,0.0,0.0,0.0,0.0,0.0,0.0,0.0,0.0,0.998064472402146,0.998064472402146,0.0
2024-01-18,15:44:00.000000000,47.865,392.33,0.0208420662131289,39.68803216260314,1.2846179802951598,0,0.0,0.0,0.0,0.0,0.0,0.0,0.0,0.0,0.0,0.998064472402146,0.998064472402146,0.0
2024-01-18,15:45:00.000000000,47.895,392.305,,,,0,0.0,0.0,0.0,0.0,0.0,0.0,0.0,0.0,0.0,0.998064472402146,0.998064472402146,0.0
2024-01-18,15:46:00.000000000,47.9101,392.615,,,,0,0.0,0.0,0.0,0.0,0.0,0.0,0.0,0.0,0.0,0.998064472402146,0.998064472402146,0.0
2024-01-18,15:47:00.000000000,47.88,392.62,0.020836788474451674,39.69906010916078,1.2865484745623865,0,0.0,0.0,0.0,0.0,0.0,0.0,0.0,0.0,0.0,0.998064472402146,0.998064472402146,0.0
2024-01-18,15:48:00.000000000,47.94,392.59,,,,0,0.0,0.0,0.0,0.0,0.0,0.0,0.0,0.0,0.0,0.998064472402146,0.998064472402146,0.0
2024-01-18,15:49:00.000000000,47.96,392.745,,,,0,0.0,0.0,0.0,0.0,0.0,0.0,0.0,0.0,0.0,0.998064472402146,0.998064472402146,0.0
2024-01-18,15:50:00.000000000,47.94,392.47,0.02084414031842344,39.759300249228346,1.391021098075702,0,0.0,0.0,0.0,0.0,0.0,0.0,0.0,0.0,0.0,0.998064472402146,0.998064472402146,0.0
2024-01-18,15:51:00.000000000,47.935,392.3899,,,,0,0.0,0.0,0.0,0.0,0.0,0.0,0.0,0.0,0.0,0.998064472402146,0.998064472402146,0.0
2024-01-18,15:52:00.000000000,47.98,392.49,,,,0,0.0,0.0,0.0,0.0,0.0,0.0,0.0,0.0,0.0,0.998064472402146,0.998064472402146,0.0
2024-01-18,15:53:00.000000000,48.0,392.53,0.02088626569690261,39.80151412599482,1.4578656767399858,0,0.0,0.0,0.0,0.0,0.0,0.0,0.0,0.0,0.0,0.998064472402146,0.998064472402146,0.0
2024-01-18,15:54:00.000000000,47.97,392.53,,,,0,0.0,0.0,0.0,0.0,0.0,0.0,0.0,0.0,0.0,0.998064472402146,0.998064472402146,0.0
2024-01-18,15:55:00.000000000,47.975,392.62,,,,0,0.0,0.0,0.0,0.0,0.0,0.0,0.0,0.0,0.0,0.998064472402146,0.998064472402146,0.0
2024-01-18,15:56:00.000000000,47.9205,392.47,0.020888944786310433,39.72221583971674,1.2635417484460647,0,0.0,0.0,0.0,0.0,0.0,0.0,0.0,0.0,0.0,0.998064472402146,0.998064472402146,0.0
2024-01-18,15:57:00.000000000,47.89,392.14,,,,0,0.0,0.0,0.0,0.0,0.0,0.0,0.0,0.0,0.0,0.998064472402146,0.998064472402146,0.0
2024-01-18,15:58:00.000000000,47.885,392.27,,,,0,0.0,0.0,0.0,0.0,0.0,0.0,0.0,0.0,0.0,0.998064472402146,0.998064472402146,0.0
2024-01-18,15:59:00.000000000,47.9,392.4784,0.020844937767523275,39.71881217690289,1.2364181260802516,0,0.0,0.0,0.0,0.0,0.0,0.0,0.0,0.0,0.0,0.998064472402146,0.998064472402146,0.0
2024-01-18,16:00:00.000000000,47.853,392.2,,,,0,0.0,0.0,0.0,0.0,0.0,0.0,0.0,0.0,0.0,0.998064472402146,0.998064472402146,0.0
2024-01-18,16:01:00.000000000,47.885,392.25,,,,0,0.0,0.0,0.0,0.0,0.0,0.0,0.0,0.0,0.0,0.998064472402146,0.998064472402146,0.0
2024-01-18,16:02:00.000000000,47.91,392.18,0.02083258193420336,39.73987801704412,1.2641599784933837,0,0.0,0.0,0.0,0.0,0.0,0.0,0.0,0.0,0.0,0.998064472402146,0.998064472402146,0.0
2024-01-18,16:03:00.000000000,47.915,392.27,,,,0,0.0,0.0,0.0,0.0,0.0,0.0,0.0,0.0,0.0,0.998064472402146,0.998064472402146,0.0
2024-01-18,16:04:00.000000000,47.895,392.11,,,,0,0.0,0.0,0.0,0.0,0.0,0.0,0.0,0.0,0.0,0.998064472402146,0.998064472402146,0.0
2024-01-18,16:05:00.000000000,47.91,392.27,0.020811777462921892,39.746164054619626,1.2567597617432735,0,0.0,0.0,0.0,0.0,0.0,0.0,0.0,0.0,0.0,0.998064472402146,0.998064472402146,0.0
2024-01-18,16:06:00.000000000,47.94,392.085,,,,0,0.0,0.0,0.0,0.0,0.0,0.0,0.0,0.0,0.0,0.998064472402146,0.998064472402146,0.0
2024-01-18,16:07:00.000000000,47.93,392.255,,,,0,0.0,0.0,0.0,0.0,0.0,0.0,0.0,0.0,0.0,0.998064472402146,0.998064472402146,0.0
2024-01-18,16:08:00.000000000,47.925,392.36,0.020803381069535064,39.76258540355722,1.2722470846657807,0,0.0,0.0,0.0,0.0,0.0,0.0,0.0,0.0,0.0,0.998064472402146,0.998064472402146,0.0
2024-01-18,16:09:00.000000000,47.915,392.34,,,,0,0.0,0.0,0.0,0.0,0.0,0.0,0.0,0.0,0.0,0.998064472402146,0.998064472402146,0.0
2024-01-18,16:10:00.000000000,47.92,392.4861,,,,0,0.0,0.0,0.0,0.0,0.0,0.0,0.0,0.0,0.0,0.998064472402146,0.998064472402146,0.0
2024-01-18,16:11:00.000000000,47.92,392.47,0.020798733726343936,39.757120974421795,1.2364013990437497,0,0.0,0.0,0.0,0.0,0.0,0.0,0.0,0.0,0.0,0.998064472402146,0.998064472402146,0.0
2024-01-18,16:12:00.000000000,47.91,392.48,,,,0,0.0,0.0,0.0,0.0,0.0,0.0,0.0,0.0,0.0,0.998064472402146,0.998064472402146,0.0
2024-01-18,16:13:00.000000000,47.905,392.505,,,,0,0.0,0.0,0.0,0.0,0.0,0.0,0.0,0.0,0.0,0.998064472402146,0.998064472402146,0.0
2024-01-18,16:14:00.000000000,47.885,392.46,0.02076687721597823,39.73483136781718,1.1598096934655018,0,0.0,0.0,0.0,0.0,0.0,0.0,0.0,0.0,0.0,0.998064472402146,0.998064472402146,0.0
2024-01-18,16:15:00.000000000,47.88,392.49,,,,0,0.0,0.0,0.0,0.0,0.0,0.0,0.0,0.0,0.0,0.998064472402146,0.998064472402146,0.0
2024-01-18,16:16:00.000000000,47.89,392.514,,,,0,0.0,0.0,0.0,0.0,0.0,0.0,0.0,0.0,0.0,0.998064472402146,0.998064472402146,0.0
2024-01-18,16:17:00.000000000,47.885,392.51,0.020713371150644474,39.754794689660535,1.1860455779761252,0,0.0,0.0,0.0,0.0,0.0,0.0,0.0,0.0,0.0,0.998064472402146,0.998064472402146,0.0
2024-01-18,16:18:00.000000000,47.855,392.545,,,,0,0.0,0.0,0.0,0.0,0.0,0.0,0.0,0.0,0.0,0.998064472402146,0.998064472402146,0.0
2024-01-18,16:19:00.000000000,47.88,392.49,,,,0,0.0,0.0,0.0,0.0,0.0,0.0,0.0,0.0,0.0,0.998064472402146,0.998064472402146,0.0
2024-01-18,16:20:00.000000000,47.8887,392.73,0.020669674259953457,39.77109882788848,1.2020810755351414,0,0.0,0.0,0.0,0.0,0.0,0.0,0.0,0.0,0.0,0.998064472402146,0.998064472402146,0.0
2024-01-18,16:21:00.000000000,47.875,392.665,,,,0,0.0,0.0,0.0,0.0,0.0,0.0,0.0,0.0,0.0,0.998064472402146,0.998064472402146,0.0
2024-01-18,16:22:00.000000000,47.885,392.81,,,,0,0.0,0.0,0.0,0.0,0.0,0.0,0.0,0.0,0.0,0.998064472402146,0.998064472402146,0.0
2024-01-18,16:23:00.000000000,47.86,393.1186,0.020631906054459966,39.749213976539174,1.121973949593004,0,0.0,0.0,0.0,0.0,0.0,0.0,0.0,0.0,0.0,0.998064472402146,0.998064472402146,0.0
2024-01-18,16:24:00.000000000,47.85,392.99,,,,0,0.0,0.0,0.0,0.0,0.0,0.0,0.0,0.0,0.0,0.998064472402146,0.998064472402146,0.0
2024-01-18,16:25:00.000000000,47.88,393.0,,,,0,0.0,0.0,0.0,0.0,0.0,0.0,0.0,0.0,0.0,0.998064472402146,0.998064472402146,0.0
2024-01-18,16:26:00.000000000,47.85,392.87,0.020593155583152677,39.759566966046805,1.123697149233763,0,0.0,0.0,0.0,0.0,0.0,0.0,0.0,0.0,0.0,0.998064472402146,0.998064472402146,0.0
2024-01-18,16:27:00.000000000,47.89,392.92,,,,0,0.0,0.0,0.0,0.0,0.0,0.0,0.0,0.0,0.0,0.998064472402146,0.998064472402146,0.0
2024-01-18,16:28:00.000000000,47.895,392.7326,,,,0,0.0,0.0,0.0,0.0,0.0,0.0,0.0,0.0,0.0,0.998064472402146,0.998064472402146,0.0
2024-01-18,16:29:00.000000000,47.88,392.67,0.020568581881637522,39.8033349525374,1.2100313836916836,0,0.0,0.0,0.0,0.0,0.0,0.0,0.0,0.0,0.0,0.998064472402146,0.998064472402146,0.0
2024-01-18,16:30:00.000000000,47.91,392.953,,,,0,0.0,0.0,0.0,0.0,0.0,0.0,0.0,0.0,0.0,0.998064472402146,0.998064472402146,0.0
2024-01-18,16:31:00.000000000,47.95,392.85,,,,0,0.0,0.0,0.0,0.0,0.0,0.0,0.0,0.0,0.0,0.998064472402146,0.998064472402146,0.0
2024-01-18,16:32:00.000000000,47.97,392.7399,0.020571335758632427,39.89081565128828,1.4047054123430043,0,0.0,0.0,0.0,0.0,0.0,0.0,0.0,0.0,0.0,0.998064472402146,0.998064472402146,0.0
2024-01-18,16:33:00.000000000,47.975,392.585,,,,0,0.0,0.0,0.0,0.0,0.0,0.0,0.0,0.0,0.0,0.998064472402146,0.998064472402146,0.0
2024-01-18,16:34:00.000000000,47.97,392.5225,,,,0,0.0,0.0,0.0,0.0,0.0,0.0,0.0,0.0,0.0,0.998064472402146,0.998064472402146,0.0
2024-01-18,16:35:00.000000000,47.99,392.58,0.020586408238774986,39.90818785362172,1.4171537731450334,0,0.0,0.0,0.0,0.0,0.0,0.0,0.0,0.0,0.0,0.998064472402146,0.998064472402146,0.0
2024-01-18,16:36:00.000000000,47.99,392.58,,,,0,0.0,0.0,0.0,0.0,0.0,0.0,0.0,0.0,0.0,0.998064472402146,0.998064472402146,0.0
2024-01-18,16:37:00.000000000,47.995,392.82,,,,0,0.0,0.0,0.0,0.0,0.0,0.0,0.0,0.0,0.0,0.998064472402146,0.998064472402146,0.0
2024-01-18,16:38:00.000000000,48.015,393.08,0.02064588471332248,39.8995156368872,1.3620958305464435,0,0.0,0.0,0.0,0.0,0.0,0.0,0.0,0.0,0.0,0.998064472402146,0.998064472402146,0.0
2024-01-18,16:39:00.000000000,48.0,392.815,,,,0,0.0,0.0,0.0,0.0,0.0,0.0,0.0,0.0,0.0,0.998064472402146,0.998064472402146,0.0
2024-01-18,16:40:00.000000000,47.995,392.8,,,,0,0.0,0.0,0.0,0.0,0.0,0.0,0.0,0.0,0.0,0.998064472402146,0.998064472402146,0.0
2024-01-18,16:41:00.000000000,47.98,393.05,0.020679392316030835,39.851964850184075,1.209179462274586,0,0.0,0.0,0.0,0.0,0.0,0.0,0.0,0.0,0.0,0.998064472402146,0.998064472402146,0.0
2024-01-18,16:42:00.000000000,47.99,392.87,,,,0,0.0,0.0,0.0,0.0,0.0,0.0,0.0,0.0,0.0,0.998064472402146,0.998064472402146,0.0
2024-01-18,16:43:00.000000000,47.96,392.65,,,,0,0.0,0.0,0.0,0.0,0.0,0.0,0.0,0.0,0.0,0.998064472402146,0.998064472402146,0.0
2024-01-18,16:44:00.000000000,47.965,392.89,0.020688067702827714,39.836865080236024,1.141501615525413,0,0.0,0.0,0.0,0.0,0.0,0.0,0.0,0.0,0.0,0.998064472402146,0.998064472402146,0.0
2024-01-18,16:45:00.000000000,47.95,392.75,,,,0,0.0,0.0,0.0,0.0,0.0,0.0,0.0,0.0,0.0,0.998064472402146,0.998064472402146,0.0
2024-01-18,16:46:00.000000000,47.93,392.58,,,,0,0.0,0.0,0.0,0.0,0.0,0.0,0.0,0.0,0.0,0.998064472402146,0.998064472402146,0.0
2024-01-18,16:47:00.000000000,47.91,392.59,0.020679563358359646,39.79141022114158,0.9965350053088282,0,0.0,0.0,0.0,0.0,0.0,0.0,0.0,0.0,0.0,0.998064472402146,0.998064472402146,0.0
2024-01-18,16:48:00.000000000,47.94,392.63,,,,0,0.0,0.0,0.0,0.0,0.0,0.0,0.0,0.0,0.0,0.998064472402146,0.998064472402146,0.0
2024-01-18,16:49:00.000000000,47.94,392.82,,,,0,0.0,0.0,0.0,0.0,0.0,0.0,0.0,0.0,0.0,0.998064472402146,0.998064472402146,0.0
2024-01-18,16:50:00.000000000,47.97,392.92,0.02069936644285936,39.8368049372717,1.091946291136925,0,0.0,0.0,0.0,0.0,0.0,0.0,0.0,0.0,0.0,0.998064472402146,0.998064472402146,0.0
2024-01-18,16:51:00.000000000,47.99,393.035,,,,0,0.0,0.0,0.0,0.0,0.0,0.0,0.0,0.0,0.0,0.998064472402146,0.998064472402146,0.0
2024-01-18,16:52:00.000000000,47.97,393.03,,,,0,0.0,0.0,0.0,0.0,0.0,0.0,0.0,0.0,0.0,0.998064472402146,0.998064472402146,0.0
2024-01-18,16:53:00.000000000,47.99,392.98,0.020737866055823225,39.84043339738259,1.075435182665703,0,0.0,0.0,0.0,0.0,0.0,0.0,0.0,0.0,0.0,0.998064472402146,0.998064472402146,0.0
2024-01-18,16:54:00.000000000,47.99,392.925,,,,0,0.0,0.0,0.0,0.0,0.0,0.0,0.0,0.0,0.0,0.998064472402146,0.998064472402146,0.0
2024-01-18,16:55:00.000000000,47.98,392.955,,,,0,0.0,0.0,0.0,0.0,0.0,0.0,0.0,0.0,0.0,0.998064472402146,0.998064472402146,0.0
2024-01-18,16:56:00.000000000,47.96,392.7,0.020760312843118328,39.807425146507434,0.9620213148415038,0,0.0,0.0,0.0,0.0,0.0,0.0,0.0,0.0,0.0,0.998064472402146,0.998064472402146,0.0
2024-01-18,16:57:00.000000000,47.95,392.734,,,,0,0.0,0.0,0.0,0.0,0.0,0.0,0.0,0.0,0.0,0.998064472402146,0.998064472402146,0.0
2024-01-18,16:58:00.000000000,47.9551,392.89,,,,0,0.0,0.0,0.0,0.0,0.0,0.0,0.0,0.0,0.0,0.998064472402146,0.998064472402146,0.0
2024-01-18,16:59:00.000000000,47.94,392.8,0.020755515434677647,39.787233537258615,0.8839864065275692,0,0.0,0.0,0.0,0.0,0.0,0.0,0.0,0.0,0.0,0.998064472402146,0.998064472402146,0.0
2024-01-18,17:00:00.000000000,47.905,392.44,,,,0,0.0,0.0,0.0,0.0,0.0,0.0,0.0,0.0,0.0,0.998064472402146,0.998064472402146,0.0
2024-01-18,17:01:00.000000000,47.88,392.14,,,,0,0.0,0.0,0.0,0.0,0.0,0.0,0.0,0.0,0.0,0.998064472402146,0.998064472402146,0.0
2024-01-18,17:02:00.000000000,47.87,392.0,0.020721854729495205,39.747032946037876,0.752494769205867,0,0.0,0.0,0.0,0.0,0.0,0.0,0.0,0.0,0.0,0.998064472402146,0.998064472402146,0.0
2024-01-18,17:03:00.000000000,47.85,391.726,,,,0,0.0,0.0,0.0,0.0,0.0,0.0,0.0,0.0,0.0,0.998064472402146,0.998064472402146,0.0
2024-01-18,17:04:00.000000000,47.83,391.29,,,,0,0.0,0.0,0.0,0.0,0.0,0.0,0.0,0.0,0.0,0.998064472402146,0.998064472402146,0.0
2024-01-18,17:05:00.000000000,47.835,391.44,0.020680445906247107,39.739846254458634,0.7121553671031117,0,0.0,0.0,0.0,0.0,0.0,0.0,0.0,0.0,0.0,0.998064472402146,0.998064472402146,0.0
2024-01-18,17:06:00.000000000,47.87,391.5,,,,0,0.0,0.0,0.0,0.0,0.0,0.0,0.0,0.0,0.0,0.998064472402146,0.998064472402146,0.0
2024-01-18,17:07:00.000000000,47.86,391.425,,,,0,0.0,0.0,0.0,0.0,0.0,0.0,0.0,0.0,0.0,0.998064472402146,0.998064472402146,0.0
2024-01-18,17:08:00.000000000,47.81,391.58,0.020631758553317107,39.73101598569209,0.6675751350048832,0,0.0,0.0,0.0,0.0,0.0,0.0,0.0,0.0,0.0,0.998064472402146,0.998064472402146,0.0
2024-01-18,17:09:00.000000000,47.81,391.63,,,,0,0.0,0.0,0.0,0.0,0.0,0.0,0.0,0.0,0.0,0.998064472402146,0.998064472402146,0.0
2024-01-18,17:10:00.000000000,47.79,391.44,,,,0,0.0,0.0,0.0,0.0,0.0,0.0,0.0,0.0,0.0,0.998064472402146,0.998064472402146,0.0
2024-01-18,17:11:00.000000000,47.78,391.36,0.020549253354479734,39.73784420719081,0.6667539413385969,0,0.0,0.0,0.0,0.0,0.0,0.0,0.0,0.0,0.0,0.998064472402146,0.998064472402146,0.0
2024-01-18,17:12:00.000000000,47.77,391.09,,,,0,0.0,0.0,0.0,0.0,0.0,0.0,0.0,0.0,0.0,0.998064472402146,0.998064472402146,0.0
2024-01-18,17:13:00.000000000,47.77,391.54,,,,0,0.0,0.0,0.0,0.0,0.0,0.0,0.0,0.0,0.0,0.998064472402146,0.998064472402146,0.0
2024-01-18,17:14:00.000000000,47.815,391.64,0.020470085553250136,39.79809569392511,0.8164146186214759,0,0.0,0.0,0.0,0.0,0.0,0.0,0.0,0.0,0.0,0.998064472402146,0.998064472402146,0.0
2024-01-18,17:15:00.000000000,47.78,391.72,,,,0,0.0,0.0,0.0,0.0,0.0,0.0,0.0,0.0,0.0,0.998064472402146,0.998064472402146,0.0
2024-01-18,17:16:00.000000000,47.81,391.865,,,,0,0.0,0.0,0.0,0.0,0.0,0.0,0.0,0.0,0.0,0.998064472402146,0.998064472402146,0.0
2024-01-18,17:17:00.000000000,47.82,392.04,0.0203794124700153,39.8304551352552,0.8873705475845985,0,0.0,0.0,0.0,0.0,0.0,0.0,0.0,0.0,0.0,0.998064472402146,0.998064472402146,0.0
2024-01-18,17:18:00.000000000,47.795,391.9303,,,,0,0.0,0.0,0.0,0.0,0.0,0.0,0.0,0.0,0.0,0.998064472402146,0.998064472402146,0.0
2024-01-18,17:19:00.000000000,47.78,391.9,,,,0,0.0,0.0,0.0,0.0,0.0,0.0,0.0,0.0,0.0,0.998064472402146,0.998064472402146,0.0
2024-01-18,17:20:00.000000000,47.785,391.91,0.020278743458668536,39.83755765111321,0.8864809166902343,0,0.0,0.0,0.0,0.0,0.0,0.0,0.0,0.0,0.0,0.998064472402146,0.998064472402146,0.0
2024-01-18,17:21:00.000000000,47.795,391.9074,,,,0,0.0,0.0,0.0,0.0,0.0,0.0,0.0,0.0,0.0,0.998064472402146,0.998064472402146,0.0
2024-01-18,17:22:00.000000000,47.75,391.64,,,,0,0.0,0.0,0.0,0.0,0.0,0.0,0.0,0.0,0.0,0.998064472402146,0.998064472402146,0.0
2024-01-18,17:23:00.000000000,47.77,391.89,0.020173923056413728,39.86404129342203,0.942467780855169,0,0.0,0.0,0.0,0.0,0.0,0.0,0.0,0.0,0.0,0.998064472402146,0.998064472402146,0.0
2024-01-18,17:24:00.000000000,47.77,391.79,,,,0,0.0,0.0,0.0,0.0,0.0,0.0,0.0,0.0,0.0,0.998064472402146,0.998064472402146,0.0
2024-01-18,17:25:00.000000000,47.77,391.84,,,,0,0.0,0.0,0.0,0.0,0.0,0.0,0.0,0.0,0.0,0.998064472402146,0.998064472402146,0.0
2024-01-18,17:26:00.000000000,47.77,391.8089,0.020077468429044402,39.90346918003139,1.038960498341815,0,0.0,0.0,0.0,0.0,0.0,0.0,0.0,0.0,0.0,0.998064472402146,0.998064472402146,0.0
2024-01-18,17:27:00.000000000,47.795,391.88,,,,0,0.0,0.0,0.0,0.0,0.0,0.0,0.0,0.0,0.0,0.998064472402146,0.998064472402146,0.0
2024-01-18,17:28:00.000000000,47.78,391.8276,,,,0,0.0,0.0,0.0,0.0,0.0,0.0,0.0,0.0,0.0,0.998064472402146,0.998064472402146,0.0
2024-01-18,17:29:00.000000000,47.79,392.01,0.01998277961705229,39.95655056231933,1.1785266185553815,0,0.0,0.0,0.0,0.0,0.0,0.0,0.0,0.0,0.0,0.998064472402146,0.998064472402146,0.0
2024-01-18,17:30:00.000000000,47.8,392.01,,,,0,0.0,0.0,0.0,0.0,0.0,0.0,0.0,0.0,0.0,0.998064472402146,0.998064472402146,0.0
2024-01-18,17:31:00.000000000,47.79,391.88,,,,0,0.0,0.0,0.0,0.0,0.0,0.0,0.0,0.0,0.0,0.998064472402146,0.998064472402146,0.0
2024-01-18,17:32:00.000000000,47.79,391.6885,0.019913589732323128,39.990075908130954,1.2613676901235,0,0.0,0.0,0.0,0.0,0.0,0.0,0.0,0.0,0.0,0.998064472402146,0.998064472402146,0.0
2024-01-18,17:33:00.000000000,47.79,391.545,,,,0,0.0,0.0,0.0,0.0,0.0,0.0,0.0,0.0,0.0,0.998064472402146,0.998064472402146,0.0
2024-01-18,17:34:00.000000000,47.77,391.29,,,,0,0.0,0.0,0.0,0.0,0.0,0.0,0.0,0.0,0.0,0.998064472402146,0.998064472402146,0.0
2024-01-18,17:35:00.000000000,47.765,391.24,0.019820747269397494,40.010330838320925,1.308477568194898,0,0.0,0.0,0.0,0.0,0.0,0.0,0.0,0.0,0.0,0.998064472402146,0.998064472402146,0.0
2024-01-18,17:36:00.000000000,47.7787,391.295,,,,0,0.0,0.0,0.0,0.0,0.0,0.0,0.0,0.0,0.0,0.998064472402146,0.998064472402146,0.0
2024-01-18,17:37:00.000000000,47.7599,391.38,,,,0,0.0,0.0,0.0,0.0,0.0,0.0,0.0,0.0,0.0,0.998064472402146,0.998064472402146,0.0
2024-01-18,17:38:00.000000000,47.7511,391.385,0.019734437505647646,40.0273371768521,1.350658730700737,0,0.0,0.0,0.0,0.0,0.0,0.0,0.0,0.0,0.0,0.998064472402146,0.998064472402146,0.0
2024-01-18,17:39:00.000000000,47.78,391.54,,,,0,0.0,0.0,0.0,0.0,0.0,0.0,0.0,0.0,0.0,0.998064472402146,0.998064472402146,0.0
2024-01-18,17:40:00.000000000,47.79,391.68,,,,0,0.0,0.0,0.0,0.0,0.0,0.0,0.0,0.0,0.0,0.998064472402146,0.998064472402146,0.0
2024-01-18,17:41:00.000000000,47.76,391.39,0.01965517145931607,40.06716244253828,1.4684798084591089,0,0.0,0.0,0.0,0.0,0.0,0.0,0.0,0.0,0.0,0.998064472402146,0.998064472402146,0.0
2024-01-18,17:42:00.000000000,47.77,391.64,,,,0,0.0,0.0,0.0,0.0,0.0,0.0,0.0,0.0,0.0,0.998064472402146,0.998064472402146,0.0
2024-01-18,17:43:00.000000000,47.78,391.74,,,,0,0.0,0.0,0.0,0.0,0.0,0.0,0.0,0.0,0.0,0.998064472402146,0.998064472402146,0.0
2024-01-18,17:44:00.000000000,47.775,391.8738,0.019578987745841388,40.1025076718837,1.5797783844466924,0,0.0,0.0,0.0,0.0,0.0,0.0,0.0,0.0,0.0,0.998064472402146,0.998064472402146,0.0
2024-01-18,17:45:00.000000000,47.765,391.82,,,,0,0.0,0.0,0.0,0.0,0.0,0.0,0.0,0.0,0.0,0.998064472402146,0.998064472402146,0.0
2024-01-18,17:46:00.000000000,47.76,391.77,,,,0,0.0,0.0,0.0,0.0,0.0,0.0,0.0,0.0,0.0,0.998064472402146,0.998064472402146,0.0
2024-01-18,17:47:00.000000000,47.775,391.951,0.01946410995804699,40.146022637833525,1.724865976179812,0,0.0,0.0,0.0,0.0,0.0,0.0,0.0,0.0,0.0,0.998064472402146,0.998064472402146,0.0
2024-01-18,17:48:00.000000000,47.76,391.88,,,,0,0.0,0.0,0.0,0.0,0.0,0.0,0.0,0.0,0.0,0.998064472402146,0.998064472402146,0.0
2024-01-18,17:49:00.000000000,47.77,391.94,,,,0,0.0,0.0,0.0,0.0,0.0,0.0,0.0,0.0,0.0,0.998064472402146,0.998064472402146,0.0
2024-01-18,17:50:00.000000000,47.74,391.6304,0.0193683032390036,40.15478365518773,1.7563396798781854,0,0.0,0.0,0.0,0.0,0.0,0.0,0.0,0.0,0.0,0.998064472402146,0.998064472402146,0.0
2024-01-18,17:51:00.000000000,47.725,391.7,,,,0,0.0,0.0,0.0,0.0,0.0,0.0,0.0,0.0,0.0,0.998064472402146,0.998064472402146,0.0
2024-01-18,17:52:00.000000000,47.72,391.54,,,,0,0.0,0.0,0.0,0.0,0.0,0.0,0.0,0.0,0.0,0.998064472402146,0.998064472402146,0.0
2024-01-18,17:53:00.000000000,47.715,391.39,0.01924502507354575,40.182689636464936,1.8680820407910645,0,0.0,0.0,0.0,0.0,0.0,0.0,0.0,0.0,0.0,0.998064472402146,0.998064472402146,0.0
2024-01-18,17:54:00.000000000,47.72,391.4011,,,,0,0.0,0.0,0.0,0.0,0.0,0.0,0.0,0.0,0.0,0.998064472402146,0.998064472402146,0.0
2024-01-18,17:55:00.000000000,47.7191,391.488,,,,0,0.0,0.0,0.0,0.0,0.0,0.0,0.0,0.0,0.0,0.998064472402146,0.998064472402146,0.0
2024-01-18,17:56:00.000000000,47.66,391.18,0.019126796930056422,40.177979576900526,1.8585127252084588,0,0.0,0.0,0.0,0.0,0.0,0.0,0.0,0.0,0.0,0.998064472402146,0.998064472402146,0.0
2024-01-18,17:57:00.000000000,47.68,391.45,,,,0,0.0,0.0,0.0,0.0,0.0,0.0,0.0,0.0,0.0,0.998064472402146,0.998064472402146,0.0
2024-01-18,17:58:00.000000000,47.65,391.37,,,,0,0.0,0.0,0.0,0.0,0.0,0.0,0.0,0.0,0.0,0.998064472402146,0.998064472402146,0.0
2024-01-18,17:59:00.000000000,47.64,391.17,0.01901088518786783,40.20351204106174,1.988886173319489,0,0.0,0.0,0.0,0.0,0.0,0.0,0.0,0.0,0.0,0.998064472402146,0.998064472402146,0.0
2024-01-18,18:00:00.000000000,47.6,390.61,,,,0,0.0,0.0,0.0,0.0,0.0,0.0,0.0,0.0,0.0,0.998064472402146,0.998064472402146,0.0
2024-01-18,18:01:00.000000000,47.61,390.66,,,,0,0.0,0.0,0.0,0.0,0.0,0.0,0.0,0.0,0.0,0.998064472402146,0.998064472402146,0.0
2024-01-18,18:02:00.000000000,47.595,390.82,0.01890963560657955,40.20473621223658,2.0132045382590573,0,0.0,0.0,0.0,0.0,0.0,0.0,0.0,0.0,0.0,0.998064472402146,0.998064472402146,0.0
2024-01-18,18:03:00.000000000,47.58,390.57,,,,0,0.0,0.0,0.0,0.0,0.0,0.0,0.0,0.0,0.0,0.998064472402146,0.998064472402146,0.0
2024-01-18,18:04:00.000000000,47.58,390.7399,,,,0,0.0,0.0,0.0,0.0,0.0,0.0,0.0,0.0,0.0,0.998064472402146,0.998064472402146,0.0
2024-01-18,18:05:00.000000000,47.565,390.69,0.01878119113397336,40.227376435867946,2.116818959892242,0,0.0,0.0,0.0,0.0,0.0,0.0,0.0,0.0,0.0,0.998064472402146,0.998064472402146,0.0
2024-01-18,18:06:00.000000000,47.54,390.49,,,,0,0.0,0.0,0.0,0.0,0.0,0.0,0.0,0.0,0.0,0.998064472402146,0.998064472402146,0.0
2024-01-18,18:07:00.000000000,47.52,390.53,,,,0,0.0,0.0,0.0,0.0,0.0,0.0,0.0,0.0,0.0,0.998064472402146,0.998064472402146,0.0
2024-01-18,18:08:00.000000000,47.54,390.66,0.018645757706959632,40.25584829419915,2.2259963597526813,0,0.0,0.0,0.0,0.0,0.0,0.0,0.0,0.0,0.0,0.998064472402146,0.998064472402146,0.0
2024-01-18,18:09:00.000000000,47.565,390.8455,,,,0,0.0,0.0,0.0,0.0,0.0,0.0,0.0,0.0,0.0,0.998064472402146,0.998064472402146,0.0
2024-01-18,18:10:00.000000000,47.57,390.755,,,,0,0.0,0.0,0.0,0.0,0.0,0.0,0.0,0.0,0.0,0.998064472402146,0.998064472402146,0.0
2024-01-18,18:11:00.000000000,47.54,390.499,0.01851673187322739,40.309234720236574,2.40607870384688,0,0.0,0.0,0.0,0.0,0.0,0.0,0.0,0.0,0.0,0.998064472402146,0.998064472402146,0.0
2024-01-18,18:12:00.000000000,47.53,390.33,,,,0,0.0,0.0,0.0,0.0,0.0,0.0,0.0,0.0,0.0,0.998064472402146,0.998064472402146,0.0
2024-01-18,18:13:00.000000000,47.57,390.5685,,,,0,0.0,0.0,0.0,0.0,0.0,0.0,0.0,0.0,0.0,0.998064472402146,0.998064472402146,0.0
2024-01-18,18:14:00.000000000,47.57,390.49,0.01840570846963351,40.38275489969281,2.6288872578068587,0,0.0,0.0,0.0,0.0,0.0,0.0,0.0,0.0,0.0,0.998064472402146,0.998064472402146,0.0
2024-01-18,18:15:00.000000000,47.58,390.475,,,,0,0.0,0.0,0.0,0.0,0.0,0.0,0.0,0.0,0.0,0.998064472402146,0.998064472402146,0.0
2024-01-18,18:16:00.000000000,47.565,390.6,,,,0,0.0,0.0,0.0,0.0,0.0,0.0,0.0,0.0,0.0,0.998064472402146,0.998064472402146,0.0
2024-01-18,18:17:00.000000000,47.59,390.705,0.018274198647972213,40.45017921724402,2.7682961422674155,0,0.0,0.0,0.0,0.0,0.0,0.0,0.0,0.0,0.0,0.998064472402146,0.998064472402146,0.0
2024-01-18,18:18:00.000000000,47.57,390.27,,,,0,0.0,0.0,0.0,0.0,0.0,0.0,0.0,0.0,0.0,0.998064472402146,0.998064472402146,0.0
2024-01-18,18:19:00.000000000,47.585,390.365,,,,0,0.0,0.0,0.0,0.0,0.0,0.0,0.0,0.0,0.0,0.998064472402146,0.998064472402146,0.0
2024-01-18,18:20:00.000000000,47.58,390.36,0.01814152706750906,40.49827349392716,2.797210618201618,0,0.0,0.0,0.0,0.0,0.0,0.0,0.0,0.0,0.0,0.998064472402146,0.998064472402146,0.0
2024-01-18,18:21:00.000000000,47.56,390.4101,,,,0,0.0,0.0,0.0,0.0,0.0,0.0,0.0,0.0,0.0,0.998064472402146,0.998064472402146,0.0
2024-01-18,18:22:00.000000000,47.59,390.4632,,,,0,0.0,0.0,0.0,0.0,0.0,0.0,0.0,0.0,0.0,0.998064472402146,0.998064472402146,0.0
2024-01-18,18:23:00.000000000,47.615,390.33,0.018035021161355563,40.575390190088086,2.9163922026878444,0,0.0,0.0,0.0,0.0,0.0,0.0,0.0,0.0,0.0,0.998064472402146,0.998064472402146,0.0
2024-01-18,18:24:00.000000000,47.59,390.29,,,,0,0.0,0.0,0.0,0.0,0.0,0.0,0.0,0.0,0.0,0.998064472402146,0.998064472402146,0.0
2024-01-18,18:25:00.000000000,47.58,390.21,,,,0,0.0,0.0,0.0,0.0,0.0,0.0,0.0,0.0,0.0,0.998064472402146,0.998064472402146,0.0
2024-01-18,18:26:00.000000000,47.585,390.2,0.01803824427411571,40.54647708424005,2.636586091803293,0,0.0,0.0,0.0,0.0,0.0,0.0,0.0,0.0,0.0,0.998064472402146,0.998064472402146,0.0
2024-01-18,18:27:00.000000000,47.625,390.43,,,,0,0.0,0.0,0.0,0.0,0.0,0.0,0.0,0.0,0.0,0.998064472402146,0.998064472402146,0.0
2024-01-18,18:28:00.000000000,47.63,390.405,,,,0,0.0,0.0,0.0,0.0,0.0,0.0,0.0,0.0,0.0,0.998064472402146,0.998064472402146,0.0
2024-01-18,18:29:00.000000000,47.6,390.27,0.0180656311152283,40.54952614465985,2.5055436825549715,0,0.0,0.0,0.0,0.0,0.0,0.0,0.0,0.0,0.0,0.998064472402146,0.998064472402146,0.0
2024-01-18,18:30:00.000000000,47.6,390.48,,,,0,0.0,0.0,0.0,0.0,0.0,0.0,0.0,0.0,0.0,0.998064472402146,0.998064472402146,0.0
2024-01-18,18:31:00.000000000,47.61,390.4301,,,,0,0.0,0.0,0.0,0.0,0.0,0.0,0.0,0.0,0.0,0.998064472402146,0.998064472402146,0.0
2024-01-18,18:32:00.000000000,47.62,390.66,0.018100647436695427,40.54880107238056,2.3749589444513406,0,0.0,0.0,0.0,0.0,0.0,0.0,0.0,0.0,0.0,0.998064472402146,0.998064472402146,0.0
2024-01-18,18:33:00.000000000,47.65,390.75,,,,0,0.0,0.0,0.0,0.0,0.0,0.0,0.0,0.0,0.0,0.998064472402146,0.998064472402146,0.0
2024-01-18,18:34:00.000000000,47.655,390.77,,,,0,0.0,0.0,0.0,0.0,0.0,0.0,0.0,0.0,0.0,0.998064472402146,0.998064472402146,0.0
2024-01-18,18:35:00.000000000,47.62,390.66,0.018086729768302615,40.554238148714894,2.2787437089893823,0,0.0,0.0,0.0,0.0,0.0,0.0,0.0,0.0,0.0,0.998064472402146,0.998064472402146,0.0
2024-01-18,18:36:00.000000000,47.63,390.88,,,,0,0.0,0.0,0.0,0.0,0.0,0.0,0.0,0.0,0.0,0.998064472402146,0.998064472402146,0.0
2024-01-18,18:37:00.000000000,47.64,390.74,,,,0,0.0,0.0,0.0,0.0,0.0,0.0,0.0,0.0,0.0,0.998064472402146,0.998064472402146,0.0
2024-01-18,18:38:00.000000000,47.6712,390.945,0.018061784733458097,40.610035567378226,2.3429899263330594,0,0.0,0.0,0.0,0.0,0.0,0.0,0.0,0.0,0.0,0.998064472402146,0.998064472402146,0.0
2024-01-18,18:39:00.000000000,47.69,390.8903,,,,0,0.0,0.0,0.0,0.0,0.0,0.0,0.0,0.0,0.0,0.998064472402146,0.998064472402146,0.0
2024-01-18,18:40:00.000000000,47.675,390.7053,,,,0,0.0,0.0,0.0,0.0,0.0,0.0,0.0,0.0,0.0,0.998064472402146,0.998064472402146,0.0
2024-01-18,18:41:00.000000000,47.695,390.91,0.018065604622767868,40.63297449691381,2.299629771986006,0,0.0,0.0,0.0,0.0,0.0,0.0,0.0,0.0,0.0,0.998064472402146,0.998064472402146,0.0
2024-01-18,18:42:00.000000000,47.71,391.1,,,,0,0.0,0.0,0.0,0.0,0.0,0.0,0.0,0.0,0.0,0.998064472402146,0.998064472402146,0.0
2024-01-18,18:43:00.000000000,47.69,391.12,,,,0,0.0,0.0,0.0,0.0,0.0,0.0,0.0,0.0,0.0,0.998064472402146,0.998064472402146,0.0
2024-01-18,18:44:00.000000000,47.715,391.455,0.01802378668258077,40.65949858417035,2.2692083557076725,0,0.0,0.0,0.0,0.0,0.0,0.0,0.0,0.0,0.0,0.998064472402146,0.998064472402146,0.0
2024-01-18,18:45:00.000000000,47.7134,391.56,,,,0,0.0,0.0,0.0,0.0,0.0,0.0,0.0,0.0,0.0,0.998064472402146,0.998064472402146,0.0
2024-01-18,18:46:00.000000000,47.705,391.355,,,,0,0.0,0.0,0.0,0.0,0.0,0.0,0.0,0.0,0.0,0.998064472402146,0.998064472402146,0.0
2024-01-18,18:47:00.000000000,47.7,391.44,0.017998049175412065,40.6548436307767,2.1544322767669937,0,0.0,0.0,0.0,0.0,0.0,0.0,0.0,0.0,0.0,0.998064472402146,0.998064472402146,0.0
2024-01-18,18:48:00.000000000,47.71,391.5,,,,0,0.0,0.0,0.0,0.0,0.0,0.0,0.0,0.0,0.0,0.998064472402146,0.998064472402146,0.0
2024-01-18,18:49:00.000000000,47.735,391.51,,,,0,0.0,0.0,0.0,0.0,0.0,0.0,0.0,0.0,0.0,0.998064472402146,0.998064472402146,0.0
2024-01-18,18:50:00.000000000,47.72,391.4775,0.01796203643760724,40.68826688049661,2.152442781840054,0,0.0,0.0,0.0,0.0,0.0,0.0,0.0,0.0,0.0,0.998064472402146,0.998064472402146,0.0
2024-01-18,18:51:00.000000000,47.72,391.63,,,,0,0.0,0.0,0.0,0.0,0.0,0.0,0.0,0.0,0.0,0.998064472402146,0.998064472402146,0.0
2024-01-18,18:52:00.000000000,47.71,391.65,,,,0,0.0,0.0,0.0,0.0,0.0,0.0,0.0,0.0,0.0,0.998064472402146,0.998064472402146,0.0
2024-01-18,18:53:00.000000000,47.68,391.59,0.01788381805132627,40.67687568928115,2.032774713520712,0,0.0,0.0,0.0,0.0,0.0,0.0,0.0,0.0,0.0,0.998064472402146,0.998064472402146,0.0
2024-01-18,18:54:00.000000000,47.68,391.6712,,,,0,0.0,0.0,0.0,0.0,0.0,0.0,0.0,0.0,0.0,0.998064472402146,0.998064472402146,0.0
2024-01-18,18:55:00.000000000,47.675,391.6951,,,,0,0.0,0.0,0.0,0.0,0.0,0.0,0.0,0.0,0.0,0.998064472402146,0.998064472402146,0.0
2024-01-18,18:56:00.000000000,47.675,391.7,0.017801921307602556,40.70198742381208,2.0225409993573598,0,0.0,0.0,0.0,0.0,0.0,0.0,0.0,0.0,0.0,0.998064472402146,0.998064472402146,0.0
2024-01-18,18:57:00.000000000,47.685,391.76,,,,0,0.0,0.0,0.0,0.0,0.0,0.0,0.0,0.0,0.0,0.998064472402146,0.998064472402146,0.0
2024-01-18,18:58:00.000000000,47.655,391.75,,,,0,0.0,0.0,0.0,0.0,0.0,0.0,0.0,0.0,0.0,0.998064472402146,0.998064472402146,0.0
2024-01-18,18:59:00.000000000,47.6553,391.52,0.017698641713379894,40.725927796377505,2.0082710748144375,0,0.0,0.0,0.0,0.0,0.0,0.0,0.0,0.0,0.0,0.998064472402146,0.998064472402146,0.0
2024-01-18,19:00:00.000000000,47.685,391.52,,,,0,0.0,0.0,0.0,0.0,0.0,0.0,0.0,0.0,0.0,0.998064472402146,0.998064472402146,0.0
2024-01-18,19:01:00.000000000,47.69,391.77,,,,0,0.0,0.0,0.0,0.0,0.0,0.0,0.0,0.0,0.0,0.998064472402146,0.998064472402146,0.0
2024-01-18,19:02:00.000000000,47.7,391.812,0.017578911034279644,40.812371709836825,2.157128471251995,0,0.0,0.0,0.0,0.0,0.0,0.0,0.0,0.0,0.0,0.998064472402146,0.998064472402146,0.0
2024-01-18,19:03:00.000000000,47.695,391.83,,,,0,0.0,0.0,0.0,0.0,0.0,0.0,0.0,0.0,0.0,0.998064472402146,0.998064472402146,0.0
2024-01-18,19:04:00.000000000,47.715,391.805,,,,0,0.0,0.0,0.0,0.0,0.0,0.0,0.0,0.0,0.0,0.998064472402146,0.998064472402146,0.0
2024-01-18,19:05:00.000000000,47.73,391.74,0.017479881148926856,40.88243135871939,2.244691200540128,0,0.0,0.0,0.0,0.0,0.0,0.0,0.0,0.0,0.0,0.998064472402146,0.998064472402146,0.0
2024-01-18,19:06:00.000000000,47.725,391.75,,,,0,0.0,0.0,0.0,0.0,0.0,0.0,0.0,0.0,0.0,0.998064472402146,0.998064472402146,0.0
2024-01-18,19:07:00.000000000,47.725,391.79,,,,0,0.0,0.0,0.0,0.0,0.0,0.0,0.0,0.0,0.0,0.998064472402146,0.998064472402146,0.0
2024-01-18,19:08:00.000000000,47.745,391.885,0.017363188211226743,40.9406269878434,2.295560423770282,0,0.0,0.0,0.0,0.0,0.0,0.0,0.0,0.0,0.0,0.998064472402146,0.998064472402146,0.0
2024-01-18,19:09:00.000000000,47.7513,391.9115,,,,0,0.0,0.0,0.0,0.0,0.0,0.0,0.0,0.0,0.0,0.998064472402146,0.998064472402146,0.0
2024-01-18,19:10:00.000000000,47.755,391.9599,,,,0,0.0,0.0,0.0,0.0,0.0,0.0,0.0,0.0,0.0,0.998064472402146,0.998064472402146,0.0
2024-01-18,19:11:00.000000000,47.8,392.25,0.017280764043876365,41.02162030378949,2.388774128198368,0,0.0,0.0,0.0,0.0,0.0,0.0,0.0,0.0,0.0,0.998064472402146,0.998064472402146,0.0
2024-01-18,19:12:00.000000000,47.815,392.265,,,,0,0.0,0.0,0.0,0.0,0.0,0.0,0.0,0.0,0.0,0.998064472402146,0.998064472402146,0.0
2024-01-18,19:13:00.000000000,47.785,392.12,,,,0,0.0,0.0,0.0,0.0,0.0,0.0,0.0,0.0,0.0,0.998064472402146,0.998064472402146,0.0
2024-01-18,19:14:00.000000000,47.795,392.1,0.017205748882489588,41.048625863175836,2.348276053489057,0,0.0,0.0,0.0,0.0,0.0,0.0,0.0,0.0,0.0,0.998064472402146,0.998064472402146,0.0
2024-01-18,19:15:00.000000000,47.8,392.225,,,,0,0.0,0.0,0.0,0.0,0.0,0.0,0.0,0.0,0.0,0.998064472402146,0.998064472402146,0.0
2024-01-18,19:16:00.000000000,47.825,392.18,,,,0,0.0,0.0,0.0,0.0,0.0,0.0,0.0,0.0,0.0,0.998064472402146,0.998064472402146,0.0
2024-01-18,19:17:00.000000000,47.825,392.07,0.01711999333271757,41.11276421404143,2.3871657488431506,0,0.0,0.0,0.0,0.0,0.0,0.0,0.0,0.0,0.0,0.998064472402146,0.998064472402146,0.0
2024-01-18,19:18:00.000000000,47.825,392.107,,,,0,0.0,0.0,0.0,0.0,0.0,0.0,0.0,0.0,0.0,0.998064472402146,0.998064472402146,0.0
2024-01-18,19:19:00.000000000,47.845,392.1891,,,,0,0.0,0.0,0.0,0.0,0.0,0.0,0.0,0.0,0.0,0.998064472402146,0.998064472402146,0.0
2024-01-18,19:20:00.000000000,47.825,392.05,0.01703235487909758,41.1474652696498,2.3566708675982313,0,0.0,0.0,0.0,0.0,0.0,0.0,0.0,0.0,0.0,0.998064472402146,0.998064472402146,0.0
2024-01-18,19:21:00.000000000,47.83,392.23,,,,0,0.0,0.0,0.0,0.0,0.0,0.0,0.0,0.0,0.0,0.998064472402146,0.998064472402146,0.0
2024-01-18,19:22:00.000000000,47.85,392.315,,,,0,0.0,0.0,0.0,0.0,0.0,0.0,0.0,0.0,0.0,0.998064472402146,0.998064472402146,0.0
2024-01-18,19:23:00.000000000,47.87,392.35,0.016966063996978843,41.21336479078535,2.3925025196903165,0,0.0,0.0,0.0,0.0,0.0,0.0,0.0,0.0,0.0,0.998064472402146,0.998064472402146,0.0
2024-01-18,19:24:00.000000000,47.89,392.5,,,,0,0.0,0.0,0.0,0.0,0.0,0.0,0.0,0.0,0.0,0.998064472402146,0.998064472402146,0.0
2024-01-18,19:25:00.000000000,47.87,392.5701,,,,0,0.0,0.0,0.0,0.0,0.0,0.0,0.0,0.0,0.0,0.998064472402146,0.998064472402146,0.0
2024-01-18,19:26:00.000000000,47.86,392.61,0.01688644290231708,41.23021365212129,2.3265853071735485,0,0.0,0.0,0.0,0.0,0.0,0.0,0.0,0.0,0.0,0.998064472402146,0.998064472402146,0.0
2024-01-18,19:27:00.000000000,47.87,392.61,,,,0,0.0,0.0,0.0,0.0,0.0,0.0,0.0,0.0,0.0,0.998064472402146,0.998064472402146,0.0
2024-01-18,19:28:00.000000000,47.89,392.76,,,,0,0.0,0.0,0.0,0.0,0.0,0.0,0.0,0.0,0.0,0.998064472402146,0.998064472402146,0.0
2024-01-18,19:29:00.000000000,47.89,392.71,0.016843852135053853,41.275250828043,2.3176852826421492,0,0.0,0.0,0.0,0.0,0.0,0.0,0.0,0.0,0.0,0.998064472402146,0.998064472402146,0.0
2024-01-18,19:30:00.000000000,47.91,392.96,,,,0,0.0,0.0,0.0,0.0,0.0,0.0,0.0,0.0,0.0,0.998064472402146,0.998064472402146,0.0
2024-01-18,19:31:00.000000000,47.885,392.73,,,,0,0.0,0.0,0.0,0.0,0.0,0.0,0.0,0.0,0.0,0.998064472402146,0.998064472402146,0.0
2024-01-18,19:32:00.000000000,47.895,392.7649,0.016806789342347177,41.29388306463195,2.2537709968506405,0,0.0,0.0,0.0,0.0,0.0,0.0,0.0,0.0,0.0,0.998064472402146,0.998064472402146,0.0
2024-01-18,19:33:00.000000000,47.895,392.58,,,,0,0.0,0.0,0.0,0.0,0.0,0.0,0.0,0.0,0.0,0.998064472402146,0.998064472402146,0.0
2024-01-18,19:34:00.000000000,47.895,392.4,,,,0,0.0,0.0,0.0,0.0,0.0,0.0,0.0,0.0,0.0,0.998064472402146,0.998064472402146,0.0
2024-01-18,19:35:00.000000000,47.9,392.82,0.01677471925240871,41.31055478326881,2.1904755244978076,0,0.0,0.0,0.0,0.0,0.0,0.0,0.0,0.0,0.0,0.998064472402146,0.998064472402146,0.0
2024-01-18,19:36:00.000000000,47.93,392.84,,,,0,0.0,0.0,0.0,0.0,0.0,0.0,0.0,0.0,0.0,0.998064472402146,0.998064472402146,0.0
2024-01-18,19:37:00.000000000,47.935,392.82,,,,0,0.0,0.0,0.0,0.0,0.0,0.0,0.0,0.0,0.0,0.998064472402146,0.998064472402146,0.0
2024-01-18,19:38:00.000000000,47.92,392.72,0.016783994613021904,41.32858963557404,2.1343064559553127,0,0.0,0.0,0.0,0.0,0.0,0.0,0.0,0.0,0.0,0.998064472402146,0.998064472402146,0.0
2024-01-18,19:39:00.000000000,47.915,392.68,,,,0,0.0,0.0,0.0,0.0,0.0,0.0,0.0,0.0,0.0,0.998064472402146,0.998064472402146,0.0
2024-01-18,19:40:00.000000000,47.925,392.78,,,,0,0.0,0.0,0.0,0.0,0.0,0.0,0.0,0.0,0.0,0.998064472402146,0.998064472402146,0.0
2024-01-18,19:41:00.000000000,47.91,392.67,0.016794507813162177,41.315300617005605,2.026154855923916,0,0.0,0.0,0.0,0.0,0.0,0.0,0.0,0.0,0.0,0.998064472402146,0.998064472402146,0.0
2024-01-18,19:42:00.000000000,47.905,392.5,,,,0,0.0,0.0,0.0,0.0,0.0,0.0,0.0,0.0,0.0,0.998064472402146,0.998064472402146,0.0
2024-01-18,19:43:00.000000000,47.92,392.47,,,,0,0.0,0.0,0.0,0.0,0.0,0.0,0.0,0.0,0.0,0.998064472402146,0.998064472402146,0.0
2024-01-18,19:44:00.000000000,47.92,392.4095,0.016830438546305268,41.315576025263624,1.9500513033290148,0,0.0,0.0,0.0,0.0,0.0,0.0,0.0,0.0,0.0,0.998064472402146,0.998064472402146,0.0
2024-01-18,19:45:00.000000000,47.905,392.4397,,,,0,0.0,0.0,0.0,0.0,0.0,0.0,0.0,0.0,0.0,0.998064472402146,0.998064472402146,0.0
2024-01-18,19:46:00.000000000,47.87,392.32,,,,0,0.0,0.0,0.0,0.0,0.0,0.0,0.0,0.0,0.0,0.998064472402146,0.998064472402146,0.0
2024-01-18,19:47:00.000000000,47.86,392.405,0.016793386525486082,41.27019116046663,1.7991545822415709,0,0.0,0.0,0.0,0.0,0.0,0.0,0.0,0.0,0.0,0.998064472402146,0.998064472402146,0.0
2024-01-18,19:48:00.000000000,47.9,392.79,,,,0,0.0,0.0,0.0,0.0,0.0,0.0,0.0,0.0,0.0,0.998064472402146,0.998064472402146,0.0
2024-01-18,19:49:00.000000000,47.89,392.78,,,,0,0.0,0.0,0.0,0.0,0.0,0.0,0.0,0.0,0.0,0.998064472402146,0.998064472402146,0.0
2024-01-18,19:50:00.000000000,47.92,392.64,0.016804602940831852,41.321840701311785,1.829853115887239,0,0.0,0.0,0.0,0.0,0.0,0.0,0.0,0.0,0.0,0.998064472402146,0.998064472402146,0.0
2024-01-18,19:51:00.000000000,47.94,392.72,,,,0,0.0,0.0,0.0,0.0,0.0,0.0,0.0,0.0,0.0,0.998064472402146,0.998064472402146,0.0
2024-01-18,19:52:00.000000000,47.935,392.795,,,,0,0.0,0.0,0.0,0.0,0.0,0.0,0.0,0.0,0.0,0.998064472402146,0.998064472402146,0.0
2024-01-18,19:53:00.000000000,47.96,392.79,0.016807326375405197,41.35825027300459,1.8314866658533058,0,0.0,0.0,0.0,0.0,0.0,0.0,0.0,0.0,0.0,0.998064472402146,0.998064472402146,0.0
2024-01-18,19:54:00.000000000,47.945,392.8,,,,0,0.0,0.0,0.0,0.0,0.0,0.0,0.0,0.0,0.0,0.998064472402146,0.998064472402146,0.0
2024-01-18,19:55:00.000000000,47.94,392.86,,,,0,0.0,0.0,0.0,0.0,0.0,0.0,0.0,0.0,0.0,0.998064472402146,0.998064472402146,0.0
2024-01-18,19:56:00.000000000,47.925,392.7809,0.01680163407510015,41.32563904651149,1.7154209805814196,0,0.0,0.0,0.0,0.0,0.0,0.0,0.0,0.0,0.0,0.998064472402146,0.998064472402146,0.0
2024-01-18,19:57:00.000000000,47.94,392.86,,,,0,0.0,0.0,0.0,0.0,0.0,0.0,0.0,0.0,0.0,0.998064472402146,0.998064472402146,0.0
2024-01-18,19:58:00.000000000,47.93,392.924,,,,0,0.0,0.0,0.0,0.0,0.0,0.0,0.0,0.0,0.0,0.998064472402146,0.998064472402146,0.0
2024-01-18,19:59:00.000000000,47.915,392.81,0.016790833994048314,41.31939249879788,1.6513712657001576,1,0.0,0.0,0.0,0.0,0.0,0.0,0.0,0.0,0.0,0.998064472402146,0.998064472402146,0.0
2024-01-18,20:00:00.000000000,47.9,392.86,,,,0,0.0,0.0,0.0,0.0,0.0,0.0,0.0,0.0,0.0,0.998064472402146,0.998064472402146,0.0
2024-01-18,20:01:00.000000000,47.895,392.885,,,,0,0.0,0.0,0.0,0.0,0.0,0.0,0.0,0.0,0.0,0.998064472402146,0.998064472402146,0.0
2024-01-18,20:02:00.000000000,47.89,392.81,0.016786075148785544,41.296261820805555,1.5627083917515432,0,0.0,0.0,0.0,0.0,0.0,0.0,0.0,0.0,0.0,0.998064472402146,0.998064472402146,0.0
2024-01-18,20:03:00.000000000,47.9062,392.98,,,,0,0.0,0.0,0.0,0.0,0.0,0.0,0.0,0.0,0.0,0.998064472402146,0.998064472402146,0.0
2024-01-18,20:04:00.000000000,47.905,392.97,,,,0,0.0,0.0,0.0,0.0,0.0,0.0,0.0,0.0,0.0,0.998064472402146,0.998064472402146,0.0
2024-01-18,20:05:00.000000000,47.905,392.8703,0.016768251254441594,41.31725209919215,1.5526622519928523,0,0.0,0.0,0.0,0.0,0.0,0.0,0.0,0.0,0.0,0.998064472402146,0.998064472402146,0.0
2024-01-18,20:06:00.000000000,47.9158,392.85,,,,0,0.0,0.0,0.0,0.0,0.0,0.0,0.0,0.0,0.0,0.998064472402146,0.998064472402146,0.0
2024-01-18,20:07:00.000000000,47.92,392.8301,,,,0,0.0,0.0,0.0,0.0,0.0,0.0,0.0,0.0,0.0,0.998064472402146,0.998064472402146,0.0
2024-01-18,20:08:00.000000000,47.93,393.02,0.016727824751979144,41.35563031597716,1.5723064063405485,0,0.0,0.0,0.0,0.0,0.0,0.0,0.0,0.0,0.0,0.998064472402146,0.998064472402146,0.0
2024-01-18,20:09:00.000000000,47.955,393.07,,,,0,0.0,0.0,0.0,0.0,0.0,0.0,0.0,0.0,0.0,0.998064472402146,0.998064472402146,0.0
2024-01-18,20:10:00.000000000,47.965,393.06,,,,0,0.0,0.0,0.0,0.0,0.0,0.0,0.0,0.0,0.0,0.998064472402146,0.998064472402146,0.0
2024-01-18,20:11:00.000000000,47.965,393.12,0.016694257162152757,41.40215362441451,1.6037282392677512,0,0.0,0.0,0.0,0.0,0.0,0.0,0.0,0.0,0.0,0.998064472402146,0.998064472402146,0.0
2024-01-18,20:12:00.000000000,47.98,393.1,,,,0,0.0,0.0,0.0,0.0,0.0,0.0,0.0,0.0,0.0,0.998064472402146,0.998064472402146,0.0
2024-01-18,20:13:00.000000000,47.959,393.0409,,,,0,0.0,0.0,0.0,0.0,0.0,0.0,0.0,0.0,0.0,0.998064472402146,0.998064472402146,0.0
2024-01-18,20:14:00.000000000,47.95,393.03,0.016679697651352892,41.39437843208878,1.5446451521608802,0,0.0,0.0,0.0,0.0,0.0,0.0,0.0,0.0,0.0,0.998064472402146,0.998064472402146,0.0
2024-01-18,20:15:00.000000000,47.96,393.24,,,,0,0.0,0.0,0.0,0.0,0.0,0.0,0.0,0.0,0.0,0.998064472402146,0.998064472402146,0.0
2024-01-18,20:16:00.000000000,47.955,393.2,,,,0,0.0,0.0,0.0,0.0,0.0,0.0,0.0,0.0,0.0,0.998064472402146,0.998064472402146,0.0
2024-01-18,20:17:00.000000000,47.95,393.2264,0.016640785582304092,41.40640379229866,1.5213962571860244,0,0.0,0.0,0.0,0.0,0.0,0.0,0.0,0.0,0.0,0.998064472402146,0.998064472402146,0.0
2024-01-18,20:18:00.000000000,47.945,393.0496,,,,0,0.0,0.0,0.0,0.0,0.0,0.0,0.0,0.0,0.0,0.998064472402146,0.998064472402146,0.0
2024-01-18,20:19:00.000000000,47.935,392.87,,,,0,0.0,0.0,0.0,0.0,0.0,0.0,0.0,0.0,0.0,0.998064472402146,0.998064472402146,0.0
2024-01-18,20:20:00.000000000,47.95,392.93,0.016595776168590922,41.42902167007557,1.5164118519181191,0,0.0,0.0,0.0,0.0,0.0,0.0,0.0,0.0,0.0,0.998064472402146,0.998064472402146,0.0
2024-01-18,20:21:00.000000000,47.975,393.05,,,,0,0.0,0.0,0.0,0.0,0.0,0.0,0.0,0.0,0.0,0.998064472402146,0.998064472402146,0.0
2024-01-18,20:22:00.000000000,47.975,392.99,,,,0,0.0,0.0,0.0,0.0,0.0,0.0,0.0,0.0,0.0,0.998064472402146,0.998064472402146,0.0
2024-01-18,20:23:00.000000000,47.95,392.81,0.01652090486704706,41.460423359175245,1.525070968701385,0,0.0,0.0,0.0,0.0,0.0,0.0,0.0,0.0,0.0,0.998064472402146,0.998064472402146,0.0
2024-01-18,20:24:00.000000000,47.99,392.76,,,,0,0.0,0.0,0.0,0.0,0.0,0.0,0.0,0.0,0.0,0.998064472402146,0.998064472402146,0.0
2024-01-18,20:25:00.000000000,48.02,392.7101,,,,0,0.0,0.0,0.0,0.0,0.0,0.0,0.0,0.0,0.0,0.998064472402146,0.998064472402146,0.0
2024-01-18,20:26:00.000000000,48.029,392.64,0.016450816780721318,41.569751299217586,1.6554097554897496,0,0.0,0.0,0.0,0.0,0.0,0.0,0.0,0.0,0.0,0.998064472402146,0.998064472402146,0.0
2024-01-18,20:27:00.000000000,48.015,392.7,,,,0,0.0,0.0,0.0,0.0,0.0,0.0,0.0,0.0,0.0,0.998064472402146,0.998064472402146,0.0
2024-01-18,20:28:00.000000000,48.025,392.73,,,,0,0.0,0.0,0.0,0.0,0.0,0.0,0.0,0.0,0.0,0.998064472402146,0.998064472402146,0.0
2024-01-18,20:29:00.000000000,48.06,392.855,0.016413669820385838,41.61180774271232,1.6711250893313796,0,0.0,0.0,0.0,0.0,0.0,0.0,0.0,0.0,0.0,0.998064472402146,0.998064472402146,0.0
2024-01-18,20:30:00.000000000,48.05,392.86,,,,0,0.0,0.0,0.0,0.0,0.0,0.0,0.0,0.0,0.0,0.998064472402146,0.998064472402146,0.0
2024-01-18,20:31:00.000000000,48.04,392.97,,,,0,0.0,0.0,0.0,0.0,0.0,0.0,0.0,0.0,0.0,0.998064472402146,0.998064472402146,0.0
2024-01-18,20:32:00.000000000,48.02,392.8,0.016358281994158286,41.59446683269463,1.5935949275029158,0,0.0,0.0,0.0,0.0,0.0,0.0,0.0,0.0,0.0,0.998064472402146,0.998064472402146,0.0
2024-01-18,20:33:00.000000000,48.025,392.7,,,,0,0.0,0.0,0.0,0.0,0.0,0.0,0.0,0.0,0.0,0.998064472402146,0.998064472402146,0.0
2024-01-18,20:34:00.000000000,48.05,392.7895,,,,0,0.0,0.0,0.0,0.0,0.0,0.0,0.0,0.0,0.0,0.998064472402146,0.998064472402146,0.0
2024-01-18,20:35:00.000000000,48.045,392.77,0.01634881223084919,41.62367702008937,1.593519020589052,0,0.0,0.0,0.0,0.0,0.0,0.0,0.0,0.0,0.0,0.998064472402146,0.998064472402146,0.0
2024-01-18,20:36:00.000000000,48.075,392.945,,,,0,0.0,0.0,0.0,0.0,0.0,0.0,0.0,0.0,0.0,0.998064472402146,0.998064472402146,0.0
2024-01-18,20:37:00.000000000,48.079,392.9096,,,,0,0.0,0.0,0.0,0.0,0.0,0.0,0.0,0.0,0.0,0.998064472402146,0.998064472402146,0.0
2024-01-18,20:38:00.000000000,48.06,392.7699,0.01636548418103104,41.63213041476486,1.5619790866139678,0,0.0,0.0,0.0,0.0,0.0,0.0,0.0,0.0,0.0,0.998064472402146,0.998064472402146,0.0
2024-01-18,20:39:00.000000000,48.03,392.555,,,,0,0.0,0.0,0.0,0.0,0.0,0.0,0.0,0.0,0.0,0.998064472402146,0.998064472402146,0.0
2024-01-18,20:40:00.000000000,48.065,392.58,,,,0,0.0,0.0,0.0,0.0,0.0,0.0,0.0,0.0,0.0,0.998064472402146,0.998064472402146,0.0
2024-01-18,20:41:00.000000000,48.11,392.74,0.016423624941653656,41.659785540414944,1.5629037500354896,0,0.0,0.0,0.0,0.0,0.0,0.0,0.0,0.0,0.0,0.998064472402146,0.998064472402146,0.0
2024-01-18,20:42:00.000000000,48.115,392.7394,,,,0,0.0,0.0,0.0,0.0,0.0,0.0,0.0,0.0,0.0,0.998064472402146,0.998064472402146,0.0
2024-01-18,20:43:00.000000000,48.1,392.84,,,,0,0.0,0.0,0.0,0.0,0.0,0.0,0.0,0.0,0.0,0.998064472402146,0.998064472402146,0.0
2024-01-18,20:44:00.000000000,48.115,392.92,0.01678241991785616,41.52085156587596,1.3065346154989672,0,0.0,0.0,0.0,0.0,0.0,0.0,0.0,0.0,0.0,0.998064472402146,0.998064472402146,0.0
2024-01-18,20:45:00.000000000,48.09,392.91,,,,0,0.0,0.0,0.0,0.0,0.0,0.0,0.0,0.0,0.0,0.998064472402146,0.998064472402146,0.0
2024-01-18,20:46:00.000000000,48.065,392.92,,,,0,0.0,0.0,0.0,0.0,0.0,0.0,0.0,0.0,0.0,0.998064472402146,0.998064472402146,0.0
2024-01-18,20:47:00.000000000,48.08,393.03,0.017044734266090426,41.38090809139848,1.0557482827475333,0,0.0,0.0,0.0,0.0,0.0,0.0,0.0,0.0,0.0,0.998064472402146,0.998064472402146,0.0
2024-01-18,20:48:00.000000000,48.08,392.965,,,,0,0.0,0.0,0.0,0.0,0.0,0.0,0.0,0.0,0.0,0.998064472402146,0.998064472402146,0.0
2024-01-18,20:49:00.000000000,48.055,392.97,,,,0,0.0,0.0,0.0,0.0,0.0,0.0,0.0,0.0,0.0,0.998064472402146,0.998064472402146,0.0
2024-01-18,20:50:00.000000000,48.065,393.19,0.01730706830777007,41.26003381206788,0.8387500017194233,0,0.0,0.0,0.0,0.0,0.0,0.0,0.0,0.0,0.0,0.998064472402146,0.998064472402146,0.0
2024-01-18,20:51:00.000000000,48.115,393.58,,,,0,0.0,0.0,0.0,0.0,0.0,0.0,0.0,0.0,0.0,0.998064472402146,0.998064472402146,0.0
2024-01-18,20:52:00.000000000,48.1,393.74,,,,0,0.0,0.0,0.0,0.0,0.0,0.0,0.0,0.0,0.0,0.998064472402146,0.998064472402146,0.0
2024-01-18,20:53:00.000000000,48.085,393.62,0.01757888253031551,41.16560025841721,0.6646338935844873,0,0.0,0.0,0.0,0.0,0.0,0.0,0.0,0.0,0.0,0.998064472402146,0.998064472402146,0.0
2024-01-18,20:54:00.000000000,48.11,393.53,,,,0,0.0,0.0,0.0,0.0,0.0,0.0,0.0,0.0,0.0,0.998064472402146,0.998064472402146,0.0
2024-01-18,20:55:00.000000000,48.115,393.56,,,,0,0.0,0.0,0.0,0.0,0.0,0.0,0.0,0.0,0.0,0.998064472402146,0.998064472402146,0.0
2024-01-18,20:56:00.000000000,48.13,393.56,0.01780005121545815,41.124611843644296,0.5771949847775576,0,0.0,0.0,0.0,0.0,0.0,0.0,0.0,0.0,0.0,0.998064472402146,0.998064472402146,0.0
2024-01-18,20:57:00.000000000,48.135,393.69,,,,0,0.0,0.0,0.0,0.0,0.0,0.0,0.0,0.0,0.0,0.998064472402146,0.998064472402146,0.0
2024-01-18,20:58:00.000000000,48.17,393.97,,,,0,0.0,0.0,0.0,0.0,0.0,0.0,0.0,0.0,0.0,0.998064472402146,0.998064472402146,0.0
2024-01-18,20:59:00.000000000,48.17,393.84,0.01803888091390407,41.065567140868026,0.45797564841701077,1,0.0,0.0,0.0,0.0,0.0,0.0,0.0,0.0,0.0,0.998064472402146,0.998064472402146,0.0
2024-01-19,14:29:00.000000000,48.24,395.75,0.01835532398993366,40.97588053098376,0.2829199388884828,0,0.0,0.0,0.0,0.0,0.0,0.0,0.0,0.0,0.0,0.998064472402146,0.998064472402146,0.0
2024-01-19,14:30:00.000000000,48.35,394.7,,,,0,0.0,0.0,0.0,0.0,0.0,0.0,0.0,0.0,0.0,0.998064472402146,0.998064472402146,0.0
2024-01-19,14:31:00.000000000,48.44,394.6,,,,0,0.0,0.0,0.0,0.0,0.0,0.0,0.0,0.0,0.0,0.998064472402146,0.998064472402146,0.0
2024-01-19,14:32:00.000000000,48.4,394.42,0.018730660414295327,41.01225291939363,0.3255542866645622,0,0.0,0.0,0.0,0.0,0.0,0.0,0.0,0.0,0.0,0.998064472402146,0.998064472402146,0.0
2024-01-19,14:33:00.000000000,48.56,394.82,,,,0,0.0,0.0,0.0,0.0,0.0,0.0,0.0,0.0,0.0,0.998064472402146,0.998064472402146,0.0
2024-01-19,14:34:00.000000000,48.485,394.29,,,,0,0.0,0.0,0.0,0.0,0.0,0.0,0.0,0.0,0.0,0.998064472402146,0.998064472402146,0.0
2024-01-19,14:35:00.000000000,48.46,393.61,0.019040753560225613,40.96536899115959,0.2194899242882493,0,0.0,0.0,0.0,0.0,0.0,0.0,0.0,0.0,0.0,0.998064472402146,0.998064472402146,0.0
2024-01-19,14:36:00.000000000,48.42,394.9,,,,0,0.0,0.0,0.0,0.0,0.0,0.0,0.0,0.0,0.0,0.998064472402146,0.998064472402146,0.0
2024-01-19,14:37:00.000000000,48.51,395.15,,,,0,0.0,0.0,0.0,0.0,0.0,0.0,0.0,0.0,0.0,0.998064472402146,0.998064472402146,0.0
2024-01-19,14:38:00.000000000,48.48,394.75,0.01945756244966188,40.79912722299597,-0.11115914688291346,0,0.0,0.0,0.0,0.0,0.0,0.0,0.0,0.0,0.0,0.998064472402146,0.998064472402146,0.0
2024-01-19,14:39:00.000000000,48.42,394.91,,,,0,0.0,0.0,0.0,0.0,0.0,0.0,0.0,0.0,0.0,0.998064472402146,0.998064472402146,0.0
2024-01-19,14:40:00.000000000,48.455,394.6031,,,,0,0.0,0.0,0.0,0.0,0.0,0.0,0.0,0.0,0.0,0.998064472402146,0.998064472402146,0.0
2024-01-19,14:41:00.000000000,48.43,394.15,0.019794458004860956,40.628014377384055,-0.46255297733577444,0,0.0,0.0,0.0,0.0,0.0,0.0,0.0,0.0,0.0,0.998064472402146,0.998064472402146,0.0
2024-01-19,14:42:00.000000000,48.48,394.78,,,,0,0.0,0.0,0.0,0.0,0.0,0.0,0.0,0.0,0.0,0.998064472402146,0.998064472402146,0.0
2024-01-19,14:43:00.000000000,48.44,394.71,,,,0,0.0,0.0,0.0,0.0,0.0,0.0,0.0,0.0,0.0,0.998064472402146,0.998064472402146,0.0
2024-01-19,14:44:00.000000000,48.405,394.31,0.020185859241202312,40.445513842601514,-0.8451970668219357,0,0.0,0.0,0.0,0.0,0.0,0.0,0.0,0.0,0.0,0.998064472402146,0.998064472402146,0.0
2024-01-19,14:45:00.000000000,48.335,394.365,,,,0,0.0,0.0,0.0,0.0,0.0,0.0,0.0,0.0,0.0,0.998064472402146,0.998064472402146,0.0
2024-01-19,14:46:00.000000000,48.325,394.61,,,,0,0.0,0.0,0.0,0.0,0.0,0.0,0.0,0.0,0.0,0.998064472402146,0.998064472402146,0.0
2024-01-19,14:47:00.000000000,48.35,394.7487,0.020559901459092658,40.23400562689507,-1.2862808775373418,0,0.0,0.0,0.0,0.0,0.0,0.0,0.0,0.0,0.0,0.998064472402146,0.998064472402146,0.0
2024-01-19,14:48:00.000000000,48.36,395.0,,,,0,0.0,0.0,0.0,0.0,0.0,0.0,0.0,0.0,0.0,0.998064472402146,0.998064472402146,0.0
2024-01-19,14:49:00.000000000,48.34,394.9,,,,0,0.0,0.0,0.0,0.0,0.0,0.0,0.0,0.0,0.0,0.998064472402146,0.998064472402146,0.0
2024-01-19,14:50:00.000000000,48.32,395.13,0.020908119338937367,40.05857480560568,-1.6457120032722552,0,0.0,0.0,0.0,0.0,0.0,0.0,0.0,0.0,0.0,0.998064472402146,0.998064472402146,0.0
2024-01-19,14:51:00.000000000,48.415,395.02,,,,0,0.0,0.0,0.0,0.0,0.0,0.0,0.0,0.0,0.0,0.998064472402146,0.998064472402146,0.0
2024-01-19,14:52:00.000000000,48.4489,394.88,,,,0,0.0,0.0,0.0,0.0,0.0,0.0,0.0,0.0,0.0,0.998064472402146,0.998064472402146,0.0
2024-01-19,14:53:00.000000000,48.455,395.0272,0.021353810717653434,40.01966394287537,-1.7266239843961622,0,0.0,0.0,0.0,0.0,0.0,0.0,0.0,0.0,0.0,0.998064472402146,0.998064472402146,0.0
2024-01-19,14:54:00.000000000,48.415,395.06,,,,0,0.0,0.0,0.0,0.0,0.0,0.0,0.0,0.0,0.0,0.998064472402146,0.998064472402146,0.0
2024-01-19,14:55:00.000000000,48.425,395.0321,,,,0,0.0,0.0,0.0,0.0,0.0,0.0,0.0,0.0,0.0,0.998064472402146,0.998064472402146,0.0
2024-01-19,14:56:00.000000000,48.42,394.99,0.021762624936570468,39.82398077630403,-2.09425390918202,0,0.0,0.0,0.0,0.0,0.0,0.0,0.0,0.0,0.0,0.998064472402146,0.998064472402146,0.0
2024-01-19,14:57:00.000000000,48.41,394.84,,,,0,0.0,0.0,0.0,0.0,0.0,0.0,0.0,0.0,0.0,0.998064472402146,0.998064472402146,0.0
2024-01-19,14:58:00.000000000,48.415,394.865,,,,0,0.0,0.0,0.0,0.0,0.0,0.0,0.0,0.0,0.0,0.998064472402146,0.998064472402146,0.0
2024-01-19,14:59:00.000000000,48.415,394.88,0.022177144308684633,39.657689255386614,-2.3689442925722104,0,0.0,0.0,0.0,0.0,0.0,0.0,0.0,0.0,0.0,0.998064472402146,0.998064472402146,0.0
2024-01-19,15:00:00.000000000,48.49,394.985,,,,0,0.0,0.0,0.0,0.0,0.0,0.0,0.0,0.0,0.0,0.998064472402146,0.998064472402146,0.0
2024-01-19,15:01:00.000000000,48.41,395.19,,,,0,0.0,0.0,0.0,0.0,0.0,0.0,0.0,0.0,0.0,0.998064472402146,0.998064472402146,0.0
2024-01-19,15:02:00.000000000,48.36,394.95,0.022564548118408186,39.448131720634684,-2.672298854028234,0,0.0,0.0,0.0,0.0,0.0,0.0,0.0,0.0,0.0,0.998064472402146,0.998064472402146,0.0
2024-01-19,15:03:00.000000000,48.44,395.27,,,,0,0.0,0.0,0.0,0.0,0.0,0.0,0.0,0.0,0.0,0.998064472402146,0.998064472402146,0.0
2024-01-19,15:04:00.000000000,48.41,395.21,,,,0,0.0,0.0,0.0,0.0,0.0,0.0,0.0,0.0,0.0,0.998064472402146,0.998064472402146,0.0
2024-01-19,15:05:00.000000000,48.4,394.97,0.022982541893730828,39.32258542823313,-2.7775151656648966,0,0.0,0.0,0.0,0.0,0.0,0.0,0.0,0.0,0.0,0.998064472402146,0.998064472402146,0.0
2024-01-19,15:06:00.000000000,48.34,394.89,,,,0,0.0,0.0,0.0,0.0,0.0,0.0,0.0,0.0,0.0,0.998064472402146,0.998064472402146,0.0
2024-01-19,15:07:00.000000000,48.29,394.6438,,,,0,0.0,0.0,0.0,0.0,0.0,0.0,0.0,0.0,0.0,0.998064472402146,0.998064472402146,0.0
2024-01-19,15:08:00.000000000,48.28,394.35,0.02327866030145696,39.10006031012045,-2.9966453353323086,0,0.0,0.0,0.0,0.0,0.0,0.0,0.0,0.0,0.0,0.998064472402146,0.998064472402146,0.0
2024-01-19,15:09:00.000000000,48.26,394.25,,,,0,0.0,0.0,0.0,0.0,0.0,0.0,0.0,0.0,0.0,0.998064472402146,0.998064472402146,0.0
2024-01-19,15:10:00.000000000,48.24,394.32,,,,0,0.0,0.0,0.0,0.0,0.0,0.0,0.0,0.0,0.0,0.998064472402146,0.998064472402146,0.0
2024-01-19,15:11:00.000000000,48.26,394.58,0.023575496350070616,38.957580650189136,-3.041369079550705,0,1.0,0.0,0.0,57.56241934981086,0.0,0.0,0.0,0.0,0.6484175361078641,0.34932256534075123,0.9977401014486154,-0.00032499999999996404
2024-01-19,15:12:00.000000000,48.28,394.42,,,,0,0.0,1.0,0.023575496350070616,57.57864727039485,0.0004129791569660748,0.0,0.0,0.0,0.6486853190352879,0.34932256534075123,0.9980078843760392,0.0002683894603765104
2024-01-19,15:13:00.000000000,48.23,394.53,,,,0,0.0,1.0,0.023575496350070616,57.531240574993355,-0.0009134168149440305,0.0,0.0,0.0,0.6480927989572738,0.34932256534075123,0.997415364298025,-0.000593702802643271
2024-01-19,15:14:00.000000000,48.215,394.55,0.02386476095028641,38.7991585670645,-3.081467149116544,0,1.0,1.0,0.023575496350070616,57.516712084920364,-0.0002689236277953877,0.0,-0.0009134168149439459,0.0,0.6479185114906301,0.34932256534075123,0.9972410768313813,-0.00017473910356933527
2024-01-19,15:15:00.000000000,48.23,394.86,,,,0,0.0,1.0,0.023575496350070616,57.53902048878888,0.000133728021868084,0.0,-0.0011820948033759437,0.0,0.6480051563515034,0.34932256534075123,0.9973277216922546,0.00008688456872293129
2024-01-19,15:16:00.000000000,48.26,395.3,,,,0,0.0,1.0,0.023575496350070616,57.579393707182916,0.0003411038533370358,0.0,-0.0010485248607076114,0.0,0.648226193407317,0.34932256534075123,0.9975487587480683,0.00022162931101384937
2024-01-19,15:17:00.000000000,48.28,395.34,0.024210832610933854,38.708489435593414,-3.013484931570966,0,1.0,1.0,0.023575496350070616,57.60033672703692,0.0003309687532126098,0.0,-0.0007077786632411209,0.0,0.6484407360223489,0.34932256534075123,0.9977633013631001,0.00021506980300501374
2024-01-19,15:18:00.000000000,48.325,395.24,,,,0,0.0,1.0,0.023575496350070616,57.64297917740191,0.0008221748747656245,0.0,-0.00037704416265005314,0.0,0.648973867703281,0.34932256534075123,0.9982964330440323,0.0005343268089774629
2024-01-19,15:19:00.000000000,48.3115,395.28,,,,0,0.0,1.0,0.023575496350070616,57.63042219725591,-0.0002505599131084032,0.0,0.0,0.0,0.6488112608673796,0.34932256534075123,0.9981338262081308,-0.00016288432024703133
2024-01-19,15:20:00.000000000,48.34,395.317,0.02460719356585591,38.61235806112654,-2.9525935954545903,0,0.0,1.0,0.023575496350070616,57.65979449062087,0.00047939448613583207,0.0,-0.0002505599131085168,0.0,0.6491222974083823,0.34932256534075123,0.9984448627491336,0.00031161807448640863
2024-01-19,15:21:00.000000000,48.375,395.28,,,,0,0.0,1.0,0.023575496350070616,57.693922197255915,0.0006221370312164593,0.0,0.0,0.0,0.6495261404273884,0.34932256534075123,0.9988487057681397,0.0004044720285245814
2024-01-19,15:22:00.000000000,48.305,394.81,,,,0,0.0,1.0,0.023575496350070616,57.61284171397138,-0.0010212430438342635,0.0,0.0,0.0,0.6488628163746885,0.34932256534075123,0.9981853817154397,-0.0006640886140908231
2024-01-19,15:23:00.000000000,48.265,394.704,0.024947885891915243,38.417969646917484,-3.0038809426666884,0,1.0,1.0,0.023575496350070616,57.57034271135827,-0.0006509138634937106,0.0,-0.001021243043834219,0.0,0.6484404625720046,0.34932256534075123,0.9977630279127558,-0.0004231216068883023
2024-01-19,15:24:00.000000000,48.25,394.825,,,,0,0.0,1.0,0.023575496350070616,57.55819534641663,-0.00031010124688451394,0.0,-0.0016714921660727633,0.0,0.6482393803760307,0.34932256534075123,0.9975619457167819,-0.0002015330197136804
2024-01-19,15:25:00.000000000,48.3,395.01,,,,0,0.0,1.0,0.023575496350070616,57.61255681324139,0.0007929111206589819,0.0,-0.001981075081152306,0.0,0.64875337658958,0.34932256534075123,0.9980759419303312,0.0005152524269357351
2024-01-19,15:26:00.000000000,48.31,395.095,0.02533235907549151,38.30131159106868,-2.9473564206925107,0,0.0,1.0,0.023575496350070616,57.624560730431156,0.0001387906257339815,0.0,-0.0011897347769559419,0.0,0.6488434174766639,0.34932256534075123,0.9981659828174151,0.00009021446495315824
2024-01-19,15:27:00.000000000,48.34,394.84,,,,0,0.0,1.0,0.023575496350070616,57.64854897886188,0.0006249375459492018,0.0,-0.0010511092752562012,0.0,0.649248904089687,0.34932256534075123,0.9985714694304383,0.00040623164884729393
2024-01-19,15:28:00.000000000,48.379,394.94,,,,0,0.0,1.0,0.023575496350070616,57.68990652849689,0.0006356179125760018,0.0,-0.0004268286069579741,0.0,0.6496615783228468,0.34932256534075123,0.998984143663598,0.00041326459426594195
2024-01-19,15:29:00.000000000,48.375,394.92,0.025753713514775282,38.204343458744944,-2.870361968300812,0,0.0,1.0,0.023575496350070616,57.68543501856989,-0.00006116304021487487,0.0,0.0,0.0,0.6496218430456058,0.34932256534075123,0.998944408386357,-0.00003977568362123448
2024-01-19,15:30:00.000000000,48.31,394.58,,,,0,0.0,1.0,0.023575496350070616,57.612419349810864,-0.0009878460866703112,0.0,-0.00006116304021486219,0.0,0.6489801166501376,0.34932256534075123,0.9983026819908888,-0.0006424045122839562
2024-01-19,15:31:00.000000000,48.3,394.31,,,,0,0.0,1.0,0.023575496350070616,57.596053965796344,-0.00006308736946840296,0.0,-0.0010489487072152803,0.0,0.6489391742017409,0.34932256534075123,0.9982617395424921,-0.000041012058902863476
2024-01-19,15:32:00.000000000,48.3,394.36,0.026121160118987567,37.99885929547606,-2.9015169790761286,0,0.0,1.0,0.023575496350070616,57.59723274061385,-0.000020466242673566775,0.0,-0.0011119699012689388,0.0,0.6489258928551213,0.34932256534075123,0.9982484581958725,-0.00001330447325937275
2024-01-19,15:33:00.000000000,48.31,394.5399,,,,0,0.0,1.0,0.023575496350070616,57.611473972407225,0.0000999834181716159,0.0,-0.001132413386096709,0.0,0.648990774684029,0.34932256534075123,0.9983133400247802,0.00006499567154353269
2024-01-19,15:34:00.000000000,48.3,394.2235,,,,0,0.0,1.0,0.023575496350070616,57.59401468536206,-0.00004410081498806623,0.0,-0.0010325431904861793,0.0,0.6489621536619457,0.34932256534075123,0.9982847190026969,-0.000028669377575011844
2024-01-19,15:35:00.000000000,48.34,394.305,0.026488831358747248,37.895321351089166,-2.82093133409259,0,0.0,1.0,0.023575496350070616,57.635936088314594,0.0006611554560921823,0.0,-0.0010765984694781627,0.0,0.6493912185306366,0.34932256534075123,0.9987137838713879,0.0004298021000658309
2024-01-19,15:36:00.000000000,48.33,394.3501,,,,0,0.0,1.0,0.023575496350070616,57.626999343199984,-0.0001919506411494367,0.0,-0.00041615481233792107,0.0,0.6492665674698829,0.34932256534075123,0.9985891328106341,-0.00012481159544086036
2024-01-19,15:37:00.000000000,48.325,394.35,,,,0,0.0,1.0,0.023575496350070616,57.62199698565035,-0.00008672397499984048,0.0,-0.0006080255723043271,0.0,0.6492102604923173,0.34932256534075123,0.9985328258330686,-0.00005638653147271149
2024-01-19,15:38:00.000000000,48.31,394.08,0.026907295030468778,37.706373174392866,-2.8197844641358034,0,0.0,1.0,0.023575496350070616,57.60063160163583,-0.00014984930125965304,0.0,-0.0006946968169097012,0.0,0.649112976788412,0.34932256534075123,0.9984355421291632,-0.00009742664576321657
2024-01-19,15:39:00.000000000,48.295,394.17,,,,0,0.0,1.0,0.023575496350070616,57.587753396307335,-0.00029725012027501726,0.0,-0.0008444420183367773,0.0,0.6489200278779895,0.34932256534075123,0.9982425932187408,-0.00019325124385192338
2024-01-19,15:40:00.000000000,48.34,394.24,,,,0,0.0,1.0,0.023575496350070616,57.63440368105184,0.0007527592708326524,0.0,-0.001141441128120313,0.0,0.6494085084450038,0.34932256534075123,0.998731073785755,0.0004893405373929862
2024-01-19,15:41:00.000000000,48.35,394.48,0.027345525018584893,37.562737290668636,-2.7716116771422175,0,0.0,1.0,0.023575496350070616,57.65006180017586,0.00007533487984025439,0.0,-0.0003895410876788574,0.0,0.6494574315569548,0.34932256534075123,0.998779996897706,0.000048985270645071464
2024-01-19,15:42:00.000000000,48.38,394.5,,,,0,0.0,1.0,0.023575496350070616,57.68053331010286,0.0005122022275597146,0.0,-0.00031423555386944635,0.0,0.6497900851001034,0.34932256534075123,0.9991126504408546,0.00033305987723207054
2024-01-19,15:43:00.000000000,48.395,394.54,,,,0,0.0,1.0,0.023575496350070616,57.696476329956866,0.000243704059919511,0.0,0.0,0.0,0.6499484415819377,0.34932256534075123,0.9992710069226889,0.00015849712418753895
2024-01-19,15:44:00.000000000,48.39,394.84,0.027793410681809193,37.41604972639446,-2.725849848864491,0,0.0,1.0,0.023575496350070616,57.69854897886188,-0.00020924412846248932,0.0,0.0,0.0,0.6498124436867333,0.34932256534075123,0.9991350090274845,-0.00013609710905469684
2024-01-19,15:45:00.000000000,48.465,394.895,,,,0,0.0,1.0,0.023575496350070616,57.77484563116114,0.0012773865028693266,0.0,-0.0002092441284624602,0.0,0.6506425053316952,0.34932256534075123,0.9999650706724464,0.0008307802623890208
2024-01-19,15:46:00.000000000,48.485,394.6499,,,,0,0.0,1.0,0.023575496350070616,57.789067277005735,0.0004461864652996218,0.0,0.0,0.0,0.6509328132113228,0.34932256534075123,1.000255378552074,0.00029031802024080634
2024-01-19,15:47:00.000000000,48.52,394.7905,0.028341226444275454,37.33115304145127,-2.634925458165981,0,0.0,1.0,0.023575496350070616,57.82738199179256,0.0005482920335312886,0.0,0.0,0.0,0.6512897144871707,0.34932256534075123,1.000612279827922,0.00035681015418743446
2024-01-19,15:48:00.000000000,48.535,394.865,,,,0,0.0,1.0,0.023575496350070616,57.84413836627063,0.0002290199740288403,0.0,0.0,0.0,0.6514388728406678,0.34932256534075123,1.000761438181419,0.00014906708272917425
2024-01-19,15:49:00.000000000,48.53,394.81,,,,0,0.0,1.0,0.023575496350070616,57.83784171397138,-0.00006402286913313424,0.0,0.0,0.0,0.6513971658549638,0.34932256534075123,1.000719731195715,-0.000041675252575406414
2024-01-19,15:50:00.000000000,48.49,394.85,0.028846847462869387,37.09982227928602,-2.6585542040742065,0,0.0,1.0,0.023575496350070616,57.798784733825386,-0.0007078932864833166,0.0,-0.00006402286913298472,0.0,0.6509360461744208,0.34932256534075123,1.000258611515172,-0.0004607880370182219
2024-01-19,15:51:00.000000000,48.5,394.8792,,,,0,0.0,1.0,0.023575496350070616,57.80947313831881,0.00016110365554320607,0.0,-0.0007718708342571157,0.0,0.6510409143509843,0.34932256534075123,1.0003634796917356,0.00010484106345735984
2024-01-19,15:52:00.000000000,48.44,394.9325,,,,0,0.0,1.0,0.023575496350070616,57.750729712274264,-0.0010596286495968327,0.0,-0.0006108915299268824,0.0,0.6503510527460783,0.34932256534075123,0.9996736180868295,-0.0006896109453322012
2024-01-19,15:53:00.000000000,48.44,394.98,0.029295661786307596,36.868799507644226,-2.6703517773098255,0,0.0,1.0,0.023575496350070616,57.75184954835089,-0.000019390855876714464,0.0,-0.0016698728613568914,0.0,0.6503384418825452,0.34932256534075123,0.9996610072232964,-0.0000126149808346818
2024-01-19,15:54:00.000000000,48.445,394.95,,,,0,0.0,1.0,0.023575496350070616,57.75614228346039,0.00009882393265561501,0.0,-0.0016892313369696321,0.0,0.6504027108849292,0.34932256534075123,0.9997252762256804,0.00006429079649960947
2024-01-19,15:55:00.000000000,48.49,395.0,,,,0,0.0,1.0,0.023575496350070616,57.8023210582779,0.000758728395802968,0.0,-0.0015905743407977901,0.0,0.6508961898903849,0.34932256534075123,1.0002187552311361,0.0004936146131252874
2024-01-19,15:56:00.000000000,48.46,394.8141,0.029756914948034376,36.71155040601526,-2.624828015281061,0,0.0,1.0,0.023575496350070616,57.76793837350642,-0.00044318834883282207,0.0,-0.0008330527589127668,0.0,0.6506077202827258,0.34932256534075123,0.9999302856234771,-0.000288406517224711
2024-01-19,15:57:00.000000000,48.44,394.98,,,,0,0.0,1.0,0.023575496350070616,57.75184954835089,-0.00041391774603202096,0.0,-0.0012758719084687842,0.0,0.6503384222015953,0.34932256534075123,0.9996609875423466,-0.00026931685638725025
2024-01-19,15:58:00.000000000,48.45,394.995,,,,0,0.0,1.0,0.023575496350070616,57.76220318079615,0.00016703131813423585,0.0,-0.0016892615484762619,0.0,0.6504470490854891,0.34932256534075123,0.9997696144262403,0.00010866372224932957
2024-01-19,15:59:00.000000000,48.45,394.98,0.030207776707004245,36.518532356267464,-2.6028180077830294,0,0.0,1.0,0.023575496350070616,57.761849548350895,6.122211857936246e-6,0.0,-0.001522512389924957,0.0,0.6504510312601259,0.34932256534075123,0.9997735966008772,3.9830922838196375e-6
2024-01-19,16:00:00.000000000,48.425,394.94,,,,0,0.0,1.0,0.023575496350070616,57.73590652849688,-0.0004164856273492822,0.0,-0.0015163994992105634,0.0,0.6501801277543116,0.34932256534075123,0.9995026930950628,-0.00027096485317818175
2024-01-19,16:01:00.000000000,48.43,394.9592,,,,0,0.0,1.0,0.023575496350070616,57.74135917802681,0.00007876122059038157,0.0,-0.0019322535679631159,0.0,0.6502313367347771,0.34932256534075123,0.9995539020755283,0.00005123445971609891
2024-01-19,16:02:00.000000000,48.48,394.9875,0.03066140931937188,36.369126586464596,-2.55229854662558,0,0.0,1.0,0.023575496350070616,57.792026364573516,0.0008543756876451148,0.0,-0.0018536445340222585,0.0,0.6507868785802282,0.34932256534075123,1.0001094439209794,0.0005557897821193923
2024-01-19,16:03:00.000000000,48.475,395.25,,,,0,0.0,1.0,0.023575496350070616,57.793214932365416,-0.00019360054484521722,0.0,-0.0010008525552006597,0.0,0.6506608858859569,0.34932256534075123,0.9999834512267082,-0.0001259789066457668
2024-01-19,16:04:00.000000000,48.465,395.2,,,,0,0.0,1.0,0.023575496350070616,57.78203615754791,-0.0001526342701787818,0.0,-0.0011942593344458352,0.0,0.6505615727365058,0.34932256534075123,0.9998841380772571,-0.00009931479298910162
2024-01-19,16:05:00.000000000,48.48,395.3,0.031131033737218292,36.173902363677605,-2.5307720348896243,0,0.0,1.0,0.023575496350070616,57.799393707182915,0.0002187955151062505,0.0,-0.0013467113197227487,0.0,0.6507039126909211,0.34932256534075123,1.0000264780316723,0.0001423564481070529
2024-01-19,16:06:00.000000000,48.53,395.405,,,,0,0.0,1.0,0.023575496350070616,57.851869134299676,0.0008222330691565991,0.0,-0.0011282104590133457,0.0,0.6512389429661651,0.34932256534075123,1.0005615083069164,0.0005350161090705604
2024-01-19,16:07:00.000000000,48.55,395.366,,,,0,0.0,1.0,0.023575496350070616,57.870949689942016,0.00036160360366384867,0.0,-0.0003069050418051944,0.0,0.6514744333147879,0.34932256534075123,1.0007969986555392,0.00023535819304230807
2024-01-19,16:08:00.000000000,48.555,395.3,0.03164396335579114,36.04614128545576,-2.47021115877783,0,0.0,1.0,0.023575496350070616,57.87439370718292,0.00011328624800920634,0.0,0.0,0.0,0.651548236409012,0.34932256534075123,1.0008708017497634,0.00007374432010024938
2024-01-19,16:09:00.000000000,48.54,395.215,,,,0,0.0,1.0,0.023575496350070616,57.85738978999316,-0.00022455669904714373,0.0,0.0,0.0,0.651401926887774,0.34932256534075123,1.0007244922285252,-0.0001461822255004248
2024-01-19,16:10:00.000000000,48.57,395.425,,,,0,0.0,1.0,0.023575496350070616,57.89234064422668,0.0004329463506287176,0.0,-0.00022455669904719588,0.0,0.6516839489748125,0.34932256534075123,1.0010065143155638,0.0002818179121513231
2024-01-19,16:11:00.000000000,48.615,395.64,0.032208847208807116,35.87189169030756,-2.439056364367779,0,0.0,1.0,0.023575496350070616,57.94240937594194,0.0006897504547300011,0.0,0.0,0.0,0.6521334482749582,0.34932256534075123,1.0014560136157096,0.00044904732758223976
2024-01-19,16:12:00.000000000,48.53,395.63,,,,0,0.0,1.0,0.023575496350070616,57.85717362097844,-0.0014629050802243233,0.0,0.0,0.0,0.6511794389404926,0.34932256534075123,1.0005020042812438,-0.0009526223034213562
2024-01-19,16:13:00.000000000,48.51,395.54,,,,0,0.0,1.0,0.023575496350070616,57.83505182630693,-0.00030900585371855977,0.0,-0.001462905080224397,0.0,0.6509782206820388,0.34932256534075123,1.0003007860227902,-0.00020111729670966994
2024-01-19,16:14:00.000000000,48.5,395.5363,0.03269083748526893,35.56958709717542,-2.473404569651782,0,0.0,1.0,0.023575496350070616,57.82496459697043,-0.00017139728158743428,0.0,-0.001771458887709687,0.0,0.6508666447846413,0.34932256534075123,1.0001892101253924,-0.00011154234701880963
2024-01-19,16:15:00.000000000,48.485,395.785,,,,0,0.0,1.0,0.023575496350070616,57.815827822912695,-0.00036079963191810365,0.0,-0.0019425525460592397,0.0,0.6506318123387752,0.34932256534075123,0.9999543776795264,-0.0002347880215949668
2024-01-19,16:16:00.000000000,48.465,395.9178,,,,0,0.0,1.0,0.023575496350070616,57.79895864882799,-0.000400077743176781,0.0,-0.002302651305733816,0.0,0.6503715090316557,0.34932256534075123,0.999694074372407,-0.000260315183302175
2024-01-19,16:17:00.000000000,48.485,396.03,0.03320985410896414,35.33290147722693,-2.465153822920331,0,0.0,1.0,0.023575496350070616,57.821603819518465,0.0003002619721050969,0.0,-0.0027018078093727915,0.0,0.6505667908635585,0.34932256534075123,0.9998893562043097,0.0001953415919018581
2024-01-19,16:18:00.000000000,48.475,396.02,,,,0,0.0,1.0,0.023575496350070616,57.81136806455497,-0.00016886845731532672,0.0,-0.0024023570874088795,0.0,0.6504569306532048,0.34932256534075123,0.999779495993956,-0.00010987236704948343
2024-01-19,16:19:00.000000000,48.4923,396.1202,,,,0,0.0,1.0,0.023575496350070616,57.83103032928924,0.0002583875069181064,0.0,-0.00257081986238894,0.0,0.6506250005978739,0.34932256534075123,0.9999475659386251,0.00016810701293891073
2024-01-19,16:20:00.000000000,48.5,396.12,0.03378296351230375,35.11789249350624,-2.4432107779853345,0,0.0,1.0,0.023575496350070616,57.83872561418997,0.0001332280447953643,0.0,-0.0023130966232057792,0.0,0.6507116820945985,0.34932256534075123,1.0000342474353499,0.00008668604202599772
2024-01-19,16:21:00.000000000,48.5,396.0499,,,,0,0.0,1.0,0.023575496350070616,57.837072971895836,0.000028573283325023323,0.0,-0.0021801767477509504,0.0,0.6507302750638538,0.34932256534075123,1.0000528404046052,0.000018592332515620775
2024-01-19,16:22:00.000000000,48.505,395.96,,,,0,0.0,1.0,0.023575496350070616,57.83995353477396,0.00012309469957684288,0.0,-0.0021516657592339783,0.0,0.6508103765115685,0.34932256534075123,1.0001329418523197,0.00008009721534526461
2024-01-19,16:23:00.000000000,48.48,395.88,0.0343144718130181,34.89558689866239,-2.4235251514333096,0,0.0,1.0,0.023575496350070616,57.81306749506595,-0.00039961927490319687,0.0,-0.002028835918307159,0.0,0.6505503001408075,0.34932256534075123,0.9998728654815587,-0.00026004180032236006
2024-01-19,16:24:00.000000000,48.515,396.125,,,,0,0.0,1.0,0.023575496350070616,57.853843491671725,0.0005054913129583999,0.0,-0.002427644431271747,0.0,0.650879147666171,0.34932256534075123,1.0002017130069223,0.0003288893385512286
2024-01-19,16:25:00.000000000,48.52,396.03,,,,0,0.0,1.0,0.023575496350070616,57.85660381951847,0.00012513727206911403,0.0,-0.0019233802714844206,0.0,0.6509605969071567,0.34932256534075123,1.000283162247908,0.00008143281492778135
2024-01-19,16:26:00.000000000,48.535,396.1901,0.034898107580108834,34.70871526802592,-2.38717140423143,0,0.0,1.0,0.023575496350070616,57.87537825648411,0.0001940238847990768,0.0,-0.0017984836859755715,0.0,0.6510868988110198,0.34932256534075123,1.0004094641517711,0.00012626615005620622
2024-01-19,16:27:00.000000000,48.53,396.07,,,,0,0.0,1.0,0.023575496350070616,57.867546839372466,-0.0000374698698077522,0.0,-0.0016048087499680452,0.0,0.6510625026696878,0.34932256534075123,1.0003850680104391,-0.000024386156075271437
2024-01-19,16:28:00.000000000,48.525,396.038,,,,0,0.0,1.0,0.023575496350070616,57.86179242348926,-0.00007336727317276637,0.0,-0.0016422184878007728,0.0,0.6510147359892019,0.34932256534075123,1.000337301329953,-0.000047748294145488075
2024-01-19,16:29:00.000000000,48.515,396.0169,0.035461630566916445,34.47159499394451,-2.3736193131978918,0,0.0,1.0,0.023575496350070616,57.85129498051628,-0.00016422852851607838,0.0,-0.0017154652758811784,0.0,0.6509078207970681,0.34932256534075123,1.0002303861378192,-0.00010687914165716888
2024-01-19,16:30:00.000000000,48.5,395.9,,,,0,0.0,1.0,0.023575496350070616,57.83353900499296,-0.00021164650645768489,0.0,-0.0018794120760592392,0.0,0.6507700584307704,0.34932256534075123,1.0000926237715215,-0.00013773063506862727
2024-01-19,16:31:00.000000000,48.52,395.71,,,,0,0.0,1.0,0.023575496350070616,57.84905966068645,0.00042327245967776686,0.0,-0.0020906608115168757,0.0,0.6510455114740871,0.34932256534075123,1.0003680768148384,0.0002754275321800753
2024-01-19,16:32:00.000000000,48.54,395.72,0.03599975560474315,34.29417671209104,-2.3340780389163953,0,0.0,1.0,0.023575496350070616,57.869295415649944,0.00034165196724761365,0.0,-0.0016682732709830672,0.0,0.65126794245385,0.34932256534075123,1.0005905077946013,0.00022234913820036228
2024-01-19,16:33:00.000000000,48.515,395.495,,,,0,0.0,1.0,0.023575496350070616,57.83899092897118,-0.0003403447921694402,0.0,-0.001327191272580297,0.0,0.6510462868013289,0.34932256534075123,1.0003688521420802,-0.00022152484037625103
2024-01-19,16:34:00.000000000,48.49,395.29,,,,0,0.0,1.0,0.023575496350070616,57.809157952219415,-0.0003486752262500614,0.0,-0.0016670843621119369,0.0,0.6508192830899793,0.34932256534075123,1.0001418484307305,-0.0002269200114173571
2024-01-19,16:35:00.000000000,48.49,395.38,0.036521427260851454,34.05015808960455,-2.3231380994754165,0,0.0,1.0,0.023575496350070616,57.81127974689092,-0.00003670343500343584,0.0,-0.002015178317344768,0.0,0.6507953957867234,0.34932256534075123,1.0001179611274746,-0.00002388391535995157
2024-01-19,16:36:00.000000000,48.495,395.145,,,,0,0.0,1.0,0.023575496350070616,57.81073950524865,0.00018232154154704545,0.0,-0.0020518077883817654,0.0,0.650914049806515,0.34932256534075123,1.0002366151472661,0.00011864002488039908
2024-01-19,16:37:00.000000000,48.49,395.175,,,,0,0.0,1.0,0.023575496350070616,57.80644677013916,-0.00009872326386666053,0.0,-0.001869860335593554,0.0,0.6508497894470214,0.34932256534075123,1.0001723547877726,-0.00006424515811603546
2024-01-19,16:38:00.000000000,48.46,395.1882,0.03700930098320249,33.83436096118998,-2.299774501726663,0,0.0,1.0,0.023575496350070616,57.77675796669098,-0.0005243566807063978,0.0,-0.001968399000744969,0.0,0.6505085120117885,0.34932256534075123,0.9998310773525397,-0.0003412186245692013
2024-01-19,16:39:00.000000000,48.465,395.25,,,,0,0.0,1.0,0.023575496350070616,57.78321493236541,0.00006132283032593514,0.0,-0.0024917235382850844,0.0,0.6505484030348961,0.34932256534075123,0.9998709683756474,0.000039897762743351383
2024-01-19,16:40:00.000000000,48.47,395.235,,,,0,0.0,1.0,0.023575496350070616,57.78786129992016,0.00009265030427103624,0.0,-0.0024305535074989892,0.0,0.6506086765423804,0.34932256534075123,0.9999312418831316,0.000060281285676485303
2024-01-19,16:41:00.000000000,48.465,394.99,0.037509103652147074,33.64927914843843,-2.265161420034233,0,0.0,1.0,0.023575496350070616,57.777085303314394,0.00001342836693241383,0.0,-0.0023381283947498943,0.0,0.6506174131544185,0.34932256534075123,0.9999399784951697,8.737212792338827e-6
2024-01-19,16:42:00.000000000,48.455,394.9353,,,,0,0.0,1.0,0.023575496350070616,57.76579572366404,-0.0001507590821504852,0.0,-0.0023247314250633977,0.0,0.6505193266703801,0.34932256534075123,0.9998418920111314,-0.00009809237169006788
2024-01-19,16:43:00.000000000,48.5,395.01,,,,0,0.0,1.0,0.023575496350070616,57.81255681324139,0.0007485209868742198,0.0,-0.002475140032838108,0.0,0.6510062540387602,0.34932256534075123,1.0003288193795115,0.0004870043676612157
2024-01-19,16:44:00.000000000,48.525,395.21,0.03805027822705198,33.48714954188679,-2.2242015746217683,0,0.0,1.0,0.023575496350070616,57.84227191251141,0.0003508736137637348,0.0,-0.0017284717402238359,0.0,0.6512346749556975,0.34932256534075123,1.0005572402964487,0.00022834583240227525
2024-01-19,16:45:00.000000000,48.49,395.3,,,,0,0.0,1.0,0.023575496350070616,57.80939370718292,-0.0006417762208174401,0.0,-0.0013782046015859972,0.0,0.6508167280271392,0.34932256534075123,1.0001392933678903,-0.00041771416139521703
2024-01-19,16:46:00.000000000,48.49,395.38,,,,0,0.0,1.0,0.023575496350070616,57.81127974689092,-0.000032625142507994636,0.0,-0.0020190963234627546,0.0,0.6507954950386408,0.34932256534075123,1.000118060379392,-0.00002123003129576129
2024-01-19,16:47:00.000000000,48.485,395.4,0.03854448710785046,33.24450979755593,-2.2143771392687577,0,0.0,1.0,0.023575496350070616,57.80675125681792,-0.00009464433153808138,0.0,-0.0020516555926654023,0.0,0.6507339009340448,0.34932256534075123,1.000056466274796,-0.00006158683363110816
2024-01-19,16:48:00.000000000,48.465,395.39,,,,0,0.0,1.0,0.023575496350070616,57.786515501854424,-0.0003419020202102611,0.0,-0.0021461057466313216,0.0,0.6505114136986961,0.34932256534075123,0.9998339790394474,-0.0002224746730325448
2024-01-19,16:49:00.000000000,48.465,395.39,,,,0,0.0,1.0,0.023575496350070616,57.786515501854424,0.0,0.0,-0.0024872740089513234,0.0,0.6505114136986961,0.34932256534075123,0.9998339790394474,0.0
2024-01-19,16:50:00.000000000,48.475,395.58,0.039034163354776996,33.033865660117314,-2.192506935844116,0,0.0,1.0,0.023575496350070616,57.80099484616093,0.00009553536228206275,0.0,-0.0024872740089513234,0.0,0.6505735605422724,0.34932256534075123,0.9998961258830237,0.00006215716296820628
2024-01-19,16:51:00.000000000,48.49,395.67,,,,0,0.0,1.0,0.023575496350070616,57.81811664083244,0.0002228024857144163,0.0,-0.0023919762692927726,0.0,0.6507185099487014,0.34932256534075123,1.0000410752894526,0.00014496446448469268
2024-01-19,16:52:00.000000000,48.495,395.76,,,,0,0.0,1.0,0.023575496350070616,57.82523843550395,0.00004978033695502722,0.0,-0.002169706721836917,0.0,0.6507509029353895,0.34932256534075123,1.0000734682761407,0.00003239165619145839
2024-01-19,16:53:00.000000000,48.51,395.77,0.039542216116653345,32.8603771275121,-2.158650726892136,0,0.0,1.0,0.023575496350070616,57.84047419046745,0.0002553252772657413,0.0,-0.0021200343936135235,0.0,0.6509170560901124,0.34932256534075123,1.0002396214308638,0.00016614094863392188
2024-01-19,16:54:00.000000000,48.525,395.56,,,,0,0.0,1.0,0.023575496350070616,57.850523336233934,0.0003449289535181904,0.0,-0.00186525041471719,0.0,0.6511415762290967,0.34932256534075123,1.0004641415698479,0.00022446635203565227
2024-01-19,16:55:00.000000000,48.495,395.35,,,,0,0.0,1.0,0.023575496350070616,57.81557248200042,-0.0004329977383419565,0.0,-0.0015209648400725806,0.0,0.6508596333992491,0.34932256534075123,1.0001821987400004,-0.0002818120291698826
2024-01-19,16:56:00.000000000,48.49,395.43,0.0400146458082826,32.66700860803081,-2.1332961438214637,0,0.0,1.0,0.023575496350070616,57.81245852170842,-0.00011910354619660434,0.0,-0.001953304004078671,0.0,0.6507821137088351,0.34932256534075123,1.0001046790495862,-0.00007750556899712635
2024-01-19,16:57:00.000000000,48.51,395.52,,,,0,0.0,1.0,0.023575496350070616,57.83458031637993,0.000309244854580489,0.0,-0.0020721749048414617,0.0,0.6509833647289526,0.34932256534075123,1.000305930069704,0.00020122995555720268
2024-01-19,16:58:00.000000000,48.52,395.42,,,,0,0.0,1.0,0.023575496350070616,57.842222766744925,0.00021367060273303097,0.0,-0.001763570859688146,0.0,0.6511224607368634,0.34932256534075123,1.0004450260776148,0.0001390534672739082
2024-01-19,16:59:00.000000000,48.525,395.4223,0.04049385809434038,32.512825496462305,-2.096481868429323,0,0.0,1.0,0.023575496350070616,57.847276990386526,0.00008550460410787811,0.0,-0.0015502770802036103,0.0,0.6511781347050946,0.34932256534075123,1.000500700045846,0.00005564920288465809
2024-01-19,17:00:00.000000000,48.52,395.37,,,,0,0.0,1.0,0.023575496350070616,57.84104399192742,-0.00006511977290672491,0.0,-0.0014649050319236467,0.0,0.6511357301328408,0.34932256534075123,1.0004582954735919,-0.00004238335090827496
2024-01-19,17:01:00.000000000,48.51,395.485,,,,0,0.0,1.0,0.023575496350070616,57.83375517400768,-0.0002197605921850376,0.0,-0.0015299294105473038,0.0,0.6509926361591939,0.34932256534075123,1.0003152014999452,-0.00014302842436716387
2024-01-19,17:02:00.000000000,48.535,395.44,0.04099287551219076,32.324777307459286,-2.0725843801726445,0,0.0,1.0,0.023575496350070616,57.85769427667192,0.00045061741637461653,0.0,-0.0017493537845391094,0.0,0.6512859847789788,0.34932256534075123,1.00060855011973,0.00029325618499531587
2024-01-19,17:03:00.000000000,48.49,395.29,,,,0,0.0,1.0,0.023575496350070616,57.809157952219415,-0.0007166492903987213,0.0,-0.0012995246574473152,0.0,0.6508192411401403,0.34932256534075123,1.0001418064808916,-0.000466459774686628
2024-01-19,17:04:00.000000000,48.47,395.33,,,,0,0.0,1.0,0.023575496350070616,57.79010097207342,-0.0003622785834611001,0.0,-0.0020152426444223215,0.0,0.6505834632673709,0.34932256534075123,0.9999060286081222,-0.00023574444267959873
2024-01-19,17:05:00.000000000,48.465,395.19,0.04145304448460375,32.08317135012945,-2.06607809634879,0,0.0,1.0,0.023575496350070616,57.78180040258441,-0.000029406948290384632,0.0,-0.002376791148632762,0.0,0.6505643315931081,0.34932256534075123,0.9998868969338593,-0.00001913347226183771
2024-01-19,17:06:00.000000000,48.47,395.155,,,,0,0.0,1.0,0.023575496350070616,57.785975260212155,0.00010081275300630394,0.0,-0.0024061282027486586,0.0,0.6506299167743836,0.34932256534075123,0.9999524821151349,0.00006559259999970536
2024-01-19,17:07:00.000000000,48.435,395.09,,,,0,0.0,1.0,0.023575496350070616,57.7494428529494,-0.0005791646257856354,0.0,-0.0023055580181506885,0.0,0.65025309494211,0.34932256534075123,0.9995756602828613,-0.0003768397389009362
2024-01-19,17:08:00.000000000,48.425,395.07,0.04186979804569522,31.88349888608719,-2.045946342098529,0,0.0,1.0,0.023575496350070616,57.7389713430224,-0.000164997090920378,0.0,-0.0028833873462895676,0.0,0.6501458050730826,0.34932256534075123,0.9994683704138339,-0.00010733541570735622
2024-01-19,17:09:00.000000000,48.4,394.9401,,,,0,0.0,1.0,0.023575496350070616,57.710908886046525,-0.00037994343359173765,0.0,-0.0030479086866858074,0.0,0.6498987864435679,0.34932256534075123,0.9992213517843191,-0.00024715002177850496
2024-01-19,17:10:00.000000000,48.39,395.035,,,,0,0.0,1.0,0.023575496350070616,57.703146200650146,-0.0002120450854062971,0.0,-0.0034266940873858287,0.0,0.649760978599891,0.34932256534075123,0.9990835439406422,-0.000137915231125527
2024-01-19,17:11:00.000000000,48.36,394.91,0.04223865340918562,31.679533382178505,-2.0279454621367017,0,0.0,1.0,0.023575496350070616,57.670199263606385,-0.00046883167968294834,0.0,-0.0036380125591517487,0.0,0.6494563500689016,0.34932256534075123,0.9987789154096528,-0.000304907965742199
2024-01-19,17:12:00.000000000,48.4,395.15,,,,0,0.0,1.0,0.023575496350070616,57.715857382730405,0.0005954874669151669,0.0,-0.0041051386232958675,0.0,0.6498430931856761,0.34932256534075123,0.9991656585264274,0.00038721594019226275
2024-01-19,17:13:00.000000000,48.4,395.255,,,,0,0.0,1.0,0.023575496350070616,57.71833280984716,-0.00004288989593174311,0.0,-0.0035120957149807897,0.0,0.6498152214830375,0.34932256534075123,0.9991377868237887,-0.000027894976574487026
2024-01-19,17:14:00.000000000,48.4,395.3,0.042636224545902525,31.54590043700473,-1.990341186182385,0,0.0,1.0,0.023575496350070616,57.71939370718292,-0.000018380595628948534,0.0,-0.003554834977492649,0.0,0.6498032774922179,0.34932256534075123,0.9991258428329691,-0.000011954297972831818
2024-01-19,17:15:00.000000000,48.41,395.32,,,,0,0.0,1.0,0.023575496350070616,57.72986521710991,0.00016508298963328132,0.0,-0.003573150233137312,0.0,0.6499105489599398,0.34932256534075123,0.9992331143006911,0.00010736532188755521
2024-01-19,17:16:00.000000000,48.425,395.305,,,,0,0.0,1.0,0.023575496350070616,57.744511584664664,0.00026595649214675393,0.0,-0.0034086571098269625,0.0,0.6500833968897504,0.34932256534075123,0.9994059622305016,0.0001729805861483131
2024-01-19,17:17:00.000000000,48.41,395.21,0.04302532877436775,31.405959815082117,-1.9569404499583607,0,0.0,1.0,0.023575496350070616,57.727271912511405,-0.00022097905924847491,0.0,-0.003143607172168106,0.0,0.6499397420722727,0.34932256534075123,0.9992623074130239,-0.00014374020458821052
2024-01-19,17:18:00.000000000,48.4,395.13,,,,0,0.0,1.0,0.023575496350070616,57.7153858728034,-0.00014055679444354154,0.0,-0.0033638915600608943,0.0,0.6498483886255455,0.34932256534075123,0.9991709539662967,-0.00009142088723798174
2024-01-19,17:19:00.000000000,48.415,395.24,,,,0,0.0,1.0,0.023575496350070616,57.73297917740191,0.00021496339691529716,0.0,-0.0035039755366900183,0.0,0.6499880822426444,0.34932256534075123,0.9993106475833956,0.00013980952563156707
2024-01-19,17:20:00.000000000,48.415,395.16,0.04341930694699827,31.257426666824163,-1.9280604139319535,0,0.0,1.0,0.023575496350070616,57.731093137693904,0.00003266832467122982,0.0,-0.003289765366258801,0.0,0.6500093162643474,0.34932256534075123,0.9993318816050987,0.000021248669524751392
2024-01-19,17:21:00.000000000,48.4,395.395,,,,0,0.0,1.0,0.023575496350070616,57.72163337933617,-0.0003557916631385346,0.0,-0.0032572045127107208,0.0,0.6497780483686583,0.34932256534075123,0.9991006137094095,-0.0002314225133273172
2024-01-19,17:22:00.000000000,48.4199,395.49,,,,0,0.0,1.0,0.023575496350070616,57.74377305148943,0.0003059568278444341,0.0,-0.003611837289638431,0.0,0.6499768523991402,0.34932256534075123,0.9992994177398914,0.0001989829930579086
2024-01-19,17:23:00.000000000,48.43,395.545,0.04382491084401467,31.095275640204214,-1.9045741429657295,0,0.0,1.0,0.023575496350070616,57.75516970378868,0.00015245535986882416,0.0,-0.003306985528073625,0.0,0.650075944854079,0.34932256534075123,0.9993985101948303,0.0000991619260251386
2024-01-19,17:24:00.000000000,48.4301,395.51,,,,0,0.0,1.0,0.023575496350070616,57.754444561416435,0.000016018347396397214,0.0,-0.0031550343358736077,0.0,0.6500863579963978,0.34932256534075123,0.999408923337149,0.000010419409487337308
2024-01-19,17:25:00.000000000,48.435,395.24,,,,0,0.0,1.0,0.023575496350070616,57.75297917740191,0.00019505657270310503,0.0,-0.0031390665269132034,0.0,0.6502131616133496,0.34932256534075123,0.9995357269541009,0.00012687861193836332
2024-01-19,17:26:00.000000000,48.43,395.3178,0.04423094164740635,30.944721456018947,-1.8793173585708085,0,0.0,1.0,0.023575496350070616,57.74981335101795,-0.00011833456409320835,0.0,-0.002944622249768325,0.0,0.6501362189223024,0.34932256534075123,0.9994587842630537,-0.00007697843005737947
2024-01-19,17:27:00.000000000,48.44,395.565,,,,0,0.0,1.0,0.023575496350070616,57.76564121371568,0.00007224503526796197,0.0,-0.003062608363271213,0.0,0.6501831880363674,0.34932256534075123,0.9995057533771187,0.00004699454825405327
2024-01-19,17:28:00.000000000,48.43,395.43,,,,0,0.0,1.0,0.023575496350070616,57.75245852170842,-0.00011801665920250724,0.0,-0.002990584586252565,0.0,0.6501064555886458,0.34932256534075123,0.999429020929397,-0.00007677039122826318
2024-01-19,17:29:00.000000000,48.435,395.47,0.04463564420125995,30.78294178772773,-1.8586922596373623,0,0.0,1.0,0.023575496350070616,57.75840154156243,0.00007024774788542863,0.0,-0.0031082483066530164,0.0,0.6501521241030366,0.34932256534075123,0.9994746894437878,0.0000456946050539317
2024-01-19,17:30:00.000000000,48.425,395.39,,,,0,0.0,1.0,0.023575496350070616,57.74651550185442,-0.00014048103956203957,0.0,-0.003038218906211143,0.0,0.6500607900567692,0.34932256534075123,0.9993833553975204,-0.00009138205022300775
2024-01-19,17:31:00.000000000,48.47,395.86,,,,0,0.0,1.0,0.023575496350070616,57.80259598513895,0.0005873863802982549,0.0,-0.0031782731336227332,0.0,0.6504426269112145,0.34932256534075123,0.9997651922519657,0.0003820724573638506
2024-01-19,17:32:00.000000000,48.45,395.6,0.04504476314441878,30.630291700067932,-1.8369900985775751,0,0.0,1.0,0.023575496350070616,57.77646635608794,-0.00023996103829912742,0.0,-0.00259275362767597,0.0,0.6502865460231069,0.34932256534075123,0.9996091113638581,-0.00015611754571692878
2024-01-19,17:33:00.000000000,48.43,395.65,,,,0,0.0,1.0,0.023575496350070616,57.75764513090544,-0.00036656403814968415,0.0,-0.0028320925061224855,0.0,0.6500481743608422,0.34932256534075123,0.9993707397015934,-0.00023846487547464455
2024-01-19,17:34:00.000000000,48.455,395.71,,,,0,0.0,1.0,0.023575496350070616,57.78405966068644,0.00040835235171969483,0.0,-0.003197618401006852,0.0,0.6503136230615736,0.34932256534075123,0.9996361884023248,0.0002656158422355655
2024-01-19,17:35:00.000000000,48.4664,395.8,0.045472565019185535,30.468358765406364,-1.8189470106994274,0,0.0,1.0,0.023575496350070616,57.79758145535795,0.00016056686537731376,0.0,-0.0027905718042809946,0.0,0.6504180418815407,0.34932256534075123,0.999740607222292,0.00010445682257065225
2024-01-19,17:36:00.000000000,48.485,395.83,,,,0,0.0,1.0,0.023575496350070616,57.81688872024845,0.00030957584485292875,0.0,-0.002630453012270939,0.0,0.6506193955963638,0.34932256534075123,0.9999419609371151,0.0002014059580740166
2024-01-19,17:37:00.000000000,48.46,395.955,,,,0,0.0,1.0,0.023575496350070616,57.79483565729221,-0.0004833697845448173,0.0,-0.0023216914921315723,0.0,0.6503049058392938,0.34932256534075123,0.999627471180045,-0.00031450801082026446
2024-01-19,17:38:00.000000000,48.5,395.73,0.04592850653309969,30.32471210965646,-1.797270542508357,0,0.0,1.0,0.023575496350070616,57.82953117061344,0.0007838846873345189,0.0,-0.002803939041159942,0.0,0.6508146698970797,0.34932256534075123,1.000137235237831,0.0005099540303591828
2024-01-19,17:39:00.000000000,48.51,395.7288,,,,0,0.0,1.0,0.023575496350070616,57.83950288001782,0.000173411238040895,0.0,-0.002022252318704121,0.0,0.6509275284747218,0.34932256534075123,1.000250093815473,0.00011284309159347084
2024-01-19,17:40:00.000000000,48.46,395.45,,,,0,0.0,1.0,0.023575496350070616,57.78293003163542,-0.0007508216608929871,0.0,-0.0018491917619413156,0.0,0.6504387979866714,0.34932256534075123,0.9997613633274226,-0.0004886082901388736
2024-01-19,17:41:00.000000000,48.49,395.67,0.046375486761837156,30.140611152943894,-1.7873341924958324,0,0.0,1.0,0.023575496350070616,57.81811664083244,0.00042942423981265435,0.0,-0.002598625009604394,0.0,0.6507181121730414,0.34932256534075123,1.0000406775137927,0.0002793808568881306
2024-01-19,17:42:00.000000000,48.5,395.81,,,,0,0.0,1.0,0.023575496350070616,57.83141721032145,0.00011587078411094847,0.0,-0.0021703166823611175,0.0,0.6507935113909341,0.34932256534075123,1.0001160767316852,0.00007539615096459809
2024-01-19,17:43:00.000000000,48.49,395.79,,,,0,0.0,1.0,0.023575496350070616,57.820945700394454,-0.0001647632123271149,0.0,-0.0020546973745458885,0.0,0.6506862845614356,0.34932256534075123,1.0000088499021869,-0.00010721438440304354
2024-01-19,17:44:00.000000000,48.495,395.86,0.046828947015465965,29.95729303445764,-1.777852078531619,0,0.0,1.0,0.023575496350070616,57.827595985138956,0.000057932557396165337,0.0,-0.0022191220483332996,0.0,0.6507239804819629,0.34932256534075123,1.0000465458227141,0.00003769558692501262
2024-01-19,17:45:00.000000000,48.4866,395.81,,,,0,0.0,1.0,0.023575496350070616,57.81801721032146,-0.0001248750714857068,0.0,-0.0021613180503525786,0.0,0.6506427212783827,0.34932256534075123,0.999965286619134,-0.00008125542147971018
2024-01-19,17:46:00.000000000,48.47,395.691,,,,0,0.0,1.0,0.023575496350070616,57.79861172625579,-0.00023858507434046985,0.0,-0.0022859232270922014,0.0,0.6504874876363574,0.34932256534075123,0.9998100529771087,-0.00015523903089690347
2024-01-19,17:47:00.000000000,48.495,395.86,0.04728219166026325,29.777871609368187,-1.7684528291331822,0,0.0,1.0,0.023575496350070616,57.827595985138956,0.0003636028701929397,0.0,-0.002523962914269706,0.0,0.6507240067538866,0.34932256534075123,1.0000465720946379,0.00023656405216663135
2024-01-19,17:48:00.000000000,48.485,395.681,,,,0,0.0,1.0,0.023575496350070616,57.81337597129229,-0.00009995203941754211,0.0,-0.00216127776423658,0.0,0.6506589655623136,0.34932256534075123,0.9999815309030649,-0.000065038162609559
2024-01-19,17:49:00.000000000,48.455,395.79,,,,0,0.0,1.0,0.023575496350070616,57.78594570039445,-0.0005633597511817476,0.0,-0.0022610137795338048,0.0,0.6502924104893703,0.34932256534075123,0.9996149758301215,-0.00036656184300957545
2024-01-19,17:50:00.000000000,48.48,395.8,0.04770155732607254,29.599723610340483,-1.7595951977065236,0,0.0,1.0,0.023575496350070616,57.811181455357946,0.00042855134992333634,0.0,-0.0028230997665553703,0.0,0.6505710941797304,0.34932256534075123,0.9998936595204816,0.00027879103164563313
2024-01-19,17:51:00.000000000,48.485,395.8658,,,,0,0.0,1.0,0.023575496350070616,57.817732723017784,0.0000596551091561909,0.0,-0.0023957582598479465,0.0,0.6506099040693676,0.34932256534075123,0.9999324694101188,0.00003881401713842029
2024-01-19,17:52:00.000000000,48.48,396.01,,,,0,0.0,1.0,0.023575496350070616,57.81613230959146,-0.0001452769968327909,0.0,-0.002336246069912118,0.0,0.6505153854163948,0.34932256534075123,0.999837950757146,-0.00009452503630429053
2024-01-19,17:53:00.000000000,48.49,395.975,0.048158249818640746,29.42053702806373,-1.7516049932817852,0,0.0,1.0,0.023575496350070616,57.825307167219215,0.00018723394215110982,0.0,-0.0024811836639320184,0.0,0.6506371839764362,0.34932256534075123,0.9999597493171875,0.00012181830060484273
2024-01-19,17:54:00.000000000,48.5,396.01,,,,0,0.0,1.0,0.023575496350070616,57.83613230959146,0.00015866509106845407,0.0,-0.00229441428357946,0.0,0.6507404173844844,0.34932256534075123,1.0000629827252356,0.00010323756343060668
2024-01-19,17:55:00.000000000,48.5,396.1,,,,0,0.0,1.0,0.023575496350070616,57.83825410426297,-0.00003668631678466977,0.0,-0.0021361132359621893,0.0,0.6507165441153877,0.34932256534075123,1.000039109456139,-0.00002387176558784405
2024-01-19,17:56:00.000000000,48.515,396.045,0.048625856398208725,29.256972702771424,-1.7406474689023201,0,0.0,1.0,0.023575496350070616,57.85195745196372,0.000281762521217808,0.0,-0.0021727211866199303,0.0,0.6508998916494557,0.34932256534075123,1.000222456990207,0.00018334036372609876
2024-01-19,17:57:00.000000000,48.515,396.1352,,,,0,0.0,1.0,0.023575496350070616,57.854083961734496,-0.00003675778425546187,0.0,-0.0018915708568016942,0.0,0.6508759660116665,0.34932256534075123,1.0001985313524178,-0.000023920316547566576
2024-01-19,17:58:00.000000000,48.51,396.07,,,,0,0.0,1.0,0.023575496350070616,57.84754683937247,-0.000059855370629831935,0.0,-0.001928259111103725,0.0,0.6508370075894868,0.34932256534075123,1.000159572930238,-0.000038950689246810706
2024-01-19,17:59:00.000000000,48.5163,396.22,0.04909844510478602,29.062514080581686,-1.738207728748282,0,0.0,1.0,0.023575496350070616,57.85738316382498,0.00004777515553378061,0.0,-0.0019879990650698565,0.0,0.6508681014287516,0.34932256534075123,1.0001906667695029,0.0000310888783215058
2024-01-19,18:00:00.000000000,48.515,396.26,,,,0,0.0,1.0,0.023575496350070616,57.85702618367898,-0.000038768083368984275,0.0,-0.0019403188865004806,0.0,0.6508428685199332,0.34932256534075123,1.0001654338606845,-0.00002522809865832369
2024-01-19,18:01:00.000000000,48.52,396.16,,,,0,0.0,1.0,0.023575496350070616,57.85966863404398,0.00012716778099953118,0.0,-0.0019790117474250968,0.0,0.6509256347633022,0.34932256534075123,1.0002482001040534,0.00008275255329451948
2024-01-19,18:02:00.000000000,48.5,396.07,0.049566505987103486,28.868193973687923,-1.736396498079983,0,0.0,1.0,0.023575496350070616,57.837546839372465,-0.0003089925288299015,0.0,-0.001852095632958184,0.0,0.6507245036053365,0.34932256534075123,1.0000470689460879,-0.00020108124957842654
2024-01-19,18:03:00.000000000,48.51,395.85,,,,0,0.0,1.0,0.023575496350070616,57.84236023017545,0.00026257353616995104,0.0,-0.0021605158780747535,0.0,0.6508953666393206,0.34932256534075123,1.000217931980072,0.00017085499201965068
2024-01-19,18:04:00.000000000,48.525,395.91,,,,0,0.0,1.0,0.023575496350070616,57.85877475995646,0.0002348706063329756,0.0,-0.001898509636198975,0.0,0.6510482428287424,0.34932256534075123,1.0003708081694938,0.00015284288007034194
2024-01-19,18:05:00.000000000,48.555,395.9871,0.050048292160502494,28.736521927409882,-1.7193498723680212,0,0.0,1.0,0.023575496350070616,57.89059243072505,0.00048708824803731735,0.0,-0.0016640849339754071,0.0,0.6513653607767296,0.34932256534075123,1.0006879261174808,0.0003170004016483916
2024-01-19,18:06:00.000000000,48.55,395.9285,,,,0,0.0,1.0,0.023575496350070616,57.88421090663893,-0.00006250542207202388,0.0,-0.001177807242153328,0.0,0.6513246469099312,0.34932256534075123,1.0006472122506824,-0.000040685877920346807
2024-01-19,18:07:00.000000000,48.58,396.09,,,,0,0.0,1.0,0.023575496350070616,57.918018349299466,0.0004524991691034585,0.0,-0.0012402390448864598,0.0,0.6516193707714746,0.34932256534075123,1.0009419361122258,0.00029453323602480054
2024-01-19,18:08:00.000000000,48.59,396.065,0.050560756552334614,28.564653956099594,-1.712672012132882,0,0.0,1.0,0.023575496350070616,57.927428961890726,0.00018283407669243936,0.0,-0.000788301082920273,0.0,0.6517385089974845,0.34932256534075123,1.0010610743382358,0.00011902611101768625
2024-01-19,18:09:00.000000000,48.575,396.09,,,,0,0.0,1.0,0.023575496350070616,57.91301834929947,-0.00026911927023381824,0.0,-0.0006056111345283943,0.0,0.6515631136055599,0.34932256534075123,1.000885678946311,-0.00017520948164000922
2024-01-19,18:10:00.000000000,48.55,395.955,,,,0,0.0,1.0,0.023575496350070616,57.88483565729221,-0.00037672545162744183,0.0,-0.0008745674231356304,0.0,0.651317653197323,0.34932256534075123,1.0006402185380743,-0.00024524320149640606
2024-01-19,18:11:00.000000000,48.5599,395.9562,0.05103740584268146,28.35132272467405,-1.716100425900768,0,0.0,1.0,0.023575496350070616,57.89476394788783,0.00017054051017480234,0.0,-0.0012509634029556072,0.0,0.6514287292421852,0.34932256534075123,1.0007512945829364,0.00011100497741779588
2024-01-19,18:12:00.000000000,48.59,395.958,,,,0,0.0,1.0,0.023575496350070616,57.92490638378126,0.0005191758642220746,0.0,-0.0010806362327177021,0.0,0.6517669353156685,0.34932256534075123,1.0010895006564198,0.00033795217184733755
2024-01-19,18:13:00.000000000,48.6,396.25,,,,0,0.0,1.0,0.023575496350070616,57.941790428715485,0.00005379300995548591,0.0,-0.0005620214087457276,0.0,0.6518019958209087,0.34932256534075123,1.00112456116166,0.000035022348368621715
2024-01-19,18:14:00.000000000,48.57,396.09,0.051522093234238404,28.16261409085051,-1.7134731742555642,0,0.0,1.0,0.023575496350070616,57.90801834929947,-0.00045265982272764307,0.0,-0.0005082586316134119,0.0,0.6515069512450269,0.34932256534075123,1.0008295165857781,-0.0002947131529162089
2024-01-19,18:15:00.000000000,48.6,396.32,,,,0,0.0,1.0,0.023575496350070616,57.94344071345999,0.00042442543433667907,0.0,-0.0009606883860788784,0.0,0.6517834673657824,0.34932256534075123,1.0011060327065335,0.00027628693615943203
2024-01-19,18:16:00.000000000,48.61,396.47,,,,0,0.0,1.0,0.023575496350070616,57.956977037912495,0.00011155146238998069,0.0,-0.0005366706923277675,0.0,0.6518561747647287,0.34932256534075123,1.00117874010548,0.00007262707103044172
2024-01-19,18:17:00.000000000,48.62,396.4601,0.052041047844378095,27.987800967513074,-1.708021922593642,0,0.0,1.0,0.023575496350070616,57.96674364049863,0.0001765688608494698,0.0,-0.00042517909633832396,0.0,0.6519712722669446,0.34932256534075123,1.0012938376076959,0.0001149619919054791
2024-01-19,18:18:00.000000000,48.65,396.34,,,,0,0.0,1.0,0.023575496350070616,57.993912223386985,0.0005663836719078152,0.0,-0.0002486853088774499,0.0,0.6523405381501096,0.34932256534075123,1.001663103490861,0.0003687887304363711
2024-01-19,18:19:00.000000000,48.62,396.33,,,,0,0.0,1.0,0.023575496350070616,57.963676468423486,-0.0005132305080894387,0.0,0.0,0.0,0.6520057370842675,0.34932256534075123,1.0013283024250188,-0.00033424518151398136
2024-01-19,18:20:00.000000000,48.65,396.46,0.05260497740492087,27.79423065804507,-1.7075628051910758,0,0.0,1.0,0.023575496350070616,57.996741282948996,0.0004646907704200906,0.0,-0.0005132305080894906,0.0,0.6523087181325514,0.34932256534075123,1.0016312834733028,0.0003025791316895845
2024-01-19,18:21:00.000000000,48.685,396.43,,,,0,0.0,1.0,0.023575496350070616,58.0310340180585,0.0006156770897919827,0.0,-0.00004877823114968205,0.0,0.6527103296657772,0.34932256534075123,1.0020328950065285,0.0004009574579510567
2024-01-19,18:22:00.000000000,48.6892,396.44,,,,0,0.0,1.0,0.023575496350070616,58.035469773021994,0.00006831250043322976,0.0,0.0,0.0,0.6527549179404554,0.34932256534075123,1.0020774832812065,0.000044497815291507094
2024-01-19,18:23:00.000000000,48.68,396.31,0.0531865028198407,27.60165706746893,-1.7070459692401718,0,0.0,1.0,0.023575496350070616,58.023204958496486,-0.00010571441048872644,0.0,0.0,0.0,0.6526859123391117,0.34932256534075123,1.0020084776798628,-0.00006886254056697862
2024-01-19,18:24:00.000000000,48.68,396.3374,,,,0,0.0,1.0,0.023575496350070616,58.023850927096476,-0.000011132935529019034,0.0,-0.0001057144104887886,0.0,0.6526786460289289,0.34932256534075123,1.0020012113696801,-7.251745214260211e-6
2024-01-19,18:25:00.000000000,48.675,396.36,,,,0,0.0,1.0,0.023575496350070616,58.01938373331399,-0.00009535399890069409,0.0,-0.00011684616910601076,0.0,0.6526164105100329,0.34932256534075123,1.0019389758507842,-0.0000621112212138699
2024-01-19,18:26:00.000000000,48.68,396.41,0.05377604286650742,27.362638847287794,-1.7183132922693791,0,0.0,1.0,0.023575496350070616,58.02556250813149,0.000065861181843347,0.0,-0.0002121890262573034,0.0,0.6526593925981196,0.34932256534075123,1.0019819579388707,0.00004289890813959958
2024-01-19,18:27:00.000000000,48.695,396.34,,,,0,0.0,1.0,0.023575496350070616,58.03891222338699,0.0002869474077424764,0.0,-0.00014634181943384839,0.0,0.6528466715189644,0.34932256534075123,1.0021692368597157,0.00018690847610696189
2024-01-19,18:28:00.000000000,48.7085,396.29,,,,0,0.0,1.0,0.023575496350070616,58.051233448569484,0.00025291264524405545,0.0,0.0,0.0,0.6530117846975969,0.34932256534075123,1.0023343500383481,0.00016475578431225516
2024-01-19,18:29:00.000000000,48.715,396.305,0.0544022376966675,27.15512118962219,-1.7221515149034832,0,0.0,1.0,0.023575496350070616,58.05808708101474,0.00010587832832516812,0.0,0.0,0.0,0.6530809244937373,0.34932256534075123,1.0024034898344887,0.00006897877553322702
2024-01-19,18:30:00.000000000,48.725,396.5,,,,0,0.0,1.0,0.023575496350070616,58.072684302803,0.00009305815061043352,0.0,0.0,0.0,0.6531416989967697,0.34932256534075123,1.002464264337521,0.00006062878237021943
2024-01-19,18:31:00.000000000,48.755,396.6219,,,,0,0.0,1.0,0.023575496350070616,58.105558155808076,0.00046710682174570106,0.0,0.0,0.0,0.6534467859399377,0.34932256534075123,1.0027693512806888,0.0003043369764102194
2024-01-19,18:32:00.000000000,48.74,396.7,0.05503291869077982,26.908441155367647,-1.7347617323196345,0,0.0,1.0,0.023575496350070616,58.09239940207301,-0.0002898388174807532,0.0,0.0,0.0,0.6532573916962142,0.34932256534075123,1.0025799570369656,-0.00018887119304287914
2024-01-19,18:33:00.000000000,48.74,396.65,,,,0,0.0,1.0,0.023575496350070616,58.09122062725551,0.000020291377695474766,0.0,-0.000289838817480792,0.0,0.6532706471886814,0.34932256534075123,1.0025932125294328,0.00001322138187002947
2024-01-19,18:34:00.000000000,48.755,396.81,,,,0,0.0,1.0,0.023575496350070616,58.10999270667152,0.00019328085143941988,0.0,-0.0002695533210143042,0.0,0.6533969118955903,0.34932256534075123,1.0027194772363415,0.00012593812259124843
2024-01-19,18:35:00.000000000,48.76,396.865,0.055653441659377606,26.673096875851105,-1.7438630249326303,0,0.0,1.0,0.023575496350070616,58.116289358970775,0.00006372996326861305,0.0,-0.00007632456907036289,0.0,0.6534385528567853,0.34932256534075123,1.0027611181975367,0.000041528026671983815
2024-01-19,18:36:00.000000000,48.775,396.925,,,,0,0.0,1.0,0.023575496350070616,58.13270388875178,0.0002337635518173661,0.0,-0.00001259946996368111,0.0,0.6535913029737954,0.34932256534075123,1.0029138683145467,0.00015232951720800707
2024-01-19,18:37:00.000000000,48.78,397.03,,,,0,0.0,1.0,0.023575496350070616,58.14017931586854,0.00004342775605409967,0.0,0.0,0.0,0.6536196869774601,0.34932256534075123,1.0029422523182112,0.00002830153671347868
2024-01-19,18:38:00.000000000,48.77,396.8044,0.05628589579145786,26.43550889200804,-1.752701312029138,0,0.0,1.0,0.023575496350070616,58.12486068389197,-0.00008051863751560265,0.0,0.0,0.0,0.6535670584108113,0.34932256534075123,1.0028896237515625,-0.000052474174387433794
2024-01-19,18:39:00.000000000,48.7763,396.62,,,,0,0.0,1.0,0.023575496350070616,58.126813362365006,0.00018318016424775376,0.0,-0.00008051863751556976,0.0,0.653686778931918,0.34932256534075123,1.003009344272669,0.00011937557062231008
2024-01-19,18:40:00.000000000,48.775,396.69,,,,0,0.0,1.0,0.023575496350070616,58.12716364710951,-0.00005075600353515193,0.0,0.0,0.0,0.6536536004034557,0.34932256534075123,1.002976165744207,-0.00003307898241590647
2024-01-19,18:41:00.000000000,48.78,396.695,0.05690960010680074,26.204246185632684,-1.7591101786762715,0,0.0,1.0,0.023575496350070616,58.132281524591264,0.00008399037922945977,0.0,-0.00005075600353510179,0.0,0.6537085010172383,0.34932256534075123,1.0030310663579896,0.00005473770529923213
2024-01-19,18:42:00.000000000,48.78,396.725,,,,0,0.0,1.0,0.023575496350070616,58.132988789481765,-0.000012166473978863043,0.0,0.0,0.0,0.6537005476897709,0.34932256534075123,1.003023113030522,-7.929293253479292e-6
2024-01-19,18:43:00.000000000,48.79,396.66,,,,0,0.0,1.0,0.023575496350070616,58.14145638221901,0.0001983797410539356,0.0,-0.0000121664739788363,0.0,0.6538302286351484,0.34932256534075123,1.0031527939758997,0.0001292900868314684
2024-01-19,18:44:00.000000000,48.78,396.71,0.057519332851020705,25.96150546467158,-1.7674896159157034,0,0.0,1.0,0.023575496350070616,58.13263515703652,-0.0001922685724281336,0.0,0.0,0.0,0.6537045176304783,0.34932256534075123,1.0030270829712296,-0.00012531590942585925
2024-01-19,18:45:00.000000000,48.775,396.765,,,,0,0.0,1.0,0.023575496350070616,58.12893180933577,-0.0001083152738947048,0.0,-0.00019226857242815587,0.0,0.653633711446605,0.34932256534075123,1.0029562767873563,-0.00007059249453512489
2024-01-19,18:46:00.000000000,48.79,396.95,,,,0,0.0,1.0,0.023575496350070616,58.14829327616053,0.00018301614779596932,0.0,-0.00030056302069980667,0.0,0.6537533369705436,0.34932256534075123,1.003075902311295,0.0001192729201733581
2024-01-19,18:47:00.000000000,48.76,396.78,0.0580939766562032,25.709471942351694,-1.778014235476764,0,0.0,1.0,0.023575496350070616,58.114285441781014,-0.0004469979109626398,0.0,-0.00011760188078990819,0.0,0.653461110594633,0.34932256534075123,1.002783675935384,-0.00029133027245247775
2024-01-19,18:48:00.000000000,48.74,396.695,,,,0,0.0,1.0,0.023575496350070616,58.092281524591264,-0.00030966710978956884,0.0,-0.000564547223957379,0.0,0.6532587551811553,0.34932256534075123,1.0025813205219065,-0.00020179368525202436
2024-01-19,18:49:00.000000000,48.775,396.86,,,,0,0.0,1.0,0.023575496350070616,58.13117148148902,0.0005355279959019837,0.0,-0.0008740395120397926,0.0,0.653608593533123,0.34932256534075123,1.0029311588738743,0.0003489376320971815
2024-01-19,18:50:00.000000000,48.77,396.74,0.05867495176018857,25.49129963866279,-1.7798304122728397,0,0.0,1.0,0.023575496350070616,58.12334242192702,-0.000037345547709858786,0.0,-0.0003389795887658309,0.0,0.6535841841622096,0.34932256534075123,1.0029067495029609,-0.00002433803227414112
2024-01-19,18:51:00.000000000,48.765,396.61,,,,0,0.0,1.0,0.023575496350070616,58.11527760740151,-0.000033294463013605995,0.0,-0.00037631247709724036,0.0,0.6535624234277638,0.34932256534075123,1.002884988768515,-0.000021697664769645715
2024-01-19,18:52:00.000000000,48.75,396.52,,,,0,0.0,1.0,0.023575496350070616,58.09815581273,-0.0002215975877374225,0.0,-0.0004095944109888672,0.0,0.6534175955712964,0.34932256534075123,1.0027401609120477,-0.00014441123168583894
2024-01-19,18:53:00.000000000,48.75,396.57,0.05922281806765041,25.264007038911878,-1.7833831552312862,0,0.0,1.0,0.023575496350070616,58.0993345875475,-0.000020289367209923596,0.0,-0.00063110123359289,0.0,0.6534043381417585,0.34932256534075123,1.0027269034825097,-0.000013221201318885183
2024-01-19,18:54:00.000000000,48.785,396.8217,,,,0,0.0,1.0,0.023575496350070616,58.14026853997881,0.0005002819356714842,0.0,-0.0006513777961580924,0.0,0.6537312245288202,0.34932256534075123,1.0030537898695715,0.00032599742355222396
2024-01-19,18:55:00.000000000,48.795,396.88,,,,0,0.0,1.0,0.023575496350070616,58.151642991416026,0.00014835756317269384,0.0,-0.00015142173303139828,0.0,0.6538282105002611,0.34932256534075123,1.0031507758410123,0.00009669069836565972
2024-01-19,18:56:00.000000000,48.77,396.88,0.05978903851462457,25.040926394315804,-1.785281455746354,0,0.0,1.0,0.023575496350070616,58.12664299141603,-0.00042991046708153917,0.0,-3.086634418170142e-6,0.0,0.6535471229088938,0.34932256534075123,1.002869688249645,-0.00028020472907633505
2024-01-19,18:57:00.000000000,48.781,396.9111,,,,0,0.0,1.0,0.023575496350070616,58.13837618935251,0.00017662816111746251,0.0,-0.0004329957745231594,0.0,0.6536625577354169,0.34932256534075123,1.0029851230761682,0.00011510451245622081
2024-01-19,18:58:00.000000000,48.795,396.85,,,,0,0.0,1.0,0.023575496350070616,58.150935726525525,0.00026558125353735244,0.0,-0.0002564440926530187,0.0,0.6538361582568907,0.34932256534075123,1.0031587235976418,0.00017308384489413264
2024-01-19,18:59:00.000000000,48.79,396.99,0.06035330426307348,24.830341740602456,-1.7842522990196157,0,0.0,1.0,0.023575496350070616,58.149236296014536,-0.0001427418043288655,0.0,0.0,0.0,0.6537428285039256,0.34932256534075123,1.0030653938446767,-0.00009303587834071238
2024-01-19,19:00:00.000000000,48.795,396.73,,,,0,0.0,1.0,0.023575496350070616,58.148106666963514,0.00019139768223902842,0.0,-0.00014274180432893857,0.0,0.6538679533660816,0.34932256534075123,1.0031905187068328,0.00012474247733391163
2024-01-19,19:01:00.000000000,48.77,396.53,,,,0,0.0,1.0,0.023575496350070616,58.11839156769351,-0.0003488488601386411,0.0,0.0,0.0,0.6536398522758686,0.34932256534075123,1.0029624176166199,-0.00022737564396742806
2024-01-19,19:02:00.000000000,48.77,396.6501,0.06089235543847235,24.6170411260944,-1.7833288905593783,0,0.0,1.0,0.023575496350070616,58.12122298480515,-0.000048718091386709774,0.0,-0.0003488488601387507,0.0,0.6536080081898115,0.34932256534075123,1.0029305735305627,-0.000031750029211300736
2024-01-19,19:03:00.000000000,48.76,396.81,,,,0,0.0,1.0,0.023575496350070616,58.114992706671515,-0.00023691383558763836,0.0,-0.0003975499562747231,0.0,0.6534531594096205,0.34932256534075123,1.0027757247503717,-0.00015439631045038567
2024-01-19,19:04:00.000000000,48.755,396.89,,,,0,0.0,1.0,0.023575496350070616,58.11187874637953,-0.00011848990057976497,0.0,-0.0006343696067773186,0.0,0.6533757318097285,0.34932256534075123,1.0026982971504799,-0.00007721327708755245
2024-01-19,19:05:00.000000000,48.765,396.84,0.06142890847578919,24.38755196046782,-1.785952129887697,0,0.0,1.0,0.023575496350070616,58.120699971562026,0.00019236643279577848,0.0,-0.0007527843409653734,0.0,0.6535014193685321,0.34932256534075123,1.0028239847092832,0.00012534932906594468
2024-01-19,19:06:00.000000000,48.775,396.81,,,,0,0.0,1.0,0.023575496350070616,58.129992706671516,0.00018422463762041703,0.0,-0.0005605627186079376,0.0,0.6536218104306998,0.34932256534075123,1.0029443757714511,0.0001200520370509293
2024-01-19,19:07:00.000000000,48.8,396.81,,,,0,0.0,1.0,0.023575496350070616,58.15499270667152,0.0004300705855261917,0.0,-0.0003764413504511177,0.0,0.6539029139454244,0.34932256534075123,1.0032254792861757,0.0002802782701765734
2024-01-19,19:08:00.000000000,48.78,396.9599,0.06199045071860075,24.17227688178932,-1.7850589319834897,0,0.0,1.0,0.023575496350070616,58.1385266735744,-0.00040467663750850695,0.0,0.0,0.0,0.653638294712952,0.34932256534075123,1.0029608600537032,-0.0002637684527916257
2024-01-19,19:09:00.000000000,48.77,396.84,,,,0,0.0,1.0,0.023575496350070616,58.12569997156203,-0.00012338286499592022,0.0,-0.00040467663750853866,0.0,0.6535576469474793,0.34932256534075123,1.0028802122882305,-0.00008040968365241714
2024-01-19,19:10:00.000000000,48.77,396.85,,,,0,0.0,1.0,0.023575496350070616,58.125935726525526,-4.055950528135885e-6,0.0,-0.000528009572341448,0.0,0.653554996149996,0.34932256534075123,1.0028775614907472,-2.643184550671648e-6
2024-01-19,19:11:00.000000000,48.785,397.03,0.06254722290001818,23.95187609200578,-1.7855588167722303,0,0.0,1.0,0.023575496350070616,58.14517931586853,0.00018505354834352252,0.0,-0.0005320633812888609,0.0,0.6536759388210711,0.34932256534075123,1.0029985041618223,0.00012059564967763315
2024-01-19,19:12:00.000000000,48.8,396.92,,,,0,0.0,1.0,0.023575496350070616,58.15758601127003,0.0003025754637874982,0.0,-0.0003471082931620906,0.0,0.6538737251214266,0.34932256534075123,1.0031962904621778,0.00019719501029643138
2024-01-19,19:13:00.000000000,48.83,397.12,,,,0,0.0,1.0,0.023575496350070616,58.19230111054004,0.0004347653068868088,0.0,-0.00004463785582742297,0.0,0.6541580067321943,0.34932256534075123,1.0034805720729456,0.00028337585921175707
2024-01-19,19:14:00.000000000,48.821,397.07,0.06312698993858232,23.755166105087117,-1.7810313838646927,0,0.0,1.0,0.023575496350070616,58.18212233572254,-0.00013440309170176278,0.0,0.0,0.0,0.654070085873628,0.34932256534075123,1.0033926512143791,-0.00008761590509404308
2024-01-19,19:15:00.000000000,48.83,397.0959,,,,0,0.0,1.0,0.023575496350070616,58.191732941078,0.00014419196666855998,0.0,-0.00013440309170176246,0.0,0.6541643975256491,0.34932256534075123,1.0034869628664005,0.00009399276734506331
2024-01-19,19:16:00.000000000,48.82,396.67,,,,0,0.0,1.0,0.023575496350070616,58.17169213718251,7.011974628037024e-7,0.0,0.0,0.0,0.654164856224065,0.34932256534075123,1.0034874215648162,4.5710450924532195e-7
2024-01-19,19:17:00.000000000,48.815,396.75,0.06368298058435204,23.548777453158326,-1.7785766820878832,0,0.0,1.0,0.023575496350070616,58.16857817689051,-0.00011837440952840732,0.0,0.0,0.0,0.6540874198454751,0.34932256534075123,1.0034099851862264,-0.00007716726380990394
2024-01-19,19:18:00.000000000,48.8,396.66,,,,0,0.0,1.0,0.023575496350070616,58.15145638221901,-0.00022139453519622458,0.0,-0.00011837440952844336,0.0,0.6539426084651807,0.34932256534075123,1.003265173805932,-0.00014431925377696283
2024-01-19,19:19:00.000000000,48.79,396.8732,,,,0,0.0,1.0,0.023575496350070616,58.14648267804085,-0.000258399303416725,0.0,-0.00033974273727743753,0.0,0.6537736301506788,0.34932256534075123,1.00309619549143,-0.00016842836661118708
2024-01-19,19:20:00.000000000,48.77,396.55,0.06420230718554887,23.310575085570598,-1.7833621327375961,0,0.0,1.0,0.023575496350070616,58.1188630776205,-0.0002129174286981138,0.0,-0.0005980542514074649,0.0,0.6536344303503965,0.34932256534075123,1.0029569956911477,-0.0001387701407979245
2024-01-19,19:21:00.000000000,48.785,396.65,,,,0,0.0,1.0,0.023575496350070616,58.136220627255504,0.00021752748927832943,0.0,-0.0008108443439321933,0.0,0.6537766138069365,0.34932256534075123,1.0030991791476878,0.0001417642602333771
2024-01-19,19:22:00.000000000,48.81,396.79,,,,0,0.0,1.0,0.023575496350070616,58.16452119674452,0.00037325148206863215,0.0,-0.0005934932355881051,0.0,0.6540206368969818,0.34932256534075123,1.0033432022377329,0.0002432691553515789
2024-01-19,19:23:00.000000000,48.81,396.845,0.06475029779239704,23.1141680725762,-1.7790276444978383,0,0.0,1.0,0.023575496350070616,58.165817849043776,-0.000022292838874522915,0.0,-0.00022046327574920532,0.0,0.6540060569203028,0.34932256534075123,1.003328622261054,-0.00001453139528562717
2024-01-19,19:24:00.000000000,48.795,396.77,,,,0,0.0,1.0,0.023575496350070616,58.14904968681752,-0.00022748477134947292,0.0,-0.00024275119987149374,0.0,0.6538572805019831,0.34932256534075123,1.0031798458427343,-0.00014828284075500437
2024-01-19,19:25:00.000000000,48.79,396.8399,,,,0,0.0,1.0,0.023575496350070616,58.14569761401239,-0.00011432563783383028,0.0,-0.00047018074901972184,0.0,0.6537825278513374,0.34932256534075123,1.0031050931920886,-0.00007451570219985658
2024-01-19,19:26:00.000000000,48.79,396.85,0.0652771057663633,22.884780576618724,-1.781793932116317,0,0.0,1.0,0.023575496350070616,58.14593572652552,-4.0951011493822116e-6,0.0,-0.0005844526331396649,0.0,0.6537798505457562,0.34932256534075123,1.0031024158865074,-2.6690180315142524e-6
2024-01-19,19:27:00.000000000,48.83,397.18,,,,0,0.0,1.0,0.023575496350070616,58.193715640321045,0.0005541244766618626,0.0,-0.0005885453408963626,0.0,0.6541421259632919,0.34932256534075123,1.003464691304043,0.00036115496463586287
2024-01-19,19:28:00.000000000,48.835,397.06,,,,0,0.0,1.0,0.023575496350070616,58.19588658075904,0.0001345344505994839,0.0,-0.00003474699161343242,0.0,0.6542301306148223,0.34932256534075123,1.0035526959555736,0.0000877007953475837
2024-01-19,19:29:00.000000000,48.81,396.2601,0.0658046481132614,22.734243558174228,-1.7675649312196335,0,0.0,1.0,0.023575496350070616,58.15202854122862,-0.00010553942607359189,0.0,0.0,0.0,0.6541610835423172,0.34932256534075123,1.0034836488830683,-0.00006880263765280192
2024-01-19,19:30:00.000000000,48.79,396.3132,,,,0,0.0,1.0,0.023575496350070616,58.13328040008481,-0.0003654534397046726,0.0,-0.00010553942607349764,0.0,0.6539220181242157,0.34932256534075123,1.003244583464967,-0.00023823548930503388
2024-01-19,19:31:00.000000000,48.775,396.31,,,,0,0.0,1.0,0.023575496350070616,58.118204958496484,-0.0002567300229569811,0.0,-0.0004709542960319446,0.0,0.6537541367094906,0.34932256534075123,1.0030767020502418,-0.0001673384710888871
2024-01-19,19:32:00.000000000,48.785,396.54,0.06629880291347699,22.494872692689828,-1.7732127750564293,0,0.0,1.0,0.023575496350070616,58.133627322657,0.00007876423304454738,0.0,-0.0007275634108817597,0.0,0.6538056291526683,0.34932256534075123,1.0031281944934194,0.00005133450220939626
2024-01-19,19:33:00.000000000,48.77,396.465,,,,0,0.0,1.0,0.023575496350070616,58.11685916043075,-0.00022761073724674897,0.0,-0.0006488564838110777,0.0,0.6536568159714008,0.34932256534075123,1.002979381312152,-0.000148349116378512
2024-01-19,19:34:00.000000000,48.75,396.4,,,,0,0.0,1.0,0.023575496350070616,58.095326753167996,-0.000317766531158762,0.0,-0.0008763195343550745,0.0,0.6534491057124213,0.34932256534075123,1.0027716710531727,-0.00020709324922264777
2024-01-19,19:35:00.000000000,48.725,396.23,0.06675166455433895,22.275987953634278,-1.7741892390866683,0,0.0,1.0,0.023575496350070616,58.06631891878848,-0.0003613400043289952,0.0,-0.0011938076004952558,0.0,0.6532129884097344,0.34932256534075123,1.0025355537504856,-0.00023546467207139716
2024-01-19,19:36:00.000000000,48.735,396.31,,,,0,0.0,1.0,0.023575496350070616,58.078204958496485,0.00013973608871851296,0.0,-0.0015547162343806376,0.0,0.653304265837835,0.34932256534075123,1.0026268311785862,0.00009104657461681718
2024-01-19,19:37:00.000000000,48.74,396.38,,,,0,0.0,1.0,0.023575496350070616,58.084855243240995,0.000057675943288700486,0.0,-0.0014151973956277875,0.0,0.6533419457776216,0.34932256534075123,1.0026645111183727,0.00003758122026541654
2024-01-19,19:38:00.000000000,48.735,396.53,0.06721045123341281,22.084039772414823,-1.7693881314585749,0,0.0,1.0,0.023575496350070616,58.083391567693496,-0.00014696299778590364,0.0,-0.0013576030751839552,0.0,0.6532459286866908,0.34932256534075123,1.0025684940274422,-0.00009576193219748761
2024-01-19,19:39:00.000000000,48.77,396.9,,,,0,0.0,1.0,0.023575496350070616,58.12711450134303,0.00045240241041794515,0.0,-0.0015043665555520835,0.0,0.6535414587194245,0.34932256534075123,1.0028640240601758,0.00029477291027414654
2024-01-19,19:40:00.000000000,48.785,396.99,,,,0,0.0,1.0,0.023575496350070616,58.14423629601453,0.00022155246203019703,0.0,-0.0010526447241899772,0.0,0.6536862524386425,0.34932256534075123,1.0030088177793939,0.00014438021082044739
2024-01-19,19:41:00.000000000,48.785,396.86,0.06770888662508266,21.914051253969692,-1.760625978453562,0,0.0,1.0,0.023575496350070616,58.141171481489025,0.00005271054743767661,0.0,-0.0008313254781900925,0.0,0.6537207085988611,0.34932256534075123,1.0030432739396122,0.00003435279890623361
2024-01-19,19:42:00.000000000,48.73,396.585,,,,0,0.0,1.0,0.023575496350070616,58.079688219992754,-0.0008344644125234966,0.0,-0.0007786587503734177,0.0,0.6531752019318057,0.34932256534075123,1.002497767272557,-0.0005438515777217202
2024-01-19,19:43:00.000000000,48.75,396.68,,,,0,0.0,1.0,0.023575496350070616,58.10192789214601,0.0003057924102395214,0.0,-0.0016124733998802432,0.0,0.653374937951113,0.34932256534075123,1.0026975032918641,0.00019923836823151103
2024-01-19,19:44:00.000000000,48.76,396.65,0.06821005900967028,21.704480093814283,-1.7605283925406099,0,0.0,1.0,0.023575496350070616,58.111220627255506,0.00018428415852869242,0.0,-0.00130717407176828,0.0,0.6534953446017571,0.34932256534075123,1.0028179099425083,0.00012008272709253885
2024-01-19,19:45:00.000000000,48.79,396.86,,,,0,0.0,1.0,0.023575496350070616,58.14617148148902,0.00043105523332853966,0.0,-0.0011231308047134902,0.0,0.6537770371900036,0.34932256534075123,1.0030996025307548,0.0002809010344287295
2024-01-19,19:46:00.000000000,48.81,396.89,,,,0,0.0,1.0,0.023575496350070616,58.16687874637953,0.0003317971694084284,0.0,-0.000692559702795803,0.0,0.6539939585603673,0.34932256534075123,1.0033165239011186,0.00021625107797520584
2024-01-19,19:47:00.000000000,48.76,396.52,0.06871536056162868,21.512985230102995,-1.7562077144685226,0,0.0,1.0,0.023575496350070616,58.10815581273,-0.0007096317911513114,0.0,-0.0003609923227365641,0.0,0.653529863656152,0.34932256534075123,1.0028524289969032,-0.0004625608102325382
2024-01-19,19:48:00.000000000,48.79,396.75,,,,0,0.0,1.0,0.023575496350070616,58.143578176890514,0.00042296361837214916,0.0,-0.0010703679422594536,0.0,0.6538062830119982,0.34932256534075123,1.0031288483527494,0.00027563313190825126
2024-01-19,19:49:00.000000000,48.79,396.71,,,,0,0.0,1.0,0.023575496350070616,58.14263515703651,0.000016218813557310776,0.0,-0.0006478570505852321,0.0,0.6538168869742049,0.34932256534075123,1.0031394523149562,0.00001057088750280638
2024-01-19,19:50:00.000000000,48.785,396.74,0.06922705913929385,21.319856557076555,-1.7525586188001043,0,0.0,1.0,0.023575496350070616,58.138342421927014,-0.00009815972177896451,0.0,-0.0006316487445006125,0.0,0.6537527084904852,0.34932256534075123,1.0030752738312363,-0.00006397762900438456
2024-01-19,19:51:00.000000000,48.76,396.7,,,,0,0.0,1.0,0.023575496350070616,58.11239940207301,-0.0004137885454560108,0.0,-0.0007297464638145179,0.0,0.6534821931081509,0.34932256534075123,1.0028047584489022,-0.00026968602396199503
2024-01-19,19:52:00.000000000,48.735,396.59,,,,0,0.0,1.0,0.023575496350070616,58.084806097474505,-0.00038557512049130225,0.0,-0.0011432330485428022,0.0,0.6532302266328043,0.34932256534075123,1.0025527919735555,-0.0002512617468393098
2024-01-19,19:53:00.000000000,48.75,396.74,0.06973092526770776,21.084952709289624,-1.7579378219852828,0,0.0,1.0,0.023575496350070616,58.10334242192702,0.00019736100226023644,0.0,-0.001528367366813721,0.0,0.6533591488050392,0.34932256534075123,1.0026817141457904,0.00012859389876231566
2024-01-19,19:54:00.000000000,48.77,396.76,,,,0,0.0,1.0,0.023575496350070616,58.123813931854016,0.0003360992545178885,0.0,-0.001331308004668852,0.0,0.6535787423278849,0.34932256534075123,1.0029013076686362,0.0002190062107922316
2024-01-19,19:55:00.000000000,48.76,396.85,,,,0,0.0,1.0,0.023575496350070616,58.11593572652552,-0.00020855126068855003,0.0,-0.0009956562017789938,0.0,0.6534424376572132,0.34932256534075123,1.0027650029979644,-0.00013591035292253515
2024-01-19,19:56:00.000000000,48.77,396.97,0.07022521942791736,20.892694643699645,-1.7540467695108173,0,0.0,1.0,0.023575496350070616,58.12876478608754,0.0001233902603192793,0.0,-0.0012039998171115007,0.0,0.6535230660896993,0.34932256534075123,1.0028456314304506,0.00008040610935271459
2024-01-19,19:57:00.000000000,48.755,396.83,,,,0,0.0,1.0,0.023575496350070616,58.11046421659852,-0.00020126748872164427,0.0,-0.0010807581186431658,0.0,0.6533915331433658,0.34932256534075123,1.002714098484117,-0.00013115971412867888
2024-01-19,19:58:00.000000000,48.77,396.9003,,,,0,0.0,1.0,0.023575496350070616,58.127121573991936,0.00022960826051664842,0.0,-0.0012818080858922887,0.0,0.0,1.0026873353097225,1.0026873353097225,-0.000026690733116138065
2024-01-19,19:59:00.000000000,48.7612,396.935,0.07074245117373362,20.681045143354048,-1.7543989926534187,1,0.0,0.0,0.0,0.0,0.0,0.0,-0.0010524941391004683,0.0,0.0,1.0026873353097225,1.0026873353097225,0.0
2024-01-19,20:00:00.000000000,48.76,396.9577,,,,0,0.0,0.0,0.0,0.0,0.0,0.0,0.0,0.0,0.0,1.0026873353097225,1.0026873353097225,0.0
2024-01-19,20:01:00.000000000,48.735,396.9,,,,0,0.0,0.0,0.0,0.0,0.0,0.0,0.0,0.0,0.0,1.0026873353097225,1.0026873353097225,0.0
2024-01-19,20:02:00.000000000,48.75,396.93,0.07123631309003665,20.47417024517175,-1.754009871545115,0,0.0,0.0,0.0,0.0,0.0,0.0,0.0,0.0,0.0,1.0026873353097225,1.0026873353097225,0.0
2024-01-19,20:03:00.000000000,48.76,396.99,,,,0,0.0,0.0,0.0,0.0,0.0,0.0,0.0,0.0,0.0,1.0026873353097225,1.0026873353097225,0.0
2024-01-19,20:04:00.000000000,48.8,396.84,,,,0,0.0,0.0,0.0,0.0,0.0,0.0,0.0,0.0,0.0,1.0026873353097225,1.0026873353097225,0.0
2024-01-19,20:05:00.000000000,48.785,396.89,0.07174160174266074,20.311475684355376,-1.7442864424388738,0,0.0,0.0,0.0,0.0,0.0,0.0,0.0,0.0,0.0,1.0026873353097225,1.0026873353097225,0.0
2024-01-19,20:06:00.000000000,48.775,396.99,,,,0,0.0,0.0,0.0,0.0,0.0,0.0,0.0,0.0,0.0,1.0026873353097225,1.0026873353097225,0.0
2024-01-19,20:07:00.000000000,48.78,397.0,,,,0,0.0,0.0,0.0,0.0,0.0,0.0,0.0,0.0,0.0,1.0026873353097225,1.0026873353097225,0.0
2024-01-19,20:08:00.000000000,48.785,397.03,0.07225872133785358,20.096119867231995,-1.7456045043381465,0,0.0,0.0,0.0,0.0,0.0,0.0,0.0,0.0,0.0,1.0026873353097225,1.0026873353097225,0.0
2024-01-19,20:09:00.000000000,48.74,396.9383,,,,0,0.0,0.0,0.0,0.0,0.0,0.0,0.0,0.0,0.0,1.0026873353097225,1.0026873353097225,0.0
2024-01-19,20:10:00.000000000,48.735,396.99,,,,0,0.0,0.0,0.0,0.0,0.0,0.0,0.0,0.0,0.0,1.0026873353097225,1.0026873353097225,0.0
2024-01-19,20:11:00.000000000,48.72,396.91,0.0726965528495188,19.86601120849749,-1.7496296209239497,0,0.0,0.0,0.0,0.0,0.0,0.0,0.0,0.0,0.0,1.0026873353097225,1.0026873353097225,0.0
2024-01-19,20:12:00.000000000,48.745,397.02,,,,0,0.0,0.0,0.0,0.0,0.0,0.0,0.0,0.0,0.0,1.0026873353097225,1.0026873353097225,0.0
2024-01-19,20:13:00.000000000,48.731,397.0197,,,,0,0.0,0.0,0.0,0.0,0.0,0.0,0.0,0.0,0.0,1.0026873353097225,1.0026873353097225,0.0
2024-01-19,20:14:00.000000000,48.725,397.1,0.07317045406092682,19.66901269240596,-1.7461601827772932,0,0.0,0.0,0.0,0.0,0.0,0.0,0.0,0.0,0.0,1.0026873353097225,1.0026873353097225,0.0
2024-01-19,20:15:00.000000000,48.755,397.33,,,,0,0.0,0.0,0.0,0.0,0.0,0.0,0.0,0.0,0.0,1.0026873353097225,1.0026873353097225,0.0
2024-01-19,20:16:00.000000000,48.765,397.31,,,,0,0.0,0.0,0.0,0.0,0.0,0.0,0.0,0.0,0.0,1.0026873353097225,1.0026873353097225,0.0
2024-01-19,20:17:00.000000000,48.73,397.39,0.0736731521181902,19.453026079752394,-1.7465982012291512,0,0.0,0.0,0.0,0.0,0.0,0.0,0.0,0.0,0.0,1.0026873353097225,1.0026873353097225,0.0
2024-01-19,20:18:00.000000000,48.749,397.4822,,,,0,0.0,0.0,0.0,0.0,0.0,0.0,0.0,0.0,0.0,1.0026873353097225,1.0026873353097225,0.0
2024-01-19,20:19:00.000000000,48.73,397.35,,,,0,0.0,0.0,0.0,0.0,0.0,0.0,0.0,0.0,0.0,1.0026873353097225,1.0026873353097225,0.0
2024-01-19,20:20:00.000000000,48.72,397.49,0.07419703446182202,19.227420771770362,-1.7489245043042179,0,0.0,0.0,0.0,0.0,0.0,0.0,0.0,0.0,0.0,1.0026873353097225,1.0026873353097225,0.0
2024-01-19,20:21:00.000000000,48.725,397.48,,,,0,0.0,0.0,0.0,0.0,0.0,0.0,0.0,0.0,0.0,1.0026873353097225,1.0026873353097225,0.0
2024-01-19,20:22:00.000000000,48.725,397.52,,,,0,0.0,0.0,0.0,0.0,0.0,0.0,0.0,0.0,0.0,1.0026873353097225,1.0026873353097225,0.0
2024-01-19,20:23:00.000000000,48.71,397.37,0.07475655316857908,19.00398846740173,-1.7502548705421412,0,0.0,0.0,0.0,0.0,0.0,0.0,0.0,0.0,0.0,1.0026873353097225,1.0026873353097225,0.0
2024-01-19,20:24:00.000000000,48.695,397.3128,,,,0,0.0,0.0,0.0,0.0,0.0,0.0,0.0,0.0,0.0,1.0026873353097225,1.0026873353097225,0.0
2024-01-19,20:25:00.000000000,48.725,397.6104,,,,0,0.0,0.0,0.0,0.0,0.0,0.0,0.0,0.0,0.0,1.0026873353097225,1.0026873353097225,0.0
2024-01-19,20:26:00.000000000,48.7,397.59,0.07529321591282777,18.764170285218814,-1.754853296444934,0,0.0,0.0,0.0,0.0,0.0,0.0,0.0,0.0,0.0,1.0026873353097225,1.0026873353097225,0.0
2024-01-19,20:27:00.000000000,48.715,397.745,,,,0,0.0,0.0,0.0,0.0,0.0,0.0,0.0,0.0,0.0,1.0026873353097225,1.0026873353097225,0.0
2024-01-19,20:28:00.000000000,48.7,397.75,,,,0,0.0,0.0,0.0,0.0,0.0,0.0,0.0,0.0,0.0,1.0026873353097225,1.0026873353097225,0.0
2024-01-19,20:29:00.000000000,48.695,397.7435,0.07585169065815292,18.525483076708955,-1.7584742976792143,0,0.0,0.0,0.0,0.0,0.0,0.0,0.0,0.0,0.0,1.0026873353097225,1.0026873353097225,0.0
2024-01-19,20:30:00.000000000,48.6993,397.8543,,,,0,0.0,0.0,0.0,0.0,0.0,0.0,0.0,0.0,0.0,1.0026873353097225,1.0026873353097225,0.0
2024-01-19,20:31:00.000000000,48.695,397.75,,,,0,0.0,0.0,0.0,0.0,0.0,0.0,0.0,0.0,0.0,1.0026873353097225,1.0026873353097225,0.0
2024-01-19,20:32:00.000000000,48.695,397.77,0.07636763555713799,18.318245604437223,-1.7549735854098363,0,0.0,0.0,0.0,0.0,0.0,0.0,0.0,0.0,0.0,1.0026873353097225,1.0026873353097225,0.0
2024-01-19,20:33:00.000000000,48.73,397.92,,,,0,0.0,0.0,0.0,0.0,0.0,0.0,0.0,0.0,0.0,1.0026873353097225,1.0026873353097225,0.0
2024-01-19,20:34:00.000000000,48.735,397.88,,,,0,0.0,0.0,0.0,0.0,0.0,0.0,0.0,0.0,0.0,1.0026873353097225,1.0026873353097225,0.0
2024-01-19,20:35:00.000000000,48.74,398.03,0.07692507517930973,18.121512326379353,-1.7493044064014884,0,0.0,0.0,0.0,0.0,0.0,0.0,0.0,0.0,0.0,1.0026873353097225,1.0026873353097225,0.0
2024-01-19,20:36:00.000000000,48.7398,397.83,,,,0,0.0,0.0,0.0,0.0,0.0,0.0,0.0,0.0,0.0,1.0026873353097225,1.0026873353097225,0.0
2024-01-19,20:37:00.000000000,48.72,397.945,,,,0,0.0,0.0,0.0,0.0,0.0,0.0,0.0,0.0,0.0,1.0026873353097225,1.0026873353097225,0.0
2024-01-19,20:38:00.000000000,48.72,397.85,0.07750421012999105,17.884949999783057,-1.7521742564469667,0,0.0,0.0,0.0,0.0,0.0,0.0,0.0,0.0,0.0,1.0026873353097225,1.0026873353097225,0.0
2024-01-19,20:39:00.000000000,48.755,397.82,,,,0,0.0,0.0,0.0,0.0,0.0,0.0,0.0,0.0,0.0,1.0026873353097225,1.0026873353097225,0.0
2024-01-19,20:40:00.000000000,48.735,397.555,,,,0,0.0,0.0,0.0,0.0,0.0,0.0,0.0,0.0,0.0,1.0026873353097225,1.0026873353097225,0.0
2024-01-19,20:41:00.000000000,48.73,397.69,0.07784101996788324,17.77340476897251,-1.7285242077934988,0,0.0,0.0,0.0,0.0,0.0,0.0,0.0,0.0,0.0,1.0026873353097225,1.0026873353097225,0.0
2024-01-19,20:42:00.000000000,48.735,397.77,,,,0,0.0,0.0,0.0,0.0,0.0,0.0,0.0,0.0,0.0,1.0026873353097225,1.0026873353097225,0.0
2024-01-19,20:43:00.000000000,48.695,397.7839,,,,0,0.0,0.0,0.0,0.0,0.0,0.0,0.0,0.0,0.0,1.0026873353097225,1.0026873353097225,0.0
2024-01-19,20:44:00.000000000,48.695,397.65,0.07807793498021584,17.647309155117174,-1.7089193598226773,0,0.0,0.0,0.0,0.0,0.0,0.0,0.0,0.0,0.0,1.0026873353097225,1.0026873353097225,0.0
2024-01-19,20:45:00.000000000,48.69,397.88,,,,0,0.0,0.0,0.0,0.0,0.0,0.0,0.0,0.0,0.0,1.0026873353097225,1.0026873353097225,0.0
2024-01-19,20:46:00.000000000,48.7,397.82,,,,0,0.0,0.0,0.0,0.0,0.0,0.0,0.0,0.0,0.0,1.0026873353097225,1.0026873353097225,0.0
2024-01-19,20:47:00.000000000,48.685,397.78,0.07826942078199065,17.550989801339764,-1.6841591018666928,0,0.0,0.0,0.0,0.0,0.0,0.0,0.0,0.0,0.0,1.0026873353097225,1.0026873353097225,0.0
2024-01-19,20:48:00.000000000,48.68,397.8447,,,,0,0.0,0.0,0.0,0.0,0.0,0.0,0.0,0.0,0.0,1.0026873353097225,1.0026873353097225,0.0
2024-01-19,20:49:00.000000000,48.7,397.94,,,,0,0.0,0.0,0.0,0.0,0.0,0.0,0.0,0.0,0.0,1.0026873353097225,1.0026873353097225,0.0
2024-01-19,20:50:00.000000000,48.685,398.04,0.07847502440818453,17.44880128456623,-1.66177844941129,0,0.0,0.0,0.0,0.0,0.0,0.0,0.0,0.0,0.0,1.0026873353097225,1.0026873353097225,0.0
2024-01-19,20:51:00.000000000,48.725,398.0,,,,0,0.0,0.0,0.0,0.0,0.0,0.0,0.0,0.0,0.0,1.0026873353097225,1.0026873353097225,0.0
2024-01-19,20:52:00.000000000,48.73,398.05,,,,0,0.0,0.0,0.0,0.0,0.0,0.0,0.0,0.0,0.0,1.0026873353097225,1.0026873353097225,0.0
2024-01-19,20:53:00.000000000,48.735,398.09,0.07871296126916122,17.400157248359612,-1.6295537624753762,0,0.0,0.0,0.0,0.0,0.0,0.0,0.0,0.0,0.0,1.0026873353097225,1.0026873353097225,0.0
2024-01-19,20:54:00.000000000,48.75,398.45,,,,0,0.0,0.0,0.0,0.0,0.0,0.0,0.0,0.0,0.0,1.0026873353097225,1.0026873353097225,0.0
2024-01-19,20:55:00.000000000,48.71,398.335,,,,0,0.0,0.0,0.0,0.0,0.0,0.0,0.0,0.0,0.0,1.0026873353097225,1.0026873353097225,0.0
2024-01-19,20:56:00.000000000,48.705,398.415,0.07893501138028927,17.256107440922047,-1.6185929802794343,0,0.0,0.0,0.0,0.0,0.0,0.0,0.0,0.0,0.0,1.0026873353097225,1.0026873353097225,0.0
2024-01-19,20:57:00.000000000,48.705,398.43,,,,0,0.0,0.0,0.0,0.0,0.0,0.0,0.0,0.0,0.0,1.0026873353097225,1.0026873353097225,0.0
2024-01-19,20:58:00.000000000,48.68,398.35,,,,0,0.0,0.0,0.0,0.0,0.0,0.0,0.0,0.0,0.0,1.0026873353097225,1.0026873353097225,0.0
2024-01-19,20:59:00.000000000,48.69,398.66,0.07920270014745628,17.115051559215072,-1.607286056834305,1,0.0,0.0,0.0,0.0,0.0,0.0,0.0,0.0,0.0,1.0026873353097225,1.0026873353097225,0.0
2024-01-20,14:29:00.000000000,48.87,397.44,0.07967303947231512,17.204747192123076,-1.5486046109486422,0,0.0,0.0,0.0,0.0,0.0,0.0,0.0,0.0,0.0,1.0026873353097225,1.0026873353097225,0.0
2024-01-20,14:30:00.000000000,48.87,397.44,,,,0,0.0,0.0,0.0,0.0,0.0,0.0,0.0,0.0,0.0,1.0026873353097225,1.0026873353097225,0.0
2024-01-20,14:31:00.000000000,48.87,397.44,,,,0,0.0,0.0,0.0,0.0,0.0,0.0,0.0,0.0,0.0,1.0026873353097225,1.0026873353097225,0.0
2024-01-20,14:32:00.000000000,48.87,397.44,0.08006199029401456,17.05016257754685,-1.5431751852829445,0,0.0,0.0,0.0,0.0,0.0,0.0,0.0,0.0,0.0,1.0026873353097225,1.0026873353097225,0.0
2024-01-20,14:33:00.000000000,48.87,397.44,,,,0,0.0,0.0,0.0,0.0,0.0,0.0,0.0,0.0,0.0,1.0026873353097225,1.0026873353097225,0.0
2024-01-20,14:34:00.000000000,48.87,397.44,,,,0,0.0,0.0,0.0,0.0,0.0,0.0,0.0,0.0,0.0,1.0026873353097225,1.0026873353097225,0.0
2024-01-20,14:35:00.000000000,48.87,397.44,0.08049254135692131,16.87904436310519,-1.5417282546416065,0,0.0,0.0,0.0,0.0,0.0,0.0,0.0,0.0,0.0,1.0026873353097225,1.0026873353097225,0.0
2024-01-20,14:36:00.000000000,48.87,397.44,,,,0,0.0,0.0,0.0,0.0,0.0,0.0,0.0,0.0,0.0,1.0026873353097225,1.0026873353097225,0.0
2024-01-20,14:37:00.000000000,48.87,397.44,,,,0,0.0,0.0,0.0,0.0,0.0,0.0,0.0,0.0,0.0,1.0026873353097225,1.0026873353097225,0.0
2024-01-20,14:38:00.000000000,48.87,397.44,0.08086019625698286,16.732923599624726,-1.535438921887918,0,0.0,0.0,0.0,0.0,0.0,0.0,0.0,0.0,0.0,1.0026873353097225,1.0026873353097225,0.0
2024-01-20,14:39:00.000000000,48.87,397.44,,,,0,0.0,0.0,0.0,0.0,0.0,0.0,0.0,0.0,0.0,1.0026873353097225,1.0026873353097225,0.0
2024-01-20,14:40:00.000000000,48.87,397.44,,,,0,0.0,0.0,0.0,0.0,0.0,0.0,0.0,0.0,0.0,1.0026873353097225,1.0026873353097225,0.0
2024-01-20,14:41:00.000000000,48.87,397.44,0.0812523390443989,16.5770703701941,-1.531742039974912,0,0.0,0.0,0.0,0.0,0.0,0.0,0.0,0.0,0.0,1.0026873353097225,1.0026873353097225,0.0
2024-01-20,14:42:00.000000000,48.87,397.44,,,,0,0.0,0.0,0.0,0.0,0.0,0.0,0.0,0.0,0.0,1.0026873353097225,1.0026873353097225,0.0
2024-01-20,14:43:00.000000000,48.87,397.44,,,,0,0.0,0.0,0.0,0.0,0.0,0.0,0.0,0.0,0.0,1.0026873353097225,1.0026873353097225,0.0
2024-01-20,14:44:00.000000000,48.87,397.44,0.0817100272766774,16.395166759157334,-1.5339240987907448,0,0.0,0.0,0.0,0.0,0.0,0.0,0.0,0.0,0.0,1.0026873353097225,1.0026873353097225,0.0
2024-01-20,14:45:00.000000000,48.87,397.44,,,,0,0.0,0.0,0.0,0.0,0.0,0.0,0.0,0.0,0.0,1.0026873353097225,1.0026873353097225,0.0
2024-01-20,14:46:00.000000000,48.87,397.44,,,,0,0.0,0.0,0.0,0.0,0.0,0.0,0.0,0.0,0.0,1.0026873353097225,1.0026873353097225,0.0
2024-01-20,14:47:00.000000000,48.87,397.44,0.08217761981921788,16.209326779050045,-1.537190429959907,0,0.0,0.0,0.0,0.0,0.0,0.0,0.0,0.0,0.0,1.0026873353097225,1.0026873353097225,0.0
2024-01-20,14:48:00.000000000,48.87,397.44,,,,0,0.0,0.0,0.0,0.0,0.0,0.0,0.0,0.0,0.0,1.0026873353097225,1.0026873353097225,0.0
2024-01-20,14:49:00.000000000,48.87,397.44,,,,0,0.0,0.0,0.0,0.0,0.0,0.0,0.0,0.0,0.0,1.0026873353097225,1.0026873353097225,0.0
2024-01-20,14:50:00.000000000,48.87,397.44,0.08264128728995115,16.025046779481812,-1.5403123827300933,0,0.0,0.0,0.0,0.0,0.0,0.0,0.0,0.0,0.0,1.0026873353097225,1.0026873353097225,0.0
2024-01-20,14:51:00.000000000,48.87,397.44,,,,0,0.0,0.0,0.0,0.0,0.0,0.0,0.0,0.0,0.0,1.0026873353097225,1.0026873353097225,0.0
2024-01-20,14:52:00.000000000,48.87,397.44,,,,0,0.0,0.0,0.0,0.0,0.0,0.0,0.0,0.0,0.0,1.0026873353097225,1.0026873353097225,0.0
2024-01-20,14:53:00.000000000,48.87,397.44,0.08304439477977107,15.864835738727784,-1.5385982487783656,0,0.0,0.0,0.0,0.0,0.0,0.0,0.0,0.0,0.0,1.0026873353097225,1.0026873353097225,0.0
2024-01-20,14:54:00.000000000,48.87,397.44,,,,0,0.0,0.0,0.0,0.0,0.0,0.0,0.0,0.0,0.0,1.0026873353097225,1.0026873353097225,0.0
2024-01-20,14:55:00.000000000,48.87,397.44,,,,0,0.0,0.0,0.0,0.0,0.0,0.0,0.0,0.0,0.0,1.0026873353097225,1.0026873353097225,0.0
2024-01-20,14:56:00.000000000,48.87,397.44,0.08347239961048275,15.694729498809735,-1.5394002554480772,0,0.0,0.0,0.0,0.0,0.0,0.0,0.0,0.0,0.0,1.0026873353097225,1.0026873353097225,0.0
2024-01-20,14:57:00.000000000,48.87,397.44,,,,0,0.0,0.0,0.0,0.0,0.0,0.0,0.0,0.0,0.0,1.0026873353097225,1.0026873353097225,0.0
2024-01-20,14:58:00.000000000,48.87,397.44,,,,0,0.0,0.0,0.0,0.0,0.0,0.0,0.0,0.0,0.0,1.0026873353097225,1.0026873353097225,0.0
2024-01-20,14:59:00.000000000,48.87,397.44,0.08385228640190968,15.54374729242501,-1.5365663816572817,0,0.0,0.0,0.0,0.0,0.0,0.0,0.0,0.0,0.0,1.0026873353097225,1.0026873353097225,0.0
2024-01-20,15:00:00.000000000,48.87,397.44,,,,0,0.0,0.0,0.0,0.0,0.0,0.0,0.0,0.0,0.0,1.0026873353097225,1.0026873353097225,0.0
2024-01-20,15:01:00.000000000,48.87,397.44,,,,0,0.0,0.0,0.0,0.0,0.0,0.0,0.0,0.0,0.0,1.0026873353097225,1.0026873353097225,0.0
2024-01-20,15:02:00.000000000,48.87,397.44,0.08425592676769052,15.383324465449078,-1.5361518034593948,0,0.0,0.0,0.0,0.0,0.0,0.0,0.0,0.0,0.0,1.0026873353097225,1.0026873353097225,0.0
2024-01-20,15:03:00.000000000,48.87,397.44,,,,0,0.0,0.0,0.0,0.0,0.0,0.0,0.0,0.0,0.0,1.0026873353097225,1.0026873353097225,0.0
2024-01-20,15:04:00.000000000,48.87,397.44,,,,0,0.0,0.0,0.0,0.0,0.0,0.0,0.0,0.0,0.0,1.0026873353097225,1.0026873353097225,0.0
2024-01-20,15:05:00.000000000,48.87,397.44,0.08462206505048958,15.237806466333417,-1.5328689282011498,0,0.0,0.0,0.0,0.0,0.0,0.0,0.0,0.0,0.0,1.0026873353097225,1.0026873353097225,0.0
2024-01-20,15:06:00.000000000,48.87,397.44,,,,0,0.0,0.0,0.0,0.0,0.0,0.0,0.0,0.0,0.0,1.0026873353097225,1.0026873353097225,0.0
2024-01-20,15:07:00.000000000,48.87,397.44,,,,0,0.0,0.0,0.0,0.0,0.0,0.0,0.0,0.0,0.0,1.0026873353097225,1.0026873353097225,0.0
2024-01-20,15:08:00.000000000,48.87,397.44,0.08497076126198189,15.099220644037914,-1.528559135111401,0,0.0,0.0,0.0,0.0,0.0,0.0,0.0,0.0,0.0,1.0026873353097225,1.0026873353097225,0.0
2024-01-20,15:09:00.000000000,48.87,397.44,,,,0,0.0,0.0,0.0,0.0,0.0,0.0,0.0,0.0,0.0,1.0026873353097225,1.0026873353097225,0.0
2024-01-20,15:10:00.000000000,48.87,397.44,,,,0,0.0,0.0,0.0,0.0,0.0,0.0,0.0,0.0,0.0,1.0026873353097225,1.0026873353097225,0.0
2024-01-20,15:11:00.000000000,48.87,397.44,0.08531202340074691,14.963589419607146,-1.5241367270026216,0,0.0,0.0,0.0,0.0,0.0,0.0,0.0,0.0,0.0,1.0026873353097225,1.0026873353097225,0.0
2024-01-20,15:12:00.000000000,48.87,397.44,,,,0,0.0,0.0,0.0,0.0,0.0,0.0,0.0,0.0,0.0,1.0026873353097225,1.0026873353097225,0.0
2024-01-20,15:13:00.000000000,48.87,397.44,,,,0,0.0,0.0,0.0,0.0,0.0,0.0,0.0,0.0,0.0,1.0026873353097225,1.0026873353097225,0.0
2024-01-20,15:14:00.000000000,48.87,397.44,0.08567719331954475,14.818456287080132,-1.522329569725614,0,0.0,0.0,0.0,0.0,0.0,0.0,0.0,0.0,0.0,1.0026873353097225,1.0026873353097225,0.0
2024-01-20,15:15:00.000000000,48.87,397.44,,,,0,0.0,0.0,0.0,0.0,0.0,0.0,0.0,0.0,0.0,1.0026873353097225,1.0026873353097225,0.0
2024-01-20,15:16:00.000000000,48.87,397.44,,,,0,0.0,0.0,0.0,0.0,0.0,0.0,0.0,0.0,0.0,1.0026873353097225,1.0026873353097225,0.0
2024-01-20,15:17:00.000000000,48.87,397.44,0.08602854477120525,14.678815166132182,-1.51987865613326,0,0.0,0.0,0.0,0.0,0.0,0.0,0.0,0.0,0.0,1.0026873353097225,1.0026873353097225,0.0
2024-01-20,15:18:00.000000000,48.87,397.44,,,,0,0.0,0.0,0.0,0.0,0.0,0.0,0.0,0.0,0.0,1.0026873353097225,1.0026873353097225,0.0
2024-01-20,15:19:00.000000000,48.87,397.44,,,,0,0.0,0.0,0.0,0.0,0.0,0.0,0.0,0.0,0.0,1.0026873353097225,1.0026873353097225,0.0
2024-01-20,15:20:00.000000000,48.87,397.44,0.08636079594796549,14.546765258440594,-1.5161997562248815,0,0.0,0.0,0.0,0.0,0.0,0.0,0.0,0.0,0.0,1.0026873353097225,1.0026873353097225,0.0
2024-01-20,15:21:00.000000000,48.87,397.44,,,,0,0.0,0.0,0.0,0.0,0.0,0.0,0.0,0.0,0.0,1.0026873353097225,1.0026873353097225,0.0
2024-01-20,15:22:00.000000000,48.87,397.44,,,,0,0.0,0.0,0.0,0.0,0.0,0.0,0.0,0.0,0.0,1.0026873353097225,1.0026873353097225,0.0
2024-01-20,15:23:00.000000000,48.87,397.44,0.08671928625244783,14.404286871827132,-1.5153311877192033,0,0.0,0.0,0.0,0.0,0.0,0.0,0.0,0.0,0.0,1.0026873353097225,1.0026873353097225,0.0
2024-01-20,15:24:00.000000000,48.87,397.44,,,,0,0.0,0.0,0.0,0.0,0.0,0.0,0.0,0.0,0.0,1.0026873353097225,1.0026873353097225,0.0
2024-01-20,15:25:00.000000000,48.87,397.44,,,,0,0.0,0.0,0.0,0.0,0.0,0.0,0.0,0.0,0.0,1.0026873353097225,1.0026873353097225,0.0
2024-01-20,15:26:00.000000000,48.87,397.44,0.08707910277285805,14.261281393955294,-1.5153484131315569,0,0.0,0.0,0.0,0.0,0.0,0.0,0.0,0.0,0.0,1.0026873353097225,1.0026873353097225,0.0
2024-01-20,15:27:00.000000000,48.87,397.44,,,,0,0.0,0.0,0.0,0.0,0.0,0.0,0.0,0.0,0.0,1.0026873353097225,1.0026873353097225,0.0
2024-01-20,15:28:00.000000000,48.87,397.44,,,,0,0.0,0.0,0.0,0.0,0.0,0.0,0.0,0.0,0.0,1.0026873353097225,1.0026873353097225,0.0
2024-01-20,15:29:00.000000000,48.87,397.44,0.0874708742479165,14.105575738908065,-1.5187902046691593,0,0.0,0.0,0.0,0.0,0.0,0.0,0.0,0.0,0.0,1.0026873353097225,1.0026873353097225,0.0
2024-01-20,15:30:00.000000000,48.87,397.44,,,,0,0.0,0.0,0.0,0.0,0.0,0.0,0.0,0.0,0.0,1.0026873353097225,1.0026873353097225,0.0
2024-01-20,15:31:00.000000000,48.87,397.44,,,,0,0.0,0.0,0.0,0.0,0.0,0.0,0.0,0.0,0.0,1.0026873353097225,1.0026873353097225,0.0
2024-01-20,15:32:00.000000000,48.87,397.44,0.08786466229209755,13.94906861862875,-1.5226735854746942,0,0.0,0.0,0.0,0.0,0.0,0.0,0.0,0.0,0.0,1.0026873353097225,1.0026873353097225,0.0
2024-01-20,15:33:00.000000000,48.87,397.44,,,,0,0.0,0.0,0.0,0.0,0.0,0.0,0.0,0.0,0.0,1.0026873353097225,1.0026873353097225,0.0
2024-01-20,15:34:00.000000000,48.87,397.44,,,,0,0.0,0.0,0.0,0.0,0.0,0.0,0.0,0.0,0.0,1.0026873353097225,1.0026873353097225,0.0
2024-01-20,15:35:00.000000000,48.87,397.44,0.08827311417646522,13.786733501705662,-1.5282781937564356,0,0.0,0.0,0.0,0.0,0.0,0.0,0.0,0.0,0.0,1.0026873353097225,1.0026873353097225,0.0
2024-01-20,15:36:00.000000000,48.87,397.44,,,,0,0.0,0.0,0.0,0.0,0.0,0.0,0.0,0.0,0.0,1.0026873353097225,1.0026873353097225,0.0
2024-01-20,15:37:00.000000000,48.87,397.44,,,,0,0.0,0.0,0.0,0.0,0.0,0.0,0.0,0.0,0.0,1.0026873353097225,1.0026873353097225,0.0
2024-01-20,15:38:00.000000000,48.87,397.44,0.08870012703081834,13.61702151287156,-1.5360200966243265,0,0.0,0.0,0.0,0.0,0.0,0.0,0.0,0.0,0.0,1.0026873353097225,1.0026873353097225,0.0
2024-01-20,15:39:00.000000000,48.87,397.44,,,,0,0.0,0.0,0.0,0.0,0.0,0.0,0.0,0.0,0.0,1.0026873353097225,1.0026873353097225,0.0
2024-01-20,15:40:00.000000000,48.87,397.44,,,,0,0.0,0.0,0.0,0.0,0.0,0.0,0.0,0.0,0.0,1.0026873353097225,1.0026873353097225,0.0
2024-01-20,15:41:00.000000000,48.87,397.44,0.08913648119655602,13.443596913240768,-1.5449144284294796,0,0.0,0.0,0.0,0.0,0.0,0.0,0.0,0.0,0.0,1.0026873353097225,1.0026873353097225,0.0
2024-01-20,15:42:00.000000000,48.87,397.44,,,,0,0.0,0.0,0.0,0.0,0.0,0.0,0.0,0.0,0.0,1.0026873353097225,1.0026873353097225,0.0
2024-01-20,15:43:00.000000000,48.87,397.44,,,,0,0.0,0.0,0.0,0.0,0.0,0.0,0.0,0.0,0.0,1.0026873353097225,1.0026873353097225,0.0
2024-01-20,15:44:00.000000000,48.87,397.44,0.08955339818446975,13.27789742556434,-1.5522914256974478,0,0.0,0.0,0.0,0.0,0.0,0.0,0.0,0.0,0.0,1.0026873353097225,1.0026873353097225,0.0
2024-01-20,15:45:00.000000000,48.87,397.44,,,,0,0.0,0.0,0.0,0.0,0.0,0.0,0.0,0.0,0.0,1.0026873353097225,1.0026873353097225,0.0
2024-01-20,15:46:00.000000000,48.87,397.44,,,,0,0.0,0.0,0.0,0.0,0.0,0.0,0.0,0.0,0.0,1.0026873353097225,1.0026873353097225,0.0
2024-01-20,15:47:00.000000000,48.87,397.44,0.08996299496583676,13.115107280777835,-1.559026700893006,0,0.0,0.0,0.0,0.0,0.0,0.0,0.0,0.0,0.0,1.0026873353097225,1.0026873353097225,0.0
2024-01-20,15:48:00.000000000,48.87,397.44,,,,0,0.0,0.0,0.0,0.0,0.0,0.0,0.0,0.0,0.0,1.0026873353097225,1.0026873353097225,0.0
2024-01-20,15:49:00.000000000,48.87,397.44,,,,0,0.0,0.0,0.0,0.0,0.0,0.0,0.0,0.0,0.0,1.0026873353097225,1.0026873353097225,0.0
2024-01-20,15:50:00.000000000,48.87,397.44,0.09036824780395018,12.954043592798037,-1.5656000647305033,0,0.0,0.0,0.0,0.0,0.0,0.0,0.0,0.0,0.0,1.0026873353097225,1.0026873353097225,0.0
2024-01-20,15:51:00.000000000,48.87,397.44,,,,0,0.0,0.0,0.0,0.0,0.0,0.0,0.0,0.0,0.0,1.0026873353097225,1.0026873353097225,0.0
2024-01-20,15:52:00.000000000,48.87,397.44,,,,0,0.0,0.0,0.0,0.0,0.0,0.0,0.0,0.0,0.0,1.0026873353097225,1.0026873353097225,0.0
2024-01-20,15:53:00.000000000,48.87,397.44,0.09080254082087384,12.781438176151894,-1.574908604992093,0,0.0,0.0,0.0,0.0,0.0,0.0,0.0,0.0,0.0,1.0026873353097225,1.0026873353097225,0.0
2024-01-20,15:54:00.000000000,48.87,397.44,,,,0,0.0,0.0,0.0,0.0,0.0,0.0,0.0,0.0,0.0,1.0026873353097225,1.0026873353097225,0.0
2024-01-20,15:55:00.000000000,48.87,397.44,,,,0,0.0,0.0,0.0,0.0,0.0,0.0,0.0,0.0,0.0,1.0026873353097225,1.0026873353097225,0.0
2024-01-20,15:56:00.000000000,48.87,397.44,0.0912799959009432,12.591678429129132,-1.5882697108861143,0,0.0,0.0,0.0,0.0,0.0,0.0,0.0,0.0,0.0,1.0026873353097225,1.0026873353097225,0.0
2024-01-20,15:57:00.000000000,48.87,397.44,,,,0,0.0,0.0,0.0,0.0,0.0,0.0,0.0,0.0,0.0,1.0026873353097225,1.0026873353097225,0.0
2024-01-20,15:58:00.000000000,48.87,397.44,,,,0,0.0,0.0,0.0,0.0,0.0,0.0,0.0,0.0,0.0,1.0026873353097225,1.0026873353097225,0.0
2024-01-20,15:59:00.000000000,48.87,397.44,0.09174850041890273,12.405475993511295,-1.6005375949224963,0,0.0,0.0,0.0,0.0,0.0,0.0,0.0,0.0,0.0,1.0026873353097225,1.0026873353097225,0.0
2024-01-20,16:00:00.000000000,48.87,397.44,,,,0,0.0,0.0,0.0,0.0,0.0,0.0,0.0,0.0,0.0,1.0026873353097225,1.0026873353097225,0.0
2024-01-20,16:01:00.000000000,48.87,397.44,,,,0,0.0,0.0,0.0,0.0,0.0,0.0,0.0,0.0,0.0,1.0026873353097225,1.0026873353097225,0.0
2024-01-20,16:02:00.000000000,48.87,397.44,0.09221076537926283,12.22175340766578,-1.6120054696332011,0,0.0,0.0,0.0,0.0,0.0,0.0,0.0,0.0,0.0,1.0026873353097225,1.0026873353097225,0.0
2024-01-20,16:03:00.000000000,48.87,397.44,,,,0,0.0,0.0,0.0,0.0,0.0,0.0,0.0,0.0,0.0,1.0026873353097225,1.0026873353097225,0.0
2024-01-20,16:04:00.000000000,48.87,397.44,,,,0,0.0,0.0,0.0,0.0,0.0,0.0,0.0,0.0,0.0,1.0026873353097225,1.0026873353097225,0.0
2024-01-20,16:05:00.000000000,48.87,397.44,0.09266796516203034,12.04004392600266,-1.6226909017738762,0,0.0,0.0,0.0,0.0,0.0,0.0,0.0,0.0,0.0,1.0026873353097225,1.0026873353097225,0.0
2024-01-20,16:06:00.000000000,48.87,397.44,,,,0,0.0,0.0,0.0,0.0,0.0,0.0,0.0,0.0,0.0,1.0026873353097225,1.0026873353097225,0.0
2024-01-20,16:07:00.000000000,48.87,397.44,,,,0,0.0,0.0,0.0,0.0,0.0,0.0,0.0,0.0,0.0,1.0026873353097225,1.0026873353097225,0.0
2024-01-20,16:08:00.000000000,48.87,397.44,0.09312326054392006,11.859091329424409,-1.6328112442407177,0,0.0,0.0,0.0,0.0,0.0,0.0,0.0,0.0,0.0,1.0026873353097225,1.0026873353097225,0.0
2024-01-20,16:09:00.000000000,48.87,397.44,,,,0,0.0,0.0,0.0,0.0,0.0,0.0,0.0,0.0,0.0,1.0026873353097225,1.0026873353097225,0.0
2024-01-20,16:10:00.000000000,48.87,397.44,,,,0,0.0,0.0,0.0,0.0,0.0,0.0,0.0,0.0,0.0,1.0026873353097225,1.0026873353097225,0.0
2024-01-20,16:11:00.000000000,48.87,397.44,0.09357876019482088,11.678057548170386,-1.6427819506770427,0,0.0,0.0,0.0,0.0,0.0,0.0,0.0,0.0,0.0,1.0026873353097225,1.0026873353097225,0.0
2024-01-20,16:12:00.000000000,48.87,397.44,,,,0,0.0,0.0,0.0,0.0,0.0,0.0,0.0,0.0,0.0,1.0026873353097225,1.0026873353097225,0.0
2024-01-20,16:13:00.000000000,48.87,397.44,,,,0,0.0,0.0,0.0,0.0,0.0,0.0,0.0,0.0,0.0,1.0026873353097225,1.0026873353097225,0.0
2024-01-20,16:14:00.000000000,48.87,397.44,0.09401627432673615,11.504171931581986,-1.6507238341035164,0,0.0,0.0,0.0,0.0,0.0,0.0,0.0,0.0,0.0,1.0026873353097225,1.0026873353097225,0.0
2024-01-20,16:15:00.000000000,48.87,397.44,,,,0,0.0,0.0,0.0,0.0,0.0,0.0,0.0,0.0,0.0,1.0026873353097225,1.0026873353097225,0.0
2024-01-20,16:16:00.000000000,48.87,397.44,,,,0,0.0,0.0,0.0,0.0,0.0,0.0,0.0,0.0,0.0,1.0026873353097225,1.0026873353097225,0.0
2024-01-20,16:17:00.000000000,48.87,397.44,0.09442707043713573,11.340905125464772,-1.6558406585012913,0,0.0,0.0,0.0,0.0,0.0,0.0,0.0,0.0,0.0,1.0026873353097225,1.0026873353097225,0.0
2024-01-20,16:18:00.000000000,48.87,397.44,,,,0,0.0,0.0,0.0,0.0,0.0,0.0,0.0,0.0,0.0,1.0026873353097225,1.0026873353097225,0.0
2024-01-20,16:19:00.000000000,48.87,397.44,,,,0,0.0,0.0,0.0,0.0,0.0,0.0,0.0,0.0,0.0,1.0026873353097225,1.0026873353097225,0.0
2024-01-20,16:20:00.000000000,48.87,397.44,0.09483521624519885,11.178691655508167,-1.660684463640439,0,0.0,0.0,0.0,0.0,0.0,0.0,0.0,0.0,0.0,1.0026873353097225,1.0026873353097225,0.0
2024-01-20,16:21:00.000000000,48.87,397.44,,,,0,0.0,0.0,0.0,0.0,0.0,0.0,0.0,0.0,0.0,1.0026873353097225,1.0026873353097225,0.0
2024-01-20,16:22:00.000000000,48.87,397.44,,,,0,0.0,0.0,0.0,0.0,0.0,0.0,0.0,0.0,0.0,1.0026873353097225,1.0026873353097225,0.0
2024-01-20,16:23:00.000000000,48.87,397.44,0.09523739895023295,11.018848161219417,-1.6648980027168692,0,0.0,0.0,0.0,0.0,0.0,0.0,0.0,0.0,0.0,1.0026873353097225,1.0026873353097225,0.0
2024-01-20,16:24:00.000000000,48.87,397.44,,,,0,0.0,0.0,0.0,0.0,0.0,0.0,0.0,0.0,0.0,1.0026873353097225,1.0026873353097225,0.0
2024-01-20,16:25:00.000000000,48.87,397.44,,,,0,0.0,0.0,0.0,0.0,0.0,0.0,0.0,0.0,0.0,1.0026873353097225,1.0026873353097225,0.0
2024-01-20,16:26:00.000000000,48.87,397.44,0.09561019009737913,10.870686047697639,-1.6660174606482778,0,0.0,0.0,0.0,0.0,0.0,0.0,0.0,0.0,0.0,1.0026873353097225,1.0026873353097225,0.0
2024-01-20,16:27:00.000000000,48.87,397.44,,,,0,0.0,0.0,0.0,0.0,0.0,0.0,0.0,0.0,0.0,1.0026873353097225,1.0026873353097225,0.0
2024-01-20,16:28:00.000000000,48.87,397.44,,,,0,0.0,0.0,0.0,0.0,0.0,0.0,0.0,0.0,0.0,1.0026873353097225,1.0026873353097225,0.0
2024-01-20,16:29:00.000000000,48.87,397.44,0.09596728988160064,10.72876030945664,-1.665613495834918,0,0.0,0.0,0.0,0.0,0.0,0.0,0.0,0.0,0.0,1.0026873353097225,1.0026873353097225,0.0
2024-01-20,16:30:00.000000000,48.87,397.44,,,,0,0.0,0.0,0.0,0.0,0.0,0.0,0.0,0.0,0.0,1.0026873353097225,1.0026873353097225,0.0
2024-01-20,16:31:00.000000000,48.87,397.44,,,,0,0.0,0.0,0.0,0.0,0.0,0.0,0.0,0.0,0.0,1.0026873353097225,1.0026873353097225,0.0
2024-01-20,16:32:00.000000000,48.87,397.44,0.09634707122013594,10.577820014269172,-1.667563922985626,0,0.0,0.0,0.0,0.0,0.0,0.0,0.0,0.0,0.0,1.0026873353097225,1.0026873353097225,0.0
2024-01-20,16:33:00.000000000,48.87,397.44,,,,0,0.0,0.0,0.0,0.0,0.0,0.0,0.0,0.0,0.0,1.0026873353097225,1.0026873353097225,0.0
2024-01-20,16:34:00.000000000,48.87,397.44,,,,0,0.0,0.0,0.0,0.0,0.0,0.0,0.0,0.0,0.0,1.0026873353097225,1.0026873353097225,0.0
2024-01-20,16:35:00.000000000,48.87,397.44,0.09670664977095064,10.434909115033378,-1.6675922039373472,0,0.0,0.0,0.0,0.0,0.0,0.0,0.0,0.0,0.0,1.0026873353097225,1.0026873353097225,0.0
2024-01-20,16:36:00.000000000,48.87,397.44,,,,0,0.0,0.0,0.0,0.0,0.0,0.0,0.0,0.0,0.0,1.0026873353097225,1.0026873353097225,0.0
2024-01-20,16:37:00.000000000,48.87,397.44,,,,0,0.0,0.0,0.0,0.0,0.0,0.0,0.0,0.0,0.0,1.0026873353097225,1.0026873353097225,0.0
2024-01-20,16:38:00.000000000,48.87,397.44,0.09707675901366171,10.287812897610287,-1.6688218160056616,0,0.0,0.0,0.0,0.0,0.0,0.0,0.0,0.0,0.0,1.0026873353097225,1.0026873353097225,0.0
2024-01-20,16:39:00.000000000,48.87,397.44,,,,0,0.0,0.0,0.0,0.0,0.0,0.0,0.0,0.0,0.0,1.0026873353097225,1.0026873353097225,0.0
2024-01-20,16:40:00.000000000,48.87,397.44,,,,0,0.0,0.0,0.0,0.0,0.0,0.0,0.0,0.0,0.0,1.0026873353097225,1.0026873353097225,0.0
2024-01-20,16:41:00.000000000,48.87,397.44,0.09742956526601528,10.147593580674886,-1.668103526761678,0,0.0,0.0,0.0,0.0,0.0,0.0,0.0,0.0,0.0,1.0026873353097225,1.0026873353097225,0.0
2024-01-20,16:42:00.000000000,48.87,397.44,,,,0,0.0,0.0,0.0,0.0,0.0,0.0,0.0,0.0,0.0,1.0026873353097225,1.0026873353097225,0.0
2024-01-20,16:43:00.000000000,48.87,397.44,,,,0,0.0,0.0,0.0,0.0,0.0,0.0,0.0,0.0,0.0,1.0026873353097225,1.0026873353097225,0.0
2024-01-20,16:44:00.000000000,48.87,397.44,0.09776865908052783,10.012824135035018,-1.6661669368688279,0,0.0,0.0,0.0,0.0,0.0,0.0,0.0,0.0,0.0,1.0026873353097225,1.0026873353097225,0.0
2024-01-20,16:45:00.000000000,48.87,397.44,,,,0,0.0,0.0,0.0,0.0,0.0,0.0,0.0,0.0,0.0,1.0026873353097225,1.0026873353097225,0.0
2024-01-20,16:46:00.000000000,48.87,397.44,,,,0,0.0,0.0,0.0,0.0,0.0,0.0,0.0,0.0,0.0,1.0026873353097225,1.0026873353097225,0.0
2024-01-20,16:47:00.000000000,48.87,397.44,0.098120383724526,9.873034692524385,-1.6655187848901767,0,0.0,0.0,0.0,0.0,0.0,0.0,0.0,0.0,0.0,1.0026873353097225,1.0026873353097225,0.0
2024-01-20,16:48:00.000000000,48.87,397.44,,,,0,0.0,0.0,0.0,0.0,0.0,0.0,0.0,0.0,0.0,1.0026873353097225,1.0026873353097225,0.0
2024-01-20,16:49:00.000000000,48.87,397.44,,,,0,0.0,0.0,0.0,0.0,0.0,0.0,0.0,0.0,0.0,1.0026873353097225,1.0026873353097225,0.0
2024-01-20,16:50:00.000000000,48.87,397.44,0.09846301961674657,9.73685748352024,-1.6644389432221682,0,0.0,0.0,0.0,0.0,0.0,0.0,0.0,0.0,0.0,1.0026873353097225,1.0026873353097225,0.0
2024-01-20,16:51:00.000000000,48.87,397.44,,,,0,0.0,0.0,0.0,0.0,0.0,0.0,0.0,0.0,0.0,1.0026873353097225,1.0026873353097225,0.0
2024-01-20,16:52:00.000000000,48.87,397.44,,,,0,0.0,0.0,0.0,0.0,0.0,0.0,0.0,0.0,0.0,1.0026873353097225,1.0026873353097225,0.0
2024-01-20,16:53:00.000000000,48.87,397.44,0.0988480541801808,9.583829346628939,-1.6676395086549574,0,0.0,0.0,0.0,0.0,0.0,0.0,0.0,0.0,0.0,1.0026873353097225,1.0026873353097225,0.0
2024-01-20,16:54:00.000000000,48.87,397.44,,,,0,0.0,0.0,0.0,0.0,0.0,0.0,0.0,0.0,0.0,1.0026873353097225,1.0026873353097225,0.0
2024-01-20,16:55:00.000000000,48.87,397.44,,,,0,0.0,0.0,0.0,0.0,0.0,0.0,0.0,0.0,0.0,1.0026873353097225,1.0026873353097225,0.0
2024-01-20,16:56:00.000000000,48.87,397.44,0.09922993765202387,9.43205357957963,-1.6703186284249931,0,0.0,0.0,0.0,0.0,0.0,0.0,0.0,0.0,0.0,1.0026873353097225,1.0026873353097225,0.0
2024-01-20,16:57:00.000000000,48.87,397.44,,,,0,0.0,0.0,0.0,0.0,0.0,0.0,0.0,0.0,0.0,1.0026873353097225,1.0026873353097225,0.0
2024-01-20,16:58:00.000000000,48.87,397.44,,,,0,0.0,0.0,0.0,0.0,0.0,0.0,0.0,0.0,0.0,1.0026873353097225,1.0026873353097225,0.0
2024-01-20,16:59:00.000000000,48.87,397.44,0.09964350322998035,9.267686076276611,-1.6763248832005073,0,0.0,0.0,0.0,0.0,0.0,0.0,0.0,0.0,0.0,1.0026873353097225,1.0026873353097225,0.0
2024-01-20,17:00:00.000000000,48.87,397.44,,,,0,0.0,0.0,0.0,0.0,0.0,0.0,0.0,0.0,0.0,1.0026873353097225,1.0026873353097225,0.0
2024-01-20,17:01:00.000000000,48.87,397.44,,,,0,0.0,0.0,0.0,0.0,0.0,0.0,0.0,0.0,0.0,1.0026873353097225,1.0026873353097225,0.0
2024-01-20,17:02:00.000000000,48.87,397.44,0.10004982819314291,9.106196282917281,-1.6815895152828098,0,0.0,0.0,0.0,0.0,0.0,0.0,0.0,0.0,0.0,1.0026873353097225,1.0026873353097225,0.0
2024-01-20,17:03:00.000000000,48.87,397.44,,,,0,0.0,0.0,0.0,0.0,0.0,0.0,0.0,0.0,0.0,1.0026873353097225,1.0026873353097225,0.0
2024-01-20,17:04:00.000000000,48.87,397.44,,,,0,0.0,0.0,0.0,0.0,0.0,0.0,0.0,0.0,0.0,1.0026873353097225,1.0026873353097225,0.0
2024-01-20,17:05:00.000000000,48.87,397.44,0.1005020751787737,8.92645524094818,-1.6914332335097944,0,0.0,0.0,0.0,0.0,0.0,0.0,0.0,0.0,0.0,1.0026873353097225,1.0026873353097225,0.0
2024-01-20,17:06:00.000000000,48.87,397.44,,,,0,0.0,0.0,0.0,0.0,0.0,0.0,0.0,0.0,0.0,1.0026873353097225,1.0026873353097225,0.0
2024-01-20,17:07:00.000000000,48.87,397.44,,,,0,0.0,0.0,0.0,0.0,0.0,0.0,0.0,0.0,0.0,1.0026873353097225,1.0026873353097225,0.0
2024-01-20,17:08:00.000000000,48.87,397.44,0.1009359575543153,8.754013029612928,-1.698970491181498,0,0.0,0.0,0.0,0.0,0.0,0.0,0.0,0.0,0.0,1.0026873353097225,1.0026873353097225,0.0
2024-01-20,17:09:00.000000000,48.87,397.44,,,,0,0.0,0.0,0.0,0.0,0.0,0.0,0.0,0.0,0.0,1.0026873353097225,1.0026873353097225,0.0
2024-01-20,17:10:00.000000000,48.87,397.44,,,,0,0.0,0.0,0.0,0.0,0.0,0.0,0.0,0.0,0.0,1.0026873353097225,1.0026873353097225,0.0
2024-01-20,17:11:00.000000000,48.87,397.44,0.1013795518153724,8.57771092649839,-1.7072327367153015,0,0.0,0.0,0.0,0.0,0.0,0.0,0.0,0.0,0.0,1.0026873353097225,1.0026873353097225,0.0
2024-01-20,17:12:00.000000000,48.87,397.44,,,,0,0.0,0.0,0.0,0.0,0.0,0.0,0.0,0.0,0.0,1.0026873353097225,1.0026873353097225,0.0
2024-01-20,17:13:00.000000000,48.87,397.44,,,,0,0.0,0.0,0.0,0.0,0.0,0.0,0.0,0.0,0.0,1.0026873353097225,1.0026873353097225,0.0
2024-01-20,17:14:00.000000000,48.87,397.44,0.10180588353769794,8.408269646777327,-1.7129566327453871,0,0.0,0.0,0.0,0.0,0.0,0.0,0.0,0.0,0.0,1.0026873353097225,1.0026873353097225,0.0
2024-01-20,17:15:00.000000000,48.87,397.44,,,,0,0.0,0.0,0.0,0.0,0.0,0.0,0.0,0.0,0.0,1.0026873353097225,1.0026873353097225,0.0
2024-01-20,17:16:00.000000000,48.87,397.44,,,,0,0.0,0.0,0.0,0.0,0.0,0.0,0.0,0.0,0.0,1.0026873353097225,1.0026873353097225,0.0
2024-01-20,17:17:00.000000000,48.87,397.44,0.10225582337415802,8.229445558174632,-1.720885043403785,0,0.0,0.0,0.0,0.0,0.0,0.0,0.0,0.0,0.0,1.0026873353097225,1.0026873353097225,0.0
2024-01-20,17:18:00.000000000,48.87,397.44,,,,0,0.0,0.0,0.0,0.0,0.0,0.0,0.0,0.0,0.0,1.0026873353097225,1.0026873353097225,0.0
2024-01-20,17:19:00.000000000,48.87,397.44,,,,0,0.0,0.0,0.0,0.0,0.0,0.0,0.0,0.0,0.0,1.0026873353097225,1.0026873353097225,0.0
2024-01-20,17:20:00.000000000,48.87,397.44,0.1027059756097523,8.050537053660044,-1.7282345974036686,0,0.0,0.0,0.0,0.0,0.0,0.0,0.0,0.0,0.0,1.0026873353097225,1.0026873353097225,0.0
2024-01-20,17:21:00.000000000,48.87,397.44,,,,0,0.0,0.0,0.0,0.0,0.0,0.0,0.0,0.0,0.0,1.0026873353097225,1.0026873353097225,0.0
2024-01-20,17:22:00.000000000,48.87,397.44,,,,0,0.0,0.0,0.0,0.0,0.0,0.0,0.0,0.0,0.0,1.0026873353097225,1.0026873353097225,0.0
2024-01-20,17:23:00.000000000,48.87,397.44,0.10315316773890039,7.872805013851426,-1.7346832333148814,0,0.0,0.0,0.0,0.0,0.0,0.0,0.0,0.0,0.0,1.0026873353097225,1.0026873353097225,0.0
2024-01-20,17:24:00.000000000,48.87,397.44,,,,0,0.0,0.0,0.0,0.0,0.0,0.0,0.0,0.0,0.0,1.0026873353097225,1.0026873353097225,0.0
2024-01-20,17:25:00.000000000,48.87,397.44,,,,0,0.0,0.0,0.0,0.0,0.0,0.0,0.0,0.0,0.0,1.0026873353097225,1.0026873353097225,0.0
2024-01-20,17:26:00.000000000,48.87,397.44,0.10360236392045233,7.694276483455425,-1.7411137207955665,0,0.0,0.0,0.0,0.0,0.0,0.0,0.0,0.0,0.0,1.0026873353097225,1.0026873353097225,0.0
2024-01-20,17:27:00.000000000,48.87,397.44,,,,0,0.0,0.0,0.0,0.0,0.0,0.0,0.0,0.0,0.0,1.0026873353097225,1.0026873353097225,0.0
2024-01-20,17:28:00.000000000,48.87,397.44,,,,0,0.0,0.0,0.0,0.0,0.0,0.0,0.0,0.0,0.0,1.0026873353097225,1.0026873353097225,0.0
2024-01-20,17:29:00.000000000,48.87,397.44,0.10403024450127153,7.524219625414638,-1.7446038546528202,0,0.0,0.0,0.0,0.0,0.0,0.0,0.0,0.0,0.0,1.0026873353097225,1.0026873353097225,0.0
2024-01-20,17:30:00.000000000,48.87,397.44,,,,0,0.0,0.0,0.0,0.0,0.0,0.0,0.0,0.0,0.0,1.0026873353097225,1.0026873353097225,0.0
2024-01-20,17:31:00.000000000,48.87,397.44,,,,0,0.0,0.0,0.0,0.0,0.0,0.0,0.0,0.0,0.0,1.0026873353097225,1.0026873353097225,0.0
2024-01-20,17:32:00.000000000,48.87,397.44,0.10445380055732371,7.355881506497262,-1.7469559045874536,0,0.0,0.0,0.0,0.0,0.0,0.0,0.0,0.0,0.0,1.0026873353097225,1.0026873353097225,0.0
2024-01-20,17:33:00.000000000,48.87,397.44,,,,0,0.0,0.0,0.0,0.0,0.0,0.0,0.0,0.0,0.0,1.0026873353097225,1.0026873353097225,0.0
2024-01-20,17:34:00.000000000,48.87,397.44,,,,0,0.0,0.0,0.0,0.0,0.0,0.0,0.0,0.0,0.0,1.0026873353097225,1.0026873353097225,0.0
2024-01-20,17:35:00.000000000,48.87,397.44,0.10487841843794092,7.187121376024756,-1.7490147275733157,0,0.0,0.0,0.0,0.0,0.0,0.0,0.0,0.0,0.0,1.0026873353097225,1.0026873353097225,0.0
2024-01-20,17:36:00.000000000,48.87,397.44,,,,0,0.0,0.0,0.0,0.0,0.0,0.0,0.0,0.0,0.0,1.0026873353097225,1.0026873353097225,0.0
2024-01-20,17:37:00.000000000,48.87,397.44,,,,0,0.0,0.0,0.0,0.0,0.0,0.0,0.0,0.0,0.0,1.0026873353097225,1.0026873353097225,0.0
2024-01-20,17:38:00.000000000,48.87,397.44,0.10533263986448091,7.006595612260703,-1.7536591818557683,0,0.0,0.0,0.0,0.0,0.0,0.0,0.0,0.0,0.0,1.0026873353097225,1.0026873353097225,0.0
2024-01-20,17:39:00.000000000,48.87,397.44,,,,0,0.0,0.0,0.0,0.0,0.0,0.0,0.0,0.0,0.0,1.0026873353097225,1.0026873353097225,0.0
2024-01-20,17:40:00.000000000,48.87,397.44,,,,0,0.0,0.0,0.0,0.0,0.0,0.0,0.0,0.0,0.0,1.0026873353097225,1.0026873353097225,0.0
2024-01-20,17:41:00.000000000,48.87,397.44,0.10574328944099065,6.8433870445726726,-1.7528424885589269,0,0.0,0.0,0.0,0.0,0.0,0.0,0.0,0.0,0.0,1.0026873353097225,1.0026873353097225,0.0
2024-01-20,17:42:00.000000000,48.87,397.44,,,,0,0.0,0.0,0.0,0.0,0.0,0.0,0.0,0.0,0.0,1.0026873353097225,1.0026873353097225,0.0
2024-01-20,17:43:00.000000000,48.87,397.44,,,,0,0.0,0.0,0.0,0.0,0.0,0.0,0.0,0.0,0.0,1.0026873353097225,1.0026873353097225,0.0
2024-01-20,17:44:00.000000000,48.87,397.44,0.10615288045826272,6.680599190668062,-1.7513660120133523,0,0.0,0.0,0.0,0.0,0.0,0.0,0.0,0.0,0.0,1.0026873353097225,1.0026873353097225,0.0
2024-01-20,17:45:00.000000000,48.87,397.44,,,,0,0.0,0.0,0.0,0.0,0.0,0.0,0.0,0.0,0.0,1.0026873353097225,1.0026873353097225,0.0
2024-01-20,17:46:00.000000000,48.87,397.44,,,,0,0.0,0.0,0.0,0.0,0.0,0.0,0.0,0.0,0.0,1.0026873353097225,1.0026873353097225,0.0
2024-01-20,17:47:00.000000000,48.87,397.44,0.10663056002537934,6.490750223513231,-1.7564424703653405,0,0.0,0.0,0.0,0.0,0.0,0.0,0.0,0.0,0.0,1.0026873353097225,1.0026873353097225,0.0
2024-01-20,17:48:00.000000000,48.87,397.44,,,,0,0.0,0.0,0.0,0.0,0.0,0.0,0.0,0.0,0.0,1.0026873353097225,1.0026873353097225,0.0
2024-01-20,17:49:00.000000000,48.87,397.44,,,,0,0.0,0.0,0.0,0.0,0.0,0.0,0.0,0.0,0.0,1.0026873353097225,1.0026873353097225,0.0
2024-01-20,17:50:00.000000000,48.87,397.44,0.10708406498689821,6.310509211607176,-1.75788387255836,0,0.0,0.0,0.0,0.0,0.0,0.0,0.0,0.0,0.0,1.0026873353097225,1.0026873353097225,0.0
2024-01-20,17:51:00.000000000,48.87,397.44,,,,0,0.0,0.0,0.0,0.0,0.0,0.0,0.0,0.0,0.0,1.0026873353097225,1.0026873353097225,0.0
2024-01-20,17:52:00.000000000,48.87,397.44,,,,0,0.0,0.0,0.0,0.0,0.0,0.0,0.0,0.0,0.0,1.0026873353097225,1.0026873353097225,0.0
2024-01-20,17:53:00.000000000,48.87,397.44,0.10754609849106252,6.1268786157121085,-1.7595252432814301,0,0.0,0.0,0.0,0.0,0.0,0.0,0.0,0.0,0.0,1.0026873353097225,1.0026873353097225,0.0
2024-01-20,17:54:00.000000000,48.87,397.44,,,,0,0.0,0.0,0.0,0.0,0.0,0.0,0.0,0.0,0.0,1.0026873353097225,1.0026873353097225,0.0
2024-01-20,17:55:00.000000000,48.87,397.44,,,,0,0.0,0.0,0.0,0.0,0.0,0.0,0.0,0.0,0.0,1.0026873353097225,1.0026873353097225,0.0
2024-01-20,17:56:00.000000000,48.87,397.44,0.10800070857184184,5.946198385207175,-1.7597165864550375,0,0.0,0.0,0.0,0.0,0.0,0.0,0.0,0.0,0.0,1.0026873353097225,1.0026873353097225,0.0
2024-01-20,17:57:00.000000000,48.87,397.44,,,,0,0.0,0.0,0.0,0.0,0.0,0.0,0.0,0.0,0.0,1.0026873353097225,1.0026873353097225,0.0
2024-01-20,17:58:00.000000000,48.87,397.44,,,,0,0.0,0.0,0.0,0.0,0.0,0.0,0.0,0.0,0.0,1.0026873353097225,1.0026873353097225,0.0
2024-01-20,17:59:00.000000000,48.87,397.44,0.10847566466160054,5.757431836893481,-1.7611568959532944,0,0.0,0.0,0.0,0.0,0.0,0.0,0.0,0.0,0.0,1.0026873353097225,1.0026873353097225,0.0
2024-01-20,18:00:00.000000000,48.87,397.44,,,,0,0.0,0.0,0.0,0.0,0.0,0.0,0.0,0.0,0.0,1.0026873353097225,1.0026873353097225,0.0
2024-01-20,18:01:00.000000000,48.87,397.44,,,,0,0.0,0.0,0.0,0.0,0.0,0.0,0.0,0.0,0.0,1.0026873353097225,1.0026873353097225,0.0
2024-01-20,18:02:00.000000000,48.87,397.44,0.10894143900631513,5.57231448133011,-1.7614661573364088,0,0.0,0.0,0.0,0.0,0.0,0.0,0.0,0.0,0.0,1.0026873353097225,1.0026873353097225,0.0
2024-01-20,18:03:00.000000000,48.87,397.44,,,,0,0.0,0.0,0.0,0.0,0.0,0.0,0.0,0.0,0.0,1.0026873353097225,1.0026873353097225,0.0
2024-01-20,18:04:00.000000000,48.87,397.44,,,,0,0.0,0.0,0.0,0.0,0.0,0.0,0.0,0.0,0.0,1.0026873353097225,1.0026873353097225,0.0
2024-01-20,18:05:00.000000000,48.87,397.44,0.1093979422954668,5.390881814089674,-1.7606270125541728,0,0.0,0.0,0.0,0.0,0.0,0.0,0.0,0.0,0.0,1.0026873353097225,1.0026873353097225,0.0
2024-01-20,18:06:00.000000000,48.87,397.44,,,,0,0.0,0.0,0.0,0.0,0.0,0.0,0.0,0.0,0.0,1.0026873353097225,1.0026873353097225,0.0
2024-01-20,18:07:00.000000000,48.87,397.44,,,,0,0.0,0.0,0.0,0.0,0.0,0.0,0.0,0.0,0.0,1.0026873353097225,1.0026873353097225,0.0
2024-01-20,18:08:00.000000000,48.87,397.44,0.10986302191789947,5.20604056895003,-1.7607578449901111,0,0.0,0.0,0.0,0.0,0.0,0.0,0.0,0.0,0.0,1.0026873353097225,1.0026873353097225,0.0
2024-01-20,18:09:00.000000000,48.87,397.44,,,,0,0.0,0.0,0.0,0.0,0.0,0.0,0.0,0.0,0.0,1.0026873353097225,1.0026873353097225,0.0
2024-01-20,18:10:00.000000000,48.87,397.44,,,,0,0.0,0.0,0.0,0.0,0.0,0.0,0.0,0.0,0.0,1.0026873353097225,1.0026873353097225,0.0
2024-01-20,18:11:00.000000000,48.87,397.44,0.11035546804764647,5.010322779143387,-1.76371205938246,0,0.0,0.0,0.0,0.0,0.0,0.0,0.0,0.0,0.0,1.0026873353097225,1.0026873353097225,0.0
2024-01-20,18:12:00.000000000,48.87,397.44,,,,0,0.0,0.0,0.0,0.0,0.0,0.0,0.0,0.0,0.0,1.0026873353097225,1.0026873353097225,0.0
2024-01-20,18:13:00.000000000,48.87,397.44,,,,0,0.0,0.0,0.0,0.0,0.0,0.0,0.0,0.0,0.0,1.0026873353097225,1.0026873353097225,0.0
2024-01-20,18:14:00.000000000,48.87,397.44,0.110845096101215,4.8157250055331104,-1.7666034327635145,0,0.0,0.0,0.0,0.0,0.0,0.0,0.0,0.0,0.0,1.0026873353097225,1.0026873353097225,0.0
2024-01-20,18:15:00.000000000,48.87,397.44,,,,0,0.0,0.0,0.0,0.0,0.0,0.0,0.0,0.0,0.0,1.0026873353097225,1.0026873353097225,0.0
2024-01-20,18:16:00.000000000,48.87,397.44,,,,0,0.0,0.0,0.0,0.0,0.0,0.0,0.0,0.0,0.0,1.0026873353097225,1.0026873353097225,0.0
2024-01-20,18:17:00.000000000,48.87,397.44,0.11129509206371903,4.6368786101955095,-1.7650944731035263,0,0.0,0.0,0.0,0.0,0.0,0.0,0.0,0.0,0.0,1.0026873353097225,1.0026873353097225,0.0
2024-01-20,18:18:00.000000000,48.87,397.44,,,,0,0.0,0.0,0.0,0.0,0.0,0.0,0.0,0.0,0.0,1.0026873353097225,1.0026873353097225,0.0
2024-01-20,18:19:00.000000000,48.87,397.44,,,,0,0.0,0.0,0.0,0.0,0.0,0.0,0.0,0.0,0.0,1.0026873353097225,1.0026873353097225,0.0
2024-01-20,18:20:00.000000000,48.87,397.44,0.11174358290618028,4.458630409767707,-1.763359067642717,0,0.0,0.0,0.0,0.0,0.0,0.0,0.0,0.0,0.0,1.0026873353097225,1.0026873353097225,0.0
2024-01-20,18:21:00.000000000,48.87,397.44,,,,0,0.0,0.0,0.0,0.0,0.0,0.0,0.0,0.0,0.0,1.0026873353097225,1.0026873353097225,0.0
2024-01-20,18:22:00.000000000,48.87,397.44,,,,0,0.0,0.0,0.0,0.0,0.0,0.0,0.0,0.0,0.0,1.0026873353097225,1.0026873353097225,0.0
2024-01-20,18:23:00.000000000,48.87,397.44,0.11220634024181192,4.274712134294269,-1.7646163963520098,0,0.0,0.0,0.0,0.0,0.0,0.0,0.0,0.0,0.0,1.0026873353097225,1.0026873353097225,0.0
2024-01-20,18:24:00.000000000,48.87,397.44,,,,0,0.0,0.0,0.0,0.0,0.0,0.0,0.0,0.0,0.0,1.0026873353097225,1.0026873353097225,0.0
2024-01-20,18:25:00.000000000,48.87,397.44,,,,0,0.0,0.0,0.0,0.0,0.0,0.0,0.0,0.0,0.0,1.0026873353097225,1.0026873353097225,0.0
2024-01-20,18:26:00.000000000,48.87,397.44,0.1126620975438296,4.093575952180366,-1.7649880012758514,0,0.0,0.0,0.0,0.0,0.0,0.0,0.0,0.0,0.0,1.0026873353097225,1.0026873353097225,0.0
2024-01-20,18:27:00.000000000,48.87,397.44,,,,0,0.0,0.0,0.0,0.0,0.0,0.0,0.0,0.0,0.0,1.0026873353097225,1.0026873353097225,0.0
2024-01-20,18:28:00.000000000,48.87,397.44,,,,0,0.0,0.0,0.0,0.0,0.0,0.0,0.0,0.0,0.0,1.0026873353097225,1.0026873353097225,0.0
2024-01-20,18:29:00.000000000,48.87,397.44,0.11310018183989909,3.9194637295505004,-1.763331829339686,0,0.0,0.0,0.0,0.0,0.0,0.0,0.0,0.0,0.0,1.0026873353097225,1.0026873353097225,0.0
2024-01-20,18:30:00.000000000,48.87,397.44,,,,0,0.0,0.0,0.0,0.0,0.0,0.0,0.0,0.0,0.0,1.0026873353097225,1.0026873353097225,0.0
2024-01-20,18:31:00.000000000,48.87,397.44,,,,0,0.0,0.0,0.0,0.0,0.0,0.0,0.0,0.0,0.0,1.0026873353097225,1.0026873353097225,0.0
2024-01-20,18:32:00.000000000,48.87,397.44,0.11354225235337055,3.7437672246764038,-1.7621204397499428,0,0.0,0.0,0.0,0.0,0.0,0.0,0.0,0.0,0.0,1.0026873353097225,1.0026873353097225,0.0
2024-01-20,18:33:00.000000000,48.87,397.44,,,,0,0.0,0.0,0.0,0.0,0.0,0.0,0.0,0.0,0.0,1.0026873353097225,1.0026873353097225,0.0
2024-01-20,18:34:00.000000000,48.87,397.44,,,,0,0.0,0.0,0.0,0.0,0.0,0.0,0.0,0.0,0.0,1.0026873353097225,1.0026873353097225,0.0
2024-01-20,18:35:00.000000000,48.87,397.44,0.11393997433967774,3.5856965984384743,-1.7564078263925325,0,0.0,0.0,0.0,0.0,0.0,0.0,0.0,0.0,0.0,1.0026873353097225,1.0026873353097225,0.0
2024-01-20,18:36:00.000000000,48.87,397.44,,,,0,0.0,0.0,0.0,0.0,0.0,0.0,0.0,0.0,0.0,1.0026873353097225,1.0026873353097225,0.0
2024-01-20,18:37:00.000000000,48.87,397.44,,,,0,0.0,0.0,0.0,0.0,0.0,0.0,0.0,0.0,0.0,1.0026873353097225,1.0026873353097225,0.0
2024-01-20,18:38:00.000000000,48.87,397.44,0.11431732389994177,3.4357227892071407,-1.748691482879443,0,0.0,0.0,0.0,0.0,0.0,0.0,0.0,0.0,0.0,1.0026873353097225,1.0026873353097225,0.0
2024-01-20,18:39:00.000000000,48.87,397.44,,,,0,0.0,0.0,0.0,0.0,0.0,0.0,0.0,0.0,0.0,1.0026873353097225,1.0026873353097225,0.0
2024-01-20,18:40:00.000000000,48.87,397.44,,,,0,0.0,0.0,0.0,0.0,0.0,0.0,0.0,0.0,0.0,1.0026873353097225,1.0026873353097225,0.0
2024-01-20,18:41:00.000000000,48.87,397.44,0.11468277240560872,3.2904789351148693,-1.739908928954003,0,0.0,0.0,0.0,0.0,0.0,0.0,0.0,0.0,0.0,1.0026873353097225,1.0026873353097225,0.0
2024-01-20,18:42:00.000000000,48.87,397.44,,,,0,0.0,0.0,0.0,0.0,0.0,0.0,0.0,0.0,0.0,1.0026873353097225,1.0026873353097225,0.0
2024-01-20,18:43:00.000000000,48.87,397.44,,,,0,0.0,0.0,0.0,0.0,0.0,0.0,0.0,0.0,0.0,1.0026873353097225,1.0026873353097225,0.0
2024-01-20,18:44:00.000000000,48.87,397.44,0.11506940472200154,3.136815787287702,-1.7334422695579286,0,0.0,0.0,0.0,0.0,0.0,0.0,0.0,0.0,0.0,1.0026873353097225,1.0026873353097225,0.0
2024-01-20,18:45:00.000000000,48.87,397.44,,,,0,0.0,0.0,0.0,0.0,0.0,0.0,0.0,0.0,0.0,1.0026873353097225,1.0026873353097225,0.0
2024-01-20,18:46:00.000000000,48.87,397.44,,,,0,0.0,0.0,0.0,0.0,0.0,0.0,0.0,0.0,0.0,1.0026873353097225,1.0026873353097225,0.0
2024-01-20,18:47:00.000000000,48.87,397.44,0.11544556471365501,2.987314760204953,-1.7261523395578402,0,0.0,0.0,0.0,0.0,0.0,0.0,0.0,0.0,0.0,1.0026873353097225,1.0026873353097225,0.0
2024-01-20,18:48:00.000000000,48.87,397.44,,,,0,0.0,0.0,0.0,0.0,0.0,0.0,0.0,0.0,0.0,1.0026873353097225,1.0026873353097225,0.0
2024-01-20,18:49:00.000000000,48.87,397.44,,,,0,0.0,0.0,0.0,0.0,0.0,0.0,0.0,0.0,0.0,1.0026873353097225,1.0026873353097225,0.0
2024-01-20,18:50:00.000000000,48.87,397.44,0.11583097883577176,2.834135771510873,-1.7199967250190795,0,0.0,0.0,0.0,0.0,0.0,0.0,0.0,0.0,0.0,1.0026873353097225,1.0026873353097225,0.0
2024-01-20,18:51:00.000000000,48.87,397.44,,,,0,0.0,0.0,0.0,0.0,0.0,0.0,0.0,0.0,0.0,1.0026873353097225,1.0026873353097225,0.0
2024-01-20,18:52:00.000000000,48.87,397.44,,,,0,0.0,0.0,0.0,0.0,0.0,0.0,0.0,0.0,0.0,1.0026873353097225,1.0026873353097225,0.0
2024-01-20,18:53:00.000000000,48.87,397.44,0.11620596315333198,2.6851020043397327,-1.7130769208052343,0,0.0,0.0,0.0,0.0,0.0,0.0,0.0,0.0,0.0,1.0026873353097225,1.0026873353097225,0.0
2024-01-20,18:54:00.000000000,48.87,397.44,,,,0,0.0,0.0,0.0,0.0,0.0,0.0,0.0,0.0,0.0,1.0026873353097225,1.0026873353097225,0.0
2024-01-20,18:55:00.000000000,48.87,397.44,,,,0,0.0,0.0,0.0,0.0,0.0,0.0,0.0,0.0,0.0,1.0026873353097225,1.0026873353097225,0.0
2024-01-20,18:56:00.000000000,48.87,397.44,0.11657610238171014,2.537993869413121,-1.7059412281053206,0,0.0,0.0,0.0,0.0,0.0,0.0,0.0,0.0,0.0,1.0026873353097225,1.0026873353097225,0.0
2024-01-20,18:57:00.000000000,48.87,397.44,,,,0,0.0,0.0,0.0,0.0,0.0,0.0,0.0,0.0,0.0,1.0026873353097225,1.0026873353097225,0.0
2024-01-20,18:58:00.000000000,48.87,397.44,,,,0,0.0,0.0,0.0,0.0,0.0,0.0,0.0,0.0,0.0,1.0026873353097225,1.0026873353097225,0.0
2024-01-20,18:59:00.000000000,48.87,397.44,0.11693065853526269,2.397079071745196,-1.697635987039025,0,0.0,0.0,0.0,0.0,0.0,0.0,0.0,0.0,0.0,1.0026873353097225,1.0026873353097225,0.0
2024-01-20,19:00:00.000000000,48.87,397.44,,,,0,0.0,0.0,0.0,0.0,0.0,0.0,0.0,0.0,0.0,1.0026873353097225,1.0026873353097225,0.0
2024-01-20,19:01:00.000000000,48.87,397.44,,,,0,0.0,0.0,0.0,0.0,0.0,0.0,0.0,0.0,0.0,1.0026873353097225,1.0026873353097225,0.0
2024-01-20,19:02:00.000000000,48.87,397.44,0.1173125697499794,2.2452922785681864,-1.6925503025685336,0,0.0,0.0,0.0,0.0,0.0,0.0,0.0,0.0,0.0,1.0026873353097225,1.0026873353097225,0.0
2024-01-20,19:03:00.000000000,48.87,397.44,,,,0,0.0,0.0,0.0,0.0,0.0,0.0,0.0,0.0,0.0,1.0026873353097225,1.0026873353097225,0.0
2024-01-20,19:04:00.000000000,48.87,397.44,,,,0,0.0,0.0,0.0,0.0,0.0,0.0,0.0,0.0,0.0,1.0026873353097225,1.0026873353097225,0.0
2024-01-20,19:05:00.000000000,48.87,397.44,0.11770537593691625,2.089175387632004,-1.6889154906181805,0,0.0,0.0,0.0,0.0,0.0,0.0,0.0,0.0,0.0,1.0026873353097225,1.0026873353097225,0.0
2024-01-20,19:06:00.000000000,48.87,397.44,,,,0,0.0,0.0,0.0,0.0,0.0,0.0,0.0,0.0,0.0,1.0026873353097225,1.0026873353097225,0.0
2024-01-20,19:07:00.000000000,48.87,397.44,,,,0,0.0,0.0,0.0,0.0,0.0,0.0,0.0,0.0,0.0,1.0026873353097225,1.0026873353097225,0.0
2024-01-20,19:08:00.000000000,48.87,397.44,0.11809523531500539,1.9342296764042572,-1.685239106035282,0,0.0,0.0,0.0,0.0,0.0,0.0,0.0,0.0,0.0,1.0026873353097225,1.0026873353097225,0.0
2024-01-20,19:09:00.000000000,48.87,397.44,,,,0,0.0,0.0,0.0,0.0,0.0,0.0,0.0,0.0,0.0,1.0026873353097225,1.0026873353097225,0.0
2024-01-20,19:10:00.000000000,48.87,397.44,,,,0,0.0,0.0,0.0,0.0,0.0,0.0,0.0,0.0,0.0,1.0026873353097225,1.0026873353097225,0.0
2024-01-20,19:11:00.000000000,48.87,397.44,0.11846240696015121,1.7883009777575012,-1.6796122812245424,0,0.0,0.0,0.0,0.0,0.0,0.0,0.0,0.0,0.0,1.0026873353097225,1.0026873353097225,0.0
2024-01-20,19:12:00.000000000,48.87,397.44,,,,0,0.0,0.0,0.0,0.0,0.0,0.0,0.0,0.0,0.0,1.0026873353097225,1.0026873353097225,0.0
2024-01-20,19:13:00.000000000,48.87,397.44,,,,0,0.0,0.0,0.0,0.0,0.0,0.0,0.0,0.0,0.0,1.0026873353097225,1.0026873353097225,0.0
2024-01-20,19:14:00.000000000,48.87,397.44,0.11883788463542239,1.639071130497726,-1.6752775835794227,0,0.0,0.0,0.0,0.0,0.0,0.0,0.0,0.0,0.0,1.0026873353097225,1.0026873353097225,0.0
2024-01-20,19:15:00.000000000,48.87,397.44,,,,0,0.0,0.0,0.0,0.0,0.0,0.0,0.0,0.0,0.0,1.0026873353097225,1.0026873353097225,0.0
2024-01-20,19:16:00.000000000,48.87,397.44,,,,0,0.0,0.0,0.0,0.0,0.0,0.0,0.0,0.0,0.0,1.0026873353097225,1.0026873353097225,0.0
2024-01-20,19:17:00.000000000,48.87,397.44,0.11920397968492151,1.4935703140247938,-1.6703692004885573,0,0.0,0.0,0.0,0.0,0.0,0.0,0.0,0.0,0.0,1.0026873353097225,1.0026873353097225,0.0
2024-01-20,19:18:00.000000000,48.87,397.44,,,,0,0.0,0.0,0.0,0.0,0.0,0.0,0.0,0.0,0.0,1.0026873353097225,1.0026873353097225,0.0
2024-01-20,19:19:00.000000000,48.87,397.44,,,,0,0.0,0.0,0.0,0.0,0.0,0.0,0.0,0.0,0.0,1.0026873353097225,1.0026873353097225,0.0
2024-01-20,19:20:00.000000000,48.87,397.44,0.11953458155042099,1.3621759086006833,-1.6623325704614906,0,0.0,0.0,0.0,0.0,0.0,0.0,0.0,0.0,0.0,1.0026873353097225,1.0026873353097225,0.0
2024-01-20,19:21:00.000000000,48.87,397.44,,,,0,0.0,0.0,0.0,0.0,0.0,0.0,0.0,0.0,0.0,1.0026873353097225,1.0026873353097225,0.0
2024-01-20,19:22:00.000000000,48.87,397.44,,,,0,0.0,0.0,0.0,0.0,0.0,0.0,0.0,0.0,0.0,1.0026873353097225,1.0026873353097225,0.0
2024-01-20,19:23:00.000000000,48.87,397.44,0.11985407691366014,1.2351956714349157,-1.653677580606011,0,0.0,0.0,0.0,0.0,0.0,0.0,0.0,0.0,0.0,1.0026873353097225,1.0026873353097225,0.0
2024-01-20,19:24:00.000000000,48.87,397.44,,,,0,0.0,0.0,0.0,0.0,0.0,0.0,0.0,0.0,0.0,1.0026873353097225,1.0026873353097225,0.0
2024-01-20,19:25:00.000000000,48.87,397.44,,,,0,0.0,0.0,0.0,0.0,0.0,0.0,0.0,0.0,0.0,1.0026873353097225,1.0026873353097225,0.0
2024-01-20,19:26:00.000000000,48.87,397.44,0.12016528978958842,1.111507226025978,-1.6447198570843848,0,0.0,0.0,0.0,0.0,0.0,0.0,0.0,0.0,0.0,1.0026873353097225,1.0026873353097225,0.0
2024-01-20,19:27:00.000000000,48.87,397.44,,,,0,0.0,0.0,0.0,0.0,0.0,0.0,0.0,0.0,0.0,1.0026873353097225,1.0026873353097225,0.0
2024-01-20,19:28:00.000000000,48.87,397.44,,,,0,0.0,0.0,0.0,0.0,0.0,0.0,0.0,0.0,0.0,1.0026873353097225,1.0026873353097225,0.0
2024-01-20,19:29:00.000000000,48.87,397.44,0.12046631615911306,0.9918673057221028,-1.6352558686540524,0,0.0,0.0,0.0,0.0,0.0,0.0,0.0,0.0,0.0,1.0026873353097225,1.0026873353097225,0.0
2024-01-20,19:30:00.000000000,48.87,397.44,,,,0,0.0,0.0,0.0,0.0,0.0,0.0,0.0,0.0,0.0,1.0026873353097225,1.0026873353097225,0.0
2024-01-20,19:31:00.000000000,48.87,397.44,,,,0,0.0,0.0,0.0,0.0,0.0,0.0,0.0,0.0,0.0,1.0026873353097225,1.0026873353097225,0.0
2024-01-20,19:32:00.000000000,48.87,397.44,0.12077389560731176,0.8696229298300082,-1.6269436270148459,0,0.0,0.0,0.0,0.0,0.0,0.0,0.0,0.0,0.0,1.0026873353097225,1.0026873353097225,0.0
2024-01-20,19:33:00.000000000,48.87,397.44,,,,0,0.0,0.0,0.0,0.0,0.0,0.0,0.0,0.0,0.0,1.0026873353097225,1.0026873353097225,0.0
2024-01-20,19:34:00.000000000,48.87,397.44,,,,0,0.0,0.0,0.0,0.0,0.0,0.0,0.0,0.0,0.0,1.0026873353097225,1.0026873353097225,0.0
2024-01-20,19:35:00.000000000,48.87,397.44,0.12108330617333894,0.7466507944681666,-1.6192418677530134,0,0.0,0.0,0.0,0.0,0.0,0.0,0.0,0.0,0.0,1.0026873353097225,1.0026873353097225,0.0
2024-01-20,19:36:00.000000000,48.87,397.44,,,,0,0.0,0.0,0.0,0.0,0.0,0.0,0.0,0.0,0.0,1.0026873353097225,1.0026873353097225,0.0
2024-01-20,19:37:00.000000000,48.87,397.44,,,,0,0.0,0.0,0.0,0.0,0.0,0.0,0.0,0.0,0.0,1.0026873353097225,1.0026873353097225,0.0
2024-01-20,19:38:00.000000000,48.87,397.44,0.12139298174047601,0.6235733370652099,-1.6120191772419492,0,0.0,0.0,0.0,0.0,0.0,0.0,0.0,0.0,0.0,1.0026873353097225,1.0026873353097225,0.0
2024-01-20,19:39:00.000000000,48.87,397.44,,,,0,0.0,0.0,0.0,0.0,0.0,0.0,0.0,0.0,0.0,1.0026873353097225,1.0026873353097225,0.0
2024-01-20,19:40:00.000000000,48.87,397.44,,,,0,0.0,0.0,0.0,0.0,0.0,0.0,0.0,0.0,0.0,1.0026873353097225,1.0026873353097225,0.0
2024-01-20,19:41:00.000000000,48.87,397.44,0.12173500647200594,0.48763902776595813,-1.6085130945789992,0,0.0,0.0,0.0,0.0,0.0,0.0,0.0,0.0,0.0,1.0026873353097225,1.0026873353097225,0.0
2024-01-20,19:42:00.000000000,48.87,397.44,,,,0,0.0,0.0,0.0,0.0,0.0,0.0,0.0,0.0,0.0,1.0026873353097225,1.0026873353097225,0.0
2024-01-20,19:43:00.000000000,48.87,397.44,,,,0,0.0,0.0,0.0,0.0,0.0,0.0,0.0,0.0,0.0,1.0026873353097225,1.0026873353097225,0.0
2024-01-20,19:44:00.000000000,48.87,397.44,0.12207351852060619,0.3531007991702708,-1.6049703801802935,0,0.0,0.0,0.0,0.0,0.0,0.0,0.0,0.0,0.0,1.0026873353097225,1.0026873353097225,0.0
2024-01-20,19:45:00.000000000,48.87,397.44,,,,0,0.0,0.0,0.0,0.0,0.0,0.0,0.0,0.0,0.0,1.0026873353097225,1.0026873353097225,0.0
2024-01-20,19:46:00.000000000,48.87,397.44,,,,0,0.0,0.0,0.0,0.0,0.0,0.0,0.0,0.0,0.0,1.0026873353097225,1.0026873353097225,0.0
2024-01-20,19:47:00.000000000,48.87,397.44,0.122425524225901,0.21319965165790222,-1.6030493488591808,0,0.0,0.0,0.0,0.0,0.0,0.0,0.0,0.0,0.0,1.0026873353097225,1.0026873353097225,0.0
2024-01-20,19:48:00.000000000,48.87,397.44,,,,0,0.0,0.0,0.0,0.0,0.0,0.0,0.0,0.0,0.0,1.0026873353097225,1.0026873353097225,0.0
2024-01-20,19:49:00.000000000,48.87,397.44,,,,0,0.0,0.0,0.0,0.0,0.0,0.0,0.0,0.0,0.0,1.0026873353097225,1.0026873353097225,0.0
2024-01-20,19:50:00.000000000,48.87,397.44,0.12280619951915105,0.06190406310860652,-1.6041183083295978,0,0.0,0.0,0.0,0.0,0.0,0.0,0.0,0.0,0.0,1.0026873353097225,1.0026873353097225,0.0
2024-01-20,19:51:00.000000000,48.87,397.44,,,,0,0.0,0.0,0.0,0.0,0.0,0.0,0.0,0.0,0.0,1.0026873353097225,1.0026873353097225,0.0
2024-01-20,19:52:00.000000000,48.87,397.44,,,,0,0.0,0.0,0.0,0.0,0.0,0.0,0.0,0.0,0.0,1.0026873353097225,1.0026873353097225,0.0
2024-01-20,19:53:00.000000000,48.87,397.44,0.12315432846960377,-0.07645630695932226,-1.6018445800647791,0,0.0,0.0,0.0,0.0,0.0,0.0,0.0,0.0,0.0,1.0026873353097225,1.0026873353097225,0.0
2024-01-20,19:54:00.000000000,48.87,397.44,,,,0,0.0,0.0,0.0,0.0,0.0,0.0,0.0,0.0,0.0,1.0026873353097225,1.0026873353097225,0.0
2024-01-20,19:55:00.000000000,48.87,397.44,,,,0,0.0,0.0,0.0,0.0,0.0,0.0,0.0,0.0,0.0,1.0026873353097225,1.0026873353097225,0.0
2024-01-20,19:56:00.000000000,48.87,397.44,0.12353088343582619,-0.22611431273476512,-1.6025846318080303,0,0.0,0.0,0.0,0.0,0.0,0.0,0.0,0.0,0.0,1.0026873353097225,1.0026873353097225,0.0
2024-01-20,19:57:00.000000000,48.87,397.44,,,,0,0.0,0.0,0.0,0.0,0.0,0.0,0.0,0.0,0.0,1.0026873353097225,1.0026873353097225,0.0
2024-01-20,19:58:00.000000000,48.87,397.44,,,,0,0.0,0.0,0.0,0.0,0.0,0.0,0.0,0.0,0.0,1.0026873353097225,1.0026873353097225,0.0
2024-01-20,19:59:00.000000000,48.87,397.44,0.12393048142004098,-0.38493053558109125,-1.6056715200652159,1,0.0,0.0,0.0,0.0,0.0,0.0,0.0,0.0,0.0,1.0026873353097225,1.0026873353097225,0.0
2024-01-20,20:00:00.000000000,48.87,397.44,,,,0,0.0,0.0,0.0,0.0,0.0,0.0,0.0,0.0,0.0,1.0026873353097225,1.0026873353097225,0.0
2024-01-20,20:01:00.000000000,48.87,397.44,,,,0,0.0,0.0,0.0,0.0,0.0,0.0,0.0,0.0,0.0,1.0026873353097225,1.0026873353097225,0.0
2024-01-20,20:02:00.000000000,48.87,397.44,0.12432961188703472,-0.5435609483830817,-1.6085977833004836,0,0.0,0.0,0.0,0.0,0.0,0.0,0.0,0.0,0.0,1.0026873353097225,1.0026873353097225,0.0
2024-01-20,20:03:00.000000000,48.87,397.44,,,,0,0.0,0.0,0.0,0.0,0.0,0.0,0.0,0.0,0.0,1.0026873353097225,1.0026873353097225,0.0
2024-01-20,20:04:00.000000000,48.87,397.44,,,,0,0.0,0.0,0.0,0.0,0.0,0.0,0.0,0.0,0.0,1.0026873353097225,1.0026873353097225,0.0
2024-01-20,20:05:00.000000000,48.87,397.44,0.12474401164686891,-0.7082599889315802,-1.612969420816684,0,0.0,0.0,0.0,0.0,0.0,0.0,0.0,0.0,0.0,1.0026873353097225,1.0026873353097225,0.0
2024-01-20,20:06:00.000000000,48.87,397.44,,,,0,0.0,0.0,0.0,0.0,0.0,0.0,0.0,0.0,0.0,1.0026873353097225,1.0026873353097225,0.0
2024-01-20,20:07:00.000000000,48.87,397.44,,,,0,0.0,0.0,0.0,0.0,0.0,0.0,0.0,0.0,0.0,1.0026873353097225,1.0026873353097225,0.0
2024-01-20,20:08:00.000000000,48.87,397.44,0.12518018251489516,-0.8816117387199327,-1.6194227167446622,0,0.0,0.0,0.0,0.0,0.0,0.0,0.0,0.0,0.0,1.0026873353097225,1.0026873353097225,0.0
2024-01-20,20:09:00.000000000,48.87,397.44,,,,0,0.0,0.0,0.0,0.0,0.0,0.0,0.0,0.0,0.0,1.0026873353097225,1.0026873353097225,0.0
2024-01-20,20:10:00.000000000,48.87,397.44,,,,0,0.0,0.0,0.0,0.0,0.0,0.0,0.0,0.0,0.0,1.0026873353097225,1.0026873353097225,0.0
2024-01-20,20:11:00.000000000,48.87,397.44,0.12562647858457257,-1.0589876486525256,-1.6267248344723044,0,0.0,0.0,0.0,0.0,0.0,0.0,0.0,0.0,0.0,1.0026873353097225,1.0026873353097225,0.0
2024-01-20,20:12:00.000000000,48.87,397.44,,,,0,0.0,0.0,0.0,0.0,0.0,0.0,0.0,0.0,0.0,1.0026873353097225,1.0026873353097225,0.0
2024-01-20,20:13:00.000000000,48.87,397.44,,,,0,0.0,0.0,0.0,0.0,0.0,0.0,0.0,0.0,0.0,1.0026873353097225,1.0026873353097225,0.0
2024-01-20,20:14:00.000000000,48.87,397.44,0.12608741988463681,-1.2421841589500602,-1.6352980963852846,0,0.0,0.0,0.0,0.0,0.0,0.0,0.0,0.0,0.0,1.0026873353097225,1.0026873353097225,0.0
2024-01-20,20:15:00.000000000,48.87,397.44,,,,0,0.0,0.0,0.0,0.0,0.0,0.0,0.0,0.0,0.0,1.0026873353097225,1.0026873353097225,0.0
2024-01-20,20:16:00.000000000,48.87,397.44,,,,0,0.0,0.0,0.0,0.0,0.0,0.0,0.0,0.0,0.0,1.0026873353097225,1.0026873353097225,0.0
2024-01-20,20:17:00.000000000,48.87,397.44,0.12653946568771,-1.4218452429234603,-1.6426655439969913,0,0.0,0.0,0.0,0.0,0.0,0.0,0.0,0.0,0.0,1.0026873353097225,1.0026873353097225,0.0
2024-01-20,20:18:00.000000000,48.87,397.44,,,,0,0.0,0.0,0.0,0.0,0.0,0.0,0.0,0.0,0.0,1.0026873353097225,1.0026873353097225,0.0
2024-01-20,20:19:00.000000000,48.87,397.44,,,,0,0.0,0.0,0.0,0.0,0.0,0.0,0.0,0.0,0.0,1.0026873353097225,1.0026873353097225,0.0
2024-01-20,20:20:00.000000000,48.87,397.44,0.12698319968935248,-1.5982028845362564,-1.649008226115808,0,0.0,0.0,0.0,0.0,0.0,0.0,0.0,0.0,0.0,1.0026873353097225,1.0026873353097225,0.0
2024-01-20,20:21:00.000000000,48.87,397.44,,,,0,0.0,0.0,0.0,0.0,0.0,0.0,0.0,0.0,0.0,1.0026873353097225,1.0026873353097225,0.0
2024-01-20,20:22:00.000000000,48.87,397.44,,,,0,0.0,0.0,0.0,0.0,0.0,0.0,0.0,0.0,0.0,1.0026873353097225,1.0026873353097225,0.0
2024-01-20,20:23:00.000000000,48.87,397.44,0.12744330264082082,-1.7810662015678318,-1.656957271600921,0,0.0,0.0,0.0,0.0,0.0,0.0,0.0,0.0,0.0,1.0026873353097225,1.0026873353097225,0.0
2024-01-20,20:24:00.000000000,48.87,397.44,,,,0,0.0,0.0,0.0,0.0,0.0,0.0,0.0,0.0,0.0,1.0026873353097225,1.0026873353097225,0.0
2024-01-20,20:25:00.000000000,48.87,397.44,,,,0,0.0,0.0,0.0,0.0,0.0,0.0,0.0,0.0,0.0,1.0026873353097225,1.0026873353097225,0.0
2024-01-20,20:26:00.000000000,48.87,397.44,0.12789569255028138,-1.9608640471838328,-1.6638966453414645,0,0.0,0.0,0.0,0.0,0.0,0.0,0.0,0.0,0.0,1.0026873353097225,1.0026873353097225,0.0
2024-01-20,20:27:00.000000000,48.87,397.44,,,,0,0.0,0.0,0.0,0.0,0.0,0.0,0.0,0.0,0.0,1.0026873353097225,1.0026873353097225,0.0
2024-01-20,20:28:00.000000000,48.87,397.44,,,,0,0.0,0.0,0.0,0.0,0.0,0.0,0.0,0.0,0.0,1.0026873353097225,1.0026873353097225,0.0
2024-01-20,20:29:00.000000000,48.87,397.44,0.12830079514404338,-2.121868022048602,-1.6658419042652857,0,0.0,0.0,0.0,0.0,0.0,0.0,0.0,0.0,0.0,1.0026873353097225,1.0026873353097225,0.0
2024-01-20,20:30:00.000000000,48.87,397.44,,,,0,0.0,0.0,0.0,0.0,0.0,0.0,0.0,0.0,0.0,1.0026873353097225,1.0026873353097225,0.0
2024-01-20,20:31:00.000000000,48.87,397.44,,,,0,0.0,0.0,0.0,0.0,0.0,0.0,0.0,0.0,0.0,1.0026873353097225,1.0026873353097225,0.0
2024-01-20,20:32:00.000000000,48.87,397.44,0.12877177789194802,-2.3090554053758225,-1.6746954864566717,0,0.0,0.0,0.0,0.0,0.0,0.0,0.0,0.0,0.0,1.0026873353097225,1.0026873353097225,0.0
2024-01-20,20:33:00.000000000,48.87,397.44,,,,0,0.0,0.0,0.0,0.0,0.0,0.0,0.0,0.0,0.0,1.0026873353097225,1.0026873353097225,0.0
2024-01-20,20:34:00.000000000,48.87,397.44,,,,0,0.0,0.0,0.0,0.0,0.0,0.0,0.0,0.0,0.0,1.0026873353097225,1.0026873353097225,0.0
2024-01-20,20:35:00.000000000,48.87,397.44,0.12923090640748733,-2.4915314425917643,-1.6821482775679808,0,0.0,0.0,0.0,0.0,0.0,0.0,0.0,0.0,0.0,1.0026873353097225,1.0026873353097225,0.0
2024-01-20,20:36:00.000000000,48.87,397.44,,,,0,0.0,0.0,0.0,0.0,0.0,0.0,0.0,0.0,0.0,1.0026873353097225,1.0026873353097225,0.0
2024-01-20,20:37:00.000000000,48.87,397.44,,,,0,0.0,0.0,0.0,0.0,0.0,0.0,0.0,0.0,0.0,1.0026873353097225,1.0026873353097225,0.0
2024-01-20,20:38:00.000000000,48.87,397.44,0.1296982582650191,-2.677275764849192,-1.6903876611771544,0,0.0,0.0,0.0,0.0,0.0,0.0,0.0,0.0,0.0,1.0026873353097225,1.0026873353097225,0.0
2024-01-20,20:39:00.000000000,48.87,397.44,,,,0,0.0,0.0,0.0,0.0,0.0,0.0,0.0,0.0,0.0,1.0026873353097225,1.0026873353097225,0.0
2024-01-20,20:40:00.000000000,48.87,397.44,,,,0,0.0,0.0,0.0,0.0,0.0,0.0,0.0,0.0,0.0,1.0026873353097225,1.0026873353097225,0.0
2024-01-20,20:41:00.000000000,48.87,397.44,0.12997234093568108,-2.7862071814770886,-1.6784788095088412,0,0.0,0.0,0.0,0.0,0.0,0.0,0.0,0.0,0.0,1.0026873353097225,1.0026873353097225,0.0
2024-01-20,20:42:00.000000000,48.87,397.44,,,,0,0.0,0.0,0.0,0.0,0.0,0.0,0.0,0.0,0.0,1.0026873353097225,1.0026873353097225,0.0
2024-01-20,20:43:00.000000000,48.87,397.44,,,,0,0.0,0.0,0.0,0.0,0.0,0.0,0.0,0.0,0.0,1.0026873353097225,1.0026873353097225,0.0
2024-01-20,20:44:00.000000000,48.87,397.44,0.13028533161332806,-2.9106021964011077,-1.6714865535084216,0,0.0,0.0,0.0,0.0,0.0,0.0,0.0,0.0,0.0,1.0026873353097225,1.0026873353097225,0.0
2024-01-20,20:45:00.000000000,48.87,397.44,,,,0,0.0,0.0,0.0,0.0,0.0,0.0,0.0,0.0,0.0,1.0026873353097225,1.0026873353097225,0.0
2024-01-20,20:46:00.000000000,48.87,397.44,,,,0,0.0,0.0,0.0,0.0,0.0,0.0,0.0,0.0,0.0,1.0026873353097225,1.0026873353097225,0.0
2024-01-20,20:47:00.000000000,48.87,397.44,0.13048279761276574,-2.989083083217615,-1.6530089147350928,0,0.0,0.0,0.0,0.0,0.0,0.0,0.0,0.0,0.0,1.0026873353097225,1.0026873353097225,0.0
2024-01-20,20:48:00.000000000,48.87,397.44,,,,0,0.0,0.0,0.0,0.0,0.0,0.0,0.0,0.0,0.0,1.0026873353097225,1.0026873353097225,0.0
2024-01-20,20:49:00.000000000,48.87,397.44,,,,0,0.0,0.0,0.0,0.0,0.0,0.0,0.0,0.0,0.0,1.0026873353097225,1.0026873353097225,0.0
2024-01-20,20:50:00.000000000,48.87,397.44,0.13071552863452893,-3.081579700507177,-1.6392965687844647,0,0.0,0.0,0.0,0.0,0.0,0.0,0.0,0.0,0.0,1.0026873353097225,1.0026873353097225,0.0
2024-01-20,20:51:00.000000000,48.87,397.44,,,,0,0.0,0.0,0.0,0.0,0.0,0.0,0.0,0.0,0.0,1.0026873353097225,1.0026873353097225,0.0
2024-01-20,20:52:00.000000000,48.87,397.44,,,,0,0.0,0.0,0.0,0.0,0.0,0.0,0.0,0.0,0.0,1.0026873353097225,1.0026873353097225,0.0
2024-01-20,20:53:00.000000000,48.87,397.44,0.13097220175281266,-3.1835918646378616,-1.6288946001514348,0,0.0,0.0,0.0,0.0,0.0,0.0,0.0,0.0,0.0,1.0026873353097225,1.0026873353097225,0.0
2024-01-20,20:54:00.000000000,48.87,397.44,,,,0,0.0,0.0,0.0,0.0,0.0,0.0,0.0,0.0,0.0,1.0026873353097225,1.0026873353097225,0.0
2024-01-20,20:55:00.000000000,48.87,397.44,,,,0,0.0,0.0,0.0,0.0,0.0,0.0,0.0,0.0,0.0,1.0026873353097225,1.0026873353097225,0.0
2024-01-20,20:56:00.000000000,48.87,397.44,0.13120214817979856,-3.274981772579139,-1.6163620170816428,0,0.0,0.0,0.0,0.0,0.0,0.0,0.0,0.0,0.0,1.0026873353097225,1.0026873353097225,0.0
2024-01-20,20:57:00.000000000,48.87,397.44,,,,0,0.0,0.0,0.0,0.0,0.0,0.0,0.0,0.0,0.0,1.0026873353097225,1.0026873353097225,0.0
2024-01-20,20:58:00.000000000,48.87,397.44,,,,0,0.0,0.0,0.0,0.0,0.0,0.0,0.0,0.0,0.0,1.0026873353097225,1.0026873353097225,0.0
2024-01-20,20:59:00.000000000,48.87,397.44,0.13156633703098392,-3.4197249895942505,-1.6187036408996498,1,0.0,0.0,0.0,0.0,0.0,0.0,0.0,0.0,0.0,1.0026873353097225,1.0026873353097225,0.0
2024-01-22,14:29:00.000000000,49.15,399.91,0.13186388055244072,-3.5836844717265706,-1.6263002562711741,0,0.0,0.0,0.0,0.0,0.0,0.0,0.0,0.0,0.0,1.0026873353097225,1.0026873353097225,0.0
2024-01-22,14:30:00.000000000,49.33,399.72,,,,0,0.0,0.0,0.0,0.0,0.0,0.0,0.0,0.0,0.0,1.0026873353097225,1.0026873353097225,0.0
2024-01-22,14:31:00.000000000,49.26,399.91,,,,0,0.0,0.0,0.0,0.0,0.0,0.0,0.0,0.0,0.0,1.0026873353097225,1.0026873353097225,0.0
2024-01-22,14:32:00.000000000,49.26,399.53,0.13232832467823383,-3.60913555869476,-1.5965721499865968,0,0.0,0.0,0.0,0.0,0.0,0.0,0.0,0.0,0.0,1.0026873353097225,1.0026873353097225,0.0
2024-01-22,14:33:00.000000000,49.3,398.55,,,,0,0.0,0.0,0.0,0.0,0.0,0.0,0.0,0.0,0.0,1.0026873353097225,1.0026873353097225,0.0
2024-01-22,14:34:00.000000000,49.325,397.845,,,,0,0.0,0.0,0.0,0.0,0.0,0.0,0.0,0.0,0.0,1.0026873353097225,1.0026873353097225,0.0
2024-01-22,14:35:00.000000000,49.42,398.75,0.13289470288792363,-3.571762776559545,-1.55118430850766,0,0.0,0.0,0.0,0.0,0.0,0.0,0.0,0.0,0.0,1.0026873353097225,1.0026873353097225,0.0
2024-01-22,14:36:00.000000000,49.425,398.035,,,,0,0.0,0.0,0.0,0.0,0.0,0.0,0.0,0.0,0.0,1.0026873353097225,1.0026873353097225,0.0
2024-01-22,14:37:00.000000000,49.47,398.5435,,,,0,0.0,0.0,0.0,0.0,0.0,0.0,0.0,0.0,0.0,1.0026873353097225,1.0026873353097225,0.0
2024-01-22,14:38:00.000000000,49.405,398.5,0.13347211351155808,-3.7836372343558935,-1.5754269637318543,0,0.0,0.0,0.0,0.0,0.0,0.0,0.0,0.0,0.0,1.0026873353097225,1.0026873353097225,0.0
2024-01-22,14:39:00.000000000,49.41,398.45,,,,0,0.0,0.0,0.0,0.0,0.0,0.0,0.0,0.0,0.0,1.0026873353097225,1.0026873353097225,0.0
2024-01-22,14:40:00.000000000,49.325,398.5,,,,0,0.0,0.0,0.0,0.0,0.0,0.0,0.0,0.0,0.0,1.0026873353097225,1.0026873353097225,0.0
2024-01-22,14:41:00.000000000,49.235,397.84,0.1339742671776871,-4.065322453971028,-1.6180499613588397,0,0.0,0.0,0.0,0.0,0.0,0.0,0.0,0.0,0.0,1.0026873353097225,1.0026873353097225,0.0
2024-01-22,14:42:00.000000000,49.24,397.32,,,,0,0.0,0.0,0.0,0.0,0.0,0.0,0.0,0.0,0.0,1.0026873353097225,1.0026873353097225,0.0
2024-01-22,14:43:00.000000000,49.22,397.145,,,,0,0.0,0.0,0.0,0.0,0.0,0.0,0.0,0.0,0.0,1.0026873353097225,1.0026873353097225,0.0
2024-01-22,14:44:00.000000000,49.325,396.28,0.1345602016396967,-3.9985167057790036,-1.563722272065271,0,0.0,0.0,0.0,0.0,0.0,0.0,0.0,0.0,0.0,1.0026873353097225,1.0026873353097225,0.0
2024-01-22,14:45:00.000000000,49.41,396.38,,,,0,0.0,0.0,0.0,0.0,0.0,0.0,0.0,0.0,0.0,1.0026873353097225,1.0026873353097225,0.0
2024-01-22,14:46:00.000000000,49.31,396.31,,,,0,0.0,0.0,0.0,0.0,0.0,0.0,0.0,0.0,0.0,1.0026873353097225,1.0026873353097225,0.0
2024-01-22,14:47:00.000000000,49.25,396.94,0.13503064703979165,-4.3490650359748955,-1.62659639964131,0,0.0,0.0,0.0,0.0,0.0,0.0,0.0,0.0,0.0,1.0026873353097225,1.0026873353097225,0.0
2024-01-22,14:48:00.000000000,49.29,397.17,,,,0,0.0,0.0,0.0,0.0,0.0,0.0,0.0,0.0,0.0,1.0026873353097225,1.0026873353097225,0.0
2024-01-22,14:49:00.000000000,49.24,397.04,,,,0,0.0,0.0,0.0,0.0,0.0,0.0,0.0,0.0,0.0,1.0026873353097225,1.0026873353097225,0.0
2024-01-22,14:50:00.000000000,49.19,397.34,0.13548683051961052,-4.644337238662047,-1.6718745167204068,0,0.0,0.0,0.0,0.0,0.0,0.0,0.0,0.0,0.0,1.0026873353097225,1.0026873353097225,0.0
2024-01-22,14:51:00.000000000,49.275,397.49,,,,0,0.0,0.0,0.0,0.0,0.0,0.0,0.0,0.0,0.0,1.0026873353097225,1.0026873353097225,0.0
2024-01-22,14:52:00.000000000,49.36,397.3,,,,0,0.0,0.0,0.0,0.0,0.0,0.0,0.0,0.0,0.0,1.0026873353097225,1.0026873353097225,0.0
2024-01-22,14:53:00.000000000,49.4,397.24,0.1360492241928037,-4.6441938183493505,-1.633745788301509,0,0.0,0.0,0.0,0.0,0.0,0.0,0.0,0.0,0.0,1.0026873353097225,1.0026873353097225,0.0
2024-01-22,14:54:00.000000000,49.37,397.2275,,,,0,0.0,0.0,0.0,0.0,0.0,0.0,0.0,0.0,0.0,1.0026873353097225,1.0026873353097225,0.0
2024-01-22,14:55:00.000000000,49.3478,397.33,,,,0,0.0,0.0,0.0,0.0,0.0,0.0,0.0,0.0,0.0,1.0026873353097225,1.0026873353097225,0.0
2024-01-22,14:56:00.000000000,49.29,397.65,0.13653636684372533,-5.003686275407375,-1.69717688658607,0,0.0,0.0,0.0,0.0,0.0,0.0,0.0,0.0,0.0,1.0026873353097225,1.0026873353097225,0.0
2024-01-22,14:57:00.000000000,49.25,397.21,,,,0,0.0,0.0,0.0,0.0,0.0,0.0,0.0,0.0,0.0,1.0026873353097225,1.0026873353097225,0.0
2024-01-22,14:58:00.000000000,49.24,397.41,,,,0,0.0,0.0,0.0,0.0,0.0,0.0,0.0,0.0,0.0,1.0026873353097225,1.0026873353097225,0.0
2024-01-22,14:59:00.000000000,49.32,398.005,0.1370400116095526,-5.222609820659976,-1.7187482084584034,0,0.0,0.0,0.0,0.0,0.0,0.0,0.0,0.0,0.0,1.0026873353097225,1.0026873353097225,0.0
2024-01-22,15:00:00.000000000,49.31,397.52,,,,0,0.0,0.0,0.0,0.0,0.0,0.0,0.0,0.0,0.0,1.0026873353097225,1.0026873353097225,0.0
2024-01-22,15:01:00.000000000,49.295,397.3545,,,,0,0.0,0.0,0.0,0.0,0.0,0.0,0.0,0.0,0.0,1.0026873353097225,1.0026873353097225,0.0
2024-01-22,15:02:00.000000000,49.29,396.66,0.13751164415666067,-5.2553687711810255,-1.6877190210278574,0,0.0,0.0,0.0,0.0,0.0,0.0,0.0,0.0,0.0,1.0026873353097225,1.0026873353097225,0.0
2024-01-22,15:03:00.000000000,49.29,396.77,,,,0,0.0,0.0,0.0,0.0,0.0,0.0,0.0,0.0,0.0,1.0026873353097225,1.0026873353097225,0.0
2024-01-22,15:04:00.000000000,49.24,395.9799,,,,0,0.0,0.0,0.0,0.0,0.0,0.0,0.0,0.0,0.0,1.0026873353097225,1.0026873353097225,0.0
2024-01-22,15:05:00.000000000,49.2445,396.01,0.1379751058938432,-5.3950216850208434,-1.6880768009823983,0,0.0,0.0,0.0,0.0,0.0,0.0,0.0,0.0,0.0,1.0026873353097225,1.0026873353097225,0.0
2024-01-22,15:06:00.000000000,49.315,396.07,,,,0,0.0,0.0,0.0,0.0,0.0,0.0,0.0,0.0,0.0,1.0026873353097225,1.0026873353097225,0.0
2024-01-22,15:07:00.000000000,49.3,396.09,,,,0,0.0,0.0,0.0,0.0,0.0,0.0,0.0,0.0,0.0,1.0026873353097225,1.0026873353097225,0.0
2024-01-22,15:08:00.000000000,49.33,396.04,0.13847549111281454,-5.511833500319078,-1.6819943755075026,0,0.0,0.0,0.0,0.0,0.0,0.0,0.0,0.0,0.0,1.0026873353097225,1.0026873353097225,0.0
2024-01-22,15:09:00.000000000,49.365,396.0682,,,,0,0.0,0.0,0.0,0.0,0.0,0.0,0.0,0.0,0.0,1.0026873353097225,1.0026873353097225,0.0
2024-01-22,15:10:00.000000000,49.3599,395.8283,,,,0,0.0,0.0,0.0,0.0,0.0,0.0,0.0,0.0,0.0,1.0026873353097225,1.0026873353097225,0.0
2024-01-22,15:11:00.000000000,49.32,395.55,0.1389021790747413,-5.622756933013925,-1.6745642567991794,0,0.0,0.0,0.0,0.0,0.0,0.0,0.0,0.0,0.0,1.0026873353097225,1.0026873353097225,0.0
2024-01-22,15:12:00.000000000,49.35,396.53,,,,0,0.0,0.0,0.0,0.0,0.0,0.0,0.0,0.0,0.0,1.0026873353097225,1.0026873353097225,0.0
2024-01-22,15:13:00.000000000,49.36,396.535,,,,0,0.0,0.0,0.0,0.0,0.0,0.0,0.0,0.0,0.0,1.0026873353097225,1.0026873353097225,0.0
2024-01-22,15:14:00.000000000,49.38,396.505,0.13932554124079163,-5.863273729680081,-1.7039333922052917,0,0.0,0.0,0.0,0.0,0.0,0.0,0.0,0.0,0.0,1.0026873353097225,1.0026873353097225,0.0
2024-01-22,15:15:00.000000000,49.34,396.33,,,,0,0.0,0.0,0.0,0.0,0.0,0.0,0.0,0.0,0.0,1.0026873353097225,1.0026873353097225,0.0
2024-01-22,15:16:00.000000000,49.28,396.19,,,,0,0.0,0.0,0.0,0.0,0.0,0.0,0.0,0.0,0.0,1.0026873353097225,1.0026873353097225,0.0
2024-01-22,15:17:00.000000000,49.27,395.815,0.13970440018948582,-6.027097161001329,-1.7103133437065103,0,0.0,0.0,0.0,0.0,0.0,0.0,0.0,0.0,0.0,1.0026873353097225,1.0026873353097225,0.0
2024-01-22,15:18:00.000000000,49.25,395.51,,,,0,0.0,0.0,0.0,0.0,0.0,0.0,0.0,0.0,0.0,1.0026873353097225,1.0026873353097225,0.0
2024-01-22,15:19:00.000000000,49.23,395.165,,,,0,0.0,0.0,0.0,0.0,0.0,0.0,0.0,0.0,0.0,1.0026873353097225,1.0026873353097225,0.0
2024-01-22,15:20:00.000000000,49.255,395.27,0.14006739532107113,-6.109439348559782,-1.6932877253369965,0,0.0,0.0,0.0,0.0,0.0,0.0,0.0,0.0,0.0,1.0026873353097225,1.0026873353097225,0.0
2024-01-22,15:21:00.000000000,49.24,395.43,,,,0,0.0,0.0,0.0,0.0,0.0,0.0,0.0,0.0,0.0,1.0026873353097225,1.0026873353097225,0.0
2024-01-22,15:22:00.000000000,49.2,395.4396,,,,0,0.0,0.0,0.0,0.0,0.0,0.0,0.0,0.0,0.0,1.0026873353097225,1.0026873353097225,0.0
2024-01-22,15:23:00.000000000,49.22,395.2,0.14040117376995337,-6.266543873885574,-1.6981183424501909,0,0.0,0.0,0.0,0.0,0.0,0.0,0.0,0.0,0.0,1.0026873353097225,1.0026873353097225,0.0
2024-01-22,15:24:00.000000000,49.25,395.09,,,,0,0.0,0.0,0.0,0.0,0.0,0.0,0.0,0.0,0.0,1.0026873353097225,1.0026873353097225,0.0
2024-01-22,15:25:00.000000000,49.31,395.245,,,,0,0.0,0.0,0.0,0.0,0.0,0.0,0.0,0.0,0.0,1.0026873353097225,1.0026873353097225,0.0
2024-01-22,15:26:00.000000000,49.35,395.056,0.1407547970146188,-6.25602708940724,-1.6550990005735,0,0.0,0.0,0.0,0.0,0.0,0.0,0.0,0.0,0.0,1.0026873353097225,1.0026873353097225,0.0
2024-01-22,15:27:00.000000000,49.395,394.6479,,,,0,0.0,0.0,0.0,0.0,0.0,0.0,0.0,0.0,0.0,1.0026873353097225,1.0026873353097225,0.0
2024-01-22,15:28:00.000000000,49.395,394.31,,,,0,0.0,0.0,0.0,0.0,0.0,0.0,0.0,0.0,0.0,1.0026873353097225,1.0026873353097225,0.0
2024-01-22,15:29:00.000000000,49.405,393.96,0.14105155519860918,-6.163670686044071,-1.5904407028164294,0,0.0,0.0,0.0,0.0,0.0,0.0,0.0,0.0,0.0,1.0026873353097225,1.0026873353097225,0.0
2024-01-22,15:30:00.000000000,49.445,393.96,,,,0,0.0,0.0,0.0,0.0,0.0,0.0,0.0,0.0,0.0,1.0026873353097225,1.0026873353097225,0.0
2024-01-22,15:31:00.000000000,49.465,394.39,,,,0,0.0,0.0,0.0,0.0,0.0,0.0,0.0,0.0,0.0,1.0026873353097225,1.0026873353097225,0.0
2024-01-22,15:32:00.000000000,49.485,394.299,0.14141919134226294,-6.276445727062935,-1.587114503839691,0,0.0,0.0,0.0,0.0,0.0,0.0,0.0,0.0,0.0,1.0026873353097225,1.0026873353097225,0.0
2024-01-22,15:33:00.000000000,49.51,394.01,,,,0,0.0,0.0,0.0,0.0,0.0,0.0,0.0,0.0,0.0,1.0026873353097225,1.0026873353097225,0.0
2024-01-22,15:34:00.000000000,49.375,393.7404,,,,0,0.0,0.0,0.0,0.0,0.0,0.0,0.0,0.0,0.0,1.0026873353097225,1.0026873353097225,0.0
2024-01-22,15:35:00.000000000,49.45,394.08,0.1417433095327871,-6.408203420680735,-1.5893320466242629,0,0.0,0.0,0.0,0.0,0.0,0.0,0.0,0.0,0.0,1.0026873353097225,1.0026873353097225,0.0
2024-01-22,15:36:00.000000000,49.4,394.08,,,,0,0.0,0.0,0.0,0.0,0.0,0.0,0.0,0.0,0.0,1.0026873353097225,1.0026873353097225,0.0
2024-01-22,15:37:00.000000000,49.41,394.4528,,,,0,0.0,0.0,0.0,0.0,0.0,0.0,0.0,0.0,0.0,1.0026873353097225,1.0026873353097225,0.0
2024-01-22,15:38:00.000000000,49.405,394.47,0.14204823795924876,-6.628768427784863,-1.6171701782343966,0,0.0,0.0,0.0,0.0,0.0,0.0,0.0,0.0,0.0,1.0026873353097225,1.0026873353097225,0.0
2024-01-22,15:39:00.000000000,49.45,394.63,,,,0,0.0,0.0,0.0,0.0,0.0,0.0,0.0,0.0,0.0,1.0026873353097225,1.0026873353097225,0.0
2024-01-22,15:40:00.000000000,49.405,394.3907,,,,0,0.0,0.0,0.0,0.0,0.0,0.0,0.0,0.0,0.0,1.0026873353097225,1.0026873353097225,0.0
2024-01-22,15:41:00.000000000,49.39,394.4,0.14229817193144487,-6.732399009761849,-1.6099745654356519,0,0.0,0.0,0.0,0.0,0.0,0.0,0.0,0.0,0.0,1.0026873353097225,1.0026873353097225,0.0
2024-01-22,15:42:00.000000000,49.41,394.44,,,,0,0.0,0.0,0.0,0.0,0.0,0.0,0.0,0.0,0.0,1.0026873353097225,1.0026873353097225,0.0
2024-01-22,15:43:00.000000000,49.4301,394.79,,,,0,0.0,0.0,0.0,0.0,0.0,0.0,0.0,0.0,0.0,1.0026873353097225,1.0026873353097225,0.0
2024-01-22,15:44:00.000000000,49.3921,394.88,0.14257786841596096,-6.9090486800946636,-1.6242282366195464,0,0.0,0.0,0.0,0.0,0.0,0.0,0.0,0.0,0.0,1.0026873353097225,1.0026873353097225,0.0
2024-01-22,15:45:00.000000000,49.37,394.61,,,,0,0.0,0.0,0.0,0.0,0.0,0.0,0.0,0.0,0.0,1.0026873353097225,1.0026873353097225,0.0
2024-01-22,15:46:00.000000000,49.37,394.86,,,,0,0.0,0.0,0.0,0.0,0.0,0.0,0.0,0.0,0.0,1.0026873353097225,1.0026873353097225,0.0
2024-01-22,15:47:00.000000000,49.38,394.73,0.14282486974271663,-6.9972608335425335,-1.6120537001010447,0,0.0,0.0,0.0,0.0,0.0,0.0,0.0,0.0,0.0,1.0026873353097225,1.0026873353097225,0.0
2024-01-22,15:48:00.000000000,49.3771,394.87,,,,0,0.0,0.0,0.0,0.0,0.0,0.0,0.0,0.0,0.0,1.0026873353097225,1.0026873353097225,0.0
2024-01-22,15:49:00.000000000,49.36,395.49,,,,0,0.0,0.0,0.0,0.0,0.0,0.0,0.0,0.0,0.0,1.0026873353097225,1.0026873353097225,0.0
2024-01-22,15:50:00.000000000,49.36,395.65,0.143104732350286,-7.259387354390654,-1.6510973361668895,0,0.0,0.0,0.0,0.0,0.0,0.0,0.0,0.0,0.0,1.0026873353097225,1.0026873353097225,0.0
2024-01-22,15:51:00.000000000,49.37,395.4,,,,0,0.0,0.0,0.0,0.0,0.0,0.0,0.0,0.0,0.0,1.0026873353097225,1.0026873353097225,0.0
2024-01-22,15:52:00.000000000,49.365,395.38,,,,0,0.0,0.0,0.0,0.0,0.0,0.0,0.0,0.0,0.0,1.0026873353097225,1.0026873353097225,0.0
2024-01-22,15:53:00.000000000,49.3525,395.5732,0.14339059031278348,-7.368974659916759,-1.6437652879621767,0,0.0,0.0,0.0,0.0,0.0,0.0,0.0,0.0,0.0,1.0026873353097225,1.0026873353097225,0.0
2024-01-22,15:54:00.000000000,49.345,395.88,,,,0,0.0,0.0,0.0,0.0,0.0,0.0,0.0,0.0,0.0,1.0026873353097225,1.0026873353097225,0.0
2024-01-22,15:55:00.000000000,49.33,395.65,,,,0,0.0,0.0,0.0,0.0,0.0,0.0,0.0,0.0,0.0,1.0026873353097225,1.0026873353097225,0.0
2024-01-22,15:56:00.000000000,49.31,395.66,0.14365357029575135,-7.5279716232169775,-1.6512205553039443,0,0.0,0.0,0.0,0.0,0.0,0.0,0.0,0.0,0.0,1.0026873353097225,1.0026873353097225,0.0
2024-01-22,15:57:00.000000000,49.3099,395.09,,,,0,0.0,0.0,0.0,0.0,0.0,0.0,0.0,0.0,0.0,1.0026873353097225,1.0026873353097225,0.0
2024-01-22,15:58:00.000000000,49.32,395.29,,,,0,0.0,0.0,0.0,0.0,0.0,0.0,0.0,0.0,0.0,1.0026873353097225,1.0026873353097225,0.0
2024-01-22,15:59:00.000000000,49.35,395.205,0.143926639472883,-7.530527552880727,-1.61257320637669,0,0.0,0.0,0.0,0.0,0.0,0.0,0.0,0.0,0.0,1.0026873353097225,1.0026873353097225,0.0
2024-01-22,16:00:00.000000000,49.33,395.015,,,,0,0.0,0.0,0.0,0.0,0.0,0.0,0.0,0.0,0.0,1.0026873353097225,1.0026873353097225,0.0
2024-01-22,16:01:00.000000000,49.37,395.4933,,,,0,0.0,0.0,0.0,0.0,0.0,0.0,0.0,0.0,0.0,1.0026873353097225,1.0026873353097225,0.0
2024-01-22,16:02:00.000000000,49.385,395.825,0.14425129410261922,-7.7132684881692555,-1.628678423762469,0,0.0,0.0,0.0,0.0,0.0,0.0,0.0,0.0,0.0,1.0026873353097225,1.0026873353097225,0.0
2024-01-22,16:03:00.000000000,49.35,395.26,,,,0,0.0,0.0,0.0,0.0,0.0,0.0,0.0,0.0,0.0,1.0026873353097225,1.0026873353097225,0.0
2024-01-22,16:04:00.000000000,49.34,395.18,,,,0,0.0,0.0,0.0,0.0,0.0,0.0,0.0,0.0,0.0,1.0026873353097225,1.0026873353097225,0.0
2024-01-22,16:05:00.000000000,49.36,395.8053,0.14456332661471696,-7.858930859736034,-1.6332373245572345,0,0.0,0.0,0.0,0.0,0.0,0.0,0.0,0.0,0.0,1.0026873353097225,1.0026873353097225,0.0
2024-01-22,16:06:00.000000000,49.41,395.98,,,,0,0.0,0.0,0.0,0.0,0.0,0.0,0.0,0.0,0.0,1.0026873353097225,1.0026873353097225,0.0
2024-01-22,16:07:00.000000000,49.3845,396.1926,,,,0,0.0,0.0,0.0,0.0,0.0,0.0,0.0,0.0,0.0,1.0026873353097225,1.0026873353097225,0.0
2024-01-22,16:08:00.000000000,49.405,396.38,0.14487176227338286,-8.019269129923494,-1.6420099365115182,0,0.0,0.0,0.0,0.0,0.0,0.0,0.0,0.0,0.0,1.0026873353097225,1.0026873353097225,0.0
2024-01-22,16:09:00.000000000,49.42,396.665,,,,0,0.0,0.0,0.0,0.0,0.0,0.0,0.0,0.0,0.0,1.0026873353097225,1.0026873353097225,0.0
2024-01-22,16:10:00.000000000,49.42,396.7999,,,,0,0.0,0.0,0.0,0.0,0.0,0.0,0.0,0.0,0.0,1.0026873353097225,1.0026873353097225,0.0
2024-01-22,16:11:00.000000000,49.42,396.95,0.14519864851104292,-8.216603526458485,-1.6613463220730929,0,0.0,0.0,0.0,0.0,0.0,0.0,0.0,0.0,0.0,1.0026873353097225,1.0026873353097225,0.0
2024-01-22,16:12:00.000000000,49.435,396.915,,,,0,0.0,0.0,0.0,0.0,0.0,0.0,0.0,0.0,0.0,1.0026873353097225,1.0026873353097225,0.0
2024-01-22,16:13:00.000000000,49.4281,397.06,,,,0,0.0,0.0,0.0,0.0,0.0,0.0,0.0,0.0,0.0,1.0026873353097225,1.0026873353097225,0.0
2024-01-22,16:14:00.000000000,49.4101,397.2199,0.14552811033473678,-8.39656143435311,-1.6747023624406572,0,0.0,0.0,0.0,0.0,0.0,0.0,0.0,0.0,0.0,1.0026873353097225,1.0026873353097225,0.0
2024-01-22,16:15:00.000000000,49.43,397.15,,,,0,0.0,0.0,0.0,0.0,0.0,0.0,0.0,0.0,0.0,1.0026873353097225,1.0026873353097225,0.0
2024-01-22,16:16:00.000000000,49.37,396.895,,,,0,0.0,0.0,0.0,0.0,0.0,0.0,0.0,0.0,0.0,1.0026873353097225,1.0026873353097225,0.0
2024-01-22,16:17:00.000000000,49.37,396.945,0.1458760210837599,-8.534757189093078,-1.6751407580675441,0,0.0,0.0,0.0,0.0,0.0,0.0,0.0,0.0,0.0,1.0026873353097225,1.0026873353097225,0.0
2024-01-22,16:18:00.000000000,49.37,396.92,,,,0,0.0,0.0,0.0,0.0,0.0,0.0,0.0,0.0,0.0,1.0026873353097225,1.0026873353097225,0.0
2024-01-22,16:19:00.000000000,49.3877,397.22,,,,0,0.0,0.0,0.0,0.0,0.0,0.0,0.0,0.0,0.0,1.0026873353097225,1.0026873353097225,0.0
2024-01-22,16:20:00.000000000,49.39,397.0281,0.14621390355377042,-8.661028321536719,-1.6721241928569817,0,0.0,0.0,0.0,0.0,0.0,0.0,0.0,0.0,0.0,1.0026873353097225,1.0026873353097225,0.0
2024-01-22,16:21:00.000000000,49.39,397.35,,,,0,0.0,0.0,0.0,0.0,0.0,0.0,0.0,0.0,0.0,1.0026873353097225,1.0026873353097225,0.0
2024-01-22,16:22:00.000000000,49.43,397.425,,,,0,0.0,0.0,0.0,0.0,0.0,0.0,0.0,0.0,0.0,1.0026873353097225,1.0026873353097225,0.0
2024-01-22,16:23:00.000000000,49.425,397.63,0.14655706168968588,-8.850484439669799,-1.6879425784360564,0,0.0,0.0,0.0,0.0,0.0,0.0,0.0,0.0,0.0,1.0026873353097225,1.0026873353097225,0.0
2024-01-22,16:24:00.000000000,49.42,397.89,,,,0,0.0,0.0,0.0,0.0,0.0,0.0,0.0,0.0,0.0,1.0026873353097225,1.0026873353097225,0.0
2024-01-22,16:25:00.000000000,49.43,397.8103,,,,0,0.0,0.0,0.0,0.0,0.0,0.0,0.0,0.0,0.0,1.0026873353097225,1.0026873353097225,0.0
2024-01-22,16:26:00.000000000,49.43,397.7325,0.146910944795942,-9.001257351052004,-1.6915014238051165,0,0.0,0.0,0.0,0.0,0.0,0.0,0.0,0.0,0.0,1.0026873353097225,1.0026873353097225,0.0
2024-01-22,16:27:00.000000000,49.42,397.63,,,,0,0.0,0.0,0.0,0.0,0.0,0.0,0.0,0.0,0.0,1.0026873353097225,1.0026873353097225,0.0
2024-01-22,16:28:00.000000000,49.44,397.41,,,,0,0.0,0.0,0.0,0.0,0.0,0.0,0.0,0.0,0.0,1.0026873353097225,1.0026873353097225,0.0
2024-01-22,16:29:00.000000000,49.46,397.05,0.14727143853861954,-9.014124671758893,-1.653997627210164,0,0.0,0.0,0.0,0.0,0.0,0.0,0.0,0.0,0.0,1.0026873353097225,1.0026873353097225,0.0
2024-01-22,16:30:00.000000000,49.46,397.35,,,,0,0.0,0.0,0.0,0.0,0.0,0.0,0.0,0.0,0.0,1.0026873353097225,1.0026873353097225,0.0
2024-01-22,16:31:00.000000000,49.47,397.44,,,,0,0.0,0.0,0.0,0.0,0.0,0.0,0.0,0.0,0.0,1.0026873353097225,1.0026873353097225,0.0
2024-01-22,16:32:00.000000000,49.49,397.67,0.1476479256968376,-9.225150611861409,-1.6770885095683588,0,0.0,0.0,0.0,0.0,0.0,0.0,0.0,0.0,0.0,1.0026873353097225,1.0026873353097225,0.0
2024-01-22,16:33:00.000000000,49.475,397.7075,,,,0,0.0,0.0,0.0,0.0,0.0,0.0,0.0,0.0,0.0,1.0026873353097225,1.0026873353097225,0.0
2024-01-22,16:34:00.000000000,49.5,397.6527,,,,0,0.0,0.0,0.0,0.0,0.0,0.0,0.0,0.0,0.0,1.0026873353097225,1.0026873353097225,0.0
2024-01-22,16:35:00.000000000,49.455,397.83,0.14801448787627094,-9.429603711816867,-1.6971140639678906,0,0.0,0.0,0.0,0.0,0.0,0.0,0.0,0.0,0.0,1.0026873353097225,1.0026873353097225,0.0
2024-01-22,16:36:00.000000000,49.43,397.64,,,,0,0.0,0.0,0.0,0.0,0.0,0.0,0.0,0.0,0.0,1.0026873353097225,1.0026873353097225,0.0
2024-01-22,16:37:00.000000000,49.43,397.6077,,,,0,0.0,0.0,0.0,0.0,0.0,0.0,0.0,0.0,0.0,1.0026873353097225,1.0026873353097225,0.0
2024-01-22,16:38:00.000000000,49.4245,397.53,0.14836865896741935,-9.556492999318209,-1.6931587965007602,0,0.0,0.0,0.0,0.0,0.0,0.0,0.0,0.0,0.0,1.0026873353097225,1.0026873353097225,0.0
2024-01-22,16:39:00.000000000,49.451,397.505,,,,0,0.0,0.0,0.0,0.0,0.0,0.0,0.0,0.0,0.0,1.0026873353097225,1.0026873353097225,0.0
2024-01-22,16:40:00.000000000,49.47,397.29,,,,0,0.0,0.0,0.0,0.0,0.0,0.0,0.0,0.0,0.0,1.0026873353097225,1.0026873353097225,0.0
2024-01-22,16:41:00.000000000,49.485,397.59,0.14873402825701892,-9.650162294708153,-1.6796567126156066,0,0.0,0.0,0.0,0.0,0.0,0.0,0.0,0.0,0.0,1.0026873353097225,1.0026873353097225,0.0
2024-01-22,16:42:00.000000000,49.47,397.5701,,,,0,0.0,0.0,0.0,0.0,0.0,0.0,0.0,0.0,0.0,1.0026873353097225,1.0026873353097225,0.0
2024-01-22,16:43:00.000000000,49.465,397.52,,,,0,0.0,0.0,0.0,0.0,0.0,0.0,0.0,0.0,0.0,1.0026873353097225,1.0026873353097225,0.0
2024-01-22,16:44:00.000000000,49.46,397.37,0.1490802481829531,-9.780018220460072,-1.6777314466048507,0,0.0,0.0,0.0,0.0,0.0,0.0,0.0,0.0,0.0,1.0026873353097225,1.0026873353097225,0.0
2024-01-22,16:45:00.000000000,49.48,397.4,,,,0,0.0,0.0,0.0,0.0,0.0,0.0,0.0,0.0,0.0,1.0026873353097225,1.0026873353097225,0.0
2024-01-22,16:46:00.000000000,49.49,397.565,,,,0,0.0,0.0,0.0,0.0,0.0,0.0,0.0,0.0,0.0,1.0026873353097225,1.0026873353097225,0.0
2024-01-22,16:47:00.000000000,49.4845,397.705,0.14947224009772261,-9.961357248064772,-1.6914286521268584,0,0.0,0.0,0.0,0.0,0.0,0.0,0.0,0.0,0.0,1.0026873353097225,1.0026873353097225,0.0
2024-01-22,16:48:00.000000000,49.48,397.75,,,,0,0.0,0.0,0.0,0.0,0.0,0.0,0.0,0.0,0.0,1.0026873353097225,1.0026873353097225,0.0
2024-01-22,16:49:00.000000000,49.45,397.8038,,,,0,0.0,0.0,0.0,0.0,0.0,0.0,0.0,0.0,0.0,1.0026873353097225,1.0026873353097225,0.0
2024-01-22,16:50:00.000000000,49.46,397.7994,0.14983286917851468,-10.143425459491631,-1.7049299054525813,0,0.0,0.0,0.0,0.0,0.0,0.0,0.0,0.0,0.0,1.0026873353097225,1.0026873353097225,0.0
2024-01-22,16:51:00.000000000,49.465,397.88,,,,0,0.0,0.0,0.0,0.0,0.0,0.0,0.0,0.0,0.0,1.0026873353097225,1.0026873353097225,0.0
2024-01-22,16:52:00.000000000,49.465,397.79,,,,0,0.0,0.0,0.0,0.0,0.0,0.0,0.0,0.0,0.0,1.0026873353097225,1.0026873353097225,0.0
2024-01-22,16:53:00.000000000,49.4878,397.8592,0.1502165875770009,-10.277251360115514,-1.7036515640967653,0,0.0,0.0,0.0,0.0,0.0,0.0,0.0,0.0,0.0,1.0026873353097225,1.0026873353097225,0.0
2024-01-22,16:54:00.000000000,49.488,398.02,,,,0,0.0,0.0,0.0,0.0,0.0,0.0,0.0,0.0,0.0,1.0026873353097225,1.0026873353097225,0.0
2024-01-22,16:55:00.000000000,49.5,397.975,,,,0,0.0,0.0,0.0,0.0,0.0,0.0,0.0,0.0,0.0,1.0026873353097225,1.0026873353097225,0.0
2024-01-22,16:56:00.000000000,49.51,397.905,0.1506002551044301,-10.414594507328253,-1.7037316100925994,0,0.0,0.0,0.0,0.0,0.0,0.0,0.0,0.0,0.0,1.0026873353097225,1.0026873353097225,0.0
2024-01-22,16:57:00.000000000,49.5388,397.9382,,,,0,0.0,0.0,0.0,0.0,0.0,0.0,0.0,0.0,0.0,1.0026873353097225,1.0026873353097225,0.0
2024-01-22,16:58:00.000000000,49.54,398.03,,,,0,0.0,0.0,0.0,0.0,0.0,0.0,0.0,0.0,0.0,1.0026873353097225,1.0026873353097225,0.0
2024-01-22,16:59:00.000000000,49.535,397.61,0.15099799890818583,-10.503314345883773,-1.6895680509302773,0,0.0,0.0,0.0,0.0,0.0,0.0,0.0,0.0,0.0,1.0026873353097225,1.0026873353097225,0.0
2024-01-22,17:00:00.000000000,49.54,397.17,,,,0,0.0,0.0,0.0,0.0,0.0,0.0,0.0,0.0,0.0,1.0026873353097225,1.0026873353097225,0.0
2024-01-22,17:01:00.000000000,49.535,397.25,,,,0,0.0,0.0,0.0,0.0,0.0,0.0,0.0,0.0,0.0,1.0026873353097225,1.0026873353097225,0.0
2024-01-22,17:02:00.000000000,49.525,397.27,0.15136869834766253,-10.609242792575891,-1.6814085982507792,0,0.0,0.0,0.0,0.0,0.0,0.0,0.0,0.0,0.0,1.0026873353097225,1.0026873353097225,0.0
2024-01-22,17:03:00.000000000,49.485,397.21,,,,0,0.0,0.0,0.0,0.0,0.0,0.0,0.0,0.0,0.0,1.0026873353097225,1.0026873353097225,0.0
2024-01-22,17:04:00.000000000,49.5,397.145,,,,0,0.0,0.0,0.0,0.0,0.0,0.0,0.0,0.0,0.0,1.0026873353097225,1.0026873353097225,0.0
2024-01-22,17:05:00.000000000,49.47,397.155,0.1517163621357357,-10.784911804018108,-1.694760017236039,0,0.0,0.0,0.0,0.0,0.0,0.0,0.0,0.0,0.0,1.0026873353097225,1.0026873353097225,0.0
2024-01-22,17:06:00.000000000,49.435,397.02,,,,0,0.0,0.0,0.0,0.0,0.0,0.0,0.0,0.0,0.0,1.0026873353097225,1.0026873353097225,0.0
2024-01-22,17:07:00.000000000,49.45,396.82,,,,0,0.0,0.0,0.0,0.0,0.0,0.0,0.0,0.0,0.0,1.0026873353097225,1.0026873353097225,0.0
2024-01-22,17:08:00.000000000,49.4401,396.84,0.15204843658649833,-10.898801574985995,-1.6891282622019819,0,0.0,0.0,0.0,0.0,0.0,0.0,0.0,0.0,0.0,1.0026873353097225,1.0026873353097225,0.0
2024-01-22,17:09:00.000000000,49.43,396.5299,,,,0,0.0,0.0,0.0,0.0,0.0,0.0,0.0,0.0,0.0,1.0026873353097225,1.0026873353097225,0.0
2024-01-22,17:10:00.000000000,49.445,396.57,,,,0,0.0,0.0,0.0,0.0,0.0,0.0,0.0,0.0,0.0,1.0026873353097225,1.0026873353097225,0.0
2024-01-22,17:11:00.000000000,49.455,396.65,0.152395111737289,-10.992521070595686,-1.6777834751942313,0,0.0,0.0,0.0,0.0,0.0,0.0,0.0,0.0,0.0,1.0026873353097225,1.0026873353097225,0.0
2024-01-22,17:12:00.000000000,49.445,396.53,,,,0,0.0,0.0,0.0,0.0,0.0,0.0,0.0,0.0,0.0,1.0026873353097225,1.0026873353097225,0.0
2024-01-22,17:13:00.000000000,49.47,396.66,,,,0,0.0,0.0,0.0,0.0,0.0,0.0,0.0,0.0,0.0,1.0026873353097225,1.0026873353097225,0.0
2024-01-22,17:14:00.000000000,49.47,396.7799,0.15273430965675797,-11.131904112177459,-1.6809564744491627,0,0.0,0.0,0.0,0.0,0.0,0.0,0.0,0.0,0.0,1.0026873353097225,1.0026873353097225,0.0
2024-01-22,17:15:00.000000000,49.465,396.716,,,,0,0.0,0.0,0.0,0.0,0.0,0.0,0.0,0.0,0.0,1.0026873353097225,1.0026873353097225,0.0
2024-01-22,17:16:00.000000000,49.455,396.71,,,,0,0.0,0.0,0.0,0.0,0.0,0.0,0.0,0.0,0.0,1.0026873353097225,1.0026873353097225,0.0
2024-01-22,17:17:00.000000000,49.465,396.84,0.15308319307130525,-11.28453433841677,-1.6881272622514645,0,0.0,0.0,0.0,0.0,0.0,0.0,0.0,0.0,0.0,1.0026873353097225,1.0026873353097225,0.0
2024-01-22,17:18:00.000000000,49.46,396.78,,,,0,0.0,0.0,0.0,0.0,0.0,0.0,0.0,0.0,0.0,1.0026873353097225,1.0026873353097225,0.0
2024-01-22,17:19:00.000000000,49.495,396.74,,,,0,0.0,0.0,0.0,0.0,0.0,0.0,0.0,0.0,0.0,1.0026873353097225,1.0026873353097225,0.0
2024-01-22,17:20:00.000000000,49.4945,396.905,0.15342698739823002,-11.40143843329448,-1.6841930329060246,0,0.0,0.0,0.0,0.0,0.0,0.0,0.0,0.0,0.0,1.0026873353097225,1.0026873353097225,0.0
2024-01-22,17:21:00.000000000,49.51,396.83,,,,0,0.0,0.0,0.0,0.0,0.0,0.0,0.0,0.0,0.0,1.0026873353097225,1.0026873353097225,0.0
2024-01-22,17:22:00.000000000,49.51,396.89,,,,0,0.0,0.0,0.0,0.0,0.0,0.0,0.0,0.0,0.0,1.0026873353097225,1.0026873353097225,0.0
2024-01-22,17:23:00.000000000,49.52,396.93,0.15377661343914284,-11.518551172398965,-1.680547802820711,0,0.0,0.0,0.0,0.0,0.0,0.0,0.0,0.0,0.0,1.0026873353097225,1.0026873353097225,0.0
2024-01-22,17:24:00.000000000,49.5,396.73,,,,0,0.0,0.0,0.0,0.0,0.0,0.0,0.0,0.0,0.0,1.0026873353097225,1.0026873353097225,0.0
2024-01-22,17:25:00.000000000,49.5036,396.715,,,,0,0.0,0.0,0.0,0.0,0.0,0.0,0.0,0.0,0.0,1.0026873353097225,1.0026873353097225,0.0
2024-01-22,17:26:00.000000000,49.48,396.5883,0.15410609340934847,-11.636673604854721,-1.6773683408990174,0,0.0,0.0,0.0,0.0,0.0,0.0,0.0,0.0,0.0,1.0026873353097225,1.0026873353097225,0.0
2024-01-22,17:27:00.000000000,49.48,396.62,,,,0,0.0,0.0,0.0,0.0,0.0,0.0,0.0,0.0,0.0,1.0026873353097225,1.0026873353097225,0.0
2024-01-22,17:28:00.000000000,49.475,396.69,,,,0,0.0,0.0,0.0,0.0,0.0,0.0,0.0,0.0,0.0,1.0026873353097225,1.0026873353097225,0.0
2024-01-22,17:29:00.000000000,49.45,396.74,0.15441844148149836,-11.81397247336966,-1.6922974308590886,0,0.0,0.0,0.0,0.0,0.0,0.0,0.0,0.0,0.0,1.0026873353097225,1.0026873353097225,0.0
2024-01-22,17:30:00.000000000,49.455,396.9005,,,,0,0.0,0.0,0.0,0.0,0.0,0.0,0.0,0.0,0.0,1.0026873353097225,1.0026873353097225,0.0
2024-01-22,17:31:00.000000000,49.44,396.79,,,,0,0.0,0.0,0.0,0.0,0.0,0.0,0.0,0.0,0.0,1.0026873353097225,1.0026873353097225,0.0
2024-01-22,17:32:00.000000000,49.425,396.582,0.15471405323611165,-11.931808660483632,-1.688204525914602,0,0.0,0.0,0.0,0.0,0.0,0.0,0.0,0.0,0.0,1.0026873353097225,1.0026873353097225,0.0
2024-01-22,17:33:00.000000000,49.43,396.5,,,,0,0.0,0.0,0.0,0.0,0.0,0.0,0.0,0.0,0.0,1.0026873353097225,1.0026873353097225,0.0
2024-01-22,17:34:00.000000000,49.39,396.37,,,,0,0.0,0.0,0.0,0.0,0.0,0.0,0.0,0.0,0.0,1.0026873353097225,1.0026873353097225,0.0
2024-01-22,17:35:00.000000000,49.39,396.0806,0.15499516138959554,-12.000576520287837,-1.6690520848497432,0,0.0,0.0,0.0,0.0,0.0,0.0,0.0,0.0,0.0,1.0026873353097225,1.0026873353097225,0.0
2024-01-22,17:36:00.000000000,49.395,396.425,,,,0,0.0,0.0,0.0,0.0,0.0,0.0,0.0,0.0,0.0,1.0026873353097225,1.0026873353097225,0.0
2024-01-22,17:37:00.000000000,49.405,396.54,,,,0,0.0,0.0,0.0,0.0,0.0,0.0,0.0,0.0,0.0,1.0026873353097225,1.0026873353097225,0.0
2024-01-22,17:38:00.000000000,49.395,396.44,0.15527893463243514,-12.163780845682581,-1.6795479584779174,0,0.0,0.0,0.0,0.0,0.0,0.0,0.0,0.0,0.0,1.0026873353097225,1.0026873353097225,0.0
2024-01-22,17:39:00.000000000,49.4,396.505,,,,0,0.0,0.0,0.0,0.0,0.0,0.0,0.0,0.0,0.0,1.0026873353097225,1.0026873353097225,0.0
2024-01-22,17:40:00.000000000,49.385,396.3883,,,,0,0.0,0.0,0.0,0.0,0.0,0.0,0.0,0.0,0.0,1.0026873353097225,1.0026873353097225,0.0
2024-01-22,17:41:00.000000000,49.385,396.5,0.15555397444286526,-12.292150866596074,-1.6786513995188954,0,0.0,0.0,0.0,0.0,0.0,0.0,0.0,0.0,0.0,1.0026873353097225,1.0026873353097225,0.0
2024-01-22,17:42:00.000000000,49.38,396.52,,,,0,0.0,0.0,0.0,0.0,0.0,0.0,0.0,0.0,0.0,1.0026873353097225,1.0026873353097225,0.0
2024-01-22,17:43:00.000000000,49.36,396.41,,,,0,0.0,0.0,0.0,0.0,0.0,0.0,0.0,0.0,0.0,1.0026873353097225,1.0026873353097225,0.0
2024-01-22,17:44:00.000000000,49.38,396.65,0.1558304502771472,-12.43014810243043,-1.6804712999515095,0,0.0,0.0,0.0,0.0,0.0,0.0,0.0,0.0,0.0,1.0026873353097225,1.0026873353097225,0.0
2024-01-22,17:45:00.000000000,49.37,396.61,,,,0,0.0,0.0,0.0,0.0,0.0,0.0,0.0,0.0,0.0,1.0026873353097225,1.0026873353097225,0.0
2024-01-22,17:46:00.000000000,49.375,396.63,,,,0,0.0,0.0,0.0,0.0,0.0,0.0,0.0,0.0,0.0,1.0026873353097225,1.0026873353097225,0.0
2024-01-22,17:47:00.000000000,49.37,396.66,0.15607745976472912,-12.53968519027746,-1.673167723451417,0,0.0,0.0,0.0,0.0,0.0,0.0,0.0,0.0,0.0,1.0026873353097225,1.0026873353097225,0.0
2024-01-22,17:48:00.000000000,49.35,396.542,,,,0,0.0,0.0,0.0,0.0,0.0,0.0,0.0,0.0,0.0,1.0026873353097225,1.0026873353097225,0.0
2024-01-22,17:49:00.000000000,49.35,396.63,,,,0,0.0,0.0,0.0,0.0,0.0,0.0,0.0,0.0,0.0,1.0026873353097225,1.0026873353097225,0.0
2024-01-22,17:50:00.000000000,49.34,396.6485,0.15631486966722086,-12.66205858119865,-1.670013427875087,0,0.0,0.0,0.0,0.0,0.0,0.0,0.0,0.0,0.0,1.0026873353097225,1.0026873353097225,0.0
2024-01-22,17:51:00.000000000,49.3698,396.8131,,,,0,0.0,0.0,0.0,0.0,0.0,0.0,0.0,0.0,0.0,1.0026873353097225,1.0026873353097225,0.0
2024-01-22,17:52:00.000000000,49.355,396.87,,,,0,0.0,0.0,0.0,0.0,0.0,0.0,0.0,0.0,0.0,1.0026873353097225,1.0026873353097225,0.0
2024-01-22,17:53:00.000000000,49.38,396.83,0.15656174843323184,-12.74839863075939,-1.6555472465914658,0,0.0,0.0,0.0,0.0,0.0,0.0,0.0,0.0,0.0,1.0026873353097225,1.0026873353097225,0.0
2024-01-22,17:54:00.000000000,49.379,396.7401,,,,0,0.0,0.0,0.0,0.0,0.0,0.0,0.0,0.0,0.0,1.0026873353097225,1.0026873353097225,0.0
2024-01-22,17:55:00.000000000,49.385,396.8875,,,,0,0.0,0.0,0.0,0.0,0.0,0.0,0.0,0.0,0.0,1.0026873353097225,1.0026873353097225,0.0
2024-01-22,17:56:00.000000000,49.36,396.8223,0.1568012102974081,-12.862216913001163,-1.6499007794821359,0,0.0,0.0,0.0,0.0,0.0,0.0,0.0,0.0,0.0,1.0026873353097225,1.0026873353097225,0.0
2024-01-22,17:57:00.000000000,49.365,396.7076,,,,0,0.0,0.0,0.0,0.0,0.0,0.0,0.0,0.0,0.0,1.0026873353097225,1.0026873353097225,0.0
2024-01-22,17:58:00.000000000,49.35,396.625,,,,0,0.0,0.0,0.0,0.0,0.0,0.0,0.0,0.0,0.0,1.0026873353097225,1.0026873353097225,0.0
2024-01-22,17:59:00.000000000,49.36,396.6973,0.15705644150175618,-12.943866291354624,-1.6342253534232392,0,0.0,0.0,0.0,0.0,0.0,0.0,0.0,0.0,0.0,1.0026873353097225,1.0026873353097225,0.0
2024-01-22,18:00:00.000000000,49.325,396.5,,,,0,0.0,0.0,0.0,0.0,0.0,0.0,0.0,0.0,0.0,1.0026873353097225,1.0026873353097225,0.0
2024-01-22,18:01:00.000000000,49.35,396.458,,,,0,0.0,0.0,0.0,0.0,0.0,0.0,0.0,0.0,0.0,1.0026873353097225,1.0026873353097225,0.0
2024-01-22,18:02:00.000000000,49.345,396.36,0.15729812781517058,-13.001685940821012,-1.6121054335152865,0,0.0,0.0,0.0,0.0,0.0,0.0,0.0,0.0,0.0,1.0026873353097225,1.0026873353097225,0.0
2024-01-22,18:03:00.000000000,49.33,396.4799,,,,0,0.0,0.0,0.0,0.0,0.0,0.0,0.0,0.0,0.0,1.0026873353097225,1.0026873353097225,0.0
2024-01-22,18:04:00.000000000,49.34,396.38,,,,0,0.0,0.0,0.0,0.0,0.0,0.0,0.0,0.0,0.0,1.0026873353097225,1.0026873353097225,0.0
2024-01-22,18:05:00.000000000,49.36,396.65,0.1575333878781091,-13.125618301851972,-1.611555198410067,0,0.0,0.0,0.0,0.0,0.0,0.0,0.0,0.0,0.0,1.0026873353097225,1.0026873353097225,0.0
2024-01-22,18:06:00.000000000,49.365,396.55,,,,0,0.0,0.0,0.0,0.0,0.0,0.0,0.0,0.0,0.0,1.0026873353097225,1.0026873353097225,0.0
2024-01-22,18:07:00.000000000,49.32,396.49,,,,0,0.0,0.0,0.0,0.0,0.0,0.0,0.0,0.0,0.0,1.0026873353097225,1.0026873353097225,0.0
2024-01-22,18:08:00.000000000,49.335,396.4102,0.1577796882293425,-13.210477766931298,-1.5993906196179313,0,0.0,0.0,0.0,0.0,0.0,0.0,0.0,0.0,0.0,1.0026873353097225,1.0026873353097225,0.0
2024-01-22,18:09:00.000000000,49.3,396.45,,,,0,0.0,0.0,0.0,0.0,0.0,0.0,0.0,0.0,0.0,1.0026873353097225,1.0026873353097225,0.0
2024-01-22,18:10:00.000000000,49.325,396.63,,,,0,0.0,0.0,0.0,0.0,0.0,0.0,0.0,0.0,0.0,1.0026873353097225,1.0026873353097225,0.0
2024-01-22,18:11:00.000000000,49.335,396.5999,0.1580243328990948,-13.337434625347704,-1.601253222768116,0,0.0,0.0,0.0,0.0,0.0,0.0,0.0,0.0,0.0,1.0026873353097225,1.0026873353097225,0.0
2024-01-22,18:12:00.000000000,49.331,396.675,,,,0,0.0,0.0,0.0,0.0,0.0,0.0,0.0,0.0,0.0,1.0026873353097225,1.0026873353097225,0.0
2024-01-22,18:13:00.000000000,49.32,396.575,,,,0,0.0,0.0,0.0,0.0,0.0,0.0,0.0,0.0,0.0,1.0026873353097225,1.0026873353097225,0.0
2024-01-22,18:14:00.000000000,49.34,396.5,0.15826972175049056,-13.413944674069505,-1.5877038862564523,0,0.0,0.0,0.0,0.0,0.0,0.0,0.0,0.0,0.0,1.0026873353097225,1.0026873353097225,0.0
2024-01-22,18:15:00.000000000,49.35,396.49,,,,0,0.0,0.0,0.0,0.0,0.0,0.0,0.0,0.0,0.0,1.0026873353097225,1.0026873353097225,0.0
2024-01-22,18:16:00.000000000,49.335,396.39,,,,0,0.0,0.0,0.0,0.0,0.0,0.0,0.0,0.0,0.0,1.0026873353097225,1.0026873353097225,0.0
2024-01-22,18:17:00.000000000,49.35,396.421,0.15850886721011712,-13.486243648301837,-1.5738878666987781,0,0.0,0.0,0.0,0.0,0.0,0.0,0.0,0.0,0.0,1.0026873353097225,1.0026873353097225,0.0
2024-01-22,18:18:00.000000000,49.35,396.39,,,,0,0.0,0.0,0.0,0.0,0.0,0.0,0.0,0.0,0.0,1.0026873353097225,1.0026873353097225,0.0
2024-01-22,18:19:00.000000000,49.34,396.35,,,,0,0.0,0.0,0.0,0.0,0.0,0.0,0.0,0.0,0.0,1.0026873353097225,1.0026873353097225,0.0
2024-01-22,18:20:00.000000000,49.34,396.48,0.15873712636632403,-13.596095861720151,-1.5725533334103587,0,0.0,0.0,0.0,0.0,0.0,0.0,0.0,0.0,0.0,1.0026873353097225,1.0026873353097225,0.0
2024-01-22,18:21:00.000000000,49.355,396.45,,,,0,0.0,0.0,0.0,0.0,0.0,0.0,0.0,0.0,0.0,1.0026873353097225,1.0026873353097225,0.0
2024-01-22,18:22:00.000000000,49.375,396.46,,,,0,0.0,0.0,0.0,0.0,0.0,0.0,0.0,0.0,0.0,1.0026873353097225,1.0026873353097225,0.0
2024-01-22,18:23:00.000000000,49.3541,396.29,0.15897099350491165,-13.644515016061433,-1.5518973244373437,0,0.0,0.0,0.0,0.0,0.0,0.0,0.0,0.0,0.0,1.0026873353097225,1.0026873353097225,0.0
2024-01-22,18:24:00.000000000,49.3201,396.246,,,,0,0.0,0.0,0.0,0.0,0.0,0.0,0.0,0.0,0.0,1.0026873353097225,1.0026873353097225,0.0
2024-01-22,18:25:00.000000000,49.325,396.23,,,,0,0.0,0.0,0.0,0.0,0.0,0.0,0.0,0.0,0.0,1.0026873353097225,1.0026873353097225,0.0
2024-01-22,18:26:00.000000000,49.32,396.13,0.1592007526489096,-13.744194146812553,-1.5493243562759005,0,0.0,0.0,0.0,0.0,0.0,0.0,0.0,0.0,0.0,1.0026873353097225,1.0026873353097225,0.0
2024-01-22,18:27:00.000000000,49.3,396.08,,,,0,0.0,0.0,0.0,0.0,0.0,0.0,0.0,0.0,0.0,1.0026873353097225,1.0026873353097225,0.0
2024-01-22,18:28:00.000000000,49.295,395.8759,,,,0,0.0,0.0,0.0,0.0,0.0,0.0,0.0,0.0,0.0,1.0026873353097225,1.0026873353097225,0.0
2024-01-22,18:29:00.000000000,49.28,395.9,0.1594117282736487,-13.83110322353751,-1.544492037187732,0,0.0,0.0,0.0,0.0,0.0,0.0,0.0,0.0,0.0,1.0026873353097225,1.0026873353097225,0.0
2024-01-22,18:30:00.000000000,49.3,395.985,,,,0,0.0,0.0,0.0,0.0,0.0,0.0,0.0,0.0,0.0,1.0026873353097225,1.0026873353097225,0.0
2024-01-22,18:31:00.000000000,49.32,396.13,,,,0,0.0,0.0,0.0,0.0,0.0,0.0,0.0,0.0,0.0,1.0026873353097225,1.0026873353097225,0.0
2024-01-22,18:32:00.000000000,49.3145,395.9501,0.159647825590779,-13.89807250745151,-1.5332406360246507,0,0.0,0.0,0.0,0.0,0.0,0.0,0.0,0.0,0.0,1.0026873353097225,1.0026873353097225,0.0
2024-01-22,18:33:00.000000000,49.35,396.15,,,,0,0.0,0.0,0.0,0.0,0.0,0.0,0.0,0.0,0.0,1.0026873353097225,1.0026873353097225,0.0
2024-01-22,18:34:00.000000000,49.355,396.25,,,,0,0.0,0.0,0.0,0.0,0.0,0.0,0.0,0.0,0.0,1.0026873353097225,1.0026873353097225,0.0
2024-01-22,18:35:00.000000000,49.36,396.21,0.15989796699709294,-13.993173503918193,-1.5306970404282798,0,0.0,0.0,0.0,0.0,0.0,0.0,0.0,0.0,0.0,1.0026873353097225,1.0026873353097225,0.0
2024-01-22,18:36:00.000000000,49.3899,396.36,,,,0,0.0,0.0,0.0,0.0,0.0,0.0,0.0,0.0,0.0,1.0026873353097225,1.0026873353097225,0.0
2024-01-22,18:37:00.000000000,49.395,396.34,,,,0,0.0,0.0,0.0,0.0,0.0,0.0,0.0,0.0,0.0,1.0026873353097225,1.0026873353097225,0.0
2024-01-22,18:38:00.000000000,49.395,396.425,0.1601448167715861,-14.090408988676018,-1.5309434973115208,0,0.0,0.0,0.0,0.0,0.0,0.0,0.0,0.0,0.0,1.0026873353097225,1.0026873353097225,0.0
2024-01-22,18:39:00.000000000,49.4,396.3744,,,,0,0.0,0.0,0.0,0.0,0.0,0.0,0.0,0.0,0.0,1.0026873353097225,1.0026873353097225,0.0
2024-01-22,18:40:00.000000000,49.35,396.395,,,,0,0.0,0.0,0.0,0.0,0.0,0.0,0.0,0.0,0.0,1.0026873353097225,1.0026873353097225,0.0
2024-01-22,18:41:00.000000000,49.355,396.52,0.16038838073013653,-14.24220072711374,-1.5477556413593228,0,0.0,0.0,0.0,0.0,0.0,0.0,0.0,0.0,0.0,1.0026873353097225,1.0026873353097225,0.0
2024-01-22,18:42:00.000000000,49.345,396.55,,,,0,0.0,0.0,0.0,0.0,0.0,0.0,0.0,0.0,0.0,1.0026873353097225,1.0026873353097225,0.0
2024-01-22,18:43:00.000000000,49.34,396.56,,,,0,0.0,0.0,0.0,0.0,0.0,0.0,0.0,0.0,0.0,1.0026873353097225,1.0026873353097225,0.0
2024-01-22,18:44:00.000000000,49.335,396.43,0.16063043071864422,-14.34372164979213,-1.5465112166768338,0,0.0,0.0,0.0,0.0,0.0,0.0,0.0,0.0,0.0,1.0026873353097225,1.0026873353097225,0.0
2024-01-22,18:45:00.000000000,49.355,396.485,,,,0,0.0,0.0,0.0,0.0,0.0,0.0,0.0,0.0,0.0,1.0026873353097225,1.0026873353097225,0.0
2024-01-22,18:46:00.000000000,49.36,396.59,,,,0,0.0,0.0,0.0,0.0,0.0,0.0,0.0,0.0,0.0,1.0026873353097225,1.0026873353097225,0.0
2024-01-22,18:47:00.000000000,49.375,396.67,0.16086536309781416,-14.435463580009944,-1.5434172194045985,0,0.0,0.0,0.0,0.0,0.0,0.0,0.0,0.0,0.0,1.0026873353097225,1.0026873353097225,0.0
2024-01-22,18:48:00.000000000,49.385,396.58,,,,0,0.0,0.0,0.0,0.0,0.0,0.0,0.0,0.0,0.0,1.0026873353097225,1.0026873353097225,0.0
2024-01-22,18:49:00.000000000,49.39,396.58,,,,0,0.0,0.0,0.0,0.0,0.0,0.0,0.0,0.0,0.0,1.0026873353097225,1.0026873353097225,0.0
2024-01-22,18:50:00.000000000,49.38,396.6124,0.1611073977172047,-14.51719166637507,-1.5356319604742248,0,0.0,0.0,0.0,0.0,0.0,0.0,0.0,0.0,0.0,1.0026873353097225,1.0026873353097225,0.0
2024-01-22,18:51:00.000000000,49.39,396.741,,,,0,0.0,0.0,0.0,0.0,0.0,0.0,0.0,0.0,0.0,1.0026873353097225,1.0026873353097225,0.0
2024-01-22,18:52:00.000000000,49.415,396.842,,,,0,0.0,0.0,0.0,0.0,0.0,0.0,0.0,0.0,0.0,1.0026873353097225,1.0026873353097225,0.0
2024-01-22,18:53:00.000000000,49.42,396.82,0.16135146558895402,-14.60748857500873,-1.530527183880119,0,0.0,0.0,0.0,0.0,0.0,0.0,0.0,0.0,0.0,1.0026873353097225,1.0026873353097225,0.0
2024-01-22,18:54:00.000000000,49.44,397.0,,,,0,0.0,0.0,0.0,0.0,0.0,0.0,0.0,0.0,0.0,1.0026873353097225,1.0026873353097225,0.0
2024-01-22,18:55:00.000000000,49.43,396.96,,,,0,0.0,0.0,0.0,0.0,0.0,0.0,0.0,0.0,0.0,1.0026873353097225,1.0026873353097225,0.0
2024-01-22,18:56:00.000000000,49.435,397.1,0.16158391714235062,-14.729973497227434,-1.5373001592736784,0,0.0,0.0,0.0,0.0,0.0,0.0,0.0,0.0,0.0,1.0026873353097225,1.0026873353097225,0.0
2024-01-22,18:57:00.000000000,49.425,397.06,,,,0,0.0,0.0,0.0,0.0,0.0,0.0,0.0,0.0,0.0,1.0026873353097225,1.0026873353097225,0.0
2024-01-22,18:58:00.000000000,49.435,397.1299,,,,0,0.0,0.0,0.0,0.0,0.0,0.0,0.0,0.0,0.0,1.0026873353097225,1.0026873353097225,0.0
2024-01-22,18:59:00.000000000,49.445,397.38,0.16181798251103047,-14.858229890233282,-1.5459331969966519,0,0.0,0.0,0.0,0.0,0.0,0.0,0.0,0.0,0.0,1.0026873353097225,1.0026873353097225,0.0
2024-01-22,19:00:00.000000000,49.4501,397.5,,,,0,0.0,0.0,0.0,0.0,0.0,0.0,0.0,0.0,0.0,1.0026873353097225,1.0026873353097225,0.0
2024-01-22,19:01:00.000000000,49.46,397.5229,,,,0,0.0,0.0,0.0,0.0,0.0,0.0,0.0,0.0,0.0,1.0026873353097225,1.0026873353097225,0.0
2024-01-22,19:02:00.000000000,49.4586,397.525,0.1620608824136352,-14.964652281480333,-1.5472337632623163,0,0.0,0.0,0.0,0.0,0.0,0.0,0.0,0.0,0.0,1.0026873353097225,1.0026873353097225,0.0
2024-01-22,19:03:00.000000000,49.45,397.495,,,,0,0.0,0.0,0.0,0.0,0.0,0.0,0.0,0.0,0.0,1.0026873353097225,1.0026873353097225,0.0
2024-01-22,19:04:00.000000000,49.44,397.5,,,,0,0.0,0.0,0.0,0.0,0.0,0.0,0.0,0.0,0.0,1.0026873353097225,1.0026873353097225,0.0
2024-01-22,19:05:00.000000000,49.435,397.51,0.1622909384232832,-15.077270932639308,-1.5509849662666297,0,0.0,0.0,0.0,0.0,0.0,0.0,0.0,0.0,0.0,1.0026873353097225,1.0026873353097225,0.0
2024-01-22,19:06:00.000000000,49.4309,397.42,,,,0,0.0,0.0,0.0,0.0,0.0,0.0,0.0,0.0,0.0,1.0026873353097225,1.0026873353097225,0.0
2024-01-22,19:07:00.000000000,49.455,397.6152,,,,0,0.0,0.0,0.0,0.0,0.0,0.0,0.0,0.0,0.0,1.0026873353097225,1.0026873353097225,0.0
2024-01-22,19:08:00.000000000,49.455,397.69,0.16251661324345706,-15.176231920790443,-1.5493140972593324,0,0.0,0.0,0.0,0.0,0.0,0.0,0.0,0.0,0.0,1.0026873353097225,1.0026873353097225,0.0
2024-01-22,19:09:00.000000000,49.45,397.8495,,,,0,0.0,0.0,0.0,0.0,0.0,0.0,0.0,0.0,0.0,1.0026873353097225,1.0026873353097225,0.0
2024-01-22,19:10:00.000000000,49.425,397.7206,,,,0,0.0,0.0,0.0,0.0,0.0,0.0,0.0,0.0,0.0,1.0026873353097225,1.0026873353097225,0.0
2024-01-22,19:11:00.000000000,49.4134,397.76,0.16272873158008824,-15.31358027329589,-1.5606952531523675,0,0.0,0.0,0.0,0.0,0.0,0.0,0.0,0.0,0.0,1.0026873353097225,1.0026873353097225,0.0
2024-01-22,19:12:00.000000000,49.405,397.66,,,,0,0.0,0.0,0.0,0.0,0.0,0.0,0.0,0.0,0.0,1.0026873353097225,1.0026873353097225,0.0
2024-01-22,19:13:00.000000000,49.395,397.46,,,,0,0.0,0.0,0.0,0.0,0.0,0.0,0.0,0.0,0.0,1.0026873353097225,1.0026873353097225,0.0
2024-01-22,19:14:00.000000000,49.4,397.6,0.16295509473212363,-15.39094566549236,-1.55167314776852,0,0.0,0.0,0.0,0.0,0.0,0.0,0.0,0.0,0.0,1.0026873353097225,1.0026873353097225,0.0
2024-01-22,19:15:00.000000000,49.395,397.5117,,,,0,0.0,0.0,0.0,0.0,0.0,0.0,0.0,0.0,0.0,1.0026873353097225,1.0026873353097225,0.0
2024-01-22,19:16:00.000000000,49.4,397.3066,,,,0,0.0,0.0,0.0,0.0,0.0,0.0,0.0,0.0,0.0,1.0026873353097225,1.0026873353097225,0.0
2024-01-22,19:17:00.000000000,49.395,397.29,0.16318113936996403,-15.435234860293015,-1.5315882380925685,0,0.0,0.0,0.0,0.0,0.0,0.0,0.0,0.0,0.0,1.0026873353097225,1.0026873353097225,0.0
2024-01-22,19:18:00.000000000,49.375,397.1,,,,0,0.0,0.0,0.0,0.0,0.0,0.0,0.0,0.0,0.0,1.0026873353097225,1.0026873353097225,0.0
2024-01-22,19:19:00.000000000,49.35,397.02,,,,0,0.0,0.0,0.0,0.0,0.0,0.0,0.0,0.0,0.0,1.0026873353097225,1.0026873353097225,0.0
2024-01-22,19:20:00.000000000,49.35,396.84,0.16340420096208425,-15.49532310979351,-1.5189968826583045,0,0.0,0.0,0.0,0.0,0.0,0.0,0.0,0.0,0.0,1.0026873353097225,1.0026873353097225,0.0
2024-01-22,19:21:00.000000000,49.36,397.01,,,,0,0.0,0.0,0.0,0.0,0.0,0.0,0.0,0.0,0.0,1.0026873353097225,1.0026873353097225,0.0
2024-01-22,19:22:00.000000000,49.345,396.98,,,,0,0.0,0.0,0.0,0.0,0.0,0.0,0.0,0.0,0.0,1.0026873353097225,1.0026873353097225,0.0
2024-01-22,19:23:00.000000000,49.35,396.94,0.16362946499597705,-15.601079835503135,-1.524951349446088,0,0.0,0.0,0.0,0.0,0.0,0.0,0.0,0.0,0.0,1.0026873353097225,1.0026873353097225,0.0
2024-01-22,19:24:00.000000000,49.37,397.02,,,,0,0.0,0.0,0.0,0.0,0.0,0.0,0.0,0.0,0.0,1.0026873353097225,1.0026873353097225,0.0
2024-01-22,19:25:00.000000000,49.37,397.04,,,,0,0.0,0.0,0.0,0.0,0.0,0.0,0.0,0.0,0.0,1.0026873353097225,1.0026873353097225,0.0
2024-01-22,19:26:00.000000000,49.35,396.95,0.16384692739908358,-15.689037831066223,-1.525157306065896,0,0.0,0.0,0.0,0.0,0.0,0.0,0.0,0.0,0.0,1.0026873353097225,1.0026873353097225,0.0
2024-01-22,19:27:00.000000000,49.36,396.9988,,,,0,0.0,0.0,0.0,0.0,0.0,0.0,0.0,0.0,0.0,1.0026873353097225,1.0026873353097225,0.0
2024-01-22,19:28:00.000000000,49.37,397.045,,,,0,0.0,0.0,0.0,0.0,0.0,0.0,0.0,0.0,0.0,1.0026873353097225,1.0026873353097225,0.0
2024-01-22,19:29:00.000000000,49.38,397.07,0.1640744186464774,-15.769029411956772,-1.5230631159787205,0,0.0,0.0,0.0,0.0,0.0,0.0,0.0,0.0,0.0,1.0026873353097225,1.0026873353097225,0.0
2024-01-22,19:30:00.000000000,49.38,396.9781,,,,0,0.0,0.0,0.0,0.0,0.0,0.0,0.0,0.0,0.0,1.0026873353097225,1.0026873353097225,0.0
2024-01-22,19:31:00.000000000,49.4,397.1701,,,,0,0.0,0.0,0.0,0.0,0.0,0.0,0.0,0.0,0.0,1.0026873353097225,1.0026873353097225,0.0
2024-01-22,19:32:00.000000000,49.42,397.05,0.16430459496932165,-15.817139432569164,-1.5093493263562587,0,0.0,0.0,0.0,0.0,0.0,0.0,0.0,0.0,0.0,1.0026873353097225,1.0026873353097225,0.0
2024-01-22,19:33:00.000000000,49.4,397.03,,,,0,0.0,0.0,0.0,0.0,0.0,0.0,0.0,0.0,0.0,1.0026873353097225,1.0026873353097225,0.0
2024-01-22,19:34:00.000000000,49.365,396.9201,,,,0,0.0,0.0,0.0,0.0,0.0,0.0,0.0,0.0,0.0,1.0026873353097225,1.0026873353097225,0.0
2024-01-22,19:35:00.000000000,49.37,397.01,0.1645238908931629,-15.94762992349461,-1.5264127725469852,0,0.0,0.0,0.0,0.0,0.0,0.0,0.0,0.0,0.0,1.0026873353097225,1.0026873353097225,0.0
2024-01-22,19:36:00.000000000,49.375,397.158,,,,0,0.0,0.0,0.0,0.0,0.0,0.0,0.0,0.0,0.0,1.0026873353097225,1.0026873353097225,0.0
2024-01-22,19:37:00.000000000,49.37,397.2067,,,,0,0.0,0.0,0.0,0.0,0.0,0.0,0.0,0.0,0.0,1.0026873353097225,1.0026873353097225,0.0
2024-01-22,19:38:00.000000000,49.4,397.365,0.16475288062532017,-16.067028409680354,-1.5390630951822055,0,0.0,0.0,0.0,0.0,0.0,0.0,0.0,0.0,0.0,1.0026873353097225,1.0026873353097225,0.0
2024-01-22,19:39:00.000000000,49.385,397.24,,,,0,0.0,0.0,0.0,0.0,0.0,0.0,0.0,0.0,0.0,1.0026873353097225,1.0026873353097225,0.0
2024-01-22,19:40:00.000000000,49.3812,397.16,,,,0,0.0,0.0,0.0,0.0,0.0,0.0,0.0,0.0,0.0,1.0026873353097225,1.0026873353097225,0.0
2024-01-22,19:41:00.000000000,49.385,397.21,0.16498090678936997,-16.147065985805646,-1.537891435322447,0,0.0,0.0,0.0,0.0,0.0,0.0,0.0,0.0,0.0,1.0026873353097225,1.0026873353097225,0.0
2024-01-22,19:42:00.000000000,49.37,397.1888,,,,0,0.0,0.0,0.0,0.0,0.0,0.0,0.0,0.0,0.0,1.0026873353097225,1.0026873353097225,0.0
2024-01-22,19:43:00.000000000,49.355,397.11,,,,0,0.0,0.0,0.0,0.0,0.0,0.0,0.0,0.0,0.0,1.0026873353097225,1.0026873353097225,0.0
2024-01-22,19:44:00.000000000,49.36,397.13,0.1652009617978754,-16.246257958790267,-1.5430399303370286,0,0.0,0.0,0.0,0.0,0.0,0.0,0.0,0.0,0.0,1.0026873353097225,1.0026873353097225,0.0
2024-01-22,19:45:00.000000000,49.345,397.11,,,,0,0.0,0.0,0.0,0.0,0.0,0.0,0.0,0.0,0.0,1.0026873353097225,1.0026873353097225,0.0
2024-01-22,19:46:00.000000000,49.35,396.9898,,,,0,0.0,0.0,0.0,0.0,0.0,0.0,0.0,0.0,0.0,1.0026873353097225,1.0026873353097225,0.0
2024-01-22,19:47:00.000000000,49.34,396.984,0.16540590662800642,-16.323498436812486,-1.5405383351393809,0,0.0,0.0,0.0,0.0,0.0,0.0,0.0,0.0,0.0,1.0026873353097225,1.0026873353097225,0.0
2024-01-22,19:48:00.000000000,49.325,397.05,,,,0,0.0,0.0,0.0,0.0,0.0,0.0,0.0,0.0,0.0,1.0026873353097225,1.0026873353097225,0.0
2024-01-22,19:49:00.000000000,49.335,397.105,,,,0,0.0,0.0,0.0,0.0,0.0,0.0,0.0,0.0,0.0,1.0026873353097225,1.0026873353097225,0.0
2024-01-22,19:50:00.000000000,49.335,397.11,0.16561031114530445,-16.43051065891185,-1.5494152990866483,0,0.0,0.0,0.0,0.0,0.0,0.0,0.0,0.0,0.0,1.0026873353097225,1.0026873353097225,0.0
2024-01-22,19:51:00.000000000,49.355,397.12,,,,0,0.0,0.0,0.0,0.0,0.0,0.0,0.0,0.0,0.0,1.0026873353097225,1.0026873353097225,0.0
2024-01-22,19:52:00.000000000,49.355,397.26,,,,0,0.0,0.0,0.0,0.0,0.0,0.0,0.0,0.0,0.0,1.0026873353097225,1.0026873353097225,0.0
2024-01-22,19:53:00.000000000,49.35,397.085,0.16581712696737186,-16.49349386183885,-1.543232333985214,0,0.0,0.0,0.0,0.0,0.0,0.0,0.0,0.0,0.0,1.0026873353097225,1.0026873353097225,0.0
2024-01-22,19:54:00.000000000,49.35,397.19,,,,0,0.0,0.0,0.0,0.0,0.0,0.0,0.0,0.0,0.0,1.0026873353097225,1.0026873353097225,0.0
2024-01-22,19:55:00.000000000,49.35,397.315,,,,0,0.0,0.0,0.0,0.0,0.0,0.0,0.0,0.0,0.0,1.0026873353097225,1.0026873353097225,0.0
2024-01-22,19:56:00.000000000,49.355,397.35,0.16599790168900597,-16.604266236126527,-1.5554261980198474,0,0.0,0.0,0.0,0.0,0.0,0.0,0.0,0.0,0.0,1.0026873353097225,1.0026873353097225,0.0
2024-01-22,19:57:00.000000000,49.36,397.315,,,,0,0.0,0.0,0.0,0.0,0.0,0.0,0.0,0.0,0.0,1.0026873353097225,1.0026873353097225,0.0
2024-01-22,19:58:00.000000000,49.4,397.382,,,,0,0.0,0.0,0.0,0.0,0.0,0.0,0.0,0.0,0.0,1.0026873353097225,1.0026873353097225,0.0
2024-01-22,19:59:00.000000000,49.41,397.44,0.16619988741322805,-16.644483253513357,-1.5405885372346864,1,0.0,0.0,0.0,0.0,0.0,0.0,0.0,0.0,0.0,1.0026873353097225,1.0026873353097225,0.0
2024-01-22,20:00:00.000000000,49.42,397.3499,,,,0,0.0,0.0,0.0,0.0,0.0,0.0,0.0,0.0,0.0,1.0026873353097225,1.0026873353097225,0.0
2024-01-22,20:01:00.000000000,49.405,397.24,,,,0,0.0,0.0,0.0,0.0,0.0,0.0,0.0,0.0,0.0,1.0026873353097225,1.0026873353097225,0.0
2024-01-22,20:02:00.000000000,49.38,397.09,0.1664420183939156,-16.712461084039937,-1.5371268306668056,0,0.0,0.0,0.0,0.0,0.0,0.0,0.0,0.0,0.0,1.0026873353097225,1.0026873353097225,0.0
2024-01-22,20:03:00.000000000,49.385,397.09,,,,0,0.0,0.0,0.0,0.0,0.0,0.0,0.0,0.0,0.0,1.0026873353097225,1.0026873353097225,0.0
2024-01-22,20:04:00.000000000,49.405,397.155,,,,0,0.0,0.0,0.0,0.0,0.0,0.0,0.0,0.0,0.0,1.0026873353097225,1.0026873353097225,0.0
2024-01-22,20:05:00.000000000,49.395,397.19,0.16668967449270933,-16.812471811759217,-1.5460909325930488,0,0.0,0.0,0.0,0.0,0.0,0.0,0.0,0.0,0.0,1.0026873353097225,1.0026873353097225,0.0
2024-01-22,20:06:00.000000000,49.38,397.0,,,,0,0.0,0.0,0.0,0.0,0.0,0.0,0.0,0.0,0.0,1.0026873353097225,1.0026873353097225,0.0
2024-01-22,20:07:00.000000000,49.355,397.0309,,,,0,0.0,0.0,0.0,0.0,0.0,0.0,0.0,0.0,0.0,1.0026873353097225,1.0026873353097225,0.0
2024-01-22,20:08:00.000000000,49.36,397.0526,0.16692883928076438,-16.91952965140962,-1.5575110873234856,0,0.0,0.0,0.0,0.0,0.0,0.0,0.0,0.0,0.0,1.0026873353097225,1.0026873353097225,0.0
2024-01-22,20:09:00.000000000,49.385,397.3,,,,0,0.0,0.0,0.0,0.0,0.0,0.0,0.0,0.0,0.0,1.0026873353097225,1.0026873353097225,0.0
2024-01-22,20:10:00.000000000,49.395,397.37,,,,0,0.0,0.0,0.0,0.0,0.0,0.0,0.0,0.0,0.0,1.0026873353097225,1.0026873353097225,0.0
2024-01-22,20:11:00.000000000,49.38,397.145,0.16717196882893887,-17.011511560568927,-1.5629506866069967,0,0.0,0.0,0.0,0.0,0.0,0.0,0.0,0.0,0.0,1.0026873353097225,1.0026873353097225,0.0
2024-01-22,20:12:00.000000000,49.375,397.04,,,,0,0.0,0.0,0.0,0.0,0.0,0.0,0.0,0.0,0.0,1.0026873353097225,1.0026873353097225,0.0
2024-01-22,20:13:00.000000000,49.39,397.085,,,,0,0.0,0.0,0.0,0.0,0.0,0.0,0.0,0.0,0.0,1.0026873353097225,1.0026873353097225,0.0
2024-01-22,20:14:00.000000000,49.395,397.1499,0.16740481669879428,-17.089806211444476,-1.5632167622166344,0,0.0,0.0,0.0,0.0,0.0,0.0,0.0,0.0,0.0,1.0026873353097225,1.0026873353097225,0.0
2024-01-22,20:15:00.000000000,49.39,397.184,,,,0,0.0,0.0,0.0,0.0,0.0,0.0,0.0,0.0,0.0,1.0026873353097225,1.0026873353097225,0.0
2024-01-22,20:16:00.000000000,49.385,397.34,,,,0,0.0,0.0,0.0,0.0,0.0,0.0,0.0,0.0,0.0,1.0026873353097225,1.0026873353097225,0.0
2024-01-22,20:17:00.000000000,49.385,397.36,0.16762600355992854,-17.222868774573207,-1.5852828693590806,0,0.0,0.0,0.0,0.0,0.0,0.0,0.0,0.0,0.0,1.0026873353097225,1.0026873353097225,0.0
2024-01-22,20:18:00.000000000,49.405,397.45,,,,0,0.0,0.0,0.0,0.0,0.0,0.0,0.0,0.0,0.0,1.0026873353097225,1.0026873353097225,0.0
2024-01-22,20:19:00.000000000,49.39,397.35,,,,0,0.0,0.0,0.0,0.0,0.0,0.0,0.0,0.0,0.0,1.0026873353097225,1.0026873353097225,0.0
2024-01-22,20:20:00.000000000,49.395,397.13,0.16784815190157984,-17.2625365646744,-1.568886173198928,0,0.0,0.0,0.0,0.0,0.0,0.0,0.0,0.0,0.0,1.0026873353097225,1.0026873353097225,0.0
2024-01-22,20:21:00.000000000,49.4,397.2,,,,0,0.0,0.0,0.0,0.0,0.0,0.0,0.0,0.0,0.0,1.0026873353097225,1.0026873353097225,0.0
2024-01-22,20:22:00.000000000,49.395,397.21,,,,0,0.0,0.0,0.0,0.0,0.0,0.0,0.0,0.0,0.0,1.0026873353097225,1.0026873353097225,0.0
2024-01-22,20:23:00.000000000,49.4,397.24,0.1680634678550606,-17.361531970744274,-1.5789571335683756,0,0.0,0.0,0.0,0.0,0.0,0.0,0.0,0.0,0.0,1.0026873353097225,1.0026873353097225,0.0
2024-01-22,20:24:00.000000000,49.385,397.31,,,,0,0.0,0.0,0.0,0.0,0.0,0.0,0.0,0.0,0.0,1.0026873353097225,1.0026873353097225,0.0
2024-01-22,20:25:00.000000000,49.4,397.311,,,,0,0.0,0.0,0.0,0.0,0.0,0.0,0.0,0.0,0.0,1.0026873353097225,1.0026873353097225,0.0
2024-01-22,20:26:00.000000000,49.3858,397.355,0.16825467205827813,-17.47103521571711,-1.5925404645422008,0,0.0,0.0,0.0,0.0,0.0,0.0,0.0,0.0,0.0,1.0026873353097225,1.0026873353097225,0.0
2024-01-22,20:27:00.000000000,49.405,397.335,,,,0,0.0,0.0,0.0,0.0,0.0,0.0,0.0,0.0,0.0,1.0026873353097225,1.0026873353097225,0.0
2024-01-22,20:28:00.000000000,49.425,397.38,,,,0,0.0,0.0,0.0,0.0,0.0,0.0,0.0,0.0,0.0,1.0026873353097225,1.0026873353097225,0.0
2024-01-22,20:29:00.000000000,49.425,397.23,0.1684363390158557,-17.482966947268366,-1.564660612001352,0,0.0,0.0,0.0,0.0,0.0,0.0,0.0,0.0,0.0,1.0026873353097225,1.0026873353097225,0.0
2024-01-22,20:30:00.000000000,49.4,397.0318,,,,0,0.0,0.0,0.0,0.0,0.0,0.0,0.0,0.0,0.0,1.0026873353097225,1.0026873353097225,0.0
2024-01-22,20:31:00.000000000,49.405,397.05,,,,0,0.0,0.0,0.0,0.0,0.0,0.0,0.0,0.0,0.0,1.0026873353097225,1.0026873353097225,0.0
2024-01-22,20:32:00.000000000,49.39,397.005,0.1686230011433604,-17.55417456891979,-1.562771356502893,0,0.0,0.0,0.0,0.0,0.0,0.0,0.0,0.0,0.0,1.0026873353097225,1.0026873353097225,0.0
2024-01-22,20:33:00.000000000,49.385,396.89,,,,0,0.0,0.0,0.0,0.0,0.0,0.0,0.0,0.0,0.0,1.0026873353097225,1.0026873353097225,0.0
2024-01-22,20:34:00.000000000,49.365,396.7501,,,,0,0.0,0.0,0.0,0.0,0.0,0.0,0.0,0.0,0.0,1.0026873353097225,1.0026873353097225,0.0
2024-01-22,20:35:00.000000000,49.38,397.06,0.16880240934293814,-17.64468465370701,-1.5698106769334887,0,0.0,0.0,0.0,0.0,0.0,0.0,0.0,0.0,0.0,1.0026873353097225,1.0026873353097225,0.0
2024-01-22,20:36:00.000000000,49.385,396.9995,,,,0,0.0,0.0,0.0,0.0,0.0,0.0,0.0,0.0,0.0,1.0026873353097225,1.0026873353097225,0.0
2024-01-22,20:37:00.000000000,49.39,397.05,,,,0,0.0,0.0,0.0,0.0,0.0,0.0,0.0,0.0,0.0,1.0026873353097225,1.0026873353097225,0.0
2024-01-22,20:38:00.000000000,49.355,396.9114,0.16898116581932776,-17.71555109898153,-1.5686171036089323,0,0.0,0.0,0.0,0.0,0.0,0.0,0.0,0.0,0.0,1.0026873353097225,1.0026873353097225,0.0
2024-01-22,20:39:00.000000000,49.35,396.98,,,,0,0.0,0.0,0.0,0.0,0.0,0.0,0.0,0.0,0.0,1.0026873353097225,1.0026873353097225,0.0
2024-01-22,20:40:00.000000000,49.4,397.09,,,,0,0.0,0.0,0.0,0.0,0.0,0.0,0.0,0.0,0.0,1.0026873353097225,1.0026873353097225,0.0
2024-01-22,20:41:00.000000000,49.385,396.99,0.16912951398116569,-17.75772575538297,-1.5548629531892428,0,0.0,0.0,0.0,0.0,0.0,0.0,0.0,0.0,0.0,1.0026873353097225,1.0026873353097225,0.0
2024-01-22,20:42:00.000000000,49.3857,396.93,,,,0,0.0,0.0,0.0,0.0,0.0,0.0,0.0,0.0,0.0,1.0026873353097225,1.0026873353097225,0.0
2024-01-22,20:43:00.000000000,49.375,396.9471,,,,0,0.0,0.0,0.0,0.0,0.0,0.0,0.0,0.0,0.0,1.0026873353097225,1.0026873353097225,0.0
2024-01-22,20:44:00.000000000,49.3679,396.93,0.16927281299521374,-17.821557662190195,-1.5505285934471749,0,0.0,0.0,0.0,0.0,0.0,0.0,0.0,0.0,0.0,1.0026873353097225,1.0026873353097225,0.0
2024-01-22,20:45:00.000000000,49.37,396.95,,,,0,0.0,0.0,0.0,0.0,0.0,0.0,0.0,0.0,0.0,1.0026873353097225,1.0026873353097225,0.0
2024-01-22,20:46:00.000000000,49.36,396.755,,,,0,0.0,0.0,0.0,0.0,0.0,0.0,0.0,0.0,0.0,1.0026873353097225,1.0026873353097225,0.0
2024-01-22,20:47:00.000000000,49.375,396.89,0.16941838581256777,-17.865463145150017,-1.5378173623620628,0,0.0,0.0,0.0,0.0,0.0,0.0,0.0,0.0,0.0,1.0026873353097225,1.0026873353097225,0.0
2024-01-22,20:48:00.000000000,49.385,396.88,,,,0,0.0,0.0,0.0,0.0,0.0,0.0,0.0,0.0,0.0,1.0026873353097225,1.0026873353097225,0.0
2024-01-22,20:49:00.000000000,49.385,396.95,,,,0,0.0,0.0,0.0,0.0,0.0,0.0,0.0,0.0,0.0,1.0026873353097225,1.0026873353097225,0.0
2024-01-22,20:50:00.000000000,49.4,396.98,0.16956966910709725,-17.915767242135466,-1.5284053577500858,0,0.0,0.0,0.0,0.0,0.0,0.0,0.0,0.0,0.0,1.0026873353097225,1.0026873353097225,0.0
2024-01-22,20:51:00.000000000,49.415,397.06,,,,0,0.0,0.0,0.0,0.0,0.0,0.0,0.0,0.0,0.0,1.0026873353097225,1.0026873353097225,0.0
2024-01-22,20:52:00.000000000,49.41,397.19,,,,0,0.0,0.0,0.0,0.0,0.0,0.0,0.0,0.0,0.0,1.0026873353097225,1.0026873353097225,0.0
2024-01-22,20:53:00.000000000,49.409,397.03,0.1697222672503908,-17.97583176642265,-1.524256647103091,0,0.0,0.0,0.0,0.0,0.0,0.0,0.0,0.0,0.0,1.0026873353097225,1.0026873353097225,0.0
2024-01-22,20:54:00.000000000,49.425,396.78,,,,0,0.0,0.0,0.0,0.0,0.0,0.0,0.0,0.0,0.0,1.0026873353097225,1.0026873353097225,0.0
2024-01-22,20:55:00.000000000,49.45,396.69,,,,0,0.0,0.0,0.0,0.0,0.0,0.0,0.0,0.0,0.0,1.0026873353097225,1.0026873353097225,0.0
2024-01-22,20:56:00.000000000,49.4479,396.575,0.16989083146986667,-17.926556490162376,-1.4718655308698323,0,0.0,0.0,0.0,0.0,0.0,0.0,0.0,0.0,0.0,1.0026873353097225,1.0026873353097225,0.0
2024-01-22,20:57:00.000000000,49.475,396.72,,,,0,0.0,0.0,0.0,0.0,0.0,0.0,0.0,0.0,0.0,1.0026873353097225,1.0026873353097225,0.0
2024-01-22,20:58:00.000000000,49.47,396.6009,,,,0,0.0,0.0,0.0,0.0,0.0,0.0,0.0,0.0,0.0,1.0026873353097225,1.0026873353097225,0.0
2024-01-22,20:59:00.000000000,49.49,396.5,0.17007071404210722,-17.943038117695515,-1.4501501514137694,1,0.0,0.0,0.0,0.0,0.0,0.0,0.0,0.0,0.0,1.0026873353097225,1.0026873353097225,0.0
2024-01-23,14:29:00.000000000,49.6131,395.79,0.1702703112348478,-17.77818648364041,-1.346252556947416,0,0.0,0.0,0.0,0.0,0.0,0.0,0.0,0.0,0.0,1.0026873353097225,1.0026873353097225,0.0
2024-01-23,14:30:00.000000000,49.38,395.398,,,,0,0.0,0.0,0.0,0.0,0.0,0.0,0.0,0.0,0.0,1.0026873353097225,1.0026873353097225,0.0
2024-01-23,14:31:00.000000000,49.36,394.77,,,,0,0.0,0.0,0.0,0.0,0.0,0.0,0.0,0.0,0.0,1.0026873353097225,1.0026873353097225,0.0
2024-01-23,14:32:00.000000000,49.49,394.71,0.17040484177204865,-17.770495095845313,-1.3174756726842032,0,0.0,0.0,0.0,0.0,0.0,0.0,0.0,0.0,0.0,1.0026873353097225,1.0026873353097225,0.0
2024-01-23,14:33:00.000000000,49.48,394.89,,,,0,0.0,0.0,0.0,0.0,0.0,0.0,0.0,0.0,0.0,1.0026873353097225,1.0026873353097225,0.0
2024-01-23,14:34:00.000000000,49.45,394.51,,,,0,0.0,0.0,0.0,0.0,0.0,0.0,0.0,0.0,0.0,1.0026873353097225,1.0026873353097225,0.0
2024-01-23,14:35:00.000000000,49.3957,394.535,0.17051740909844032,-17.879385998653156,-1.3442099633050242,0,0.0,0.0,0.0,0.0,0.0,0.0,0.0,0.0,0.0,1.0026873353097225,1.0026873353097225,0.0
2024-01-23,14:36:00.000000000,49.38,395.1,,,,0,0.0,0.0,0.0,0.0,0.0,0.0,0.0,0.0,0.0,1.0026873353097225,1.0026873353097225,0.0
2024-01-23,14:37:00.000000000,49.36,394.7,,,,0,0.0,0.0,0.0,0.0,0.0,0.0,0.0,0.0,0.0,1.0026873353097225,1.0026873353097225,0.0
2024-01-23,14:38:00.000000000,49.31,394.99,0.1706327436886837,-18.088227429593175,-1.4181189555872709,0,0.0,0.0,0.0,0.0,0.0,0.0,0.0,0.0,0.0,1.0026873353097225,1.0026873353097225,0.0
2024-01-23,14:39:00.000000000,49.23,395.28,,,,0,0.0,0.0,0.0,0.0,0.0,0.0,0.0,0.0,0.0,1.0026873353097225,1.0026873353097225,0.0
2024-01-23,14:40:00.000000000,49.21,395.4056,,,,0,0.0,0.0,0.0,0.0,0.0,0.0,0.0,0.0,0.0,1.0026873353097225,1.0026873353097225,0.0
2024-01-23,14:41:00.000000000,49.19,395.46,0.170732985770544,-18.328066552819323,-1.5056550343731512,0,0.0,0.0,0.0,0.0,0.0,0.0,0.0,0.0,0.0,1.0026873353097225,1.0026873353097225,0.0
2024-01-23,14:42:00.000000000,49.2,395.63,,,,0,0.0,0.0,0.0,0.0,0.0,0.0,0.0,0.0,0.0,1.0026873353097225,1.0026873353097225,0.0
2024-01-23,14:43:00.000000000,49.18,395.56,,,,0,0.0,0.0,0.0,0.0,0.0,0.0,0.0,0.0,0.0,1.0026873353097225,1.0026873353097225,0.0
2024-01-23,14:44:00.000000000,49.21,395.7,0.17083777504152478,-18.39050758393136,-1.5059911430128712,0,0.0,0.0,0.0,0.0,0.0,0.0,0.0,0.0,0.0,1.0026873353097225,1.0026873353097225,0.0
2024-01-23,14:45:00.000000000,49.22,395.74,,,,0,0.0,0.0,0.0,0.0,0.0,0.0,0.0,0.0,0.0,1.0026873353097225,1.0026873353097225,0.0
2024-01-23,14:46:00.000000000,49.27,395.2,,,,0,0.0,0.0,0.0,0.0,0.0,0.0,0.0,0.0,0.0,1.0026873353097225,1.0026873353097225,0.0
2024-01-23,14:47:00.000000000,49.31,395.28,0.17095817794867116,-18.266348579550723,-1.415866460402959,0,0.0,0.0,0.0,0.0,0.0,0.0,0.0,0.0,0.0,1.0026873353097225,1.0026873353097225,0.0
2024-01-23,14:48:00.000000000,49.335,395.68,,,,0,0.0,0.0,0.0,0.0,0.0,0.0,0.0,0.0,0.0,1.0026873353097225,1.0026873353097225,0.0
2024-01-23,14:49:00.000000000,49.36,395.79,,,,0,0.0,0.0,0.0,0.0,0.0,0.0,0.0,0.0,0.0,1.0026873353097225,1.0026873353097225,0.0
2024-01-23,14:50:00.000000000,49.36,395.719,0.1710950594059395,-18.34556581305897,-1.4272791809201462,0,0.0,0.0,0.0,0.0,0.0,0.0,0.0,0.0,0.0,1.0026873353097225,1.0026873353097225,0.0
2024-01-23,14:51:00.000000000,49.3303,395.758,,,,0,0.0,0.0,0.0,0.0,0.0,0.0,0.0,0.0,0.0,1.0026873353097225,1.0026873353097225,0.0
2024-01-23,14:52:00.000000000,49.335,395.6247,,,,0,0.0,0.0,0.0,0.0,0.0,0.0,0.0,0.0,0.0,1.0026873353097225,1.0026873353097225,0.0
2024-01-23,14:53:00.000000000,49.29,395.63,0.17121527401388287,-18.447898858112474,-1.4502121742037692,0,0.0,0.0,0.0,0.0,0.0,0.0,0.0,0.0,0.0,1.0026873353097225,1.0026873353097225,0.0
2024-01-23,14:54:00.000000000,49.29,395.63,,,,0,0.0,0.0,0.0,0.0,0.0,0.0,0.0,0.0,0.0,1.0026873353097225,1.0026873353097225,0.0
2024-01-23,14:55:00.000000000,49.25,395.7263,,,,0,0.0,0.0,0.0,0.0,0.0,0.0,0.0,0.0,0.0,1.0026873353097225,1.0026873353097225,0.0
2024-01-23,14:56:00.000000000,49.25,395.4732,0.17132521762494302,-18.504532054832623,-1.45060106420934,0,0.0,0.0,0.0,0.0,0.0,0.0,0.0,0.0,0.0,1.0026873353097225,1.0026873353097225,0.0
2024-01-23,14:57:00.000000000,49.245,395.54,,,,0,0.0,0.0,0.0,0.0,0.0,0.0,0.0,0.0,0.0,1.0026873353097225,1.0026873353097225,0.0
2024-01-23,14:58:00.000000000,49.27,395.51,,,,0,0.0,0.0,0.0,0.0,0.0,0.0,0.0,0.0,0.0,1.0026873353097225,1.0026873353097225,0.0
2024-01-23,14:59:00.000000000,49.265,395.7494,0.17143972643596858,-18.582168873198697,-1.4613308281478872,0,0.0,0.0,0.0,0.0,0.0,0.0,0.0,0.0,0.0,1.0026873353097225,1.0026873353097225,0.0
2024-01-23,15:00:00.000000000,49.24,395.78,,,,0,0.0,0.0,0.0,0.0,0.0,0.0,0.0,0.0,0.0,1.0026873353097225,1.0026873353097225,0.0
2024-01-23,15:01:00.000000000,49.23,395.73,,,,0,0.0,0.0,0.0,0.0,0.0,0.0,0.0,0.0,0.0,1.0026873353097225,1.0026873353097225,0.0
2024-01-23,15:02:00.000000000,49.16,395.57,0.17153083253633541,-18.692451426398208,-1.4885254492262252,0,0.0,0.0,0.0,0.0,0.0,0.0,0.0,0.0,0.0,1.0026873353097225,1.0026873353097225,0.0
2024-01-23,15:03:00.000000000,49.13,395.66,,,,0,0.0,0.0,0.0,0.0,0.0,0.0,0.0,0.0,0.0,1.0026873353097225,1.0026873353097225,0.0
2024-01-23,15:04:00.000000000,49.15,395.62,,,,0,0.0,0.0,0.0,0.0,0.0,0.0,0.0,0.0,0.0,1.0026873353097225,1.0026873353097225,0.0
2024-01-23,15:05:00.000000000,49.145,395.475,0.17161834338406892,-18.72576434981466,-1.475412154764469,0,0.0,0.0,0.0,0.0,0.0,0.0,0.0,0.0,0.0,1.0026873353097225,1.0026873353097225,0.0
2024-01-23,15:06:00.000000000,49.15,395.615,,,,0,0.0,0.0,0.0,0.0,0.0,0.0,0.0,0.0,0.0,1.0026873353097225,1.0026873353097225,0.0
2024-01-23,15:07:00.000000000,49.16,395.515,,,,0,0.0,0.0,0.0,0.0,0.0,0.0,0.0,0.0,0.0,1.0026873353097225,1.0026873353097225,0.0
2024-01-23,15:08:00.000000000,49.16,395.5742,0.1717086137691903,-18.763497524856447,-1.465154610685052,0,0.0,0.0,0.0,0.0,0.0,0.0,0.0,0.0,0.0,1.0026873353097225,1.0026873353097225,0.0
2024-01-23,15:09:00.000000000,49.225,395.54,,,,0,0.0,0.0,0.0,0.0,0.0,0.0,0.0,0.0,0.0,1.0026873353097225,1.0026873353097225,0.0
2024-01-23,15:10:00.000000000,49.2,395.42,,,,0,0.0,0.0,0.0,0.0,0.0,0.0,0.0,0.0,0.0,1.0026873353097225,1.0026873353097225,0.0
2024-01-23,15:11:00.000000000,49.23,395.63,0.171813219820211,-18.744464157470084,-1.4255186436151193,0,0.0,0.0,0.0,0.0,0.0,0.0,0.0,0.0,0.0,1.0026873353097225,1.0026873353097225,0.0
2024-01-23,15:12:00.000000000,49.24,395.76,,,,0,0.0,0.0,0.0,0.0,0.0,0.0,0.0,0.0,0.0,1.0026873353097225,1.0026873353097225,0.0
2024-01-23,15:13:00.000000000,49.225,395.5099,,,,0,0.0,0.0,0.0,0.0,0.0,0.0,0.0,0.0,0.0,1.0026873353097225,1.0026873353097225,0.0
2024-01-23,15:14:00.000000000,49.26,395.66,0.17192386100764256,-18.763394846283866,-1.407317960252206,0,0.0,0.0,0.0,0.0,0.0,0.0,0.0,0.0,0.0,1.0026873353097225,1.0026873353097225,0.0
2024-01-23,15:15:00.000000000,49.225,395.61,,,,0,0.0,0.0,0.0,0.0,0.0,0.0,0.0,0.0,0.0,1.0026873353097225,1.0026873353097225,0.0
2024-01-23,15:16:00.000000000,49.225,395.49,,,,0,0.0,0.0,0.0,0.0,0.0,0.0,0.0,0.0,0.0,1.0026873353097225,1.0026873353097225,0.0
2024-01-23,15:17:00.000000000,49.235,395.3868,0.17202661688862372,-18.782053566418895,-1.3895413055858437,0,0.0,0.0,0.0,0.0,0.0,0.0,0.0,0.0,0.0,1.0026873353097225,1.0026873353097225,0.0
2024-01-23,15:18:00.000000000,49.205,395.145,,,,0,0.0,0.0,0.0,0.0,0.0,0.0,0.0,0.0,0.0,1.0026873353097225,1.0026873353097225,0.0
2024-01-23,15:19:00.000000000,49.21,395.45,,,,0,0.0,0.0,0.0,0.0,0.0,0.0,0.0,0.0,0.0,1.0026873353097225,1.0026873353097225,0.0
2024-01-23,15:20:00.000000000,49.2,395.44,0.172122615416125,-18.864167040152466,-1.4069684493330579,0,0.0,0.0,0.0,0.0,0.0,0.0,0.0,0.0,0.0,1.0026873353097225,1.0026873353097225,0.0
2024-01-23,15:21:00.000000000,49.17,395.065,,,,0,0.0,0.0,0.0,0.0,0.0,0.0,0.0,0.0,0.0,1.0026873353097225,1.0026873353097225,0.0
2024-01-23,15:22:00.000000000,49.185,395.235,,,,0,0.0,0.0,0.0,0.0,0.0,0.0,0.0,0.0,0.0,1.0026873353097225,1.0026873353097225,0.0
2024-01-23,15:23:00.000000000,49.165,395.07,0.1722078622481171,-18.86916013836362,-1.382910604317802,0,0.0,0.0,0.0,0.0,0.0,0.0,0.0,0.0,0.0,1.0026873353097225,1.0026873353097225,0.0
2024-01-23,15:24:00.000000000,49.195,395.26,,,,0,0.0,0.0,0.0,0.0,0.0,0.0,0.0,0.0,0.0,1.0026873353097225,1.0026873353097225,0.0
2024-01-23,15:25:00.000000000,49.23,394.965,,,,0,0.0,0.0,0.0,0.0,0.0,0.0,0.0,0.0,0.0,1.0026873353097225,1.0026873353097225,0.0
2024-01-23,15:26:00.000000000,49.19,395.065,0.17229673278556432,-18.878408737928964,-1.3617265670954073,0,0.0,0.0,0.0,0.0,0.0,0.0,0.0,0.0,0.0,1.0026873353097225,1.0026873353097225,0.0
2024-01-23,15:27:00.000000000,49.215,395.3819,,,,0,0.0,0.0,0.0,0.0,0.0,0.0,0.0,0.0,0.0,1.0026873353097225,1.0026873353097225,0.0
2024-01-23,15:28:00.000000000,49.24,395.65,,,,0,0.0,0.0,0.0,0.0,0.0,0.0,0.0,0.0,0.0,1.0026873353097225,1.0026873353097225,0.0
2024-01-23,15:29:00.000000000,49.245,395.46,0.17240031582094067,-18.932428894549197,-1.366526394644344,0,0.0,0.0,0.0,0.0,0.0,0.0,0.0,0.0,0.0,1.0026873353097225,1.0026873353097225,0.0
2024-01-23,15:30:00.000000000,49.25,395.46,,,,0,0.0,0.0,0.0,0.0,0.0,0.0,0.0,0.0,0.0,1.0026873353097225,1.0026873353097225,0.0
2024-01-23,15:31:00.000000000,49.245,395.41,,,,0,0.0,0.0,0.0,0.0,0.0,0.0,0.0,0.0,0.0,1.0026873353097225,1.0026873353097225,0.0
2024-01-23,15:32:00.000000000,49.26,395.23,0.17250303767712855,-18.91837558113152,-1.3328075892123636,0,0.0,0.0,0.0,0.0,0.0,0.0,0.0,0.0,0.0,1.0026873353097225,1.0026873353097225,0.0
2024-01-23,15:33:00.000000000,49.245,395.16,,,,0,0.0,0.0,0.0,0.0,0.0,0.0,0.0,0.0,0.0,1.0026873353097225,1.0026873353097225,0.0
2024-01-23,15:34:00.000000000,49.245,395.56,,,,0,0.0,0.0,0.0,0.0,0.0,0.0,0.0,0.0,0.0,1.0026873353097225,1.0026873353097225,0.0
2024-01-23,15:35:00.000000000,49.2405,395.43,0.17260445562429658,-19.012479887515596,-1.3622912472582096,0,0.0,0.0,0.0,0.0,0.0,0.0,0.0,0.0,0.0,1.0026873353097225,1.0026873353097225,0.0
2024-01-23,15:36:00.000000000,49.265,395.67,,,,0,0.0,0.0,0.0,0.0,0.0,0.0,0.0,0.0,0.0,1.0026873353097225,1.0026873353097225,0.0
2024-01-23,15:37:00.000000000,49.23,395.7,,,,0,0.0,0.0,0.0,0.0,0.0,0.0,0.0,0.0,0.0,1.0026873353097225,1.0026873353097225,0.0
2024-01-23,15:38:00.000000000,49.205,395.77,0.17269973556417248,-19.144374344232546,-1.4140824461639687,0,0.0,0.0,0.0,0.0,0.0,0.0,0.0,0.0,0.0,1.0026873353097225,1.0026873353097225,0.0
2024-01-23,15:39:00.000000000,49.26,395.8,,,,0,0.0,0.0,0.0,0.0,0.0,0.0,0.0,0.0,0.0,1.0026873353097225,1.0026873353097225,0.0
2024-01-23,15:40:00.000000000,49.25,395.755,,,,0,0.0,0.0,0.0,0.0,0.0,0.0,0.0,0.0,0.0,1.0026873353097225,1.0026873353097225,0.0
2024-01-23,15:41:00.000000000,49.235,395.75,0.17280109539276697,-19.151033501687536,-1.3919954906878547,0,0.0,0.0,0.0,0.0,0.0,0.0,0.0,0.0,0.0,1.0026873353097225,1.0026873353097225,0.0
2024-01-23,15:42:00.000000000,49.2201,395.76,,,,0,0.0,0.0,0.0,0.0,0.0,0.0,0.0,0.0,0.0,1.0026873353097225,1.0026873353097225,0.0
2024-01-23,15:43:00.000000000,49.23,395.625,,,,0,0.0,0.0,0.0,0.0,0.0,0.0,0.0,0.0,0.0,1.0026873353097225,1.0026873353097225,0.0
2024-01-23,15:44:00.000000000,49.21,395.669,0.17289651502616732,-19.199791203888587,-1.3964218097658723,0,0.0,0.0,0.0,0.0,0.0,0.0,0.0,0.0,0.0,1.0026873353097225,1.0026873353097225,0.0
2024-01-23,15:45:00.000000000,49.18,395.73,,,,0,0.0,0.0,0.0,0.0,0.0,0.0,0.0,0.0,0.0,1.0026873353097225,1.0026873353097225,0.0
2024-01-23,15:46:00.000000000,49.175,395.71,,,,0,0.0,0.0,0.0,0.0,0.0,0.0,0.0,0.0,0.0,1.0026873353097225,1.0026873353097225,0.0
2024-01-23,15:47:00.000000000,49.145,395.7657,0.1729774652498118,-19.313547618817445,-1.4403905485056594,0,0.0,0.0,0.0,0.0,0.0,0.0,0.0,0.0,0.0,1.0026873353097225,1.0026873353097225,0.0
2024-01-23,15:48:00.000000000,49.13,395.65,,,,0,0.0,0.0,0.0,0.0,0.0,0.0,0.0,0.0,0.0,1.0026873353097225,1.0026873353097225,0.0
2024-01-23,15:49:00.000000000,49.12,395.35,,,,0,0.0,0.0,0.0,0.0,0.0,0.0,0.0,0.0,0.0,1.0026873353097225,1.0026873353097225,0.0
2024-01-23,15:50:00.000000000,49.115,395.48,0.17305267042204395,-19.323870098509936,-1.4214806328560485,0,0.0,0.0,0.0,0.0,0.0,0.0,0.0,0.0,0.0,1.0026873353097225,1.0026873353097225,0.0
2024-01-23,15:51:00.000000000,49.09,395.51,,,,0,0.0,0.0,0.0,0.0,0.0,0.0,0.0,0.0,0.0,1.0026873353097225,1.0026873353097225,0.0
2024-01-23,15:52:00.000000000,49.09,395.3,,,,0,0.0,0.0,0.0,0.0,0.0,0.0,0.0,0.0,0.0,1.0026873353097225,1.0026873353097225,0.0
2024-01-23,15:53:00.000000000,49.11,395.315,0.17312624462625292,-19.32940139442718,-1.4009059744606767,0,0.0,0.0,0.0,0.0,0.0,0.0,0.0,0.0,0.0,1.0026873353097225,1.0026873353097225,0.0
2024-01-23,15:54:00.000000000,49.12,395.39,,,,0,0.0,0.0,0.0,0.0,0.0,0.0,0.0,0.0,0.0,1.0026873353097225,1.0026873353097225,0.0
2024-01-23,15:55:00.000000000,49.14,395.56,,,,0,0.0,0.0,0.0,0.0,0.0,0.0,0.0,0.0,0.0,1.0026873353097225,1.0026873353097225,0.0
2024-01-23,15:56:00.000000000,49.155,395.56,0.1732085980593658,-19.359393048362733,-1.3965522360359348,0,0.0,0.0,0.0,0.0,0.0,0.0,0.0,0.0,0.0,1.0026873353097225,1.0026873353097225,0.0
2024-01-23,15:57:00.000000000,49.15,395.25,,,,0,0.0,0.0,0.0,0.0,0.0,0.0,0.0,0.0,0.0,1.0026873353097225,1.0026873353097225,0.0
2024-01-23,15:58:00.000000000,49.15,395.38,,,,0,0.0,0.0,0.0,0.0,0.0,0.0,0.0,0.0,0.0,1.0026873353097225,1.0026873353097225,0.0
2024-01-23,15:59:00.000000000,49.15,395.4326,0.17328926820558332,-19.374225878631144,-1.3832241795523126,0,0.0,0.0,0.0,0.0,0.0,0.0,0.0,0.0,0.0,1.0026873353097225,1.0026873353097225,0.0
2024-01-23,16:00:00.000000000,49.17,395.46,,,,0,0.0,0.0,0.0,0.0,0.0,0.0,0.0,0.0,0.0,1.0026873353097225,1.0026873353097225,0.0
2024-01-23,16:01:00.000000000,49.165,395.395,,,,0,0.0,0.0,0.0,0.0,0.0,0.0,0.0,0.0,0.0,1.0026873353097225,1.0026873353097225,0.0
2024-01-23,16:02:00.000000000,49.16,395.53,0.17337176189559259,-19.41373298256373,-1.3857146008099472,0,0.0,0.0,0.0,0.0,0.0,0.0,0.0,0.0,0.0,1.0026873353097225,1.0026873353097225,0.0
2024-01-23,16:03:00.000000000,49.198,395.704,,,,0,0.0,0.0,0.0,0.0,0.0,0.0,0.0,0.0,0.0,1.0026873353097225,1.0026873353097225,0.0
2024-01-23,16:04:00.000000000,49.205,395.715,,,,0,0.0,0.0,0.0,0.0,0.0,0.0,0.0,0.0,0.0,1.0026873353097225,1.0026873353097225,0.0
2024-01-23,16:05:00.000000000,49.215,395.76,0.17346543140457546,-19.435679132674778,-1.3771481936838994,0,0.0,0.0,0.0,0.0,0.0,0.0,0.0,0.0,0.0,1.0026873353097225,1.0026873353097225,0.0
2024-01-23,16:06:00.000000000,49.215,395.78,,,,0,0.0,0.0,0.0,0.0,0.0,0.0,0.0,0.0,0.0,1.0026873353097225,1.0026873353097225,0.0
2024-01-23,16:07:00.000000000,49.205,395.75,,,,0,0.0,0.0,0.0,0.0,0.0,0.0,0.0,0.0,0.0,1.0026873353097225,1.0026873353097225,0.0
2024-01-23,16:08:00.000000000,49.2,395.665,0.17355542183892125,-19.469805981896783,-1.377439440235837,0,0.0,0.0,0.0,0.0,0.0,0.0,0.0,0.0,0.0,1.0026873353097225,1.0026873353097225,0.0
2024-01-23,16:09:00.000000000,49.215,395.47,,,,0,0.0,0.0,0.0,0.0,0.0,0.0,0.0,0.0,0.0,1.0026873353097225,1.0026873353097225,0.0
2024-01-23,16:10:00.000000000,49.23,395.65,,,,0,0.0,0.0,0.0,0.0,0.0,0.0,0.0,0.0,0.0,1.0026873353097225,1.0026873353097225,0.0
2024-01-23,16:11:00.000000000,49.25,395.665,0.17365530344945523,-19.45932563932871,-1.3483149291859804,0,0.0,0.0,0.0,0.0,0.0,0.0,0.0,0.0,0.0,1.0026873353097225,1.0026873353097225,0.0
2024-01-23,16:12:00.000000000,49.255,395.66,,,,0,0.0,0.0,0.0,0.0,0.0,0.0,0.0,0.0,0.0,1.0026873353097225,1.0026873353097225,0.0
2024-01-23,16:13:00.000000000,49.225,395.48,,,,0,0.0,0.0,0.0,0.0,0.0,0.0,0.0,0.0,0.0,1.0026873353097225,1.0026873353097225,0.0
2024-01-23,16:14:00.000000000,49.18,395.35,0.17373891068389657,-19.507678338878513,-1.3606661624745768,0,0.0,0.0,0.0,0.0,0.0,0.0,0.0,0.0,0.0,1.0026873353097225,1.0026873353097225,0.0
2024-01-23,16:15:00.000000000,49.2,395.42,,,,0,0.0,0.0,0.0,0.0,0.0,0.0,0.0,0.0,0.0,1.0026873353097225,1.0026873353097225,0.0
2024-01-23,16:16:00.000000000,49.195,395.15,,,,0,0.0,0.0,0.0,0.0,0.0,0.0,0.0,0.0,0.0,1.0026873353097225,1.0026873353097225,0.0
2024-01-23,16:17:00.000000000,49.185,394.775,0.1738132420661778,-19.43212263667533,-1.286027568167827,0,0.0,0.0,0.0,0.0,0.0,0.0,0.0,0.0,0.0,1.0026873353097225,1.0026873353097225,0.0
2024-01-23,16:18:00.000000000,49.185,395.03,,,,0,0.0,0.0,0.0,0.0,0.0,0.0,0.0,0.0,0.0,1.0026873353097225,1.0026873353097225,0.0
2024-01-23,16:19:00.000000000,49.155,395.0897,,,,0,0.0,0.0,0.0,0.0,0.0,0.0,0.0,0.0,0.0,1.0026873353097225,1.0026873353097225,0.0
2024-01-23,16:20:00.000000000,49.165,395.07,0.1738900431447207,-19.533739345184806,-1.3383730460423102,0,0.0,0.0,0.0,0.0,0.0,0.0,0.0,0.0,0.0,1.0026873353097225,1.0026873353097225,0.0
2024-01-23,16:21:00.000000000,49.135,395.24,,,,0,0.0,0.0,0.0,0.0,0.0,0.0,0.0,0.0,0.0,1.0026873353097225,1.0026873353097225,0.0
2024-01-23,16:22:00.000000000,49.135,395.25,,,,0,0.0,0.0,0.0,0.0,0.0,0.0,0.0,0.0,0.0,1.0026873353097225,1.0026873353097225,0.0
2024-01-23,16:23:00.000000000,49.1,395.2393,0.17395743004413985,-19.6548128804448,-1.404893766049561,0,0.0,0.0,0.0,0.0,0.0,0.0,0.0,0.0,0.0,1.0026873353097225,1.0026873353097225,0.0
2024-01-23,16:24:00.000000000,49.09,395.05,,,,0,0.0,0.0,0.0,0.0,0.0,0.0,0.0,0.0,0.0,1.0026873353097225,1.0026873353097225,0.0
2024-01-23,16:25:00.000000000,49.085,395.17,,,,0,0.0,0.0,0.0,0.0,0.0,0.0,0.0,0.0,0.0,1.0026873353097225,1.0026873353097225,0.0
2024-01-23,16:26:00.000000000,49.07,395.15,0.17401889027235476,-19.693564491120974,-1.4104516163205811,0,0.0,0.0,0.0,0.0,0.0,0.0,0.0,0.0,0.0,1.0026873353097225,1.0026873353097225,0.0
2024-01-23,16:27:00.000000000,49.06,395.08,,,,0,0.0,0.0,0.0,0.0,0.0,0.0,0.0,0.0,0.0,1.0026873353097225,1.0026873353097225,0.0
2024-01-23,16:28:00.000000000,49.075,395.175,,,,0,0.0,0.0,0.0,0.0,0.0,0.0,0.0,0.0,0.0,1.0026873353097225,1.0026873353097225,0.0
2024-01-23,16:29:00.000000000,49.075,395.0461,0.1740800113802934,-19.69462958374052,-1.3881869863309817,0,0.0,0.0,0.0,0.0,0.0,0.0,0.0,0.0,0.0,1.0026873353097225,1.0026873353097225,0.0
2024-01-23,16:30:00.000000000,49.08,394.935,,,,0,0.0,0.0,0.0,0.0,0.0,0.0,0.0,0.0,0.0,1.0026873353097225,1.0026873353097225,0.0
2024-01-23,16:31:00.000000000,49.085,395.13,,,,0,0.0,0.0,0.0,0.0,0.0,0.0,0.0,0.0,0.0,1.0026873353097225,1.0026873353097225,0.0
2024-01-23,16:32:00.000000000,49.105,395.3296,0.1741475445199343,-19.740679116047822,-1.3997888191326142,0,0.0,0.0,0.0,0.0,0.0,0.0,0.0,0.0,0.0,1.0026873353097225,1.0026873353097225,0.0
2024-01-23,16:33:00.000000000,49.105,395.11,,,,0,0.0,0.0,0.0,0.0,0.0,0.0,0.0,0.0,0.0,1.0026873353097225,1.0026873353097225,0.0
2024-01-23,16:34:00.000000000,49.09,395.001,,,,0,0.0,0.0,0.0,0.0,0.0,0.0,0.0,0.0,0.0,1.0026873353097225,1.0026873353097225,0.0
2024-01-23,16:35:00.000000000,49.085,395.11,0.1742100232734212,-19.747122295561446,-1.381493637105158,0,0.0,0.0,0.0,0.0,0.0,0.0,0.0,0.0,0.0,1.0026873353097225,1.0026873353097225,0.0
2024-01-23,16:36:00.000000000,49.1,395.17,,,,0,0.0,0.0,0.0,0.0,0.0,0.0,0.0,0.0,0.0,1.0026873353097225,1.0026873353097225,0.0
2024-01-23,16:37:00.000000000,49.09,395.02,,,,0,0.0,0.0,0.0,0.0,0.0,0.0,0.0,0.0,0.0,1.0026873353097225,1.0026873353097225,0.0
2024-01-23,16:38:00.000000000,49.075,395.11,0.17427051635605542,-19.78102371744106,-1.386168968844906,0,0.0,0.0,0.0,0.0,0.0,0.0,0.0,0.0,0.0,1.0026873353097225,1.0026873353097225,0.0
2024-01-23,16:39:00.000000000,49.1,395.31,,,,0,0.0,0.0,0.0,0.0,0.0,0.0,0.0,0.0,0.0,1.0026873353097225,1.0026873353097225,0.0
2024-01-23,16:40:00.000000000,49.07,395.28,,,,0,0.0,0.0,0.0,0.0,0.0,0.0,0.0,0.0,0.0,1.0026873353097225,1.0026873353097225,0.0
2024-01-23,16:41:00.000000000,49.07,395.25,0.17433055088290983,-19.834150236470116,-1.4072413170396942,0,0.0,0.0,0.0,0.0,0.0,0.0,0.0,0.0,0.0,1.0026873353097225,1.0026873353097225,0.0
2024-01-23,16:42:00.000000000,49.085,395.29,,,,0,0.0,0.0,0.0,0.0,0.0,0.0,0.0,0.0,0.0,1.0026873353097225,1.0026873353097225,0.0
2024-01-23,16:43:00.000000000,49.095,395.2652,,,,0,0.0,0.0,0.0,0.0,0.0,0.0,0.0,0.0,0.0,1.0026873353097225,1.0026873353097225,0.0
2024-01-23,16:44:00.000000000,49.1001,395.39,0.1743958647703288,-19.854280971540305,-1.4017282147516528,0,0.0,0.0,0.0,0.0,0.0,0.0,0.0,0.0,0.0,1.0026873353097225,1.0026873353097225,0.0
2024-01-23,16:45:00.000000000,49.115,395.36,,,,0,0.0,0.0,0.0,0.0,0.0,0.0,0.0,0.0,0.0,1.0026873353097225,1.0026873353097225,0.0
2024-01-23,16:46:00.000000000,49.14,395.63,,,,0,0.0,0.0,0.0,0.0,0.0,0.0,0.0,0.0,0.0,1.0026873353097225,1.0026873353097225,0.0
2024-01-23,16:47:00.000000000,49.131,395.73,0.1744662518329022,-19.91052983783439,-1.4264247561542895,0,0.0,0.0,0.0,0.0,0.0,0.0,0.0,0.0,0.0,1.0026873353097225,1.0026873353097225,0.0
2024-01-23,16:48:00.000000000,49.135,395.74,,,,0,0.0,0.0,0.0,0.0,0.0,0.0,0.0,0.0,0.0,1.0026873353097225,1.0026873353097225,0.0
2024-01-23,16:49:00.000000000,49.125,395.56,,,,0,0.0,0.0,0.0,0.0,0.0,0.0,0.0,0.0,0.0,1.0026873353097225,1.0026873353097225,0.0
2024-01-23,16:50:00.000000000,49.12,395.755,0.1745338376075184,-19.95263890236344,-1.4398499824645052,0,0.0,0.0,0.0,0.0,0.0,0.0,0.0,0.0,0.0,1.0026873353097225,1.0026873353097225,0.0
2024-01-23,16:51:00.000000000,49.145,395.735,,,,0,0.0,0.0,0.0,0.0,0.0,0.0,0.0,0.0,0.0,1.0026873353097225,1.0026873353097225,0.0
2024-01-23,16:52:00.000000000,49.12,395.65,,,,0,0.0,0.0,0.0,0.0,0.0,0.0,0.0,0.0,0.0,1.0026873353097225,1.0026873353097225,0.0
2024-01-23,16:53:00.000000000,49.11,395.75,0.1745990190628363,-19.987561794117468,-1.4485956480020694,0,0.0,0.0,0.0,0.0,0.0,0.0,0.0,0.0,0.0,1.0026873353097225,1.0026873353097225,0.0
2024-01-23,16:54:00.000000000,49.135,395.7266,,,,0,0.0,0.0,0.0,0.0,0.0,0.0,0.0,0.0,0.0,1.0026873353097225,1.0026873353097225,0.0
2024-01-23,16:55:00.000000000,49.11,395.73,,,,0,0.0,0.0,0.0,0.0,0.0,0.0,0.0,0.0,0.0,1.0026873353097225,1.0026873353097225,0.0
2024-01-23,16:56:00.000000000,49.12,395.75,0.17466594132011162,-20.004046277434178,-1.440869789452155,0,0.0,0.0,0.0,0.0,0.0,0.0,0.0,0.0,0.0,1.0026873353097225,1.0026873353097225,0.0
2024-01-23,16:57:00.000000000,49.095,395.73,,,,0,0.0,0.0,0.0,0.0,0.0,0.0,0.0,0.0,0.0,1.0026873353097225,1.0026873353097225,0.0
2024-01-23,16:58:00.000000000,49.095,395.7,,,,0,0.0,0.0,0.0,0.0,0.0,0.0,0.0,0.0,0.0,1.0026873353097225,1.0026873353097225,0.0
2024-01-23,16:59:00.000000000,49.12,395.73,0.17473263651637178,-20.02694624862381,-1.4384666165904711,0,0.0,0.0,0.0,0.0,0.0,0.0,0.0,0.0,0.0,1.0026873353097225,1.0026873353097225,0.0
2024-01-23,17:00:00.000000000,49.12,395.7201,,,,0,0.0,0.0,0.0,0.0,0.0,0.0,0.0,0.0,0.0,1.0026873353097225,1.0026873353097225,0.0
2024-01-23,17:01:00.000000000,49.12,395.7367,,,,0,0.0,0.0,0.0,0.0,0.0,0.0,0.0,0.0,0.0,1.0026873353097225,1.0026873353097225,0.0
2024-01-23,17:02:00.000000000,49.11,395.64,0.17479740132001212,-20.046843858249588,-1.4339598406323666,0,0.0,0.0,0.0,0.0,0.0,0.0,0.0,0.0,0.0,1.0026873353097225,1.0026873353097225,0.0
2024-01-23,17:03:00.000000000,49.1,395.57,,,,0,0.0,0.0,0.0,0.0,0.0,0.0,0.0,0.0,0.0,1.0026873353097225,1.0026873353097225,0.0
2024-01-23,17:04:00.000000000,49.085,395.5,,,,0,0.0,0.0,0.0,0.0,0.0,0.0,0.0,0.0,0.0,1.0026873353097225,1.0026873353097225,0.0
2024-01-23,17:05:00.000000000,49.08,395.51,0.1748564611938887,-20.077478966794914,-1.43923267185774,0,0.0,0.0,0.0,0.0,0.0,0.0,0.0,0.0,0.0,1.0026873353097225,1.0026873353097225,0.0
2024-01-23,17:06:00.000000000,49.04,395.615,,,,0,0.0,0.0,0.0,0.0,0.0,0.0,0.0,0.0,0.0,1.0026873353097225,1.0026873353097225,0.0
2024-01-23,17:07:00.000000000,49.05,395.725,,,,0,0.0,0.0,0.0,0.0,0.0,0.0,0.0,0.0,0.0,1.0026873353097225,1.0026873353097225,0.0
2024-01-23,17:08:00.000000000,49.05,395.67,0.17490836640058016,-20.15599333371756,-1.4888827675581349,0,0.0,0.0,0.0,0.0,0.0,0.0,0.0,0.0,0.0,1.0026873353097225,1.0026873353097225,0.0
2024-01-23,17:09:00.000000000,49.05,395.67,,,,0,0.0,0.0,0.0,0.0,0.0,0.0,0.0,0.0,0.0,1.0026873353097225,1.0026873353097225,0.0
2024-01-23,17:10:00.000000000,49.07,395.71,,,,0,0.0,0.0,0.0,0.0,0.0,0.0,0.0,0.0,0.0,1.0026873353097225,1.0026873353097225,0.0
2024-01-23,17:11:00.000000000,49.105,395.695,0.17497083763981827,-20.1300855998879,-1.440501757416468,0,0.0,0.0,0.0,0.0,0.0,0.0,0.0,0.0,0.0,1.0026873353097225,1.0026873353097225,0.0
2024-01-23,17:12:00.000000000,49.11,395.74,,,,0,0.0,0.0,0.0,0.0,0.0,0.0,0.0,0.0,0.0,1.0026873353097225,1.0026873353097225,0.0
2024-01-23,17:13:00.000000000,49.105,395.75,,,,0,0.0,0.0,0.0,0.0,0.0,0.0,0.0,0.0,0.0,1.0026873353097225,1.0026873353097225,0.0
2024-01-23,17:14:00.000000000,49.125,395.61,0.17503726035647307,-20.121490569624314,-1.4097531072670193,0,0.0,0.0,0.0,0.0,0.0,0.0,0.0,0.0,0.0,1.0026873353097225,1.0026873353097225,0.0
2024-01-23,17:15:00.000000000,49.105,395.645,,,,0,0.0,0.0,0.0,0.0,0.0,0.0,0.0,0.0,0.0,1.0026873353097225,1.0026873353097225,0.0
2024-01-23,17:16:00.000000000,49.09,395.67,,,,0,0.0,0.0,0.0,0.0,0.0,0.0,0.0,0.0,0.0,1.0026873353097225,1.0026873353097225,0.0
2024-01-23,17:17:00.000000000,49.07,395.75,0.1750914715889941,-20.22244988134441,-1.484064057483526,0,0.0,0.0,0.0,0.0,0.0,0.0,0.0,0.0,0.0,1.0026873353097225,1.0026873353097225,0.0
2024-01-23,17:18:00.000000000,49.09,395.64,,,,0,0.0,0.0,0.0,0.0,0.0,0.0,0.0,0.0,0.0,1.0026873353097225,1.0026873353097225,0.0
2024-01-23,17:19:00.000000000,49.07,395.61,,,,0,0.0,0.0,0.0,0.0,0.0,0.0,0.0,0.0,0.0,1.0026873353097225,1.0026873353097225,0.0
2024-01-23,17:20:00.000000000,49.06,395.69,0.17514392128396533,-20.242698212852233,-1.4802596860083819,0,0.0,0.0,0.0,0.0,0.0,0.0,0.0,0.0,0.0,1.0026873353097225,1.0026873353097225,0.0
2024-01-23,17:21:00.000000000,49.067,395.575,,,,0,0.0,0.0,0.0,0.0,0.0,0.0,0.0,0.0,0.0,1.0026873353097225,1.0026873353097225,0.0
2024-01-23,17:22:00.000000000,49.0345,395.57,,,,0,0.0,0.0,0.0,0.0,0.0,0.0,0.0,0.0,0.0,1.0026873353097225,1.0026873353097225,0.0
2024-01-23,17:23:00.000000000,49.05,395.39,0.1751957770260668,-20.220658278336558,-1.4353083769647845,0,0.0,0.0,0.0,0.0,0.0,0.0,0.0,0.0,0.0,1.0026873353097225,1.0026873353097225,0.0
2024-01-23,17:24:00.000000000,49.05,395.585,,,,0,0.0,0.0,0.0,0.0,0.0,0.0,0.0,0.0,0.0,1.0026873353097225,1.0026873353097225,0.0
2024-01-23,17:25:00.000000000,49.05,395.49,,,,0,0.0,0.0,0.0,0.0,0.0,0.0,0.0,0.0,0.0,1.0026873353097225,1.0026873353097225,0.0
2024-01-23,17:26:00.000000000,49.065,395.64,0.17524899674845842,-20.270513073560096,-1.462760610778882,0,0.0,0.0,0.0,0.0,0.0,0.0,0.0,0.0,0.0,1.0026873353097225,1.0026873353097225,0.0
2024-01-23,17:27:00.000000000,49.06,395.59,,,,0,0.0,0.0,0.0,0.0,0.0,0.0,0.0,0.0,0.0,1.0026873353097225,1.0026873353097225,0.0
2024-01-23,17:28:00.000000000,49.055,395.63,,,,0,0.0,0.0,0.0,0.0,0.0,0.0,0.0,0.0,0.0,1.0026873353097225,1.0026873353097225,0.0
2024-01-23,17:29:00.000000000,49.06,395.67,0.17530067906931973,-20.301219687357744,-1.469759238947738,0,0.0,0.0,0.0,0.0,0.0,0.0,0.0,0.0,0.0,1.0026873353097225,1.0026873353097225,0.0
2024-01-23,17:30:00.000000000,49.07,395.75,,,,0,0.0,0.0,0.0,0.0,0.0,0.0,0.0,0.0,0.0,1.0026873353097225,1.0026873353097225,0.0
2024-01-23,17:31:00.000000000,49.07,395.665,,,,0,0.0,0.0,0.0,0.0,0.0,0.0,0.0,0.0,0.0,1.0026873353097225,1.0026873353097225,0.0
2024-01-23,17:32:00.000000000,49.07,395.7,0.17535378575368588,-20.317493022733494,-1.461468550998146,0,0.0,0.0,0.0,0.0,0.0,0.0,0.0,0.0,0.0,1.0026873353097225,1.0026873353097225,0.0
2024-01-23,17:33:00.000000000,49.07,395.69,,,,0,0.0,0.0,0.0,0.0,0.0,0.0,0.0,0.0,0.0,1.0026873353097225,1.0026873353097225,0.0
2024-01-23,17:34:00.000000000,49.03,395.6,,,,0,0.0,0.0,0.0,0.0,0.0,0.0,0.0,0.0,0.0,1.0026873353097225,1.0026873353097225,0.0
2024-01-23,17:35:00.000000000,49.015,395.5805,0.1753969312388028,-20.368605757911226,-1.4897257887898954,0,0.0,0.0,0.0,0.0,0.0,0.0,0.0,0.0,0.0,1.0026873353097225,1.0026873353097225,0.0
2024-01-23,17:36:00.000000000,49.025,395.7134,,,,0,0.0,0.0,0.0,0.0,0.0,0.0,0.0,0.0,0.0,1.0026873353097225,1.0026873353097225,0.0
2024-01-23,17:37:00.000000000,49.02,395.75,,,,0,0.0,0.0,0.0,0.0,0.0,0.0,0.0,0.0,0.0,1.0026873353097225,1.0026873353097225,0.0
2024-01-23,17:38:00.000000000,49.03,395.7847,0.17544035853918216,-20.406609672322645,-1.5019396750895617,0,0.0,0.0,0.0,0.0,0.0,0.0,0.0,0.0,0.0,1.0026873353097225,1.0026873353097225,0.0
2024-01-23,17:39:00.000000000,49.03,395.93,,,,0,0.0,0.0,0.0,0.0,0.0,0.0,0.0,0.0,0.0,1.0026873353097225,1.0026873353097225,0.0
2024-01-23,17:40:00.000000000,49.02,396.05,,,,0,0.0,0.0,0.0,0.0,0.0,0.0,0.0,0.0,0.0,1.0026873353097225,1.0026873353097225,0.0
2024-01-23,17:41:00.000000000,49.03,396.141,0.17547670401059856,-20.483517003462524,-1.5560981367663402,0,0.0,0.0,0.0,0.0,0.0,0.0,0.0,0.0,0.0,1.0026873353097225,1.0026873353097225,0.0
2024-01-23,17:42:00.000000000,49.0275,396.1499,,,,0,0.0,0.0,0.0,0.0,0.0,0.0,0.0,0.0,0.0,1.0026873353097225,1.0026873353097225,0.0
2024-01-23,17:43:00.000000000,49.0289,396.02,,,,0,0.0,0.0,0.0,0.0,0.0,0.0,0.0,0.0,0.0,1.0026873353097225,1.0026873353097225,0.0
2024-01-23,17:44:00.000000000,49.025,395.92,0.17551636259412248,-20.465438278264976,-1.5060507127049065,0,0.0,0.0,0.0,0.0,0.0,0.0,0.0,0.0,0.0,1.0026873353097225,1.0026873353097225,0.0
2024-01-23,17:45:00.000000000,49.02,395.97,,,,0,0.0,0.0,0.0,0.0,0.0,0.0,0.0,0.0,0.0,1.0026873353097225,1.0026873353097225,0.0
2024-01-23,17:46:00.000000000,49.02,396.17,,,,0,0.0,0.0,0.0,0.0,0.0,0.0,0.0,0.0,0.0,1.0026873353097225,1.0026873353097225,0.0
2024-01-23,17:47:00.000000000,49.025,396.24,0.17554848052633457,-20.534329923754818,-1.550133261644535,0,0.0,0.0,0.0,0.0,0.0,0.0,0.0,0.0,0.0,1.0026873353097225,1.0026873353097225,0.0
2024-01-23,17:48:00.000000000,49.02,396.2,,,,0,0.0,0.0,0.0,0.0,0.0,0.0,0.0,0.0,0.0,1.0026873353097225,1.0026873353097225,0.0
2024-01-23,17:49:00.000000000,49.02,396.2746,,,,0,0.0,0.0,0.0,0.0,0.0,0.0,0.0,0.0,0.0,1.0026873353097225,1.0026873353097225,0.0
2024-01-23,17:50:00.000000000,49.025,396.2907,0.1755789529920561,-20.555306186489,-1.5421404781484453,0,0.0,0.0,0.0,0.0,0.0,0.0,0.0,0.0,0.0,1.0026873353097225,1.0026873353097225,0.0
2024-01-23,17:51:00.000000000,49.025,396.44,,,,0,0.0,0.0,0.0,0.0,0.0,0.0,0.0,0.0,0.0,1.0026873353097225,1.0026873353097225,0.0
2024-01-23,17:52:00.000000000,49.03,396.46,,,,0,0.0,0.0,0.0,0.0,0.0,0.0,0.0,0.0,0.0,1.0026873353097225,1.0026873353097225,0.0
2024-01-23,17:53:00.000000000,49.04,396.56,0.17560445303186234,-20.59770189431533,-1.5575956071240122,0,0.0,0.0,0.0,0.0,0.0,0.0,0.0,0.0,0.0,1.0026873353097225,1.0026873353097225,0.0
2024-01-23,17:54:00.000000000,49.0499,396.64,,,,0,0.0,0.0,0.0,0.0,0.0,0.0,0.0,0.0,0.0,1.0026873353097225,1.0026873353097225,0.0
2024-01-23,17:55:00.000000000,49.05,396.65,,,,0,0.0,0.0,0.0,0.0,0.0,0.0,0.0,0.0,0.0,1.0026873353097225,1.0026873353097225,0.0
2024-01-23,17:56:00.000000000,49.055,396.8531,0.17562258459405705,-20.64136712616378,-1.5730319632517884,0,0.0,0.0,0.0,0.0,0.0,0.0,0.0,0.0,0.0,1.0026873353097225,1.0026873353097225,0.0
2024-01-23,17:57:00.000000000,49.05,396.905,,,,0,0.0,0.0,0.0,0.0,0.0,0.0,0.0,0.0,0.0,1.0026873353097225,1.0026873353097225,0.0
2024-01-23,17:58:00.000000000,49.05,397.07,,,,0,0.0,0.0,0.0,0.0,0.0,0.0,0.0,0.0,0.0,1.0026873353097225,1.0026873353097225,0.0
2024-01-23,17:59:00.000000000,49.06,397.126,0.17562949441734577,-20.68703859998284,-1.5896821970687391,0,0.0,0.0,0.0,0.0,0.0,0.0,0.0,0.0,0.0,1.0026873353097225,1.0026873353097225,0.0
2024-01-23,18:00:00.000000000,49.065,397.031,,,,0,0.0,0.0,0.0,0.0,0.0,0.0,0.0,0.0,0.0,1.0026873353097225,1.0026873353097225,0.0
2024-01-23,18:01:00.000000000,49.07,397.21,,,,0,0.0,0.0,0.0,0.0,0.0,0.0,0.0,0.0,0.0,1.0026873353097225,1.0026873353097225,0.0
2024-01-23,18:02:00.000000000,49.07,397.38,0.1756260586673884,-20.720283193246793,-1.5921870732763121,0,0.0,0.0,0.0,0.0,0.0,0.0,0.0,0.0,0.0,1.0026873353097225,1.0026873353097225,0.0
2024-01-23,18:03:00.000000000,49.065,397.395,,,,0,0.0,0.0,0.0,0.0,0.0,0.0,0.0,0.0,0.0,1.0026873353097225,1.0026873353097225,0.0
2024-01-23,18:04:00.000000000,49.05,397.33,,,,0,0.0,0.0,0.0,0.0,0.0,0.0,0.0,0.0,0.0,1.0026873353097225,1.0026873353097225,0.0
2024-01-23,18:05:00.000000000,49.03,397.26,0.17561611048759126,-20.7352560523005,-1.5738042886863968,0,0.0,0.0,0.0,0.0,0.0,0.0,0.0,0.0,0.0,1.0026873353097225,1.0026873353097225,0.0
2024-01-23,18:06:00.000000000,49.045,397.15,,,,0,0.0,0.0,0.0,0.0,0.0,0.0,0.0,0.0,0.0,1.0026873353097225,1.0026873353097225,0.0
2024-01-23,18:07:00.000000000,49.0495,397.0621,,,,0,0.0,0.0,0.0,0.0,0.0,0.0,0.0,0.0,0.0,1.0026873353097225,1.0026873353097225,0.0
2024-01-23,18:08:00.000000000,49.04,396.86,0.17562897251344525,-20.660114031685886,-1.454486864922789,0,0.0,0.0,0.0,0.0,0.0,0.0,0.0,0.0,0.0,1.0026873353097225,1.0026873353097225,0.0
2024-01-23,18:09:00.000000000,49.04,396.845,,,,0,0.0,0.0,0.0,0.0,0.0,0.0,0.0,0.0,0.0,1.0026873353097225,1.0026873353097225,0.0
2024-01-23,18:10:00.000000000,49.04,396.9149,,,,0,0.0,0.0,0.0,0.0,0.0,0.0,0.0,0.0,0.0,1.0026873353097225,1.0026873353097225,0.0
2024-01-23,18:11:00.000000000,49.06,397.1337,0.17563496293677125,-20.690562680442824,-1.4589200266818525,0,0.0,0.0,0.0,0.0,0.0,0.0,0.0,0.0,0.0,1.0026873353097225,1.0026873353097225,0.0
2024-01-23,18:12:00.000000000,49.06,397.035,,,,0,0.0,0.0,0.0,0.0,0.0,0.0,0.0,0.0,0.0,1.0026873353097225,1.0026873353097225,0.0
2024-01-23,18:13:00.000000000,49.055,396.93,,,,0,0.0,0.0,0.0,0.0,0.0,0.0,0.0,0.0,0.0,1.0026873353097225,1.0026873353097225,0.0
2024-01-23,18:14:00.000000000,49.05,396.855,0.17565060803727656,-20.657822052633392,-1.3903759512198433,0,0.0,0.0,0.0,0.0,0.0,0.0,0.0,0.0,0.0,1.0026873353097225,1.0026873353097225,0.0
2024-01-23,18:15:00.000000000,49.055,397.005,,,,0,0.0,0.0,0.0,0.0,0.0,0.0,0.0,0.0,0.0,1.0026873353097225,1.0026873353097225,0.0
2024-01-23,18:16:00.000000000,49.05,397.06,,,,0,0.0,0.0,0.0,0.0,0.0,0.0,0.0,0.0,0.0,1.0026873353097225,1.0026873353097225,0.0
2024-01-23,18:17:00.000000000,49.055,397.09,0.17565689618162,-20.69659690475948,-1.4092330631935504,0,0.0,0.0,0.0,0.0,0.0,0.0,0.0,0.0,0.0,1.0026873353097225,1.0026873353097225,0.0
2024-01-23,18:18:00.000000000,49.07,397.3399,,,,0,0.0,0.0,0.0,0.0,0.0,0.0,0.0,0.0,0.0,1.0026873353097225,1.0026873353097225,0.0
2024-01-23,18:19:00.000000000,49.065,397.38,,,,0,0.0,0.0,0.0,0.0,0.0,0.0,0.0,0.0,0.0,1.0026873353097225,1.0026873353097225,0.0
2024-01-23,18:20:00.000000000,49.08,397.4482,0.17565220456030275,-20.732652528524127,-1.4258660882836032,0,0.0,0.0,0.0,0.0,0.0,0.0,0.0,0.0,0.0,1.0026873353097225,1.0026873353097225,0.0
2024-01-23,18:21:00.000000000,49.0645,397.48,,,,0,0.0,0.0,0.0,0.0,0.0,0.0,0.0,0.0,0.0,1.0026873353097225,1.0026873353097225,0.0
2024-01-23,18:22:00.000000000,49.07,397.4,,,,0,0.0,0.0,0.0,0.0,0.0,0.0,0.0,0.0,0.0,1.0026873353097225,1.0026873353097225,0.0
2024-01-23,18:23:00.000000000,49.05,397.41,0.17563957483045098,-20.750923433369536,-1.4286223470462718,0,0.0,0.0,0.0,0.0,0.0,0.0,0.0,0.0,0.0,1.0026873353097225,1.0026873353097225,0.0
2024-01-23,18:24:00.000000000,49.035,397.45,,,,0,0.0,0.0,0.0,0.0,0.0,0.0,0.0,0.0,0.0,1.0026873353097225,1.0026873353097225,0.0
2024-01-23,18:25:00.000000000,49.035,397.4,,,,0,0.0,0.0,0.0,0.0,0.0,0.0,0.0,0.0,0.0,1.0026873353097225,1.0026873353097225,0.0
2024-01-23,18:26:00.000000000,49.06,397.43,0.17562903356759532,-20.740246810769406,-1.3993240550487427,0,0.0,0.0,0.0,0.0,0.0,0.0,0.0,0.0,0.0,1.0026873353097225,1.0026873353097225,0.0
2024-01-23,18:27:00.000000000,49.08,397.48,,,,0,0.0,0.0,0.0,0.0,0.0,0.0,0.0,0.0,0.0,1.0026873353097225,1.0026873353097225,0.0
2024-01-23,18:28:00.000000000,49.06,397.3899,,,,0,0.0,0.0,0.0,0.0,0.0,0.0,0.0,0.0,0.0,1.0026873353097225,1.0026873353097225,0.0
2024-01-23,18:29:00.000000000,49.065,397.36,0.17562400555126437,-20.720954845850414,-1.3581954565162062,0,0.0,0.0,0.0,0.0,0.0,0.0,0.0,0.0,0.0,1.0026873353097225,1.0026873353097225,0.0
2024-01-23,18:30:00.000000000,49.065,397.33,,,,0,0.0,0.0,0.0,0.0,0.0,0.0,0.0,0.0,0.0,1.0026873353097225,1.0026873353097225,0.0
2024-01-23,18:31:00.000000000,49.065,397.3,,,,0,0.0,0.0,0.0,0.0,0.0,0.0,0.0,0.0,0.0,1.0026873353097225,1.0026873353097225,0.0
2024-01-23,18:32:00.000000000,49.05,397.28,0.17561838287144593,-20.719671147168043,-1.3356063798879882,0,0.0,0.0,0.0,0.0,0.0,0.0,0.0,0.0,0.0,1.0026873353097225,1.0026873353097225,0.0
2024-01-23,18:33:00.000000000,49.07,397.28,,,,0,0.0,0.0,0.0,0.0,0.0,0.0,0.0,0.0,0.0,1.0026873353097225,1.0026873353097225,0.0
2024-01-23,18:34:00.000000000,49.05,397.36,,,,0,0.0,0.0,0.0,0.0,0.0,0.0,0.0,0.0,0.0,1.0026873353097225,1.0026873353097225,0.0
2024-01-23,18:35:00.000000000,49.05,397.37,0.1756076762983203,-20.73122233066354,-1.3247996566719937,0,0.0,0.0,0.0,0.0,0.0,0.0,0.0,0.0,0.0,1.0026873353097225,1.0026873353097225,0.0
2024-01-23,18:36:00.000000000,49.05,397.1899,,,,0,0.0,0.0,0.0,0.0,0.0,0.0,0.0,0.0,0.0,1.0026873353097225,1.0026873353097225,0.0
2024-01-23,18:37:00.000000000,49.055,397.15,,,,0,0.0,0.0,0.0,0.0,0.0,0.0,0.0,0.0,0.0,1.0026873353097225,1.0026873353097225,0.0
2024-01-23,18:38:00.000000000,49.07,397.16,0.17561428294844184,-20.67696861580317,-1.2274702937823203,0,0.0,0.0,0.0,0.0,0.0,0.0,0.0,0.0,0.0,1.0026873353097225,1.0026873353097225,0.0
2024-01-23,18:39:00.000000000,49.1,397.05,,,,0,0.0,0.0,0.0,0.0,0.0,0.0,0.0,0.0,0.0,1.0026873353097225,1.0026873353097225,0.0
2024-01-23,18:40:00.000000000,49.095,397.2326,,,,0,0.0,0.0,0.0,0.0,0.0,0.0,0.0,0.0,0.0,1.0026873353097225,1.0026873353097225,0.0
2024-01-23,18:41:00.000000000,49.095,397.26,0.17562365823942708,-20.6732544721948,-1.2030098185152307,0,0.0,0.0,0.0,0.0,0.0,0.0,0.0,0.0,0.0,1.0026873353097225,1.0026873353097225,0.0
2024-01-23,18:42:00.000000000,49.11,397.2844,,,,0,0.0,0.0,0.0,0.0,0.0,0.0,0.0,0.0,0.0,1.0026873353097225,1.0026873353097225,0.0
2024-01-23,18:43:00.000000000,49.105,397.365,,,,0,0.0,0.0,0.0,0.0,0.0,0.0,0.0,0.0,0.0,1.0026873353097225,1.0026873353097225,0.0
2024-01-23,18:44:00.000000000,49.11,397.175,0.1756416129860179,-20.650457637721672,-1.152035291821889,0,0.0,0.0,0.0,0.0,0.0,0.0,0.0,0.0,0.0,1.0026873353097225,1.0026873353097225,0.0
2024-01-23,18:45:00.000000000,49.13,397.27,,,,0,0.0,0.0,0.0,0.0,0.0,0.0,0.0,0.0,0.0,1.0026873353097225,1.0026873353097225,0.0
2024-01-23,18:46:00.000000000,49.175,397.38,,,,0,0.0,0.0,0.0,0.0,0.0,0.0,0.0,0.0,0.0,1.0026873353097225,1.0026873353097225,0.0
2024-01-23,18:47:00.000000000,49.175,397.456,0.17566702327361128,-20.644912402236443,-1.1240128200659585,0,0.0,0.0,0.0,0.0,0.0,0.0,0.0,0.0,0.0,1.0026873353097225,1.0026873353097225,0.0
2024-01-23,18:48:00.000000000,49.21,397.6895,,,,0,0.0,0.0,0.0,0.0,0.0,0.0,0.0,0.0,0.0,1.0026873353097225,1.0026873353097225,0.0
2024-01-23,18:49:00.000000000,49.21,397.6099,,,,0,0.0,0.0,0.0,0.0,0.0,0.0,0.0,0.0,0.0,1.0026873353097225,1.0026873353097225,0.0
2024-01-23,18:50:00.000000000,49.235,397.69,0.17570119573492435,-20.639608531822063,-1.09641430565658,0,0.0,0.0,0.0,0.0,0.0,0.0,0.0,0.0,0.0,1.0026873353097225,1.0026873353097225,0.0
2024-01-23,18:51:00.000000000,49.24,397.625,,,,0,0.0,0.0,0.0,0.0,0.0,0.0,0.0,0.0,0.0,1.0026873353097225,1.0026873353097225,0.0
2024-01-23,18:52:00.000000000,49.2499,397.59,,,,0,0.0,0.0,0.0,0.0,0.0,0.0,0.0,0.0,0.0,1.0026873353097225,1.0026873353097225,0.0
2024-01-23,18:53:00.000000000,49.255,397.49,0.17575125143471992,-20.604364932786815,-1.0249169098844255,0,0.0,0.0,0.0,0.0,0.0,0.0,0.0,0.0,0.0,1.0026873353097225,1.0026873353097225,0.0
2024-01-23,18:54:00.000000000,49.25,397.46,,,,0,0.0,0.0,0.0,0.0,0.0,0.0,0.0,0.0,0.0,1.0026873353097225,1.0026873353097225,0.0
2024-01-23,18:55:00.000000000,49.26,397.438,,,,0,0.0,0.0,0.0,0.0,0.0,0.0,0.0,0.0,0.0,1.0026873353097225,1.0026873353097225,0.0
2024-01-23,18:56:00.000000000,49.25,397.35,0.17580508070356562,-20.606148817561802,-1.006719587460737,0,0.0,0.0,0.0,0.0,0.0,0.0,0.0,0.0,0.0,1.0026873353097225,1.0026873353097225,0.0
2024-01-23,18:57:00.000000000,49.26,397.48,,,,0,0.0,0.0,0.0,0.0,0.0,0.0,0.0,0.0,0.0,1.0026873353097225,1.0026873353097225,0.0
2024-01-23,18:58:00.000000000,49.28,397.54,,,,0,0.0,0.0,0.0,0.0,0.0,0.0,0.0,0.0,0.0,1.0026873353097225,1.0026873353097225,0.0
2024-01-23,18:59:00.000000000,49.2795,397.498,0.1758624000232805,-20.625452284453942,-1.0152309913429374,0,0.0,0.0,0.0,0.0,0.0,0.0,0.0,0.0,0.0,1.0026873353097225,1.0026873353097225,0.0
2024-01-23,19:00:00.000000000,49.3,397.575,,,,0,0.0,0.0,0.0,0.0,0.0,0.0,0.0,0.0,0.0,1.0026873353097225,1.0026873353097225,0.0
2024-01-23,19:01:00.000000000,49.27,397.41,,,,0,0.0,0.0,0.0,0.0,0.0,0.0,0.0,0.0,0.0,1.0026873353097225,1.0026873353097225,0.0
2024-01-23,19:02:00.000000000,49.25,397.295,0.17591772412540713,-20.64123220640363,-1.0188680841950135,0,0.0,0.0,0.0,0.0,0.0,0.0,0.0,0.0,0.0,1.0026873353097225,1.0026873353097225,0.0
2024-01-23,19:03:00.000000000,49.25,397.3176,,,,0,0.0,0.0,0.0,0.0,0.0,0.0,0.0,0.0,0.0,1.0026873353097225,1.0026873353097225,0.0
2024-01-23,19:04:00.000000000,49.29,397.1602,,,,0,0.0,0.0,0.0,0.0,0.0,0.0,0.0,0.0,0.0,1.0026873353097225,1.0026873353097225,0.0
2024-01-23,19:05:00.000000000,49.28,397.095,0.1759885565642481,-20.604175868880105,-0.9419977770305379,0,0.0,0.0,0.0,0.0,0.0,0.0,0.0,0.0,0.0,1.0026873353097225,1.0026873353097225,0.0
2024-01-23,19:06:00.000000000,49.285,397.1,,,,0,0.0,0.0,0.0,0.0,0.0,0.0,0.0,0.0,0.0,1.0026873353097225,1.0026873353097225,0.0
2024-01-23,19:07:00.000000000,49.285,397.12,,,,0,0.0,0.0,0.0,0.0,0.0,0.0,0.0,0.0,0.0,1.0026873353097225,1.0026873353097225,0.0
2024-01-23,19:08:00.000000000,49.295,397.07,0.1760642091132906,-20.6148155126143,-0.9407372182476756,0,0.0,0.0,0.0,0.0,0.0,0.0,0.0,0.0,0.0,1.0026873353097225,1.0026873353097225,0.0
2024-01-23,19:09:00.000000000,49.305,397.1299,,,,0,0.0,0.0,0.0,0.0,0.0,0.0,0.0,0.0,0.0,1.0026873353097225,1.0026873353097225,0.0
2024-01-23,19:10:00.000000000,49.315,397.365,,,,0,0.0,0.0,0.0,0.0,0.0,0.0,0.0,0.0,0.0,1.0026873353097225,1.0026873353097225,0.0
2024-01-23,19:11:00.000000000,49.305,397.36,0.1761337546948307,-20.68350876553793,-1.0348423516326486,0,0.0,0.0,0.0,0.0,0.0,0.0,0.0,0.0,0.0,1.0026873353097225,1.0026873353097225,0.0
2024-01-23,19:12:00.000000000,49.315,397.2475,,,,0,0.0,0.0,0.0,0.0,0.0,0.0,0.0,0.0,0.0,1.0026873353097225,1.0026873353097225,0.0
2024-01-23,19:13:00.000000000,49.31,397.27,,,,0,0.0,0.0,0.0,0.0,0.0,0.0,0.0,0.0,0.0,1.0026873353097225,1.0026873353097225,0.0
2024-01-23,19:14:00.000000000,49.315,397.1519,0.1762124915118598,-20.668125807669,-0.990716693864795,0,0.0,0.0,0.0,0.0,0.0,0.0,0.0,0.0,0.0,1.0026873353097225,1.0026873353097225,0.0
2024-01-23,19:15:00.000000000,49.305,397.1619,,,,0,0.0,0.0,0.0,0.0,0.0,0.0,0.0,0.0,0.0,1.0026873353097225,1.0026873353097225,0.0
2024-01-23,19:16:00.000000000,49.305,397.12,,,,0,0.0,0.0,0.0,0.0,0.0,0.0,0.0,0.0,0.0,1.0026873353097225,1.0026873353097225,0.0
2024-01-23,19:17:00.000000000,49.285,397.11,0.17628302870364723,-20.71875352850536,-1.0590644177250024,0,0.0,0.0,0.0,0.0,0.0,0.0,0.0,0.0,0.0,1.0026873353097225,1.0026873353097225,0.0
2024-01-23,19:18:00.000000000,49.3,397.2,,,,0,0.0,0.0,0.0,0.0,0.0,0.0,0.0,0.0,0.0,1.0026873353097225,1.0026873353097225,0.0
2024-01-23,19:19:00.000000000,49.32,397.19,,,,0,0.0,0.0,0.0,0.0,0.0,0.0,0.0,0.0,0.0,1.0026873353097225,1.0026873353097225,0.0
2024-01-23,19:20:00.000000000,49.295,397.15,0.17635508471926506,-20.744421896256114,-1.0870326299107447,0,0.0,0.0,0.0,0.0,0.0,0.0,0.0,0.0,0.0,1.0026873353097225,1.0026873353097225,0.0
2024-01-23,19:21:00.000000000,49.304,397.16,,,,0,0.0,0.0,0.0,0.0,0.0,0.0,0.0,0.0,0.0,1.0026873353097225,1.0026873353097225,0.0
2024-01-23,19:22:00.000000000,49.325,397.1828,,,,0,0.0,0.0,0.0,0.0,0.0,0.0,0.0,0.0,0.0,1.0026873353097225,1.0026873353097225,0.0
2024-01-23,19:23:00.000000000,49.335,397.14,0.17643910571443358,-20.736026443430156,-1.055550939890616,0,0.0,0.0,0.0,0.0,0.0,0.0,0.0,0.0,0.0,1.0026873353097225,1.0026873353097225,0.0
2024-01-23,19:24:00.000000000,49.335,397.185,,,,0,0.0,0.0,0.0,0.0,0.0,0.0,0.0,0.0,0.0,1.0026873353097225,1.0026873353097225,0.0
2024-01-23,19:25:00.000000000,49.335,397.265,,,,0,0.0,0.0,0.0,0.0,0.0,0.0,0.0,0.0,0.0,1.0026873353097225,1.0026873353097225,0.0
2024-01-23,19:26:00.000000000,49.355,397.348,0.17652323368865547,-20.78615385971988,-1.1323897026403795,0,0.0,0.0,0.0,0.0,0.0,0.0,0.0,0.0,0.0,1.0026873353097225,1.0026873353097225,0.0
2024-01-23,19:27:00.000000000,49.365,397.14,,,,0,0.0,0.0,0.0,0.0,0.0,0.0,0.0,0.0,0.0,1.0026873353097225,1.0026873353097225,0.0
2024-01-23,19:28:00.000000000,49.375,397.23,,,,0,0.0,0.0,0.0,0.0,0.0,0.0,0.0,0.0,0.0,1.0026873353097225,1.0026873353097225,0.0
2024-01-23,19:29:00.000000000,49.395,397.2321,0.17662251461018033,-20.765132385882616,-1.0773551296228498,0,0.0,0.0,0.0,0.0,0.0,0.0,0.0,0.0,0.0,1.0026873353097225,1.0026873353097225,0.0
2024-01-23,19:30:00.000000000,49.4,397.21,,,,0,0.0,0.0,0.0,0.0,0.0,0.0,0.0,0.0,0.0,1.0026873353097225,1.0026873353097225,0.0
2024-01-23,19:31:00.000000000,49.385,397.25,,,,0,0.0,0.0,0.0,0.0,0.0,0.0,0.0,0.0,0.0,1.0026873353097225,1.0026873353097225,0.0
2024-01-23,19:32:00.000000000,49.385,397.2247,0.1767184918899981,-20.811949925456936,-1.1477605636187476,0,0.0,0.0,0.0,0.0,0.0,0.0,0.0,0.0,0.0,1.0026873353097225,1.0026873353097225,0.0
2024-01-23,19:33:00.000000000,49.335,397.37,,,,0,0.0,0.0,0.0,0.0,0.0,0.0,0.0,0.0,0.0,1.0026873353097225,1.0026873353097225,0.0
2024-01-23,19:34:00.000000000,49.345,397.35,,,,0,0.0,0.0,0.0,0.0,0.0,0.0,0.0,0.0,0.0,1.0026873353097225,1.0026873353097225,0.0
2024-01-23,19:35:00.000000000,49.345,397.4,0.17679668585807107,-20.914002959997433,-1.326614172680008,0,0.0,0.0,0.0,0.0,0.0,0.0,0.0,0.0,0.0,1.0026873353097225,1.0026873353097225,0.0
2024-01-23,19:36:00.000000000,49.355,397.56,,,,0,0.0,0.0,0.0,0.0,0.0,0.0,0.0,0.0,0.0,1.0026873353097225,1.0026873353097225,0.0
2024-01-23,19:37:00.000000000,49.36,397.665,,,,0,0.0,0.0,0.0,0.0,0.0,0.0,0.0,0.0,0.0,1.0026873353097225,1.0026873353097225,0.0
2024-01-23,19:38:00.000000000,49.39,397.7093,0.17687878479666744,-20.956337686333242,-1.3887306975866136,0,0.0,0.0,0.0,0.0,0.0,0.0,0.0,0.0,0.0,1.0026873353097225,1.0026873353097225,0.0
2024-01-23,19:39:00.000000000,49.385,397.66,,,,0,0.0,0.0,0.0,0.0,0.0,0.0,0.0,0.0,0.0,1.0026873353097225,1.0026873353097225,0.0
2024-01-23,19:40:00.000000000,49.365,397.8162,,,,0,0.0,0.0,0.0,0.0,0.0,0.0,0.0,0.0,0.0,1.0026873353097225,1.0026873353097225,0.0
2024-01-23,19:41:00.000000000,49.33,397.95,0.17692863683399662,-21.07875102808896,-1.6031461677381782,0,0.0,0.0,0.0,0.0,0.0,0.0,0.0,0.0,0.0,1.0026873353097225,1.0026873353097225,0.0
2024-01-23,19:42:00.000000000,49.34,397.87,,,,0,0.0,0.0,0.0,0.0,0.0,0.0,0.0,0.0,0.0,1.0026873353097225,1.0026873353097225,0.0
2024-01-23,19:43:00.000000000,49.3578,397.97,,,,0,0.0,0.0,0.0,0.0,0.0,0.0,0.0,0.0,0.0,1.0026873353097225,1.0026873353097225,0.0
2024-01-23,19:44:00.000000000,49.34,397.89,0.17698474022320282,-21.080458287410167,-1.575886660704224,0,0.0,0.0,0.0,0.0,0.0,0.0,0.0,0.0,0.0,1.0026873353097225,1.0026873353097225,0.0
2024-01-23,19:45:00.000000000,49.37,398.07,,,,0,0.0,0.0,0.0,0.0,0.0,0.0,0.0,0.0,0.0,1.0026873353097225,1.0026873353097225,0.0
2024-01-23,19:46:00.000000000,49.365,398.17,,,,0,0.0,0.0,0.0,0.0,0.0,0.0,0.0,0.0,0.0,1.0026873353097225,1.0026873353097225,0.0
2024-01-23,19:47:00.000000000,49.39,397.9769,0.17705472343754033,-21.07368996402964,-1.5343169227797282,0,0.0,0.0,0.0,0.0,0.0,0.0,0.0,0.0,0.0,1.0026873353097225,1.0026873353097225,0.0
2024-01-23,19:48:00.000000000,49.39,397.83,,,,0,0.0,0.0,0.0,0.0,0.0,0.0,0.0,0.0,0.0,1.0026873353097225,1.0026873353097225,0.0
2024-01-23,19:49:00.000000000,49.3995,397.71,,,,0,0.0,0.0,0.0,0.0,0.0,0.0,0.0,0.0,0.0,1.0026873353097225,1.0026873353097225,0.0
2024-01-23,19:50:00.000000000,49.405,397.68,0.17714161843426177,-21.040678818937224,-1.440969541413739,0,0.0,0.0,0.0,0.0,0.0,0.0,0.0,0.0,0.0,1.0026873353097225,1.0026873353097225,0.0
2024-01-23,19:51:00.000000000,49.41,397.71,,,,0,0.0,0.0,0.0,0.0,0.0,0.0,0.0,0.0,0.0,1.0026873353097225,1.0026873353097225,0.0
2024-01-23,19:52:00.000000000,49.42,397.66,,,,0,0.0,0.0,0.0,0.0,0.0,0.0,0.0,0.0,0.0,1.0026873353097225,1.0026873353097225,0.0
2024-01-23,19:53:00.000000000,49.405,397.66,0.1772288297253457,-21.071816428580973,-1.4822278907705222,0,0.0,0.0,0.0,0.0,0.0,0.0,0.0,0.0,0.0,1.0026873353097225,1.0026873353097225,0.0
2024-01-23,19:54:00.000000000,49.4,397.74,,,,0,0.0,0.0,0.0,0.0,0.0,0.0,0.0,0.0,0.0,1.0026873353097225,1.0026873353097225,0.0
2024-01-23,19:55:00.000000000,49.43,397.93,,,,0,0.0,0.0,0.0,0.0,0.0,0.0,0.0,0.0,0.0,1.0026873353097225,1.0026873353097225,0.0
2024-01-23,19:56:00.000000000,49.42,397.74,0.1773180011744629,-21.10646178713087,-1.5303145617030132,0,0.0,0.0,0.0,0.0,0.0,0.0,0.0,0.0,0.0,1.0026873353097225,1.0026873353097225,0.0
2024-01-23,19:57:00.000000000,49.44,397.87,,,,0,0.0,0.0,0.0,0.0,0.0,0.0,0.0,0.0,0.0,1.0026873353097225,1.0026873353097225,0.0
2024-01-23,19:58:00.000000000,49.4435,397.87,,,,0,0.0,0.0,0.0,0.0,0.0,0.0,0.0,0.0,0.0,1.0026873353097225,1.0026873353097225,0.0
2024-01-23,19:59:00.000000000,49.44,397.78,0.1774123194601309,-21.131072434850864,-1.557615160697038,1,0.0,0.0,0.0,0.0,0.0,0.0,0.0,0.0,0.0,1.0026873353097225,1.0026873353097225,0.0
2024-01-23,20:00:00.000000000,49.47,397.91,,,,0,0.0,0.0,0.0,0.0,0.0,0.0,0.0,0.0,0.0,1.0026873353097225,1.0026873353097225,0.0
2024-01-23,20:01:00.000000000,49.455,397.832,,,,0,0.0,0.0,0.0,0.0,0.0,0.0,0.0,0.0,0.0,1.0026873353097225,1.0026873353097225,0.0
2024-01-23,20:02:00.000000000,49.42,397.87,0.1774958393907891,-21.20026961841326,-1.6794302234931069,0,0.0,0.0,0.0,0.0,0.0,0.0,0.0,0.0,0.0,1.0026873353097225,1.0026873353097225,0.0
2024-01-23,20:03:00.000000000,49.4299,397.805,,,,0,0.0,0.0,0.0,0.0,0.0,0.0,0.0,0.0,0.0,1.0026873353097225,1.0026873353097225,0.0
2024-01-23,20:04:00.000000000,49.46,397.89,,,,0,0.0,0.0,0.0,0.0,0.0,0.0,0.0,0.0,0.0,1.0026873353097225,1.0026873353097225,0.0
2024-01-23,20:05:00.000000000,49.48,397.9201,0.17759856696882662,-21.19003952809218,-1.631458505520526,0,0.0,0.0,0.0,0.0,0.0,0.0,0.0,0.0,0.0,1.0026873353097225,1.0026873353097225,0.0
2024-01-23,20:06:00.000000000,49.49,398.055,,,,0,0.0,0.0,0.0,0.0,0.0,0.0,0.0,0.0,0.0,1.0026873353097225,1.0026873353097225,0.0
2024-01-23,20:07:00.000000000,49.495,398.065,,,,0,0.0,0.0,0.0,0.0,0.0,0.0,0.0,0.0,0.0,1.0026873353097225,1.0026873353097225,0.0
2024-01-23,20:08:00.000000000,49.5,398.15,0.1776994046755396,-21.251017971566085,-1.7388904705679238,0,0.0,0.0,0.0,0.0,0.0,0.0,0.0,0.0,0.0,1.0026873353097225,1.0026873353097225,0.0
2024-01-23,20:09:00.000000000,49.515,398.0,,,,0,0.0,0.0,0.0,0.0,0.0,0.0,0.0,0.0,0.0,1.0026873353097225,1.0026873353097225,0.0
2024-01-23,20:10:00.000000000,49.5197,398.11,,,,0,0.0,0.0,0.0,0.0,0.0,0.0,0.0,0.0,0.0,1.0026873353097225,1.0026873353097225,0.0
2024-01-23,20:11:00.000000000,49.55,398.38,0.1778094545777057,-21.285730514666398,-1.7965761781558003,0,0.0,0.0,0.0,0.0,0.0,0.0,0.0,0.0,0.0,1.0026873353097225,1.0026873353097225,0.0
2024-01-23,20:12:00.000000000,49.57,398.7008,,,,0,0.0,0.0,0.0,0.0,0.0,0.0,0.0,0.0,0.0,1.0026873353097225,1.0026873353097225,0.0
2024-01-23,20:13:00.000000000,49.555,398.58,,,,0,0.0,0.0,0.0,0.0,0.0,0.0,0.0,0.0,0.0,1.0026873353097225,1.0026873353097225,0.0
2024-01-23,20:14:00.000000000,49.565,398.67,0.17791135770878946,-21.362920977763096,-1.9411356799947164,0,0.0,0.0,0.0,0.0,0.0,0.0,0.0,0.0,0.0,1.0026873353097225,1.0026873353097225,0.0
2024-01-23,20:15:00.000000000,49.545,398.64,,,,0,0.0,0.0,0.0,0.0,0.0,0.0,0.0,0.0,0.0,1.0026873353097225,1.0026873353097225,0.0
2024-01-23,20:16:00.000000000,49.53,398.434,,,,0,0.0,0.0,0.0,0.0,0.0,0.0,0.0,0.0,0.0,1.0026873353097225,1.0026873353097225,0.0
2024-01-23,20:17:00.000000000,49.535,398.465,0.1780105416033363,-21.395970459973398,-1.9721050822694233,0,0.0,0.0,0.0,0.0,0.0,0.0,0.0,0.0,0.0,1.0026873353097225,1.0026873353097225,0.0
2024-01-23,20:18:00.000000000,49.535,398.46,,,,0,0.0,0.0,0.0,0.0,0.0,0.0,0.0,0.0,0.0,1.0026873353097225,1.0026873353097225,0.0
2024-01-23,20:19:00.000000000,49.55,398.63,,,,0,0.0,0.0,0.0,0.0,0.0,0.0,0.0,0.0,0.0,1.0026873353097225,1.0026873353097225,0.0
2024-01-23,20:20:00.000000000,49.575,398.6,0.17811916645909315,-21.423299750594524,-1.9873565989449462,0,0.0,0.0,0.0,0.0,0.0,0.0,0.0,0.0,0.0,1.0026873353097225,1.0026873353097225,0.0
2024-01-23,20:21:00.000000000,49.565,398.68,,,,0,0.0,0.0,0.0,0.0,0.0,0.0,0.0,0.0,0.0,1.0026873353097225,1.0026873353097225,0.0
2024-01-23,20:22:00.000000000,49.58,398.66,,,,0,0.0,0.0,0.0,0.0,0.0,0.0,0.0,0.0,0.0,1.0026873353097225,1.0026873353097225,0.0
2024-01-23,20:23:00.000000000,49.565,398.5102,0.17822744887835726,-21.460456298003933,-2.0257399703736856,0,0.0,0.0,0.0,0.0,0.0,0.0,0.0,0.0,0.0,1.0026873353097225,1.0026873353097225,0.0
2024-01-23,20:24:00.000000000,49.57,398.4577,,,,0,0.0,0.0,0.0,0.0,0.0,0.0,0.0,0.0,0.0,1.0026873353097225,1.0026873353097225,0.0
2024-01-23,20:25:00.000000000,49.545,398.44,,,,0,0.0,0.0,0.0,0.0,0.0,0.0,0.0,0.0,0.0,1.0026873353097225,1.0026873353097225,0.0
2024-01-23,20:26:00.000000000,49.5497,398.45,0.17833185955865222,-21.506629441144966,-2.079382127368942,0,0.0,0.0,0.0,0.0,0.0,0.0,0.0,0.0,0.0,1.0026873353097225,1.0026873353097225,0.0
2024-01-23,20:27:00.000000000,49.555,398.54,,,,0,0.0,0.0,0.0,0.0,0.0,0.0,0.0,0.0,0.0,1.0026873353097225,1.0026873353097225,0.0
2024-01-23,20:28:00.000000000,49.565,398.585,,,,0,0.0,0.0,0.0,0.0,0.0,0.0,0.0,0.0,0.0,1.0026873353097225,1.0026873353097225,0.0
2024-01-23,20:29:00.000000000,49.575,398.6,0.17843904077257283,-21.550801651947538,-2.126331987446959,0,0.0,0.0,0.0,0.0,0.0,0.0,0.0,0.0,0.0,1.0026873353097225,1.0026873353097225,0.0
2024-01-23,20:30:00.000000000,49.5662,398.5576,,,,0,0.0,0.0,0.0,0.0,0.0,0.0,0.0,0.0,0.0,1.0026873353097225,1.0026873353097225,0.0
2024-01-23,20:31:00.000000000,49.575,398.67,,,,0,0.0,0.0,0.0,0.0,0.0,0.0,0.0,0.0,0.0,1.0026873353097225,1.0026873353097225,0.0
2024-01-23,20:32:00.000000000,49.565,398.59,0.17854211017363106,-21.6000996941076,-2.1795035333203727,0,0.0,0.0,0.0,0.0,0.0,0.0,0.0,0.0,0.0,1.0026873353097225,1.0026873353097225,0.0
2024-01-23,20:33:00.000000000,49.545,398.6131,,,,0,0.0,0.0,0.0,0.0,0.0,0.0,0.0,0.0,0.0,1.0026873353097225,1.0026873353097225,0.0
2024-01-23,20:34:00.000000000,49.525,398.55,,,,0,0.0,0.0,0.0,0.0,0.0,0.0,0.0,0.0,0.0,1.0026873353097225,1.0026873353097225,0.0
2024-01-23,20:35:00.000000000,49.505,398.44,0.17862781486556356,-21.66746655503514,-2.2632905143795687,0,0.0,0.0,0.0,0.0,0.0,0.0,0.0,0.0,0.0,1.0026873353097225,1.0026873353097225,0.0
2024-01-23,20:36:00.000000000,49.475,398.285,,,,0,0.0,0.0,0.0,0.0,0.0,0.0,0.0,0.0,0.0,1.0026873353097225,1.0026873353097225,0.0
2024-01-23,20:37:00.000000000,49.48,398.33,,,,0,0.0,0.0,0.0,0.0,0.0,0.0,0.0,0.0,0.0,1.0026873353097225,1.0026873353097225,0.0
2024-01-23,20:38:00.000000000,49.48,398.3266,0.1787088387545225,-21.704484131037184,-2.2735032568499114,0,0.0,0.0,0.0,0.0,0.0,0.0,0.0,0.0,0.0,1.0026873353097225,1.0026873353097225,0.0
2024-01-23,20:39:00.000000000,49.45,398.17,,,,0,0.0,0.0,0.0,0.0,0.0,0.0,0.0,0.0,0.0,1.0026873353097225,1.0026873353097225,0.0
2024-01-23,20:40:00.000000000,49.46,398.23,,,,0,0.0,0.0,0.0,0.0,0.0,0.0,0.0,0.0,0.0,1.0026873353097225,1.0026873353097225,0.0
2024-01-23,20:41:00.000000000,49.49,398.375,0.17878870439234157,-21.734950112299067,-2.2641753052359896,0,0.0,0.0,0.0,0.0,0.0,0.0,0.0,0.0,0.0,1.0026873353097225,1.0026873353097225,0.0
2024-01-23,20:42:00.000000000,49.48,398.42,,,,0,0.0,0.0,0.0,0.0,0.0,0.0,0.0,0.0,0.0,1.0026873353097225,1.0026873353097225,0.0
2024-01-23,20:43:00.000000000,49.495,398.615,,,,0,0.0,0.0,0.0,0.0,0.0,0.0,0.0,0.0,0.0,1.0026873353097225,1.0026873353097225,0.0
2024-01-23,20:44:00.000000000,49.51,398.525,0.17879691333168438,-21.74503988550952,-2.2098558400900474,0,0.0,0.0,0.0,0.0,0.0,0.0,0.0,0.0,0.0,1.0026873353097225,1.0026873353097225,0.0
2024-01-23,20:45:00.000000000,49.54,398.63,,,,0,0.0,0.0,0.0,0.0,0.0,0.0,0.0,0.0,0.0,1.0026873353097225,1.0026873353097225,0.0
2024-01-23,20:46:00.000000000,49.54,398.7296,,,,0,0.0,0.0,0.0,0.0,0.0,0.0,0.0,0.0,0.0,1.0026873353097225,1.0026873353097225,0.0
2024-01-23,20:47:00.000000000,49.54,398.5299,0.17887016368239614,-21.74510844532896,-2.137321481720974,0,0.0,0.0,0.0,0.0,0.0,0.0,0.0,0.0,0.0,1.0026873353097225,1.0026873353097225,0.0
2024-01-23,20:48:00.000000000,49.53,398.48,,,,0,0.0,0.0,0.0,0.0,0.0,0.0,0.0,0.0,0.0,1.0026873353097225,1.0026873353097225,0.0
2024-01-23,20:49:00.000000000,49.485,398.535,,,,0,0.0,0.0,0.0,0.0,0.0,0.0,0.0,0.0,0.0,1.0026873353097225,1.0026873353097225,0.0
2024-01-23,20:50:00.000000000,49.52,398.97,0.17885264657795155,-21.83684040520533,-2.2582301750978386,0,0.0,0.0,0.0,0.0,0.0,0.0,0.0,0.0,0.0,1.0026873353097225,1.0026873353097225,0.0
2024-01-23,20:51:00.000000000,49.535,398.91,,,,0,0.0,0.0,0.0,0.0,0.0,0.0,0.0,0.0,0.0,1.0026873353097225,1.0026873353097225,0.0
2024-01-23,20:52:00.000000000,49.515,399.07,,,,0,0.0,0.0,0.0,0.0,0.0,0.0,0.0,0.0,0.0,1.0026873353097225,1.0026873353097225,0.0
2024-01-23,20:53:00.000000000,49.51,398.98,0.178808199470491,-21.830895424736504,-2.168509710563002,0,0.0,0.0,0.0,0.0,0.0,0.0,0.0,0.0,0.0,1.0026873353097225,1.0026873353097225,0.0
2024-01-23,20:54:00.000000000,49.555,398.9199,,,,0,0.0,0.0,0.0,0.0,0.0,0.0,0.0,0.0,0.0,1.0026873353097225,1.0026873353097225,0.0
2024-01-23,20:55:00.000000000,49.545,399.19,,,,0,0.0,0.0,0.0,0.0,0.0,0.0,0.0,0.0,0.0,1.0026873353097225,1.0026873353097225,0.0
2024-01-23,20:56:00.000000000,49.525,398.98,0.17875897758385892,-21.79625687640803,-2.0279454496345743,0,0.0,0.0,0.0,0.0,0.0,0.0,0.0,0.0,0.0,1.0026873353097225,1.0026873353097225,0.0
2024-01-23,20:57:00.000000000,49.545,399.23,,,,0,0.0,0.0,0.0,0.0,0.0,0.0,0.0,0.0,0.0,1.0026873353097225,1.0026873353097225,0.0
2024-01-23,20:58:00.000000000,49.53,399.21,,,,0,0.0,0.0,0.0,0.0,0.0,0.0,0.0,0.0,0.0,1.0026873353097225,1.0026873353097225,0.0
2024-01-23,20:59:00.000000000,49.53,398.9,0.1787276697463477,-21.7644674618181,-1.9024038564698693,1,0.0,0.0,0.0,0.0,0.0,0.0,0.0,0.0,0.0,1.0026873353097225,1.0026873353097225,0.0
2024-01-24,14:29:00.000000000,49.83,401.53,0.17863586313863833,-21.89765812605745,-2.1113112397670237,0,0.0,0.0,0.0,0.0,0.0,0.0,0.0,0.0,0.0,1.0026873353097225,1.0026873353097225,0.0
2024-01-24,14:30:00.000000000,49.72,401.73,,,,0,0.0,0.0,0.0,0.0,0.0,0.0,0.0,0.0,0.0,1.0026873353097225,1.0026873353097225,0.0
2024-01-24,14:31:00.000000000,49.75,401.5505,,,,0,0.0,0.0,0.0,0.0,0.0,0.0,0.0,0.0,0.0,1.0026873353097225,1.0026873353097225,0.0
2024-01-24,14:32:00.000000000,49.72,401.74,0.17848114846018492,-21.983016582394697,-2.2083608658164797,0,0.0,0.0,0.0,0.0,0.0,0.0,0.0,0.0,0.0,1.0026873353097225,1.0026873353097225,0.0
2024-01-24,14:33:00.000000000,49.72,402.0759,,,,0,0.0,0.0,0.0,0.0,0.0,0.0,0.0,0.0,0.0,1.0026873353097225,1.0026873353097225,0.0
2024-01-24,14:34:00.000000000,49.67,401.14,,,,0,0.0,0.0,0.0,0.0,0.0,0.0,0.0,0.0,0.0,1.0026873353097225,1.0026873353097225,0.0
2024-01-24,14:35:00.000000000,49.71,400.7182,0.17842522732541147,-21.788235928429707,-1.7536031406327839,0,0.0,0.0,0.0,0.0,0.0,0.0,0.0,0.0,0.0,1.0026873353097225,1.0026873353097225,0.0
2024-01-24,14:36:00.000000000,49.72,401.55,,,,0,0.0,0.0,0.0,0.0,0.0,0.0,0.0,0.0,0.0,1.0026873353097225,1.0026873353097225,0.0
2024-01-24,14:37:00.000000000,49.765,401.4,,,,0,0.0,0.0,0.0,0.0,0.0,0.0,0.0,0.0,0.0,1.0026873353097225,1.0026873353097225,0.0
2024-01-24,14:38:00.000000000,49.69,401.09,0.1783264846961366,-21.834969746773425,-1.7964910032348138,0,0.0,0.0,0.0,0.0,0.0,0.0,0.0,0.0,0.0,1.0026873353097225,1.0026873353097225,0.0
2024-01-24,14:39:00.000000000,49.59,401.235,,,,0,0.0,0.0,0.0,0.0,0.0,0.0,0.0,0.0,0.0,1.0026873353097225,1.0026873353097225,0.0
2024-01-24,14:40:00.000000000,49.61,401.35,,,,0,0.0,0.0,0.0,0.0,0.0,0.0,0.0,0.0,0.0,1.0026873353097225,1.0026873353097225,0.0
2024-01-24,14:41:00.000000000,49.58,401.73,0.17809263478068277,-21.965154170443697,-1.9969352440139392,0,0.0,0.0,0.0,0.0,0.0,0.0,0.0,0.0,0.0,1.0026873353097225,1.0026873353097225,0.0
2024-01-24,14:42:00.000000000,49.555,401.6,,,,0,0.0,0.0,0.0,0.0,0.0,0.0,0.0,0.0,0.0,1.0026873353097225,1.0026873353097225,0.0
2024-01-24,14:43:00.000000000,49.51,401.94,,,,0,0.0,0.0,0.0,0.0,0.0,0.0,0.0,0.0,0.0,1.0026873353097225,1.0026873353097225,0.0
2024-01-24,14:44:00.000000000,49.5259,402.18,0.17774194374046132,-21.958354933538736,-1.9214508247668343,0,0.0,0.0,0.0,0.0,0.0,0.0,0.0,0.0,0.0,1.0026873353097225,1.0026873353097225,0.0
2024-01-24,14:45:00.000000000,49.49,401.44,,,,0,0.0,0.0,0.0,0.0,0.0,0.0,0.0,0.0,0.0,1.0026873353097225,1.0026873353097225,0.0
2024-01-24,14:46:00.000000000,49.51,401.915,,,,0,0.0,0.0,0.0,0.0,0.0,0.0,0.0,0.0,0.0,1.0026873353097225,1.0026873353097225,0.0
2024-01-24,14:47:00.000000000,49.58,402.1834,0.17742256140992216,-21.776408984551296,-1.512301954384523,0,0.0,0.0,0.0,0.0,0.0,0.0,0.0,0.0,0.0,1.0026873353097225,1.0026873353097225,0.0
2024-01-24,14:48:00.000000000,49.575,402.2612,,,,0,0.0,0.0,0.0,0.0,0.0,0.0,0.0,0.0,0.0,1.0026873353097225,1.0026873353097225,0.0
2024-01-24,14:49:00.000000000,49.515,401.72,,,,0,0.0,0.0,0.0,0.0,0.0,0.0,0.0,0.0,0.0,1.0026873353097225,1.0026873353097225,0.0
2024-01-24,14:50:00.000000000,49.555,401.72,0.17716067038057381,-21.613984505284115,-1.1547651099725587,0,0.0,0.0,0.0,0.0,0.0,0.0,0.0,0.0,0.0,1.0026873353097225,1.0026873353097225,0.0
2024-01-24,14:51:00.000000000,49.52,401.55,,,,0,0.0,0.0,0.0,0.0,0.0,0.0,0.0,0.0,0.0,1.0026873353097225,1.0026873353097225,0.0
2024-01-24,14:52:00.000000000,49.495,401.46,,,,0,0.0,0.0,0.0,0.0,0.0,0.0,0.0,0.0,0.0,1.0026873353097225,1.0026873353097225,0.0
2024-01-24,14:53:00.000000000,49.52,401.65,0.1769015894069539,-21.53252338530303,-0.9648111300128756,0,0.0,0.0,0.0,0.0,0.0,0.0,0.0,0.0,0.0,1.0026873353097225,1.0026873353097225,0.0
2024-01-24,14:54:00.000000000,49.515,401.9,,,,0,0.0,0.0,0.0,0.0,0.0,0.0,0.0,0.0,0.0,1.0026873353097225,1.0026873353097225,0.0
2024-01-24,14:55:00.000000000,49.53,402.1,,,,0,0.0,0.0,0.0,0.0,0.0,0.0,0.0,0.0,0.0,1.0026873353097225,1.0026873353097225,0.0
2024-01-24,14:56:00.000000000,49.54,402.21,0.17658772204115866,-21.485347682174428,-0.8455795751402527,0,0.0,0.0,0.0,0.0,0.0,0.0,0.0,0.0,0.0,1.0026873353097225,1.0026873353097225,0.0
2024-01-24,14:57:00.000000000,49.505,402.34,,,,0,0.0,0.0,0.0,0.0,0.0,0.0,0.0,0.0,0.0,1.0026873353097225,1.0026873353097225,0.0
2024-01-24,14:58:00.000000000,49.47,402.265,,,,0,0.0,0.0,0.0,0.0,0.0,0.0,0.0,0.0,0.0,1.0026873353097225,1.0026873353097225,0.0
2024-01-24,14:59:00.000000000,49.42,402.67,0.17612507444980305,-21.5002837287022,-0.854481532904916,0,0.0,0.0,0.0,0.0,0.0,0.0,0.0,0.0,0.0,1.0026873353097225,1.0026873353097225,0.0
2024-01-24,15:00:00.000000000,49.38,402.56,,,,0,0.0,0.0,0.0,0.0,0.0,0.0,0.0,0.0,0.0,1.0026873353097225,1.0026873353097225,0.0
2024-01-24,15:01:00.000000000,49.34,402.36,,,,0,0.0,0.0,0.0,0.0,0.0,0.0,0.0,0.0,0.0,1.0026873353097225,1.0026873353097225,0.0
2024-01-24,15:02:00.000000000,49.315,402.645,0.1755922812522625,-21.386354084817242,-0.5962027582047519,0,0.0,0.0,0.0,0.0,0.0,0.0,0.0,0.0,0.0,1.0026873353097225,1.0026873353097225,0.0
2024-01-24,15:03:00.000000000,49.29,402.72,,,,0,0.0,0.0,0.0,0.0,0.0,0.0,0.0,0.0,0.0,1.0026873353097225,1.0026873353097225,0.0
2024-01-24,15:04:00.000000000,49.32,402.772,,,,0,0.0,0.0,0.0,0.0,0.0,0.0,0.0,0.0,0.0,1.0026873353097225,1.0026873353097225,0.0
2024-01-24,15:05:00.000000000,49.385,403.04,0.17504666133876343,-21.165806385975223,-0.11180554432942554,0,0.0,0.0,0.0,0.0,0.0,0.0,0.0,0.0,0.0,1.0026873353097225,1.0026873353097225,0.0
2024-01-24,15:06:00.000000000,49.41,403.07,,,,0,0.0,0.0,0.0,0.0,0.0,0.0,0.0,0.0,0.0,1.0026873353097225,1.0026873353097225,0.0
2024-01-24,15:07:00.000000000,49.44,403.18,,,,0,0.0,0.0,0.0,0.0,0.0,0.0,0.0,0.0,0.0,1.0026873353097225,1.0026873353097225,0.0
2024-01-24,15:08:00.000000000,49.51,403.25,0.17455343908110799,-20.87867430945679,0.5170607404277047,0,0.0,0.0,0.0,0.0,0.0,0.0,0.0,0.0,0.0,1.0026873353097225,1.0026873353097225,0.0
2024-01-24,15:09:00.000000000,49.52,403.32,,,,0,0.0,0.0,0.0,0.0,0.0,0.0,0.0,0.0,0.0,1.0026873353097225,1.0026873353097225,0.0
2024-01-24,15:10:00.000000000,49.575,403.3,,,,0,0.0,0.0,0.0,0.0,0.0,0.0,0.0,0.0,0.0,1.0026873353097225,1.0026873353097225,0.0
2024-01-24,15:11:00.000000000,49.6,403.2366,0.17414368382936213,-20.621106978826965,1.0775770594268455,0,0.0,0.0,0.0,0.0,0.0,0.0,0.0,0.0,0.0,1.0026873353097225,1.0026873353097225,0.0
2024-01-24,15:12:00.000000000,49.62,403.39,,,,0,0.0,0.0,0.0,0.0,0.0,0.0,0.0,0.0,0.0,1.0026873353097225,1.0026873353097225,0.0
2024-01-24,15:13:00.000000000,49.635,403.44,,,,0,0.0,0.0,0.0,0.0,0.0,0.0,0.0,0.0,0.0,1.0026873353097225,1.0026873353097225,0.0
2024-01-24,15:14:00.000000000,49.63,403.27,0.17375944183800116,-20.441970110010722,1.4528460584395781,0,0.0,0.0,0.0,0.0,0.0,0.0,0.0,0.0,0.0,1.0026873353097225,1.0026873353097225,0.0
2024-01-24,15:15:00.000000000,49.645,403.435,,,,0,0.0,0.0,0.0,0.0,0.0,0.0,0.0,0.0,0.0,1.0026873353097225,1.0026873353097225,0.0
2024-01-24,15:16:00.000000000,49.655,403.46,,,,0,0.0,0.0,0.0,0.0,0.0,0.0,0.0,0.0,0.0,1.0026873353097225,1.0026873353097225,0.0
2024-01-24,15:17:00.000000000,49.65,403.695,0.1733254639238658,-20.320623158745,1.684727258525467,0,0.0,0.0,0.0,0.0,0.0,0.0,0.0,0.0,0.0,1.0026873353097225,1.0026873353097225,0.0
2024-01-24,15:18:00.000000000,49.64,403.86,,,,0,0.0,0.0,0.0,0.0,0.0,0.0,0.0,0.0,0.0,1.0026873353097225,1.0026873353097225,0.0
2024-01-24,15:19:00.000000000,49.57,403.6431,,,,0,0.0,0.0,0.0,0.0,0.0,0.0,0.0,0.0,0.0,1.0026873353097225,1.0026873353097225,0.0
2024-01-24,15:20:00.000000000,49.49,403.36,0.1728421912678326,-20.227626269792957,1.837903555509191,0,0.0,0.0,0.0,0.0,0.0,0.0,0.0,0.0,0.0,1.0026873353097225,1.0026873353097225,0.0
2024-01-24,15:21:00.000000000,49.48,402.92,,,,0,0.0,0.0,0.0,0.0,0.0,0.0,0.0,0.0,0.0,1.0026873353097225,1.0026873353097225,0.0
2024-01-24,15:22:00.000000000,49.535,402.87,,,,0,0.0,0.0,0.0,0.0,0.0,0.0,0.0,0.0,0.0,1.0026873353097225,1.0026873353097225,0.0
2024-01-24,15:23:00.000000000,49.53,402.78,0.17247189495067514,-19.938229848232922,2.3428790998809066,0,0.0,0.0,0.0,0.0,0.0,0.0,0.0,0.0,0.0,1.0026873353097225,1.0026873353097225,0.0
2024-01-24,15:24:00.000000000,49.52,403.0,,,,0,0.0,0.0,0.0,0.0,0.0,0.0,0.0,0.0,0.0,1.0026873353097225,1.0026873353097225,0.0
2024-01-24,15:25:00.000000000,49.525,403.18,,,,0,0.0,0.0,0.0,0.0,0.0,0.0,0.0,0.0,0.0,1.0026873353097225,1.0026873353097225,0.0
2024-01-24,15:26:00.000000000,49.475,403.2469,0.1720029645093977,-19.884662229224638,2.347693900470211,0,0.0,0.0,0.0,0.0,0.0,0.0,0.0,0.0,0.0,1.0026873353097225,1.0026873353097225,0.0
2024-01-24,15:27:00.000000000,49.48,403.3,,,,0,0.0,0.0,0.0,0.0,0.0,0.0,0.0,0.0,0.0,1.0026873353097225,1.0026873353097225,0.0
2024-01-24,15:28:00.000000000,49.53,403.57,,,,0,0.0,0.0,0.0,0.0,0.0,0.0,0.0,0.0,0.0,1.0026873353097225,1.0026873353097225,0.0
2024-01-24,15:29:00.000000000,49.545,403.7751,0.17148946823024291,-19.698177183613154,2.5794818199430924,0,0.0,0.0,0.0,0.0,0.0,0.0,0.0,0.0,0.0,1.0026873353097225,1.0026873353097225,0.0
2024-01-24,15:30:00.000000000,49.49,403.6728,,,,0,0.0,0.0,0.0,0.0,0.0,0.0,0.0,0.0,0.0,1.0026873353097225,1.0026873353097225,0.0
2024-01-24,15:31:00.000000000,49.575,403.76,,,,0,0.0,0.0,0.0,0.0,0.0,0.0,0.0,0.0,0.0,1.0026873353097225,1.0026873353097225,0.0
2024-01-24,15:32:00.000000000,49.6,404.01,0.17098442399418978,-19.479417137892618,2.8119698649936784,0,0.0,0.0,0.0,0.0,0.0,0.0,0.0,0.0,0.0,1.0026873353097225,1.0026873353097225,0.0
2024-01-24,15:33:00.000000000,49.62,403.87,,,,0,0.0,0.0,0.0,0.0,0.0,0.0,0.0,0.0,0.0,1.0026873353097225,1.0026873353097225,0.0
2024-01-24,15:34:00.000000000,49.555,403.91,,,,0,0.0,0.0,0.0,0.0,0.0,0.0,0.0,0.0,0.0,1.0026873353097225,1.0026873353097225,0.0
2024-01-24,15:35:00.000000000,49.57,403.9135,0.17048774856686386,-19.292303230761966,2.941360928280248,0,0.0,0.0,0.0,0.0,0.0,0.0,0.0,0.0,0.0,1.0026873353097225,1.0026873353097225,0.0
2024-01-24,15:36:00.000000000,49.595,403.94,,,,0,0.0,0.0,0.0,0.0,0.0,0.0,0.0,0.0,0.0,1.0026873353097225,1.0026873353097225,0.0
2024-01-24,15:37:00.000000000,49.625,404.01,,,,0,0.0,0.0,0.0,0.0,0.0,0.0,0.0,0.0,0.0,1.0026873353097225,1.0026873353097225,0.0
2024-01-24,15:38:00.000000000,49.6399,404.04,0.1700236140015433,-19.056441001183572,3.094580266743967,0,-1.0,0.0,0.0,118.33624100118357,0.0,0.0,0.0,0.0,0.651420894567344,0.35094056735840296,1.002361461925747,-0.0003249999999998352
2024-01-24,15:39:00.000000000,49.66,404.0852,,,,0,0.0,-1.0,0.1700236140015433,118.36402606853642,-0.00010491234588922425,0.0,0.0,0.0,0.6513525524731336,0.35094056735840296,1.0022931198315366,-0.00006818108716906598
2024-01-24,15:40:00.000000000,49.705,404.0499,,,,0,0.0,-1.0,0.1700236140015433,118.40302423496217,-0.00043088964838620497,0.0,-0.00010491234588927423,0.0,0.651071891400823,0.35094056735840296,1.0020124587592258,-0.0002800189552911441
2024-01-24,15:41:00.000000000,49.74,403.99,0.16959226405984362,-18.77357875753622,3.252525471305734,0,-1.0,-1.0,0.1700236140015433,118.42783982048348,-0.00038161537486597634,0.0,-0.0005357567886317138,0.0,0.6508234323569213,0.35094056735840296,1.0017639997153243,-0.00024796003455809887
2024-01-24,15:42:00.000000000,49.775,404.19,,,,0,0.0,-1.0,0.1700236140015433,118.4968445432838,-8.404081347771265e-6,0.0,-0.0009171677104700127,0.0,0.6508179627838527,0.35094056735840296,1.0017585301422556,-5.45994173302105e-6
2024-01-24,15:43:00.000000000,49.81,404.64,,,,0,0.0,-1.0,0.1700236140015433,118.60835516958448,0.0003503099720560243,0.0,-0.000925564083865793,0.0,0.6510459508062092,0.35094056735840296,1.0019865181646121,0.00022758780234613795
2024-01-24,15:44:00.000000000,49.85,404.66,0.16915609449431332,-18.60070519806883,3.222614526366528,0,-1.0,-1.0,0.1700236140015433,118.65175564186453,-0.0003085746165827439,0.0,-0.0005755783461379727,0.0,0.6508450545515614,0.35094056735840296,1.0017856219099643,-0.00020049796180471603
2024-01-24,15:45:00.000000000,49.87,404.53,,,,0,0.0,-1.0,0.1700236140015433,118.64965257204432,-0.00035484573820621025,0.0,-0.0008839753538533168,0.0,0.6506141049577212,0.35094056735840296,1.0015546723161242,-0.00023053794024300358
2024-01-24,15:46:00.000000000,49.815,404.54,,,,0,0.0,-1.0,0.1700236140015433,118.59635280818434,0.0004778794957329999,0.0,-0.001238507417172463,0.0,0.6509250200981151,0.35094056735840296,1.001865587456518,0.0003104325195497727
2024-01-24,15:47:00.000000000,49.76,404.27,0.16870986579661934,-18.444337445599295,3.1657302684530046,0,-1.0,-1.0,0.1700236140015433,118.4954464324039,0.00007667709844563761,0.0,-0.0007612197787394415,0.0,0.650974931139962,0.35094056735840296,1.001915498498365,0.000049818101820952673
2024-01-24,15:48:00.000000000,49.77,404.2375,,,,0,0.0,-1.0,0.1700236140015433,118.49992066494886,-0.0001310241694722189,0.0,-0.0006846010484177212,0.0,0.6508896376902621,0.35094056735840296,1.0018302050486652,-0.00008513038257976693
2024-01-24,15:49:00.000000000,49.8,404.34,,,,0,0.0,-1.0,0.1700236140015433,118.54734808538402,-0.00010609778887858874,0.0,-0.0008155355186061364,0.0,0.6508205797388992,0.35094056735840296,1.001761147097302,-0.00006893179204931622
2024-01-24,15:50:00.000000000,49.755,403.8794,0.1683293174473346,-18.229743733039022,3.167132745407092,0,-1.0,-1.0,0.1700236140015433,118.42403520877491,-0.0002810090410890494,0.0,-0.0009215467809694511,0.0,0.6506376932718657,0.35094056735840296,1.0015782606302688,-0.00018256494331325338
2024-01-24,15:51:00.000000000,49.77,403.96,,,,0,0.0,-1.0,0.1700236140015433,118.45273911206343,-0.00001094454102316181,0.0,-0.0012022968590813532,0.0,0.6506305723409405,0.35094056735840296,1.0015711396993434,-7.109709950057117e-6
2024-01-24,15:52:00.000000000,49.775,403.82,,,,0,0.0,-1.0,0.1700236140015433,118.43393580610322,-0.00024316285276409106,0.0,-0.0012132282415172613,0.0,0.6504723631548746,0.35094056735840296,1.0014129305132775,-0.0001579610072564563
2024-01-24,15:53:00.000000000,49.715,403.673,0.1679642614328037,-18.08763730536417,3.083407107594799,0,-1.0,-1.0,0.1700236140015433,118.34894233484499,0.0002955785307944128,0.0,-0.001456096082240954,0.0,0.6506646288202982,0.35094056735840296,1.0016051961787011,0.00019199439069064495
2024-01-24,15:54:00.000000000,49.73,403.8,,,,0,0.0,-1.0,0.1700236140015433,118.38553533382319,0.000055708136026765877,0.0,-0.0011609479421873514,0.0,0.6507008761339483,0.35094056735840296,1.0016414434923513,0.000036189222847925004
2024-01-24,15:55:00.000000000,49.7,403.65,,,,0,0.0,-1.0,0.1700236140015433,118.33003179172296,0.000037981480483033326,0.0,-0.001105304480406466,0.0,0.6507255907165754,0.35094056735840296,1.0016661580749784,0.00002467408151655937
2024-01-24,15:56:00.000000000,49.705,403.7,0.16760014311926985,-17.955177777249233,2.9967620308168765,0,0.0,-1.0,0.1700236140015433,118.34353297242303,0.000029588268059006038,0.0,-0.0010673649810241104,0.0,0.6507448445597864,0.35094056735840296,1.0016854119181895,0.000019221816626121533
2024-01-24,15:57:00.000000000,49.715,403.635,,,,0,0.0,-1.0,0.1700236140015433,118.34248143751293,-0.00017788496237491813,0.0,-0.0010378082944462186,0.0,0.6506290868375962,0.35094056735840296,1.001569654195999,-0.00011556295101547007
2024-01-24,15:58:00.000000000,49.745,403.56,,,,0,0.0,-1.0,0.1700236140015433,118.35972966646281,-0.00036125464440825547,0.0,-0.0012155086463316866,0.0,0.650394044058189,0.35094056735840296,1.001334611416592,-0.00023467442171637228
2024-01-24,15:59:00.000000000,49.74,403.4952,0.1672907776483523,-17.761025785377434,2.9712140226554786,0,0.0,-1.0,0.1700236140015433,118.34371213627551,-0.00005084102679403461,0.0,-0.0015763241825962337,0.0,0.6503609773571684,0.35094056735840296,1.0013015447155713,-0.00003302262864346301
2024-01-24,16:00:00.000000000,49.76,403.39,,,,0,0.0,-1.0,0.1700236140015433,118.34582565208254,-0.0003201393932052745,0.0,-0.0016270850674502402,0.0,0.6501527711885128,0.35094056735840296,1.0010933385469158,-0.00020793553126357143
2024-01-24,16:01:00.000000000,49.74,403.185,,,,0,0.0,-1.0,0.1700236140015433,118.29097081121225,-0.00012552061543754265,0.0,-0.0019467035666294041,0.0,0.6500711636125448,0.35094056735840296,1.0010117309709479,-0.00008151844870572432
2024-01-24,16:02:00.000000000,49.715,403.215,0.16702205574973172,-17.630798209128073,2.8879491481021087,0,0.0,-1.0,0.1700236140015433,118.27107151963229,0.00025446327994114684,0.0,-0.0020719798306372272,0.0,0.6502365828530328,0.35094056735840296,1.0011771502114357,0.00016525204987098474
2024-01-24,16:03:00.000000000,49.725,403.33,,,,0,0.0,-1.0,0.1700236140015433,118.30062423524245,0.00008076967163175641,0.0,-0.0018180437934798288,0.0,0.6502891022483128,0.35094056735840296,1.0012296696067158,0.00005245764475244779
2024-01-24,16:04:00.000000000,49.705,403.321,,,,0,0.0,-1.0,0.1700236140015433,118.27909402271645,0.00015612586656575298,0.0,-0.0017374209646481287,0.0,0.6503906291979196,0.35094056735840296,1.0013311965563225,0.00010140225833162228
2024-01-24,16:05:00.000000000,49.69,403.255,0.16673610233751698,-17.547166948115418,2.7761759708388345,0,0.0,-1.0,0.1700236140015433,118.25287246419235,0.000031945133729008715,0.0,-0.0015815663544361813,0.0,0.6504114060135453,0.35094056735840296,1.0013519733719483,0.00002074919436964241
2024-01-24,16:06:00.000000000,49.63,402.85,,,,0,0.0,-1.0,0.1700236140015433,118.12401290052173,-0.00007492049441180159,0.0,-0.0015496717440559582,0.0,0.6503626768694357,0.35094056735840296,1.0013032442278387,-0.0000486633525527417
2024-01-24,16:07:00.000000000,49.625,402.64,,,,0,0.0,-1.0,0.1700236140015433,118.0833079415814,-0.0002599383324894705,0.0,-0.0016244761362944615,0.0,0.6501936226796968,0.35094056735840296,1.0011341900381,-0.0001688341575974312
2024-01-24,16:08:00.000000000,49.605,402.8,0.16645038566381615,-17.441215345385153,2.694348051519162,0,0.0,-1.0,0.1700236140015433,118.09051171982165,0.00039974979582724067,0.0,-0.0018839922051659963,0.0,0.6504535374476113,0.35094056735840296,1.0013941048060142,0.00025962030914599365
2024-01-24,16:09:00.000000000,49.635,402.85,,,,0,0.0,-1.0,0.1700236140015433,118.12901290052173,-0.00018205373985446854,0.0,-0.0014849955348380517,0.0,0.6503351199485173,0.35094056735840296,1.0012756873069204,-0.00011825264251654742
2024-01-24,16:10:00.000000000,49.58,402.9231,,,,0,0.0,-1.0,0.1700236140015433,118.08644162670522,0.0005708058039923118,0.0,-0.0016667789257017729,0.0,0.650706335009524,0.35094056735840296,1.001646902367927,0.00037074211000280853
2024-01-24,16:11:00.000000000,49.59,402.84,0.1661543289128395,-17.343609859248247,2.6143237346925683,0,0.0,-1.0,0.1700236140015433,118.0823126643817,-0.00020433304612401486,0.0,-0.0010969245287941742,0.0,0.6505733742019594,0.35094056735840296,1.0015139415603622,-0.0001327421941310254
2024-01-24,16:12:00.000000000,49.585,402.6,,,,0,0.0,-1.0,0.1700236140015433,118.03650699702135,-0.0003032263389194059,0.0,-0.0013010334369877308,0.0,0.6503761032195017,0.35094056735840296,1.0013166705779046,-0.00019697277718394815
2024-01-24,16:13:00.000000000,49.565,402.81,,,,0,0.0,-1.0,0.1700236140015433,118.05221195596165,0.00047192991691734414,0.0,-0.0016038652683012522,0.0,0.6506830351598591,0.35094056735840296,1.001623602518262,0.0003065283435062803
2024-01-24,16:14:00.000000000,49.555,402.6,0.16586961471035164,-17.224106882387566,2.5571648587729467,0,0.0,-1.0,0.1700236140015433,118.00650699702135,-0.0002177422897413025,0.0,-0.0011326922633866365,0.0,0.6505413539458876,0.35094056735840296,1.0014819213042907,-0.00014145155287394255
2024-01-24,16:15:00.000000000,49.575,402.65,,,,0,0.0,-1.0,0.1700236140015433,118.03500817772141,-0.00009744224782645186,0.0,-0.0013501879181209153,0.0,0.6504779637340551,0.35094056735840296,1.0014185310924582,-0.00006329641153181386
2024-01-24,16:16:00.000000000,49.615,402.71,,,,0,0.0,-1.0,0.1700236140015433,118.08520959456152,-0.00025245546740699414,0.0,-0.001447498600601671,0.0,0.6503137470156827,0.35094056735840296,1.0012543143740857,-0.0001639841018253039
2024-01-24,16:17:00.000000000,49.645,402.74,0.16560860946952888,-17.052211377758063,2.538137714414824,0,0.0,-1.0,0.1700236140015433,118.12031030298155,-0.00021085868133228884,0.0,-0.0016995886390728243,0.0,0.6501766227165346,0.35094056735840296,1.0011171900749376,-0.00013695251763670024
2024-01-24,16:18:00.000000000,49.65,402.7151,,,,0,0.0,-1.0,0.1700236140015433,118.12107671499291,-0.00007817104412397553,0.0,-0.0019100889473858684,0.0,0.6501257977310719,0.35094056735840296,1.0010663650894749,-0.000050768267657967044
2024-01-24,16:19:00.000000000,49.65,402.835,,,,0,0.0,-1.0,0.1700236140015433,118.14146254631169,0.0001725841982287742,0.0,-0.0019881106778624202,0.0,0.6502379991706212,0.35094056735840296,1.001178566529024,0.00011208191930324697
2024-01-24,16:20:00.000000000,49.66,402.8824,0.16534802772677867,-16.955810245831145,2.4686849830801325,0,0.0,-1.0,0.1700236140015433,118.15952166561537,-0.000016428446495287028,0.0,-0.0018158695961210114,0.0,0.6502273167704427,0.35094056735840296,1.0011678841288456,-0.00001066982507972053
2024-01-24,16:21:00.000000000,49.635,403.025,,,,0,0.0,-1.0,0.1700236140015433,118.15876703297198,0.0004167701989855149,0.0,-0.0018322682106997057,0.0,0.6504983121386388,0.35094056735840296,1.0014388794970417,0.00027067924620043543
2024-01-24,16:22:00.000000000,49.645,403.31,,,,0,0.0,-1.0,0.1700236140015433,118.21722376296245,0.0003254665815843523,0.0,-0.0014162616465009936,0.0,0.650710027600617,0.35094056735840296,1.00165059495902,0.0002114112666412764
2024-01-24,16:23:00.000000000,49.645,403.3485,0.16501724183120828,-16.914456966755104,2.3714510695836797,0,0.0,-1.0,0.1700236140015433,118.2237696721015,0.00005537187332511388,0.0,-0.0010912560107533276,0.0,0.6507460586338367,0.35094056735840296,1.0016866259922397,0.00003597165858137469
2024-01-24,16:24:00.000000000,49.625,403.39,,,,0,0.0,-1.0,0.1700236140015433,118.21082565208255,0.00022885397797841334,0.0,-0.0010359445623178143,0.0,0.6508949844580089,0.35094056735840296,1.001835551816412,0.0001486750649433211
2024-01-24,16:25:00.000000000,49.645,403.7,,,,0,0.0,-1.0,0.1700236140015433,118.28353297242305,0.00027668633697516907,0.0,-0.000807327664373414,0.0,0.651075078207014,0.35094056735840296,1.002015645565417,0.00017976378326617316
2024-01-24,16:26:00.000000000,49.66,403.655,0.16465920071392479,-16.80550966417931,2.324670543994962,0,0.0,-1.0,0.1700236140015433,118.29088190979296,-0.00019149802225935312,0.0,-0.0005308647039324876,0.0,0.6509503986171951,0.35094056735840296,1.0018909659755981,-0.0001244287854891953
2024-01-24,16:27:00.000000000,49.675,403.585,,,,0,0.0,-1.0,0.1700236140015433,118.29398025681284,-0.00022741949798488925,0.0,-0.0007222610666509643,0.0,0.6508023598043284,0.35094056735840296,1.0017429271627314,-0.0001477594048595713
2024-01-24,16:28:00.000000000,49.645,403.68,,,,0,0.0,-1.0,0.1700236140015433,118.280132500143,0.0003901487060453374,0.0,-0.0009495163083866887,0.0,0.6510562695028974,0.35094056735840296,1.0019968368613004,0.0002534679224420717
2024-01-24,16:29:00.000000000,49.605,403.35,0.16431764965389,-16.672523987896547,2.29438802649951,0,0.0,-1.0,0.1700236140015433,118.1840247075225,-0.00013618341711346124,0.0,-0.0005597380549003939,0.0,0.6509676064353834,0.35094056735840296,1.0019081737937863,-0.00008848637465945142
2024-01-24,16:30:00.000000000,49.585,403.43,,,,0,0.0,-1.0,0.1700236140015433,118.17762659664263,0.00028431836877511454,0.0,-0.0006958452449726815,0.0,0.6511526884833706,0.35094056735840296,1.0020932558417734,0.00018472955189730456
2024-01-24,16:31:00.000000000,49.61,403.31,,,,0,0.0,-1.0,0.1700236140015433,118.18222376296244,-0.0003841914496653825,0.0,-0.0004117247177825023,0.0,0.6509025211880286,0.35094056735840296,1.0018430885464316,-0.0002496447250627798
2024-01-24,16:32:00.000000000,49.62,403.12,0.16401849317021713,-16.499134966777937,2.2867203681343584,0,0.0,-1.0,0.1700236140015433,118.15991927630213,-0.0003579598125107386,0.0,-0.0007957579863318021,0.0,0.6506695242435814,0.35094056735840296,1.0016100916019843,-0.00023256830047635693
2024-01-24,16:33:00.000000000,49.605,403.1,,,,0,0.0,-1.0,0.1700236140015433,118.1415188040221,0.00009816804032204715,0.0,-0.001153432949462907,0.0,0.6507333991956736,0.35094056735840296,1.0016739665540766,0.00006377227289123606
2024-01-24,16:34:00.000000000,49.585,402.91,,,,0,0.0,-1.0,0.1700236140015433,118.08921431736181,-0.0001041504018643042,0.0,-0.0010553781393931594,0.0,0.6506656250506409,0.35094056735840296,1.0016061924090438,-0.00006766088297766012
2024-01-24,16:35:00.000000000,49.575,402.938,0.16372087339509686,-16.39436128407354,2.239759468641839,0,0.0,-1.0,0.1700236140015433,118.08397497855385,0.00012499584553392253,0.0,-0.0011594186232002368,0.0,0.6507469555506038,0.35094056735840296,1.0016875229090068,0.00008120007701563421
2024-01-24,16:36:00.000000000,49.595,403.16,,,,0,0.0,-1.0,0.1700236140015433,118.1417202208622,0.00015027646479188805,0.0,-0.0010345677001776243,0.0,0.6508447475025579,0.35094056735840296,1.0017853148609608,0.00009762720381105591
2024-01-24,16:37:00.000000000,49.61,403.2177,,,,0,0.0,-1.0,0.1700236140015433,118.16653058339008,-0.00004392722115787725,0.0,-0.0008844467065624029,0.0,0.650816157701395,0.35094056735840296,1.0017567250597978,-0.00002853885032932939
2024-01-24,16:38:00.000000000,49.595,403.16,0.16339936138177338,-16.281086534675765,2.2001026883428603,0,0.0,-1.0,0.1700236140015433,118.1417202208622,0.00004391799815474439,0.0,-0.0009283350764341947,0.0,0.650844740244208,0.35094056735840296,1.0017853076026109,0.000028532419197195606
2024-01-24,16:39:00.000000000,49.58,403.23,,,,0,0.0,-1.0,0.1700236140015433,118.13862187384231,0.0002277066300526448,0.0,-0.0008844578488975685,0.0,0.6509929419066965,0.35094056735840296,1.0019335092650996,0.00014793754845876994
2024-01-24,16:40:00.000000000,49.55,403.335,,,,0,0.0,-1.0,0.1700236140015433,118.12647435331246,0.0004050536455491414,0.0,-0.0006569526157610417,0.0,0.6512566289710426,0.35094056735840296,1.0021971963294456,0.00026317820684467895
2024-01-24,16:41:00.000000000,49.555,403.55,0.16300657802087534,-16.226304560324245,2.132909983673712,0,0.0,-1.0,0.1700236140015433,118.1680294303228,0.00026712959294768624,0.0,-0.0002521650712639101,0.0,0.6514305988892442,0.35094056735840296,1.002371166247647,0.00017358851016414427
2024-01-24,16:42:00.000000000,49.56,403.595,,,,0,0.0,-1.0,0.1700236140015433,118.18068049295287,0.00002243468595387682,0.0,0.0,0.0,0.651445213530151,0.35094056735840296,1.002385780888554,0.000014580069138965308
2024-01-24,16:43:00.000000000,49.555,403.485,,,,0,0.0,-1.0,0.1700236140015433,118.1569778954127,-0.00011594617227630613,0.0,0.0,0.0,0.6513696809511944,0.35094056735840296,1.0023102483095974,-0.00007535280367762561
2024-01-24,16:44:00.000000000,49.53,403.29,0.162625808145786,-16.05536216711404,2.1286654064816686,0,0.0,-1.0,0.1700236140015433,118.0988232906824,-0.00006901500762416936,0.0,-0.00011594617227628223,0.0,0.6513247266676975,0.35094056735840296,1.0022652940261003,-0.0000448506673186878
2024-01-24,16:45:00.000000000,49.53,403.205,,,,0,0.0,-1.0,0.1700236140015433,118.08437128349227,-0.00012237215229958984,0.0,-0.0001849531778743696,0.0,0.6512450226590492,0.35094056735840296,1.002185590017452,-0.00007952386371480148
2024-01-24,16:46:00.000000000,49.535,403.35,,,,0,0.0,-1.0,0.1700236140015433,118.11402470752249,0.00016643543778575935,0.0,-0.0003073026970555892,0.0,0.6513534129095012,0.35094056735840296,1.002293980267904,0.0001081538704323849
2024-01-24,16:47:00.000000000,49.515,403.36,0.16223074109745547,-15.922391729069645,2.104071990743367,0,0.0,-1.0,0.1700236140015433,118.09572494366252,0.00018372277292011052,0.0,-0.00014091840532881594,0.0,0.6514730813646719,0.35094056735840296,1.0024136487230748,0.00011939456639135491
2024-01-24,16:48:00.000000000,49.535,403.54,,,,0,0.0,-1.0,0.1700236140015433,118.14632919418278,0.00008979368664981264,0.0,0.0,0.0,0.6515315795344007,0.35094056735840296,1.0024721468928037,0.00005835731566847025
2024-01-24,16:49:00.000000000,49.555,403.62,,,,0,0.0,-1.0,0.1700236140015433,118.1799310833029,-0.000054154123310616936,0.0,0.0,0.0,0.6514962964129017,0.35094056735840296,1.0024368637713046,-0.00003519611154135541
2024-01-24,16:50:00.000000000,49.57,403.6,0.16184825351755702,-15.751955119686023,2.0974439426399805,0,0.0,-1.0,0.1700236140015433,118.1915306110229,-0.0001556987900682638,0.0,-0.000054154123310667934,0.0,0.6513948592278163,0.35094056735840296,1.0023354265862192,-0.00010119059738461024
2024-01-24,16:51:00.000000000,49.575,403.79,,,,0,0.0,-1.0,0.1700236140015433,118.22883509768317,0.00023101897842526888,0.0,-0.00020984448164751424,0.0,0.6515453438027466,0.35094056735840296,1.0024859111611497,0.00015013394811657288
2024-01-24,16:52:00.000000000,49.595,403.8244,,,,0,0.0,-1.0,0.1700236140015433,118.25468391000483,-0.00011969320061933186,0.0,0.0,0.0,0.6514673582551983,0.35094056735840296,1.0024079256136011,-0.00007779216314196011
2024-01-24,16:53:00.000000000,49.6,403.74,0.16147199291891393,-15.592702421082315,2.0840900396156283,0,0.0,-1.0,0.1700236140015433,118.2453339169831,-0.000163629823208248,0.0,-0.00011969320061933075,0.0,0.6513607587665411,0.35094056735840296,1.002301326124944,-0.000106343421608371
2024-01-24,16:54:00.000000000,49.605,403.898,,,,0,0.0,-1.0,0.1700236140015433,118.27719764799534,0.0001849014272953061,0.0,-0.0002833034384501776,0.0,0.6514811963005211,0.35094056735840296,1.002421763658924,0.0001201610043216108
2024-01-24,16:55:00.000000000,49.585,403.902,,,,0,0.0,-1.0,0.1700236140015433,118.25787774245134,0.00017484430530340504,0.0,-0.0000984543943650662,0.0,0.6515951040777065,0.35094056735840296,1.0025356714361093,0.00011363258591818304
2024-01-24,16:56:00.000000000,49.595,403.93,0.16108335072841118,-15.471397859727134,2.053272285670442,0,0.0,-1.0,0.1700236140015433,118.27263840364338,-0.00004430435340105898,0.0,0.0,0.0,0.651566235577941,0.35094056735840296,1.002506802936344,-0.00002879548387939351
2024-01-24,16:57:00.000000000,49.61,404.0117,,,,0,0.0,-1.0,0.1700236140015433,118.30152933290732,-9.377238480794176e-6,0.0,-0.00004430435340108119,0.0,0.651560125685964,0.35094056735840296,1.002500693044367,-6.094613980801206e-6
2024-01-24,16:58:00.000000000,49.64,404.205,,,,0,0.0,-1.0,0.1700236140015433,118.36439489749381,0.00002422254896149346,0.0,-0.000053681176429343225,0.0,0.6515759081330098,0.35094056735840296,1.0025164754914129,0.000015743078439170268
2024-01-24,16:59:00.000000000,49.61,404.08,0.16069241527753633,-15.322591165346878,2.035748621213735,0,0.0,-1.0,0.1700236140015433,118.31314194574362,0.00007389931961711408,0.0,-0.000029459927762709448,0.0,0.6516240591492998,0.35094056735840296,1.0025646265077026,0.000048030149595437796
2024-01-24,17:00:00.000000000,49.595,404.11,,,,0,0.0,-1.0,0.1700236140015433,118.30324265416367,0.0001698941308587964,0.0,0.0,0.0,0.6517347662524756,0.35094056735840296,1.0026753336108785,0.00011042390709662033
2024-01-24,17:01:00.000000000,49.564,404.125,,,,0,0.0,-1.0,0.1700236140015433,118.27479300837368,0.0002835962350422808,0.0,0.0,0.0,0.651919595778431,0.35094056735840296,1.002860163136834,0.00018433636468329894
2024-01-24,17:02:00.000000000,49.56,404.096,0.1602620066541117,-15.201235840899912,2.0068216964274876,0,0.0,-1.0,0.1700236140015433,118.26586232356765,-7.868834790329429e-6,0.0,0.0,0.0,0.6519144659308352,0.35094056735840296,1.0028550332892383,-5.11521723981122e-6
2024-01-24,17:03:00.000000000,49.54,404.11,,,,0,0.0,-1.0,0.1700236140015433,118.24824265416368,0.00018923745327960933,0.0,-7.868834790203394e-6,0.0,0.6520378325641242,0.35094056735840296,1.0029783999225272,0.00012301542016926204
2024-01-24,17:04:00.000000000,49.545,404.13,,,,0,0.0,-1.0,0.1700236140015433,118.2566431264437,-0.000013526862506074893,0.0,0.0,0.0,0.6520290125380143,0.35094056735840296,1.0029695798964173,-8.793834553758872e-6
2024-01-24,17:05:00.000000000,49.52,404.165,0.1598094248398483,-15.069376190397286,1.9835571089209754,0,0.0,-1.0,0.1700236140015433,118.23759395293376,0.00026172590115681755,0.0,-0.00001352686250621904,0.0,0.6521996654189012,0.35094056735840296,1.0031402327773042,0.00017014761395309385
2024-01-24,17:06:00.000000000,49.525,404.19,,,,0,0.0,-1.0,0.1700236140015433,118.2468445432838,-6.338167285896711e-6,0.0,0.0,0.0,0.6521955316683179,0.35094056735840296,1.0031360990267209,-4.120810279880561e-6
2024-01-24,17:07:00.000000000,49.54,404.255,,,,0,0.0,-1.0,0.1700236140015433,118.2728960781939,-0.00003339171632998815,0.0,-6.338167286012997e-6,0.0,0.6521737537401328,0.35094056735840296,1.0031143210985358,-0.000021709843964502103
2024-01-24,17:08:00.000000000,49.56,404.46,0.15936348545330073,-14.896155326442013,1.9776935946211411,0,0.0,-1.0,0.1700236140015433,118.3277509190642,0.00012559801410870518,0.0,-0.00003972967197363175,0.0,0.6522556654684563,0.35094056735840296,1.003196232826859,0.00008165742089453676
2024-01-24,17:09:00.000000000,49.56,404.5686,,,,0,0.0,-1.0,0.1700236140015433,118.34621548354478,0.0001560459345940827,0.0,0.0,0.0,0.6523574473133686,0.35094056735840296,1.0032980146717716,0.00010145756291936032
2024-01-24,17:10:00.000000000,49.55,404.65,,,,0,0.0,-1.0,0.1700236140015433,118.35005540572449,0.00020144220144524067,0.0,0.0,0.0,0.6524888596336845,0.35094056735840296,1.0034294269920876,0.0001309803452157581
2024-01-24,17:11:00.000000000,49.53,404.645,0.1588947830124645,-14.765979472078698,1.9538051252357576,0,0.0,-1.0,0.1700236140015433,118.32920528765449,0.0001618071226442758,0.0,0.0,0.0,0.6525944369786193,0.35094056735840296,1.0035350043370221,0.00010521651258627204
2024-01-24,17:12:00.000000000,49.495,404.69,,,,0,0.0,-1.0,0.1700236140015433,118.30185635028457,0.00036044408923726706,0.0,0.0,0.0,0.6528296607860974,0.35094056735840296,1.0037702281445005,0.00023439521936129362
2024-01-24,17:13:00.000000000,49.49,404.5,,,,0,0.0,-1.0,0.1700236140015433,118.26455186362426,-0.00023080353514869458,0.0,0.0,0.0,0.652678985392538,0.35094056735840296,1.003619552750941,-0.00015010944669869748
2024-01-24,17:14:00.000000000,49.495,404.45,0.158423913017683,-14.579551620001887,1.9525321401576488,0,0.0,-1.0,0.1700236140015433,118.26105068292418,-0.00011416084099015468,0.0,-0.00023080353514870477,0.0,0.652604475010669,0.35094056735840296,1.003545042369072,-0.00007424166026347841
2024-01-24,17:15:00.000000000,49.4867,404.42,,,,0,0.0,-1.0,0.1700236140015433,118.24764997450414,0.00002705279178122012,0.0,-0.0003449380274131997,0.0,0.6526221297836469,0.35094056735840296,1.00356269714205,0.000017592407149274863
2024-01-24,17:16:00.000000000,49.49,404.35,,,,0,0.0,-1.0,0.1700236140015433,118.23904832152405,-0.00012855775978111032,0.0,-0.00031789456716879716,0.0,0.6525382301446583,0.35094056735840296,1.0034787975030612,-0.00008360179112637748
2024-01-24,17:17:00.000000000,49.5099,404.459,0.15798004707372396,-14.386551859391318,1.952416840550437,0,0.0,-1.0,0.1700236140015433,118.27748089545021,-0.000011564927942549977,0.0,-0.0004464114591364865,0.0,0.6525306835870469,0.35094056735840296,1.00347125094545,-7.5203956775547756e-6
2024-01-24,17:18:00.000000000,49.525,404.48,,,,0,0.0,-1.0,0.1700236140015433,118.29615139134424,-0.00009747843814960483,0.0,-0.00045797122436264104,0.0,0.6524670759151662,0.35094056735840296,1.0034076432735692,-0.00006338763748419195
2024-01-24,17:19:00.000000000,49.505,404.45,,,,0,0.0,-1.0,0.1700236140015433,118.2710506829242,0.0001259490812228321,0.0,-0.0005554050201925786,0.0,0.6525492535439059,0.35094056735840296,1.0034898209023089,0.00008189854770443242
2024-01-24,17:20:00.000000000,49.48,404.52,0.15751574754360517,-14.238270196339165,1.9344219596293815,0,0.0,-1.0,0.1700236140015433,118.25795233590429,0.00031200917525498785,0.0,-0.00042952589172162714,0.0,0.6527528548983175,0.35094056735840296,1.0036934222567204,0.00020289329315615871
2024-01-24,17:21:00.000000000,49.465,404.57,,,,0,0.0,-1.0,0.1700236140015433,118.25145351660439,0.00019872812133022135,0.0,-0.00011765073248581892,0.0,0.6528825752468643,0.35094056735840296,1.0038231426052673,0.00012924299957569967
2024-01-24,17:22:00.000000000,49.485,404.66,,,,0,0.0,-1.0,0.1700236140015433,118.28675564186452,-0.00003972783927938363,0.0,0.0,0.0,0.6528566376328466,0.35094056735840296,1.0037972049912496,-0.000025838828491624923
2024-01-24,17:23:00.000000000,49.49,404.72,0.15705723117444853,-14.07420260092281,1.9227328803758124,0,0.0,-1.0,0.1700236140015433,118.3019570587046,0.000043972943647517214,0.0,-0.000039727839279413146,0.0,0.6528853456609831,0.35094056735840296,1.003825913019386,0.000028599430237237813
2024-01-24,17:24:00.000000000,49.485,404.79,,,,0,0.0,-1.0,0.1700236140015433,118.30885871168472,0.0001428687521350967,0.0,0.0,0.0,0.652978622575605,0.35094056735840296,1.0039191899340079,0.00009292140540707164
2024-01-24,17:25:00.000000000,49.495,404.75,,,,0,0.0,-1.0,0.1700236140015433,118.31205776712466,-0.00014200918462928326,0.0,0.0,0.0,0.6528858936138328,0.35094056735840296,1.0038264609722356,-0.00009236695811976142
2024-01-24,17:26:00.000000000,49.51,404.87,0.15659141195688123,-13.889164958982505,1.918295694045644,0,0.0,-1.0,0.1700236140015433,118.34746060080485,0.00004566595985362649,0.0,-0.0001420091846291438,0.0,0.6529157082748395,0.35094056735840296,1.0038562756332423,0.000029701011246340653
2024-01-24,17:27:00.000000000,49.52,404.84,,,,0,0.0,-1.0,0.1700236140015433,118.35235989238478,-0.00012759638731075218,0.0,-0.00009634970976135637,0.0,0.6528323985892451,0.35094056735840296,1.0037729659476482,-0.00008298965461122443
2024-01-24,17:28:00.000000000,49.515,404.78,,,,0,0.0,-1.0,0.1700236140015433,118.3371584755447,-0.000043948568873631944,0.0,-0.00022393380319729594,0.0,0.6528037075396128,0.35094056735840296,1.0037442748980157,-0.000028583206168995203
2024-01-24,17:29:00.000000000,49.505,404.77,0.1561463888090811,-13.698373798251751,1.915226298176325,0,0.0,-1.0,0.1700236140015433,118.3254582394047,0.00007013658234579778,0.0,-0.00026787253050075677,0.0,0.6528494929606024,0.35094056735840296,1.0037900603190053,0.00004561462728572416
2024-01-24,17:30:00.000000000,49.52,405.0,,,,0,0.0,-1.0,0.1700236140015433,118.37956367062503,0.00020372142714695376,0.0,-0.00019775473581862268,0.0,0.6529824923910204,0.35094056735840296,1.0039230597494233,0.00013249725781876563
2024-01-24,17:31:00.000000000,49.515,405.03,,,,0,0.0,-1.0,0.1700236140015433,118.37966437904508,0.00008532476473854348,0.0,0.0,0.0,0.653038207968562,0.35094056735840296,1.003978775326965,0.000055497856135995445
2024-01-24,17:32:00.000000000,49.53,405.03,0.15568697172281554,-13.527894156891975,1.904466638767152,0,0.0,-1.0,0.1700236140015433,118.39466437904508,-0.00012671095224574556,0.0,0.0,0.0,0.6529554608753775,0.35094056735840296,1.0038960282337803,-0.00008241916584104791
2024-01-24,17:33:00.000000000,49.54,405.0934,,,,0,0.0,-1.0,0.1700236140015433,118.41544387617279,6.583887304301231e-6,0.0,-0.00012671095224581208,0.0,0.6529597598605466,0.35094056735840296,1.0039003272189495,4.282301202790523e-6
2024-01-24,17:34:00.000000000,49.56,405.0,,,,0,0.0,-1.0,0.1700236140015433,118.41956367062504,-0.0003030027534691191,0.0,-0.00012012789919213507,0.0,0.6527619112554043,0.35094056735840296,1.0037024786138073,-0.0001970799289310407
2024-01-24,17:35:00.000000000,49.59,404.98,0.15531036128902995,-13.30759011483135,1.9105591374763002,0,0.0,-1.0,0.1700236140015433,118.44616319834502,-0.00028205197895275557,0.0,-0.0004230942535771165,0.0,0.6525777984665497,0.35094056735840296,1.0035183658249527,-0.00018343362976341022
2024-01-24,17:36:00.000000000,49.5554,404.91,,,,0,0.0,-1.0,0.1700236140015433,118.39966154536489,0.00019163429533703474,0.0,-0.0007050268979582608,0.0,0.6527028547531114,0.35094056735840296,1.0036434221115145,0.0001246178354284356
2024-01-24,17:37:00.000000000,49.545,404.9,,,,0,0.0,-1.0,0.1700236140015433,118.38756130922488,0.0000734779453456402,0.0,-0.0005135277099541646,0.0,0.6527508140178,0.35094056735840296,1.003691381376203,0.000047785163168389625
2024-01-24,17:38:00.000000000,49.54,404.8582,0.15492641946263408,-13.183231316087003,1.883643593664909,0,0.0,-1.0,0.1700236140015433,118.37545432215961,-0.000017797368591371935,0.0,-0.000440087497569297,0.0,0.6527391967709646,0.35094056735840296,1.0036797641293675,-0.000011574520864646542
2024-01-24,17:39:00.000000000,49.56,404.7,,,,0,0.0,-1.0,0.1700236140015433,118.36855658642457,-0.00039617787322208334,0.0,-0.0004578770337613225,0.0,0.6524805959442191,0.35094056735840296,1.003421163302622,-0.00025765272548847234
2024-01-24,17:40:00.000000000,49.555,404.74,,,,0,0.0,-1.0,0.1700236140015433,118.37035753098465,0.00009969661623317786,0.0,-0.0008538735062340042,0.0,0.6525456460517927,0.35094056735840296,1.0034862134101956,0.00006482831930664506
2024-01-24,17:41:00.000000000,49.5399,404.83,0.15460864766833174,-13.050318835570735,1.8611103585396795,0,0.0,-1.0,0.1700236140015433,118.37055965624478,0.0002568390084669092,0.0,-0.0007542620182999782,0.0,0.652713245228504,0.35094056735840296,1.003653812586907,0.0001670169200848566
2024-01-24,17:42:00.000000000,49.525,404.655,,,,0,0.0,-1.0,0.1700236140015433,118.32590552379449,-0.00012548840263501112,0.0,-0.0004976167337419346,0.0,0.6526313372859815,0.35094056735840296,1.0035719046443845,-0.00008160975576965111
2024-01-24,17:43:00.000000000,49.485,404.5801,,,,0,0.0,-1.0,0.1700236140015433,118.2731707551058,0.0002304248692676538,0.0,-0.0006230426912480214,0.0,0.6527817197765556,0.35094056735840296,1.0037222871349587,0.0001498472504842439
2024-01-24,17:44:00.000000000,49.485,404.7099,0.15427232945929906,-12.95053902823998,1.8293132563452252,0,0.0,-1.0,0.1700236140015433,118.2952398202032,0.0001865940090766113,0.0,-0.0003927613865110091,0.0,0.6529035249347007,0.35094056735840296,1.0038440922931038,0.00012135344577509144
2024-01-24,17:45:00.000000000,49.495,404.765,,,,0,0.0,-1.0,0.1700236140015433,118.31460812133469,-5.340019340339632e-6,0.0,-0.00020624066435603883,0.0,0.6529000384172502,0.35094056735840296,1.003840605775653,-3.4731662790200584e-6
2024-01-24,17:46:00.000000000,49.515,404.81,,,,0,0.0,-1.0,0.1700236140015433,118.34225918396474,-0.00010437373343855095,0.0,-0.0002115795823672828,0.0,0.6528318928026784,0.35094056735840296,1.0037724601610813,-0.00006788489545014534
2024-01-24,17:47:00.000000000,49.505,404.86,0.1539250408514812,-12.81309203913068,1.8115482846177904,0,0.0,-1.0,0.1700236140015433,118.34076036466482,0.00015633621351876777,0.0,-0.0003159312324548802,0.0,0.6529339540688635,0.35094056735840296,1.0038745214272664,0.00010167769114594182
2024-01-24,17:48:00.000000000,49.5293,404.835,,,,0,0.0,-1.0,0.1700236140015433,118.36080977431479,-0.00024125745231024697,0.0,-0.00015964441042870536,0.0,0.6527764288865779,0.35094056735840296,1.003716996244981,-0.0001569172032192211
2024-01-24,17:49:00.000000000,49.53,404.9835,,,,0,0.0,-1.0,0.1700236140015433,118.38675828099402,0.00020740401088873312,0.0,-0.0004008633473352452,0.0,0.6529118173361427,0.35094056735840296,1.0038523846945457,0.00013488707481415217
2024-01-24,17:50:00.000000000,49.55,405.06,0.15355817148771134,-12.650272942812357,1.802725415898624,0,0.0,-1.0,0.1700236140015433,118.41976508746514,-0.00005907074093770022,0.0,-0.00019354247711256267,0.0,0.6528732493513256,0.35094056735840296,1.0038138167097286,-0.000038419976288542826
2024-01-24,17:51:00.000000000,49.555,405.18,,,,0,0.0,-1.0,0.1700236140015433,118.44516792114533,0.00013006978749536177,0.0,-0.00025260178535280176,0.0,0.6529581684361301,0.35094056735840296,1.003898735794533,0.00008459644945195429
2024-01-24,17:52:00.000000000,49.57,405.3,,,,0,0.0,-1.0,0.1700236140015433,118.4805707548255,0.0000456146398794096,0.0,-0.0001225648537180879,0.0,0.6529879528878397,0.35094056735840296,1.0039285202462427,0.00002966878097129389
2024-01-24,17:53:00.000000000,49.5501,405.465,0.153124099346509,-12.536362941532268,1.7793187809649231,0,0.0,-1.0,0.1700236140015433,118.48872465113575,0.00040474059168305515,0.0,-0.00007695580459010642,0.0,0.6532522436182535,0.35094056735840296,1.0041928109766565,0.00026325652183779017
2024-01-24,17:54:00.000000000,49.55,405.57,,,,0,0.0,-1.0,0.1700236140015433,118.50647713060592,0.0001515121335217754,0.0,0.0,0.0,0.6533512192594121,0.35094056735840296,1.0042917866178152,0.00009856238769765864
2024-01-24,17:55:00.000000000,49.545,405.52,,,,0,0.0,-1.0,0.1700236140015433,118.49297594990584,-0.000029544213825760395,0.0,0.0,0.0,0.653331916511287,0.35094056735840296,1.00427248386969,-0.00001922025887539489
2024-01-24,17:56:00.000000000,49.565,405.4222,0.15271894886235293,-12.350652229462618,1.7794413906284703,0,0.0,-1.0,0.1700236140015433,118.49634764045649,-0.000309117980671075,0.0,-0.00002954421382572736,0.0,0.653129959868547,0.35094056735840296,1.0040705272269501,-0.00020109745709812158
2024-01-24,17:57:00.000000000,49.55,405.38,,,,0,0.0,-1.0,0.1700236140015433,118.47417264394562,0.00006603582004800627,0.0,-0.0003386530618491035,0.0,0.6531730898410448,0.35094056735840296,1.0041136571994478,0.00004295512250198727
2024-01-24,17:58:00.000000000,49.55,405.37,,,,0,0.0,-1.0,0.1700236140015433,118.47247240780561,-0.000014351112162817322,0.0,-0.0002726396050338753,0.0,0.6531637160807707,0.35094056735840296,1.0041042834391738,-9.335357812116383e-6
2024-01-24,17:59:00.000000000,49.53,405.332,0.15230292725613115,-12.203250110582147,1.767941775363018,0,0.0,-1.0,0.1700236140015433,118.44601151047355,0.00011428057837208025,0.0,-0.0002869868045152213,0.0,0.653238360008016,0.35094056735840296,1.004178927366419,0.00007433881965879707
2024-01-24,18:00:00.000000000,49.535,404.93,,,,0,0.0,-1.0,0.1700236140015433,118.38266201764493,-0.0006192651984919401,0.0,-0.0001727390231611725,0.0,0.6528338322253431,0.35094056735840296,1.003774399583746,-0.0004028443254967449
2024-01-24,18:01:00.000000000,49.465,404.52,,,,0,0.0,-1.0,0.1700236140015433,118.2429523359043,2.4523714403094484e-6,0.0,-0.0007918972503877519,0.0,0.6528354332163885,0.35094056735840296,1.0037760005747915,1.5949709876819283e-6
2024-01-24,18:02:00.000000000,49.48,404.63,0.1519687748589348,-12.011125371170799,1.7705309327171173,0,0.0,-1.0,0.1700236140015433,118.27665493344446,0.000031313473378588935,0.0,-0.0007894468209737049,0.0,0.6528558757613471,0.35094056735840296,1.0037964431197501,0.000020365644274102647
2024-01-24,18:03:00.000000000,49.465,404.6585,,,,0,0.0,-1.0,0.1700236140015433,118.26650060644351,0.00016779027957968535,0.0,-0.0007581580679171251,0.0,0.6529654186312662,0.35094056735840296,1.003905985989669,0.00010912856951204053
2024-01-24,18:04:00.000000000,49.43,404.636,,,,0,0.0,-1.0,0.1700236140015433,118.22767507512847,0.00026359508842417763,0.0,-0.0005904949998917219,0.0,0.6531375371085283,0.35094056735840296,1.0040781044669314,0.00017144880064900355
2024-01-24,18:05:00.000000000,49.41,404.4099,0.15164081390469392,-11.91504638711588,1.7445706015320193,0,0.0,-1.0,0.1700236140015433,118.16923273600273,-0.00015599003460085742,0.0,-0.0003270555630492389,0.0,0.6530356541615157,0.35094056735840296,1.0039762215199186,-0.00010146914523829161
2024-01-24,18:06:00.000000000,49.43,404.64,,,,0,0.0,-1.0,0.1700236140015433,118.22835516958449,0.0001618224400633129,0.0,-0.00048299458024148034,0.0,0.6531413299845203,0.35094056735840296,1.0040818973429233,0.00010525729667651807
2024-01-24,18:07:00.000000000,49.415,404.705,,,,0,0.0,-1.0,0.1700236140015433,118.22440670449458,0.00022034929668714222,0.0,-0.000321250299539777,0.0,0.6532852492172198,0.35094056735840296,1.0042258165756226,0.0001433341573831243
2024-01-24,18:08:00.000000000,49.41,404.645,0.15127156723896726,-11.801283325411909,1.7255377034099926,0,0.0,-1.0,0.1700236140015433,118.20920528765448,-0.00004399613400546338,0.0,-0.00010097179013013324,0.0,0.6532565071918515,0.35094056735840296,1.0041970745502544,-0.000028621077942596038
2024-01-24,18:09:00.000000000,49.415,404.693,,,,0,0.0,-1.0,0.1700236140015433,118.22236642112657,0.000026741855377311368,0.0,-0.00014496348176706864,0.0,0.653273976482891,0.35094056735840296,1.004214543841294,0.00001739627756567793
2024-01-24,18:10:00.000000000,49.425,404.8,,,,0,0.0,-1.0,0.1700236140015433,118.25055894782473,0.0000692976037122375,0.0,-0.0001182255029823498,0.0,0.6533192468040288,0.35094056735840296,1.0042598141624317,0.00004508032811853371
2024-01-24,18:11:00.000000000,49.42,404.83,0.15088781081192587,-11.663912450991944,1.7151874226177177,0,0.0,-1.0,0.1700236140015433,118.25065965624478,0.00008541784926781703,0.0,-0.000048936092014284505,0.0,0.6533750519289759,0.35094056735840296,1.0043156192873788,0.00005556841383085204
2024-01-24,18:12:00.000000000,49.43,404.99,,,,0,0.0,-1.0,0.1700236140015433,118.28786343448502,0.0001454856851561139,0.0,0.0,0.0,0.6534701086460698,0.35094056735840296,1.0044106760044729,0.00009464825127536794
2024-01-24,18:13:00.000000000,49.405,404.94,,,,0,0.0,-1.0,0.1700236140015433,118.25436225378495,0.00013948023762435245,0.0,0.0,0.0,0.6535612548121043,0.35094056735840296,1.004501822170507,0.00009074591520353615
2024-01-24,18:14:00.000000000,49.39,404.805,0.15047942191901567,-11.524822389927138,1.7061584999277155,0,0.0,-1.0,0.1700236140015433,118.21640906589474,-0.00006725492183654533,0.0,0.0,0.0,0.6535172996009965,0.35094056735840296,1.0044578669593993,-0.00004375821938561028
2024-01-24,18:15:00.000000000,49.365,404.47,,,,0,0.0,-1.0,0.1700236140015433,118.13445115520423,-0.00027033396584311446,0.0,-0.00006725492183656812,0.0,0.6533406316776482,0.35094056735840296,1.0042811990360512,-0.0001758838565154873
2024-01-24,18:16:00.000000000,49.36,404.56,,,,0,0.0,-1.0,0.1700236140015433,118.14475328046436,0.00017185609330393065,0.0,-0.0003375707063899558,0.0,0.653452912246205,0.35094056735840296,1.004393479604608,0.0001118019222748501
2024-01-24,18:17:00.000000000,49.35,404.515,0.150095466593386,-11.36586766902353,1.7034676565666445,0,0.0,-1.0,0.1700236140015433,118.12710221783428,0.000019881859369136123,0.0,-0.0001657726266688364,0.0,0.6534659041051106,0.35094056735840296,1.0044064714635135,0.000012935029118956382
2024-01-24,18:18:00.000000000,49.33,404.65,,,,0,0.0,-1.0,0.1700236140015433,118.13005540572449,0.0003636183998740947,0.0,-0.0001458940631678951,0.0,0.6537035163315336,0.35094056735840296,1.0046440836899366,0.0002365697884014358
2024-01-24,18:19:00.000000000,49.325,404.8,,,,0,0.0,-1.0,0.1700236140015433,118.15055894782473,0.00025821999317166363,0.0,0.0,0.0,0.653872315649057,0.35094056735840296,1.0048128830074599,0.00016801902311836412
2024-01-24,18:20:00.000000000,49.3201,404.83,0.14965999244749706,-11.266754742520234,1.683990407581367,0,0.0,-1.0,0.1700236140015433,118.15075965624477,0.00008464376731783053,0.0,0.0,0.0,0.6539276618651985,0.35094056735840296,1.0048682292236015,0.00005508111716881808
2024-01-24,18:21:00.000000000,49.315,404.8663,,,,0,0.0,-1.0,0.1700236140015433,118.15183151343304,0.00009540232513999444,0.0,0.0,0.0,0.6539900480846138,0.35094056735840296,1.0049306154430169,0.00006208398036780058
2024-01-24,18:22:00.000000000,49.32,404.92,,,,0,0.0,-1.0,0.1700236140015433,118.16596178150493,0.000034957291977427354,0.0,0.0,0.0,0.654012909805675,0.35094056735840296,1.004953477164078,0.000022749551769862177
2024-01-24,18:23:00.000000000,49.32,404.8704,0.14921537497434756,-11.092888552014088,1.6881576075817972,0,0.0,-1.0,0.1700236140015433,118.15752861025044,-0.00007136717822408394,0.0,0.0,0.0,0.65396623474978,0.35094056735840296,1.004906802108183,-0.00004644499168923295
2024-01-24,18:24:00.000000000,49.3155,404.82,,,,0,0.0,-1.0,0.1700236140015433,118.14445942010477,-0.00003443868700995478,0.0,-0.000071367178224091,0.0,0.6539437130113064,0.35094056735840296,1.0048842803697093,-0.000022411768361479964
2024-01-24,18:25:00.000000000,49.31,404.7628,,,,0,0.0,-1.0,0.1700236140015433,118.12923406938388,-0.00003576427317562291,0.0,-0.000105803407442151,0.0,0.6539203251897128,0.35094056735840296,1.0048608925481157,-0.00002327414414822733
2024-01-24,18:26:00.000000000,49.31,405.1301,0.14875055574554655,-10.953327524248849,1.6835124215759125,0,0.0,-1.0,0.1700236140015433,118.19168374280665,0.0005286555348871712,0.0,-0.00014156389663577684,0.0,0.6542660237889995,0.35094056735840296,1.0052065911474024,0.0003440263242905815
2024-01-24,18:27:00.000000000,49.335,405.3975,,,,0,0.0,-1.0,0.1700236140015433,118.26214805719064,0.00017314512947069175,0.0,0.0,0.0,0.6543793067643966,0.35094056735840296,1.0053198741227996,0.00011269621229585886
2024-01-24,18:28:00.000000000,49.365,405.47,,,,0,0.0,-1.0,0.1700236140015433,118.30447476920577,-0.00014944162840954355,0.0,0.0,0.0,0.6542815152551962,0.35094056735840296,1.0052220826135991,-0.00009727402363923882
2024-01-24,18:29:00.000000000,49.34,405.46,0.14829788527849344,-10.788860565017941,1.6856296773219692,0,0.0,-1.0,0.1700236140015433,118.27777453306575,0.0001969474434963551,0.0,-0.00014944162840957453,0.0,0.6544103743269526,0.35094056735840296,1.0053509416853554,0.00012818965478878847
2024-01-24,18:30:00.000000000,49.305,405.21,,,,0,0.0,-1.0,0.1700236140015433,118.20026862956536,-0.0000634599655768974,0.0,0.0,0.0,0.6543688454671246,0.35094056735840296,1.0053094128255275,-0.00004130782407014021
2024-01-24,18:31:00.000000000,49.29,405.11,,,,0,0.0,-1.0,0.1700236140015433,118.16826626816521,-0.00001694041327790762,0.0,-0.00006345996557699518,0.0,0.6543577601884462,0.35094056735840296,1.005298327546849,-0.000011026733199871406
2024-01-24,18:32:00.000000000,49.265,404.92,0.14787629011505057,-10.613067393386281,1.6918647745199213,0,0.0,-1.0,0.1700236140015433,118.11096178150493,-0.00006181428306411092,0.0,-0.00008039930381686933,0.0,0.6543173115326327,0.35094056735840296,1.0052578788910358,-0.00004023547508719275
2024-01-24,18:33:00.000000000,49.2774,404.89,,,,0,0.0,-1.0,0.1700236140015433,118.11826107308487,-0.00014817175439171755,0.0,-0.00014220861705560583,0.0,0.654220360188654,0.35094056735840296,1.005160927547057,-0.0000964442517831891
2024-01-24,18:34:00.000000000,49.3,405.04,,,,0,0.0,-1.0,0.1700236140015433,118.1663646151851,0.00002458165294564708,0.0,-0.00029035930014709166,0.0,0.6542364420064981,0.35094056735840296,1.005177009364901,0.000015999246890064267
2024-01-24,18:35:00.000000000,49.295,404.79,0.14746941760028945,-10.399145550421167,1.7103496425857425,0,0.0,-1.0,0.1700236140015433,118.11885871168472,-0.00031739914841696747,0.0,-0.00026578478471306344,0.0,0.6540287879169419,0.35094056735840296,1.0049693552753447,-0.0002065845991519101
2024-01-24,18:36:00.000000000,49.295,404.85,,,,0,0.0,-1.0,0.1700236140015433,118.12906012852481,0.00008636569089268339,0.0,-0.000583099573265744,0.0,0.6540852735650741,0.35094056735840296,1.005025840923477,0.0000562063388656597
2024-01-24,18:37:00.000000000,49.3,404.77,,,,0,0.0,-1.0,0.1700236140015433,118.12045823940468,-0.00015747089750719378,0.0,-0.0004967842421704782,0.0,0.6539822741699995,0.35094056735840296,1.0049228415284026,-0.0001024843251589006
2024-01-24,18:38:00.000000000,49.285,404.84,0.14705872606747217,-10.25025466115543,1.7105802880224923,0,0.0,-1.0,0.1700236140015433,118.11735989238478,0.00022774761782228168,0.0,-0.0006541769106171991,0.0,0.6541312170750397,0.35094056735840296,1.0050717844334427,0.0001482132745769358
2024-01-24,18:39:00.000000000,49.23,404.08,,,,0,0.0,-1.0,0.1700236140015433,117.93314194574361,-0.0006283407173067684,0.0,-0.00042657828002801157,0.0,0.65372019979689,0.35094056735840296,1.004660767155293,-0.0004089432063615523
2024-01-24,18:40:00.000000000,49.22,404.0901,,,,0,0.0,-1.0,0.1700236140015433,117.92485918424504,0.00009935492524062596,0.0,-0.0010546509608323484,0.0,0.653785150118469,0.35094056735840296,1.004725717476872,0.00006464900760776866
2024-01-24,18:41:00.000000000,49.26,404.351,0.14667993657221462,-10.050179032911558,1.7250190723116028,0,0.0,-1.0,0.1700236140015433,118.00921834513804,0.000036965580651532447,0.0,-0.0009554008203591646,0.0,0.6538093176661646,0.35094056735840296,1.0047498850245675,0.00002405387587391556
2024-01-24,18:42:00.000000000,49.255,404.36,,,,0,0.0,-1.0,0.1700236140015433,118.00574855766405,0.000055336461147614134,0.0,-0.0009184705566537277,0.0,0.6538454971600695,0.35094056735840296,1.0047860645184725,0.000036008457870202085
2024-01-24,18:43:00.000000000,49.235,404.21,,,,0,0.0,-1.0,0.1700236140015433,117.96024501556381,-0.00004663791524992121,0.0,-0.0008631849204164821,0.0,0.6538150031691864,0.35094056735840296,1.0047555705275895,-0.000030348739856057165
2024-01-24,18:44:00.000000000,49.21,404.12,0.14628410596346045,-9.906332901953633,1.7227443611528783,0,0.0,-1.0,0.1700236140015433,117.91994289030367,0.0000822130772836575,0.0,-0.0009097825785212565,0.0,0.6538687553125712,0.35094056735840296,1.0048093226709742,0.000053497731151210925
2024-01-24,18:45:00.000000000,49.17,404.11,,,,0,0.0,-1.0,0.1700236140015433,117.87824265416367,0.0003247946269412433,0.0,-0.0008276442972630083,0.0,0.6540811283710215,0.35094056735840296,1.0050216957294245,0.00021135657647533028
2024-01-24,18:46:00.000000000,49.185,404.2,,,,0,0.0,-1.0,0.1700236140015433,117.9085447794238,2.5630282003836594e-6,0.0,-0.000503118484742382,0.0,0.6540828047993988,0.35094056735840296,1.005023372157802,1.6680519282063021e-6
2024-01-24,18:47:00.000000000,49.17,404.1504,0.1458735537207273,-9.784855085653426,1.7148003681925943,0,0.0,-1.0,0.1700236140015433,117.88511160816932,0.00005569425657660725,0.0,-0.0005005567460488747,0.0,0.6541192334549517,0.35094056735840296,1.0050598008133547,0.00003624657551450078
2024-01-24,18:48:00.000000000,49.175,404.16,,,,0,0.0,-1.0,0.1700236140015433,117.89174383486375,-0.000028568266676148403,0.0,-0.0004448903676080862,0.0,0.6541005464022523,0.35094056735840296,1.0050411137606554,-0.0000185929759444447
2024-01-24,18:49:00.000000000,49.185,404.2,,,,0,0.0,-1.0,0.1700236140015433,117.9085447794238,-0.000027135534142500907,0.0,-0.0004734459245376854,0.0,0.6540827970345429,0.35094056735840296,1.0050233643929458,-0.000017660339926972628
2024-01-24,18:50:00.000000000,49.21,404.24,0.1454844068817776,-9.600616637889779,1.72584670274467,0,0.0,-1.0,0.1700236140015433,117.94034572398388,-0.0001543489106236945,0.0,-0.0005005686114720742,0.0,0.6539818400673628,0.35094056735840296,1.0049224074257657,-0.00010045235837988175
2024-01-24,18:51:00.000000000,49.22,404.07,,,,0,0.0,-1.0,0.1700236140015433,117.9214417096036,-0.00032986179700811514,0.0,-0.000654840259875944,0.0,0.6537661164423876,0.35094056735840296,1.0047066838007905,-0.000214666946802123
2024-01-24,18:52:00.000000000,49.25,404.24,,,,0,0.0,-1.0,0.1700236140015433,117.98034572398387,-9.294201324526375e-6,0.0,-0.0009844860500990427,0.0,0.6537600402084822,0.35094056735840296,1.0047006075668852,-6.047768969123155e-6
2024-01-24,18:53:00.000000000,49.245,404.25,0.14512179492922167,-9.420485600137866,1.7366899156169413,0,0.0,-1.0,0.1700236140015433,117.97704596012389,0.00005679112142702201,0.0,-0.0009937711014120776,0.0,0.6537971679743099,0.35094056735840296,1.004737735332713,0.00003695405929700162
2024-01-24,18:54:00.000000000,49.255,404.25,,,,0,0.0,-1.0,0.1700236140015433,117.98704596012388,-0.00008476225115337356,0.0,-0.0009370364173603152,0.0,0.6537417506545546,0.35094056735840296,1.0046823180129576,-0.00005515600520068479
2024-01-24,18:55:00.000000000,49.235,404.275,,,,0,0.0,-1.0,0.1700236140015433,117.97129655047392,0.00020553604128913385,0.0,-0.0010217192431974942,0.0,0.6538761181460097,0.35094056735840296,1.0048166855044127,0.00013374127228681852
2024-01-24,18:56:00.000000000,49.27,404.44,0.1447636458844023,-9.278208941487662,1.7368292176340963,0,0.0,-1.0,0.1700236140015433,118.03435044678417,-0.00005887960794579777,0.0,-0.0008163932020368581,0.0,0.6538376181765281,0.35094056735840296,1.004778185534931,-0.00003831541617212597
2024-01-24,18:57:00.000000000,49.275,404.385,,,,0,0.0,-1.0,0.1700236140015433,118.0299991480141,-0.00012158578173012883,0.0,-0.0008752247410710456,0.0,0.6537581208185975,0.35094056735840296,1.0046986881770006,-0.0000791193111821119
2024-01-24,18:58:00.000000000,49.275,404.26,,,,0,0.0,-1.0,0.1700236140015433,118.0087461962639,-0.00018006398291630195,0.0,-0.000996704107916857,0.0,0.6536404025274991,0.35094056735840296,1.004580969885902,-0.00011716775634704948
2024-01-24,18:59:00.000000000,49.275,404.288,0.14442380824696113,-9.113812588547425,1.7428810017563505,0,0.0,-1.0,0.1700236140015433,118.01350685745595,0.000040341596241805934,0.0,-0.0011765886203215503,0.0,0.6536667714247052,0.35094056735840296,1.0046073387831083,0.000026248652917635878
2024-01-24,19:00:00.000000000,49.275,404.3997,,,,0,0.0,-1.0,0.1700236140015433,118.03249849513992,0.00016092766149985603,0.0,-0.0011362944895428884,0.0,0.6537719644896307,0.35094056735840296,1.0047125318480337,0.00010471062758990324
2024-01-24,19:01:00.000000000,49.26,404.21,,,,0,0.0,-1.0,0.1700236140015433,117.9852450155638,-0.0001461756702270312,0.0,-0.0009755496892580595,0.0,0.6536763989345458,0.35094056735840296,1.0046169662929487,-0.00009511731172414276
2024-01-24,19:02:00.000000000,49.255,404.095,0.14407974134816162,-8.966903080085373,1.742681478434393,0,0.0,-1.0,0.1700236140015433,117.96069229995365,-0.0001233435215415735,0.0,-0.001121582757855455,0.0,0.6535957721855526,0.35094056735840296,1.0045363395439555,-0.00008025620878248029
2024-01-24,19:03:00.000000000,49.255,404.0,,,,0,0.0,-1.0,0.1700236140015433,117.94454005662351,-0.00013692903131732925,0.0,-0.0012447879394298367,0.0,0.6535062759495942,0.35094056735840296,1.0044468433079972,-0.00008909208401456201
2024-01-24,19:04:00.000000000,49.27,404.04,,,,0,0.0,-1.0,0.1700236140015433,117.96634100118357,-0.00006951619325485441,0.0,-0.0013815465231403756,0.0,0.653460846681022,0.35094056735840296,1.004401414039425,-0.00004522814609330659
2024-01-24,19:05:00.000000000,49.265,404.2955,0.14372190449246716,-8.841119237734254,1.7356865037315374,0,0.0,-1.0,0.1700236140015433,118.00478203456096,0.00041063436371996723,0.0,-0.0014509666765402107,0.0,0.6537291801600148,0.35094056735840296,1.0046697475184176,0.0002671576077471
2024-01-24,19:06:00.000000000,49.265,404.18,,,,0,0.0,-1.0,0.1700236140015433,117.98514430714377,-0.00016641467471580415,0.0,-0.0010409281295982176,0.0,0.6536203900311462,0.35094056735840296,1.004560957389549,-0.0001082844677440214
2024-01-24,19:07:00.000000000,49.225,404.1709,,,,0,0.0,-1.0,0.1700236140015433,117.94359709225637,0.0003259120912077513,0.0,-0.0012071695785978998,0.0,0.6538334128193174,0.35094056735840296,1.0047739801777205,0.00021205561156281588
2024-01-24,19:08:00.000000000,49.1916,404.04,0.14337781370735642,-8.73877185032029,1.7221819119559236,0,0.0,-1.0,0.1700236140015433,117.88794100118358,0.00009448506915125518,0.0,-0.0008816509185518573,0.0,0.6538951903145411,0.35094056735840296,1.004835757672944,0.00006148397196023927
2024-01-24,19:09:00.000000000,49.2,403.9632,,,,0,0.0,-1.0,0.1700236140015433,117.88328318762824,-0.00018201873213750743,0.0,-0.0007872491522483704,0.0,0.6537761691410493,0.35094056735840296,1.0047167364994523,-0.00011844838580134226
2024-01-24,19:10:00.000000000,49.185,403.83,,,,0,0.0,-1.0,0.1700236140015433,117.84563604224323,-0.00006487048187176814,0.0,-0.0009691245902933021,0.0,0.6537337583659208,0.35094056735840296,1.0046743257243238,-0.000042211673786004725
2024-01-24,19:11:00.000000000,49.19,403.785,0.1430574932733737,-8.574469921389202,1.7272679846934909,0,0.0,-1.0,0.1700236140015433,117.84298497961316,-0.00010735283082965284,0.0,-0.001033932204585919,0.0,0.6536635781963513,0.35094056735840296,1.0046041455547543,-0.00006985365085238312
2024-01-24,19:12:00.000000000,49.195,403.7,,,,0,0.0,-1.0,0.1700236140015433,117.83353297242303,-0.00016506716283109672,0.0,-0.001141174039866466,0.0,0.6535556798040525,0.35094056735840296,1.0044962471624554,-0.00010740388916001581
2024-01-24,19:13:00.000000000,49.165,403.695,,,,0,0.0,-1.0,0.1700236140015433,117.80268285435304,0.0002473818886243363,0.0,-0.001306052832336535,0.0,0.6537173576424437,0.35094056735840296,1.0046579250008465,0.0001609541487564185
2024-01-24,19:14:00.000000000,49.145,403.57,0.1427421614981848,-8.461454115822441,1.7180173614390983,0,0.0,-1.0,0.1700236140015433,117.76142990260283,-0.00001063602050347383,0.0,-0.0010589940375284046,0.0,0.6537104046912243,0.35094056735840296,1.0046509720496273,-6.920715047575182e-6
2024-01-24,19:15:00.000000000,49.175,403.6506,,,,0,0.0,-1.0,0.1700236140015433,117.80513380589136,-0.00013838229312383777,0.0,-0.0010696187945494762,0.0,0.6536199427463842,0.35094056735840296,1.0045605101047872,-0.00009004315663531016
2024-01-24,19:16:00.000000000,49.17,403.75,,,,0,0.0,-1.0,0.1700236140015433,117.81703415312312,0.00018590316503383475,0.0,-0.0012078530713717228,0.0,0.65374145276247,0.35094056735840296,1.0046820201208728,0.00012095838415243824
2024-01-24,19:17:00.000000000,49.155,403.5901,0.14241025987720826,-8.320371024868471,1.71620410375792,0,0.0,-1.0,0.1700236140015433,117.77484737724427,-0.00010343814853637083,0.0,-0.00102217445004682,0.0,0.6536738309569747,0.35094056735840296,1.0046143983153777,-0.00006730667429182937
2024-01-24,19:18:00.000000000,49.16,403.45,,,,0,0.0,-1.0,0.1700236140015433,117.75602706892265,-0.0002447068195240275,0.0,-0.001125506866750614,0.0,0.6535138725127951,0.35094056735840296,1.004454439871198,-0.0001592237225027129
2024-01-24,19:19:00.000000000,49.155,403.4835,,,,0,0.0,-1.0,0.1700236140015433,117.7567228599917,0.0000908300945205928,0.0,-0.001369938267068993,0.0,0.653573231239606,0.35094056735840296,1.0045137985980088,0.000059095489506068264
2024-01-24,19:20:00.000000000,49.135,403.37,0.1420848177614565,-8.177752940438715,1.7157249284544116,0,0.0,-1.0,0.1700236140015433,117.71742517980252,5.964158935276007e-6,0.0,-0.0012792326041707325,0.0,0.6535771292542328,0.35094056735840296,1.004517696612636,3.8804988368700654e-6
2024-01-24,19:21:00.000000000,49.1,402.7795,,,,0,0.0,-1.0,0.1700236140015433,117.58202623573462,-0.0005555587371031239,0.0,-0.0012732760747822258,0.0,0.6532140287697049,0.35094056735840296,1.004154596128108,-0.00036146748409942887
2024-01-24,19:22:00.000000000,49.115,402.93,,,,0,0.0,-1.0,0.1700236140015433,117.62261478964186,0.00009005248715489773,0.0,-0.0018281274322371477,0.0,0.6532728523176402,0.35094056735840296,1.0042134196760433,0.00005858017098374092
2024-01-24,19:23:00.000000000,49.07,402.8,0.14177714279771142,-8.037833118918158,1.7142910855286646,0,0.0,-1.0,0.1700236140015433,117.55551171982165,0.00019466435277558375,0.0,-0.0017382395725041855,0.0,0.6534000212546224,0.35094056735840296,1.0043405886130254,0.00012663536902662956
2024-01-24,19:24:00.000000000,49.065,402.74,,,,0,0.0,-1.0,0.1700236140015433,117.54031030298155,-0.00004424647355101691,0.0,-0.0015439135930100933,0.0,0.6533711106078637,0.35094056735840296,1.0043116779662666,-0.00002878569987769917
2024-01-24,19:25:00.000000000,49.11,403.19,,,,0,0.0,-1.0,0.1700236140015433,117.66182092928224,0.0002680835725162067,0.0,-0.001588091753829235,0.0,0.6535462686693743,0.35094056735840296,1.0044868360277772,0.00017440607866402435
2024-01-24,19:26:00.000000000,49.105,402.95,0.14146419057203202,-7.897995591000303,1.7124175746320878,0,0.0,-1.0,0.1700236140015433,117.61601526192186,-0.00030430998838519926,0.0,-0.0013204339226239314,0.0,0.6533473880119464,0.35094056735840296,1.0042879553703492,-0.00019799229845010496
2024-01-24,19:27:00.000000000,49.075,402.82,,,,0,0.0,-1.0,0.1700236140015433,117.56391219210168,0.00006714162320682362,0.0,-0.001624342089777353,0.0,0.6533912548160954,0.35094056735840296,1.0043318221744983,0.00004367950836666463
2024-01-24,19:28:00.000000000,49.055,402.7,,,,0,0.0,-1.0,0.1700236140015433,117.52350935842148,-3.4265079536708256e-6,0.0,-0.001557309527535189,0.0,0.6533890159657639,0.35094056735840296,1.004329583324167,-2.2291938599548217e-6
2024-01-24,19:29:00.000000000,49.065,402.8,0.14114468501163993,-7.788079122688565,1.701807807194308,0,0.0,-1.0,0.1700236140015433,117.55051171982164,0.00005958264383346149,0.0,-0.0015607306993552506,0.0,0.6534279466107868,0.35094056735840296,1.0043685139691898,0.00003876281817165182
2024-01-24,19:30:00.000000000,49.085,403.07,,,,0,0.0,-1.0,0.1700236140015433,117.61641809560206,0.00022038505321153156,0.0,-0.001501241047983326,0.0,0.6535719523635705,0.35094056735840296,1.0045125197219735,0.00014337939788118886
2024-01-24,19:31:00.000000000,49.075,402.8,,,,0,0.0,-1.0,0.1700236140015433,117.56051171982165,-0.00030528370411038214,0.0,-0.001281186845860205,0.0,0.6533724274970503,0.35094056735840296,1.0043129948554532,-0.0001986285512653744
2024-01-24,19:32:00.000000000,49.015,402.8,0.14081618975118948,-7.705761231779121,1.6831701784070838,0,0.0,-1.0,0.1700236140015433,117.50051171982165,0.0005103754579003401,0.0,-0.0015860794245046161,0.0,0.6537058927489136,0.35094056735840296,1.0046464601073164,0.00033203319440387063
2024-01-24,19:33:00.000000000,49.005,402.75,,,,0,0.0,-1.0,0.1700236140015433,117.48201053912157,0.000012755853382939017,0.0,-0.0010765134626167239,0.0,0.653714231325437,0.35094056735840296,1.00465479868384,8.30001085416805e-6
2024-01-24,19:34:00.000000000,48.98,402.75,,,,0,0.0,-1.0,0.1700236140015433,117.45701053912157,0.00021279853728482686,0.0,-0.0010637713410817096,0.0,0.6538533407576654,0.35094056735840296,1.0047939081160684,0.0001384649059664507
2024-01-24,19:35:00.000000000,48.98,402.68,0.1404862474905446,-7.59100213949251,1.673746856225012,0,0.0,-1.0,0.1700236140015433,117.44510888614147,-0.00010132773621150567,0.0,-0.0008511991727822021,0.0,0.6537870872788322,0.35094056735840296,1.004727654637235,-0.00006593738108703254
2024-01-24,19:36:00.000000000,48.995,403.06,,,,0,0.0,-1.0,0.1700236140015433,117.52471785946204,0.00042240135660891404,0.0,-0.0009524406589083156,0.0,0.6540632478314322,0.35094056735840296,1.005003815189835,0.0002748611042260567
2024-01-24,19:37:00.000000000,48.965,403.0,,,,0,0.0,-1.0,0.1700236140015433,117.48451644262195,0.00016846314137563284,0.0,-0.0005304416145257562,0.0,0.6541734333808202,0.35094056735840296,1.0051140007392232,0.00010963694637051505
2024-01-24,19:38:00.000000000,48.965,402.86,0.14013051778057364,-7.487980393081898,1.6611813412913734,0,0.0,-1.0,0.1700236140015433,117.46071313666174,-0.00020260802598476684,0.0,-0.00036206783301084844,0.0,0.6540408925928313,0.35094056735840296,1.0049814599512343,-0.0001318664230041333
2024-01-24,19:39:00.000000000,48.985,403.1044,,,,0,0.0,-1.0,0.1700236140015433,117.52226690792371,0.00018349770477641027,0.0,-0.0005646025011466493,0.0,0.6541609075954519,0.35094056735840296,1.0051014749538547,0.00011942011609467983
2024-01-24,19:40:00.000000000,49.015,403.18,,,,0,0.0,-1.0,0.1700236140015433,117.56512069314223,-0.00014589758377372175,0.0,-0.0003812083996335147,0.0,0.6540654670996345,0.35094056735840296,1.0050060344580376,-0.00009495607975452783
2024-01-24,19:41:00.000000000,49.005,403.16,0.13976155843888036,-7.341269900219004,1.6616167843978198,0,0.0,-1.0,0.1700236140015433,117.5517202208622,0.00005613508225104273,0.0,-0.00052705036602263,0.0,0.6541021831184277,0.35094056735840296,1.0050427504768307,0.000036533132672054045
2024-01-24,19:42:00.000000000,48.995,403.11,,,,0,0.0,-1.0,0.1700236140015433,117.53321904016212,0.000012750296610918244,0.0,-0.0004709448697872709,0.0,0.6541105231152764,0.35094056735840296,1.0050510904736794,8.298151342046113e-6
2024-01-24,19:43:00.000000000,49.02,403.41,,,,0,0.0,-1.0,0.1700236140015433,117.6092261243626,0.00022127432918833955,0.0,-0.0004582005778630549,0.0,0.6542552609824938,0.35094056735840296,1.0051958283408968,0.00014401045736814794
2024-01-24,19:44:00.000000000,49.045,403.505,0.13936827767731913,-7.190796884186653,1.6625610264779305,0,0.0,-1.0,0.1700236140015433,117.65037836769274,-0.00007523012404233307,0.0,-0.00023702763670019333,0.0,0.6542060412780547,0.35094056735840296,1.0051466086364576,-0.00004896528920191839
2024-01-24,19:45:00.000000000,49.065,403.73,,,,0,0.0,-1.0,0.1700236140015433,117.70863368084308,0.0001551657836007539,0.0,-0.0003122399291239919,0.0,0.654307551671086,0.35094056735840296,1.0052481190294889,0.00010099063376337316
2024-01-24,19:46:00.000000000,49.045,403.54,,,,0,0.0,-1.0,0.1700236140015433,117.65632919418279,-0.0001045334252512073,0.0,-0.0001571225944765331,0.0,0.6542391546615421,0.35094056735840296,1.0051797220199452,-0.00006803992790324739
2024-01-24,19:47:00.000000000,49.045,403.5,0.13898110051658083,-7.033874058440361,1.6652126454772056,0,0.0,-1.0,0.1700236140015433,117.64952824962273,-0.000057803473953626076,0.0,-0.0002616395951646755,0.0,0.6542013373656062,0.35094056735840296,1.005141904724009,-0.000037622422247147274
2024-01-24,19:48:00.000000000,49.065,403.6877,,,,0,0.0,-1.0,0.1700236140015433,117.70144168197082,0.0001012620494560559,0.0,-0.00031942794544082,0.0,0.6542675831337846,0.35094056735840296,1.0052081504921877,0.00006590688127442693
2024-01-24,19:49:00.000000000,49.055,403.575,,,,0,0.0,-1.0,0.1700236140015433,117.67228002067284,-0.00007783814001822066,0.0,-0.00021819824191326997,0.0,0.6542166561620393,0.35094056735840296,1.0051572235204422,-0.00005066311064084867
2024-01-24,19:50:00.000000000,49.0325,403.668,0.13856213405234136,-6.900599528640534,1.660953382442907,0,0.0,-1.0,0.1700236140015433,117.66559221677498,0.00032558386814138864,0.0,-0.0002960193977862291,0.0,0.654429658551555,0.35094056735840296,1.005370225909958,0.00021190952473056893
2024-01-24,19:51:00.000000000,49.045,403.58,,,,0,0.0,-1.0,0.1700236140015433,117.66313013874284,-0.00023339089630850513,0.0,0.0,0.0,0.6542769206269748,0.35094056735840296,1.005217487985378,-0.00015192206875014113
2024-01-24,19:52:00.000000000,49.035,403.49,,,,0,0.0,-1.0,0.1700236140015433,117.6378280134827,-0.00004506190897588501,0.0,-0.00023339089630836085,0.0,0.6542474376599325,0.35094056735840296,1.0051880050183355,-0.00002932993844098798
2024-01-24,19:53:00.000000000,49.025,403.39,0.13816570080741625,-6.709662048703642,1.672902583426242,0,0.0,-1.0,0.1700236140015433,117.61082565208255,-0.00005952474232488168,0.0,-0.0002784422882449178,0.0,0.6542084937497892,0.35094056735840296,1.0051490611081921,-0.00003874291172291964
2024-01-24,19:54:00.000000000,49.035,403.41,,,,0,0.0,-1.0,0.1700236140015433,117.6242261243626,-0.00005611326749352036,0.0,-0.000337950456364311,0.0,0.6541717839735829,0.35094056735840296,1.0051123513319857,-0.00003652172361970622
2024-01-24,19:55:00.000000000,48.965,403.02,,,,0,0.0,-1.0,0.1700236140015433,117.48791691490199,0.00003137780932542032,0.0,-0.00039404476035342917,0.0,0.6541923104510865,0.35094056735840296,1.0051328778094895,0.000020422072693189005
2024-01-24,19:56:00.000000000,48.95,402.965,0.13779321904027483,-6.575844510564345,1.6679306637993305,0,0.0,-1.0,0.1700236140015433,117.4635656161319,0.00004807899721302586,0.0,-0.00036267931528932706,0.0,0.6542237633613575,0.35094056735840296,1.0051643307197604,0.000031292290766075806
2024-01-24,19:57:00.000000000,48.92,403.07,,,,0,0.0,-1.0,0.1700236140015433,117.45141809560207,0.0004073814652157446,0.0,-0.0003146177553340346,0.0,0.6544902819966545,0.35094056735840296,1.0054308493550574,0.0002651493165363186
2024-01-24,19:58:00.000000000,48.925,403.12,,,,0,0.0,-1.0,0.1700236140015433,117.46491927630214,0.000029809607724228117,0.0,0.0,0.0,0.0,1.0051036036327616,1.0051036036327616,-0.0003254780997676021
2024-01-24,19:59:00.000000000,48.875,403.09,0.13739118418481244,-6.506012433056043,1.645296172963404,1,0.0,0.0,0.0,0.0,0.0,0.0,0.0,0.0,0.0,1.0051036036327616,1.0051036036327616,0.0
2024-01-24,20:00:00.000000000,48.875,403.14,,,,0,0.0,0.0,0.0,0.0,0.0,0.0,0.0,0.0,0.0,1.0051036036327616,1.0051036036327616,0.0
2024-01-24,20:01:00.000000000,48.87,403.16,,,,0,0.0,0.0,0.0,0.0,0.0,0.0,0.0,0.0,0.0,1.0051036036327616,1.0051036036327616,0.0
2024-01-24,20:02:00.000000000,48.835,403.2799,0.13696285105315095,-6.399364876429608,1.6344223493698236,0,0.0,0.0,0.0,0.0,0.0,0.0,0.0,0.0,0.0,1.0051036036327616,1.0051036036327616,0.0
2024-01-24,20:03:00.000000000,48.865,403.54,,,,0,0.0,0.0,0.0,0.0,0.0,0.0,0.0,0.0,0.0,1.0051036036327616,1.0051036036327616,0.0
2024-01-24,20:04:00.000000000,48.85,403.52,,,,0,0.0,0.0,0.0,0.0,0.0,0.0,0.0,0.0,0.0,1.0051036036327616,1.0051036036327616,0.0
2024-01-24,20:05:00.000000000,48.885,403.72,0.1365085873365033,-6.226246879493125,1.6432552441989976,0,0.0,0.0,0.0,0.0,0.0,0.0,0.0,0.0,0.0,1.0051036036327616,1.0051036036327616,0.0
2024-01-24,20:06:00.000000000,48.895,403.6599,,,,0,0.0,0.0,0.0,0.0,0.0,0.0,0.0,0.0,0.0,1.0051036036327616,1.0051036036327616,0.0
2024-01-24,20:07:00.000000000,48.875,403.645,,,,0,0.0,0.0,0.0,0.0,0.0,0.0,0.0,0.0,0.0,1.0051036036327616,1.0051036036327616,0.0
2024-01-24,20:08:00.000000000,48.85,403.56,0.1360603323146827,-6.058507708913353,1.6502760198147266,0,0.0,0.0,0.0,0.0,0.0,0.0,0.0,0.0,0.0,1.0051036036327616,1.0051036036327616,0.0
2024-01-24,20:09:00.000000000,48.815,403.53,,,,0,0.0,0.0,0.0,0.0,0.0,0.0,0.0,0.0,0.0,1.0051036036327616,1.0051036036327616,0.0
2024-01-24,20:10:00.000000000,48.805,403.24,,,,0,0.0,0.0,0.0,0.0,0.0,0.0,0.0,0.0,0.0,1.0051036036327616,1.0051036036327616,0.0
2024-01-24,20:11:00.000000000,48.805,402.93,0.135670672036485,-5.8607838836609005,1.6652516758473668,0,0.0,0.0,0.0,0.0,0.0,0.0,0.0,0.0,0.0,1.0051036036327616,1.0051036036327616,0.0
2024-01-24,20:12:00.000000000,48.82,403.0,,,,0,0.0,0.0,0.0,0.0,0.0,0.0,0.0,0.0,0.0,1.0051036036327616,1.0051036036327616,0.0
2024-01-24,20:13:00.000000000,48.825,402.84,,,,0,0.0,0.0,0.0,0.0,0.0,0.0,0.0,0.0,0.0,1.0051036036327616,1.0051036036327616,0.0
2024-01-24,20:14:00.000000000,48.8,402.65,0.13532046310613582,-5.686784469685591,1.6730180903826104,0,0.0,0.0,0.0,0.0,0.0,0.0,0.0,0.0,0.0,1.0051036036327616,1.0051036036327616,0.0
2024-01-24,20:15:00.000000000,48.775,402.71,,,,0,0.0,0.0,0.0,0.0,0.0,0.0,0.0,0.0,0.0,1.0051036036327616,1.0051036036327616,0.0
2024-01-24,20:16:00.000000000,48.75,402.745,,,,0,0.0,0.0,0.0,0.0,0.0,0.0,0.0,0.0,0.0,1.0051036036327616,1.0051036036327616,0.0
2024-01-24,20:17:00.000000000,48.755,402.71,0.1349412495467952,-5.5871906049898925,1.659986717835309,0,0.0,0.0,0.0,0.0,0.0,0.0,0.0,0.0,0.0,1.0051036036327616,1.0051036036327616,0.0
2024-01-24,20:18:00.000000000,48.715,402.49,,,,0,0.0,0.0,0.0,0.0,0.0,0.0,0.0,0.0,0.0,1.0051036036327616,1.0051036036327616,0.0
2024-01-24,20:19:00.000000000,48.68,402.55,,,,0,0.0,0.0,0.0,0.0,0.0,0.0,0.0,0.0,0.0,1.0051036036327616,1.0051036036327616,0.0
2024-01-24,20:20:00.000000000,48.695,402.62,0.13454990207935516,-5.477481575189977,1.6507387325647773,0,0.0,0.0,0.0,0.0,0.0,0.0,0.0,0.0,0.0,1.0051036036327616,1.0051036036327616,0.0
2024-01-24,20:21:00.000000000,48.72,402.72,,,,0,0.0,0.0,0.0,0.0,0.0,0.0,0.0,0.0,0.0,1.0051036036327616,1.0051036036327616,0.0
2024-01-24,20:22:00.000000000,48.685,402.6128,,,,0,0.0,0.0,0.0,0.0,0.0,0.0,0.0,0.0,0.0,1.0051036036327616,1.0051036036327616,0.0
2024-01-24,20:23:00.000000000,48.69,402.78,0.13414863358038148,-5.342386633506052,1.649297081844472,0,0.0,0.0,0.0,0.0,0.0,0.0,0.0,0.0,0.0,1.0051036036327616,1.0051036036327616,0.0
2024-01-24,20:24:00.000000000,48.73,403.055,,,,0,0.0,0.0,0.0,0.0,0.0,0.0,0.0,0.0,0.0,1.0051036036327616,1.0051036036327616,0.0
2024-01-24,20:25:00.000000000,48.72,403.0883,,,,0,0.0,0.0,0.0,0.0,0.0,0.0,0.0,0.0,0.0,1.0051036036327616,1.0051036036327616,0.0
2024-01-24,20:26:00.000000000,48.675,402.86,0.13374169124192462,-5.204177733721757,1.6486826704604094,0,0.0,0.0,0.0,0.0,0.0,0.0,0.0,0.0,0.0,1.0051036036327616,1.0051036036327616,0.0
2024-01-24,20:27:00.000000000,48.665,402.84,,,,0,0.0,0.0,0.0,0.0,0.0,0.0,0.0,0.0,0.0,1.0051036036327616,1.0051036036327616,0.0
2024-01-24,20:28:00.000000000,48.65,402.82,,,,0,0.0,0.0,0.0,0.0,0.0,0.0,0.0,0.0,0.0,1.0051036036327616,1.0051036036327616,0.0
2024-01-24,20:29:00.000000000,48.655,402.76,0.1333292398392757,-5.044684637666677,1.6545208639710247,0,0.0,0.0,0.0,0.0,0.0,0.0,0.0,0.0,0.0,1.0051036036327616,1.0051036036327616,0.0
2024-01-24,20:30:00.000000000,48.66,402.75,,,,0,0.0,0.0,0.0,0.0,0.0,0.0,0.0,0.0,0.0,1.0051036036327616,1.0051036036327616,0.0
2024-01-24,20:31:00.000000000,48.66,402.87,,,,0,0.0,0.0,0.0,0.0,0.0,0.0,0.0,0.0,0.0,1.0051036036327616,1.0051036036327616,0.0
2024-01-24,20:32:00.000000000,48.7,403.14,0.1328986962904757,-4.8767804225423745,1.6628078962482111,0,0.0,0.0,0.0,0.0,0.0,0.0,0.0,0.0,0.0,1.0051036036327616,1.0051036036327616,0.0
2024-01-24,20:33:00.000000000,48.7,403.16,,,,0,0.0,0.0,0.0,0.0,0.0,0.0,0.0,0.0,0.0,1.0051036036327616,1.0051036036327616,0.0
2024-01-24,20:34:00.000000000,48.685,403.22,,,,0,0.0,0.0,0.0,0.0,0.0,0.0,0.0,0.0,0.0,1.0051036036327616,1.0051036036327616,0.0
2024-01-24,20:35:00.000000000,48.68,403.29,0.1324659302150187,-4.742184996414899,1.6619878487695665,0,0.0,0.0,0.0,0.0,0.0,0.0,0.0,0.0,0.0,1.0051036036327616,1.0051036036327616,0.0
2024-01-24,20:36:00.000000000,48.705,403.445,,,,0,0.0,0.0,0.0,0.0,0.0,0.0,0.0,0.0,0.0,1.0051036036327616,1.0051036036327616,0.0
2024-01-24,20:37:00.000000000,48.707,403.4,,,,0,0.0,0.0,0.0,0.0,0.0,0.0,0.0,0.0,0.0,1.0051036036327616,1.0051036036327616,0.0
2024-01-24,20:38:00.000000000,48.7,403.4601,0.13202699181728966,-4.567623321302868,1.672603165794184,0,0.0,0.0,0.0,0.0,0.0,0.0,0.0,0.0,0.0,1.0051036036327616,1.0051036036327616,0.0
2024-01-24,20:39:00.000000000,48.685,403.435,,,,0,0.0,0.0,0.0,0.0,0.0,0.0,0.0,0.0,0.0,1.0051036036327616,1.0051036036327616,0.0
2024-01-24,20:40:00.000000000,48.72,403.4799,,,,0,0.0,0.0,0.0,0.0,0.0,0.0,0.0,0.0,0.0,1.0051036036327616,1.0051036036327616,0.0
2024-01-24,20:41:00.000000000,48.75,403.55,0.13172041642278723,-4.40577404741579,1.6793207414151166,0,0.0,0.0,0.0,0.0,0.0,0.0,0.0,0.0,0.0,1.0051036036327616,1.0051036036327616,0.0
2024-01-24,20:42:00.000000000,48.7573,403.58,,,,0,0.0,0.0,0.0,0.0,0.0,0.0,0.0,0.0,0.0,1.0051036036327616,1.0051036036327616,0.0
2024-01-24,20:43:00.000000000,48.715,403.57,,,,0,0.0,0.0,0.0,0.0,0.0,0.0,0.0,0.0,0.0,1.0051036036327616,1.0051036036327616,0.0
2024-01-24,20:44:00.000000000,48.73,403.53,0.1314987855531447,-4.333704934260481,1.6599231270936305,0,0.0,0.0,0.0,0.0,0.0,0.0,0.0,0.0,0.0,1.0051036036327616,1.0051036036327616,0.0
2024-01-24,20:45:00.000000000,48.72,403.49,,,,0,0.0,0.0,0.0,0.0,0.0,0.0,0.0,0.0,0.0,1.0051036036327616,1.0051036036327616,0.0
2024-01-24,20:46:00.000000000,48.735,403.4961,,,,0,0.0,0.0,0.0,0.0,0.0,0.0,0.0,0.0,0.0,1.0051036036327616,1.0051036036327616,0.0
2024-01-24,20:47:00.000000000,48.685,403.33,0.13116444724700094,-4.217556508132887,1.6541257454465663,0,0.0,0.0,0.0,0.0,0.0,0.0,0.0,0.0,0.0,1.0051036036327616,1.0051036036327616,0.0
2024-01-24,20:48:00.000000000,48.65,403.29,,,,0,0.0,0.0,0.0,0.0,0.0,0.0,0.0,0.0,0.0,1.0051036036327616,1.0051036036327616,0.0
2024-01-24,20:49:00.000000000,48.58,403.1,,,,0,0.0,0.0,0.0,0.0,0.0,0.0,0.0,0.0,0.0,1.0051036036327616,1.0051036036327616,0.0
2024-01-24,20:50:00.000000000,48.555,402.64,0.13086715016821782,-4.137349343731223,1.6385679314929285,0,0.0,0.0,0.0,0.0,0.0,0.0,0.0,0.0,0.0,1.0051036036327616,1.0051036036327616,0.0
2024-01-24,20:51:00.000000000,48.61,402.71,,,,0,0.0,0.0,0.0,0.0,0.0,0.0,0.0,0.0,0.0,1.0051036036327616,1.0051036036327616,0.0
2024-01-24,20:52:00.000000000,48.6175,402.6628,,,,0,0.0,0.0,0.0,0.0,0.0,0.0,0.0,0.0,0.0,1.0051036036327616,1.0051036036327616,0.0
2024-01-24,20:53:00.000000000,48.575,402.31,0.13057724780362506,-3.9575325638763985,1.6526682832465214,0,0.0,0.0,0.0,0.0,0.0,0.0,0.0,0.0,0.0,1.0051036036327616,1.0051036036327616,0.0
2024-01-24,20:54:00.000000000,48.64,402.06,,,,0,0.0,0.0,0.0,0.0,0.0,0.0,0.0,0.0,0.0,1.0051036036327616,1.0051036036327616,0.0
2024-01-24,20:55:00.000000000,48.635,402.61,,,,0,0.0,0.0,0.0,0.0,0.0,0.0,0.0,0.0,0.0,1.0051036036327616,1.0051036036327616,0.0
2024-01-24,20:56:00.000000000,48.625,402.57,0.13024757908438747,-3.808767912001862,1.657537872987409,0,0.0,0.0,0.0,0.0,0.0,0.0,0.0,0.0,0.0,1.0051036036327616,1.0051036036327616,0.0
2024-01-24,20:57:00.000000000,48.625,402.49,,,,0,0.0,0.0,0.0,0.0,0.0,0.0,0.0,0.0,0.0,1.0051036036327616,1.0051036036327616,0.0
2024-01-24,20:58:00.000000000,48.615,402.52,,,,0,0.0,0.0,0.0,0.0,0.0,0.0,0.0,0.0,0.0,1.0051036036327616,1.0051036036327616,0.0
2024-01-24,20:59:00.000000000,48.65,402.57,0.13002719860716278,-3.6950493432855183,1.6523365063183495,1,0.0,0.0,0.0,0.0,0.0,0.0,0.0,0.0,0.0,1.0051036036327616,1.0051036036327616,0.0
2024-01-25,14:29:00.000000000,48.91,404.07,0.12979255259432557,-3.535276726789135,1.6607885796084558,0,0.0,0.0,0.0,0.0,0.0,0.0,0.0,0.0,0.0,1.0051036036327616,1.0051036036327616,0.0
2024-01-25,14:30:00.000000000,48.89,403.7216,,,,0,0.0,0.0,0.0,0.0,0.0,0.0,0.0,0.0,0.0,1.0051036036327616,1.0051036036327616,0.0
2024-01-25,14:31:00.000000000,48.95,404.11,,,,0,0.0,0.0,0.0,0.0,0.0,0.0,0.0,0.0,0.0,1.0051036036327616,1.0051036036327616,0.0
2024-01-25,14:32:00.000000000,48.97,404.3,0.12954050974302767,-3.4032280891060864,1.6611163824594894,0,0.0,0.0,0.0,0.0,0.0,0.0,0.0,0.0,0.0,1.0051036036327616,1.0051036036327616,0.0
2024-01-25,14:33:00.000000000,49.05,404.44,,,,0,0.0,0.0,0.0,0.0,0.0,0.0,0.0,0.0,0.0,1.0051036036327616,1.0051036036327616,0.0
2024-01-25,14:34:00.000000000,49.1,404.17,,,,0,0.0,0.0,0.0,0.0,0.0,0.0,0.0,0.0,0.0,1.0051036036327616,1.0051036036327616,0.0
2024-01-25,14:35:00.000000000,49.08,403.8,0.12937141167716754,-3.160176035240255,1.6937826279862376,0,0.0,0.0,0.0,0.0,0.0,0.0,0.0,0.0,0.0,1.0051036036327616,1.0051036036327616,0.0
2024-01-25,14:36:00.000000000,48.97,404.22,,,,0,0.0,0.0,0.0,0.0,0.0,0.0,0.0,0.0,0.0,1.0051036036327616,1.0051036036327616,0.0
2024-01-25,14:37:00.000000000,48.93,404.6215,,,,0,0.0,0.0,0.0,0.0,0.0,0.0,0.0,0.0,0.0,1.0051036036327616,1.0051036036327616,0.0
2024-01-25,14:38:00.000000000,48.92,404.5,0.12905116650544834,-3.2811968514538563,1.618006208949001,0,0.0,0.0,0.0,0.0,0.0,0.0,0.0,0.0,0.0,1.0051036036327616,1.0051036036327616,0.0
2024-01-25,14:39:00.000000000,48.8,404.3336,,,,0,0.0,0.0,0.0,0.0,0.0,0.0,0.0,0.0,0.0,1.0051036036327616,1.0051036036327616,0.0
2024-01-25,14:40:00.000000000,48.84,403.93,,,,0,0.0,0.0,0.0,0.0,0.0,0.0,0.0,0.0,0.0,1.0051036036327616,1.0051036036327616,0.0
2024-01-25,14:41:00.000000000,48.91,404.145,0.12876833075049465,-3.131077031158661,1.6254926991342469,0,0.0,0.0,0.0,0.0,0.0,0.0,0.0,0.0,0.0,1.0051036036327616,1.0051036036327616,0.0
2024-01-25,14:42:00.000000000,48.84,404.16,,,,0,0.0,0.0,0.0,0.0,0.0,0.0,0.0,0.0,0.0,1.0051036036327616,1.0051036036327616,0.0
2024-01-25,14:43:00.000000000,48.86,404.03,,,,0,0.0,0.0,0.0,0.0,0.0,0.0,0.0,0.0,0.0,1.0051036036327616,1.0051036036327616,0.0
2024-01-25,14:44:00.000000000,48.9001,404.1425,0.12845999662500424,-3.016044186020771,1.6223820959275717,0,0.0,0.0,0.0,0.0,0.0,0.0,0.0,0.0,0.0,1.0051036036327616,1.0051036036327616,0.0
2024-01-25,14:45:00.000000000,48.81,404.21,,,,0,0.0,0.0,0.0,0.0,0.0,0.0,0.0,0.0,0.0,1.0051036036327616,1.0051036036327616,0.0
2024-01-25,14:46:00.000000000,48.9,404.58,,,,0,0.0,0.0,0.0,0.0,0.0,0.0,0.0,0.0,0.0,1.0051036036327616,1.0051036036327616,0.0
2024-01-25,14:47:00.000000000,48.945,404.605,0.12811588473534882,-2.8913275433458097,1.6221927375601781,0,0.0,0.0,0.0,0.0,0.0,0.0,0.0,0.0,0.0,1.0051036036327616,1.0051036036327616,0.0
2024-01-25,14:48:00.000000000,48.97,404.7622,,,,0,0.0,0.0,0.0,0.0,0.0,0.0,0.0,0.0,0.0,1.0051036036327616,1.0051036036327616,0.0
2024-01-25,14:49:00.000000000,48.97,404.85,,,,0,0.0,0.0,0.0,0.0,0.0,0.0,0.0,0.0,0.0,1.0051036036327616,1.0051036036327616,0.0
2024-01-25,14:50:00.000000000,48.8995,404.92,0.12769003770913143,-2.8047500691814946,1.610515405873352,0,0.0,0.0,0.0,0.0,0.0,0.0,0.0,0.0,0.0,1.0051036036327616,1.0051036036327616,0.0
2024-01-25,14:51:00.000000000,48.885,405.065,,,,0,0.0,0.0,0.0,0.0,0.0,0.0,0.0,0.0,0.0,1.0051036036327616,1.0051036036327616,0.0
2024-01-25,14:52:00.000000000,48.81,404.7499,,,,0,0.0,0.0,0.0,0.0,0.0,0.0,0.0,0.0,0.0,1.0051036036327616,1.0051036036327616,0.0
2024-01-25,14:53:00.000000000,48.8079,404.9377,0.12718261267438571,-2.693134656356605,1.6067947451109235,0,0.0,0.0,0.0,0.0,0.0,0.0,0.0,0.0,0.0,1.0051036036327616,1.0051036036327616,0.0
2024-01-25,14:54:00.000000000,48.79,404.905,,,,0,0.0,0.0,0.0,0.0,0.0,0.0,0.0,0.0,0.0,1.0051036036327616,1.0051036036327616,0.0
2024-01-25,14:55:00.000000000,48.795,404.844,,,,0,0.0,0.0,0.0,0.0,0.0,0.0,0.0,0.0,0.0,1.0051036036327616,1.0051036036327616,0.0
2024-01-25,14:56:00.000000000,48.79,404.77,0.12665267089338944,-2.4752015975172412,1.6346529103567071,0,0.0,0.0,0.0,0.0,0.0,0.0,0.0,0.0,0.0,1.0051036036327616,1.0051036036327616,0.0
2024-01-25,14:57:00.000000000,48.725,404.6938,,,,0,0.0,0.0,0.0,0.0,0.0,0.0,0.0,0.0,0.0,1.0051036036327616,1.0051036036327616,0.0
2024-01-25,14:58:00.000000000,48.715,404.494,,,,0,0.0,0.0,0.0,0.0,0.0,0.0,0.0,0.0,0.0,1.0051036036327616,1.0051036036327616,0.0
2024-01-25,14:59:00.000000000,48.745,404.3,0.12621330764547323,-2.283040281064828,1.6538290503276674,0,0.0,0.0,0.0,0.0,0.0,0.0,0.0,0.0,0.0,1.0051036036327616,1.0051036036327616,0.0
2024-01-25,15:00:00.000000000,48.73,403.91,,,,0,0.0,0.0,0.0,0.0,0.0,0.0,0.0,0.0,0.0,1.0051036036327616,1.0051036036327616,0.0
2024-01-25,15:01:00.000000000,48.745,403.78,,,,0,0.0,0.0,0.0,0.0,0.0,0.0,0.0,0.0,0.0,1.0051036036327616,1.0051036036327616,0.0
2024-01-25,15:02:00.000000000,48.655,403.8678,0.1257900498320178,-2.147550687547394,1.6553511998069188,0,0.0,0.0,0.0,0.0,0.0,0.0,0.0,0.0,0.0,1.0051036036327616,1.0051036036327616,0.0
2024-01-25,15:03:00.000000000,48.59,403.63,,,,0,0.0,0.0,0.0,0.0,0.0,0.0,0.0,0.0,0.0,1.0051036036327616,1.0051036036327616,0.0
2024-01-25,15:04:00.000000000,48.62,403.7603,,,,0,0.0,0.0,0.0,0.0,0.0,0.0,0.0,0.0,0.0,1.0051036036327616,1.0051036036327616,0.0
2024-01-25,15:05:00.000000000,48.63,403.5155,0.12540671263376543,-1.9735523517701665,1.6688285306888997,0,0.0,0.0,0.0,0.0,0.0,0.0,0.0,0.0,0.0,1.0051036036327616,1.0051036036327616,0.0
2024-01-25,15:06:00.000000000,48.61,403.48,,,,0,0.0,0.0,0.0,0.0,0.0,0.0,0.0,0.0,0.0,1.0051036036327616,1.0051036036327616,0.0
2024-01-25,15:07:00.000000000,48.62,403.68,,,,0,0.0,0.0,0.0,0.0,0.0,0.0,0.0,0.0,0.0,1.0051036036327616,1.0051036036327616,0.0
2024-01-25,15:08:00.000000000,48.6341,403.91,0.12496425660944263,-1.840212887119982,1.6696541085315657,0,0.0,0.0,0.0,0.0,0.0,0.0,0.0,0.0,0.0,1.0051036036327616,1.0051036036327616,0.0
2024-01-25,15:09:00.000000000,48.63,404.145,,,,0,0.0,0.0,0.0,0.0,0.0,0.0,0.0,0.0,0.0,1.0051036036327616,1.0051036036327616,0.0
2024-01-25,15:10:00.000000000,48.68,404.4,,,,0,0.0,0.0,0.0,0.0,0.0,0.0,0.0,0.0,0.0,1.0051036036327616,1.0051036036327616,0.0
2024-01-25,15:11:00.000000000,48.61,404.48,0.12446596020777216,-1.7339915848396856,1.6622533595922593,0,0.0,0.0,0.0,0.0,0.0,0.0,0.0,0.0,0.0,1.0051036036327616,1.0051036036327616,0.0
2024-01-25,15:12:00.000000000,48.6,404.89,,,,0,0.0,0.0,0.0,0.0,0.0,0.0,0.0,0.0,0.0,1.0051036036327616,1.0051036036327616,0.0
2024-01-25,15:13:00.000000000,48.6,404.83,,,,0,0.0,0.0,0.0,0.0,0.0,0.0,0.0,0.0,0.0,1.0051036036327616,1.0051036036327616,0.0
2024-01-25,15:14:00.000000000,48.63,405.15,0.12393221858861597,-1.5811383611777572,1.6696404985508062,0,0.0,0.0,0.0,0.0,0.0,0.0,0.0,0.0,0.0,1.0051036036327616,1.0051036036327616,0.0
2024-01-25,15:15:00.000000000,48.585,405.31,,,,0,0.0,0.0,0.0,0.0,0.0,0.0,0.0,0.0,0.0,1.0051036036327616,1.0051036036327616,0.0
2024-01-25,15:16:00.000000000,48.585,405.57,,,,0,0.0,0.0,0.0,0.0,0.0,0.0,0.0,0.0,0.0,1.0051036036327616,1.0051036036327616,0.0
2024-01-25,15:17:00.000000000,48.53,405.6811,0.12325749405363794,-1.4732357709232957,1.6629033987388477,0,0.0,0.0,0.0,0.0,0.0,0.0,0.0,0.0,0.0,1.0051036036327616,1.0051036036327616,0.0
2024-01-25,15:18:00.000000000,48.5,405.65,,,,0,0.0,0.0,0.0,0.0,0.0,0.0,0.0,0.0,0.0,1.0051036036327616,1.0051036036327616,0.0
2024-01-25,15:19:00.000000000,48.52,405.7352,,,,0,0.0,0.0,0.0,0.0,0.0,0.0,0.0,0.0,0.0,1.0051036036327616,1.0051036036327616,0.0
2024-01-25,15:20:00.000000000,48.57,405.92,0.12258612006781945,-1.1901578579292718,1.709577385678425,0,0.0,0.0,0.0,0.0,0.0,0.0,0.0,0.0,0.0,1.0051036036327616,1.0051036036327616,0.0
2024-01-25,15:21:00.000000000,48.57,405.89,,,,0,0.0,0.0,0.0,0.0,0.0,0.0,0.0,0.0,0.0,1.0051036036327616,1.0051036036327616,0.0
2024-01-25,15:22:00.000000000,48.57,406.48,,,,0,0.0,0.0,0.0,0.0,0.0,0.0,0.0,0.0,0.0,1.0051036036327616,1.0051036036327616,0.0
2024-01-25,15:23:00.000000000,48.57,406.4499,0.12184026097558595,-0.9519618895008151,1.7399957297113575,0,0.0,0.0,0.0,0.0,0.0,0.0,0.0,0.0,0.0,1.0051036036327616,1.0051036036327616,0.0
2024-01-25,15:24:00.000000000,48.565,406.215,,,,0,0.0,0.0,0.0,0.0,0.0,0.0,0.0,0.0,0.0,1.0051036036327616,1.0051036036327616,0.0
2024-01-25,15:25:00.000000000,48.56,406.2,,,,0,0.0,0.0,0.0,0.0,0.0,0.0,0.0,0.0,0.0,1.0051036036327616,1.0051036036327616,0.0
2024-01-25,15:26:00.000000000,48.575,405.98,0.12112425306610458,-0.5990242597771385,1.8036781559190234,0,0.0,0.0,0.0,0.0,0.0,0.0,0.0,0.0,0.0,1.0051036036327616,1.0051036036327616,0.0
2024-01-25,15:27:00.000000000,48.56,405.99,,,,0,0.0,0.0,0.0,0.0,0.0,0.0,0.0,0.0,0.0,1.0051036036327616,1.0051036036327616,0.0
2024-01-25,15:28:00.000000000,48.555,406.02,,,,0,0.0,0.0,0.0,0.0,0.0,0.0,0.0,0.0,0.0,1.0051036036327616,1.0051036036327616,0.0
2024-01-25,15:29:00.000000000,48.555,405.96,0.12039448872956365,-0.3203466446536609,1.8415379324098293,0,0.0,0.0,0.0,0.0,0.0,0.0,0.0,0.0,0.0,1.0051036036327616,1.0051036036327616,0.0
2024-01-25,15:30:00.000000000,48.57,406.1694,,,,0,0.0,0.0,0.0,0.0,0.0,0.0,0.0,0.0,0.0,1.0051036036327616,1.0051036036327616,0.0
2024-01-25,15:31:00.000000000,48.585,406.207,,,,0,0.0,0.0,0.0,0.0,0.0,0.0,0.0,0.0,0.0,1.0051036036327616,1.0051036036327616,0.0
2024-01-25,15:32:00.000000000,48.585,406.1335,0.11967628326715658,-0.019547790281741584,1.88350627915661,0,0.0,0.0,0.0,0.0,0.0,0.0,0.0,0.0,0.0,1.0051036036327616,1.0051036036327616,0.0
2024-01-25,15:33:00.000000000,48.525,406.0992,,,,0,0.0,0.0,0.0,0.0,0.0,0.0,0.0,0.0,0.0,1.0051036036327616,1.0051036036327616,0.0
2024-01-25,15:34:00.000000000,48.5,405.95,,,,0,0.0,0.0,0.0,0.0,0.0,0.0,0.0,0.0,0.0,1.0051036036327616,1.0051036036327616,0.0
2024-01-25,15:35:00.000000000,48.465,405.625,0.11893199150349597,0.2232109463944525,1.9052872232288578,0,0.0,0.0,0.0,0.0,0.0,0.0,0.0,0.0,0.0,1.0051036036327616,1.0051036036327616,0.0
2024-01-25,15:36:00.000000000,48.48,405.87,,,,0,0.0,0.0,0.0,0.0,0.0,0.0,0.0,0.0,0.0,1.0051036036327616,1.0051036036327616,0.0
2024-01-25,15:37:00.000000000,48.515,405.9967,,,,0,0.0,0.0,0.0,0.0,0.0,0.0,0.0,0.0,0.0,1.0051036036327616,1.0051036036327616,0.0
2024-01-25,15:38:00.000000000,48.51,405.95,0.11819745825379134,0.5277418218734056,1.9432599882116794,0,0.0,0.0,0.0,0.0,0.0,0.0,0.0,0.0,0.0,1.0051036036327616,1.0051036036327616,0.0
2024-01-25,15:39:00.000000000,48.52,406.29,,,,0,0.0,0.0,0.0,0.0,0.0,0.0,0.0,0.0,0.0,1.0051036036327616,1.0051036036327616,0.0
2024-01-25,15:40:00.000000000,48.54,406.67,,,,0,0.0,0.0,0.0,0.0,0.0,0.0,0.0,0.0,0.0,1.0051036036327616,1.0051036036327616,0.0
2024-01-25,15:41:00.000000000,48.5787,406.75,0.11735827798876884,0.8432204280682711,1.98165085407785,0,0.0,0.0,0.0,0.0,0.0,0.0,0.0,0.0,0.0,1.0051036036327616,1.0051036036327616,0.0
2024-01-25,15:42:00.000000000,48.6,406.8018,,,,0,0.0,0.0,0.0,0.0,0.0,0.0,0.0,0.0,0.0,1.0051036036327616,1.0051036036327616,0.0
2024-01-25,15:43:00.000000000,48.58,406.78,,,,0,0.0,0.0,0.0,0.0,0.0,0.0,0.0,0.0,0.0,1.0051036036327616,1.0051036036327616,0.0
2024-01-25,15:44:00.000000000,48.605,406.62,0.11656732165115609,1.2063956702069092,2.0300099880124516,0,0.0,0.0,0.0,0.0,0.0,0.0,0.0,0.0,0.0,1.0051036036327616,1.0051036036327616,0.0
2024-01-25,15:45:00.000000000,48.565,406.615,,,,0,0.0,0.0,0.0,0.0,0.0,0.0,0.0,0.0,0.0,1.0051036036327616,1.0051036036327616,0.0
2024-01-25,15:46:00.000000000,48.59,406.6698,,,,0,0.0,0.0,0.0,0.0,0.0,0.0,0.0,0.0,0.0,1.0051036036327616,1.0051036036327616,0.0
2024-01-25,15:47:00.000000000,48.605,406.6,0.11576626527002683,1.5344365412070857,2.0636464897709956,0,0.0,0.0,0.0,0.0,0.0,0.0,0.0,0.0,0.0,1.0051036036327616,1.0051036036327616,0.0
2024-01-25,15:48:00.000000000,48.59,406.64,,,,0,0.0,0.0,0.0,0.0,0.0,0.0,0.0,0.0,0.0,1.0051036036327616,1.0051036036327616,0.0
2024-01-25,15:49:00.000000000,48.565,406.35,,,,0,0.0,0.0,0.0,0.0,0.0,0.0,0.0,0.0,0.0,1.0051036036327616,1.0051036036327616,0.0
2024-01-25,15:50:00.000000000,48.584,406.47,0.11495812117991026,1.8569724840018722,2.0917349689909135,0,0.0,0.0,0.0,0.0,0.0,0.0,0.0,0.0,0.0,1.0051036036327616,1.0051036036327616,0.0
2024-01-25,15:51:00.000000000,48.62,406.5909,,,,0,0.0,0.0,0.0,0.0,0.0,0.0,0.0,0.0,0.0,1.0051036036327616,1.0051036036327616,0.0
2024-01-25,15:52:00.000000000,48.595,406.39,,,,0,0.0,0.0,0.0,0.0,0.0,0.0,0.0,0.0,0.0,1.0051036036327616,1.0051036036327616,0.0
2024-01-25,15:53:00.000000000,48.595,406.43,0.11417139401251365,2.1923203314940736,2.119513696406905,0,0.0,0.0,0.0,0.0,0.0,0.0,0.0,0.0,0.0,1.0051036036327616,1.0051036036327616,0.0
2024-01-25,15:54:00.000000000,48.62,406.55,,,,0,0.0,0.0,0.0,0.0,0.0,0.0,0.0,0.0,0.0,1.0051036036327616,1.0051036036327616,0.0
2024-01-25,15:55:00.000000000,48.6,406.52,,,,0,0.0,0.0,0.0,0.0,0.0,0.0,0.0,0.0,0.0,1.0051036036327616,1.0051036036327616,0.0
2024-01-25,15:56:00.000000000,48.6,406.6,0.11339376404633042,2.4940955387620534,2.1335682509303986,0,0.0,0.0,0.0,0.0,0.0,0.0,0.0,0.0,0.0,1.0051036036327616,1.0051036036327616,0.0
2024-01-25,15:57:00.000000000,48.615,406.9072,,,,0,0.0,0.0,0.0,0.0,0.0,0.0,0.0,0.0,0.0,1.0051036036327616,1.0051036036327616,0.0
2024-01-25,15:58:00.000000000,48.645,406.94,,,,0,0.0,0.0,0.0,0.0,0.0,0.0,0.0,0.0,0.0,1.0051036036327616,1.0051036036327616,0.0
2024-01-25,15:59:00.000000000,48.645,406.94,0.11259539413780467,2.825430309561767,2.152894310259015,0,0.0,0.0,0.0,0.0,0.0,0.0,0.0,0.0,0.0,1.0051036036327616,1.0051036036327616,0.0
2024-01-25,16:00:00.000000000,48.62,406.32,,,,0,0.0,0.0,0.0,0.0,0.0,0.0,0.0,0.0,0.0,1.0051036036327616,1.0051036036327616,0.0
2024-01-25,16:01:00.000000000,48.625,406.225,,,,0,0.0,0.0,0.0,0.0,0.0,0.0,0.0,0.0,0.0,1.0051036036327616,1.0051036036327616,0.0
2024-01-25,16:02:00.000000000,48.645,406.2,0.11188450095480058,3.197515712160005,2.179178008678402,0,0.0,0.0,0.0,0.0,0.0,0.0,0.0,0.0,0.0,1.0051036036327616,1.0051036036327616,0.0
2024-01-25,16:03:00.000000000,48.63,406.14,,,,0,0.0,0.0,0.0,0.0,0.0,0.0,0.0,0.0,0.0,1.0051036036327616,1.0051036036327616,0.0
2024-01-25,16:04:00.000000000,48.64,405.9164,,,,0,0.0,0.0,0.0,0.0,0.0,0.0,0.0,0.0,0.0,1.0051036036327616,1.0051036036327616,0.0
2024-01-25,16:05:00.000000000,48.66,406.11,0.11121157577487129,3.4958669620670193,2.1817881337142757,0,0.0,0.0,0.0,0.0,0.0,0.0,0.0,0.0,0.0,1.0051036036327616,1.0051036036327616,0.0
2024-01-25,16:06:00.000000000,48.67,406.22,,,,0,0.0,0.0,0.0,0.0,0.0,0.0,0.0,0.0,0.0,1.0051036036327616,1.0051036036327616,0.0
2024-01-25,16:07:00.000000000,48.705,406.48,,,,0,0.0,0.0,0.0,0.0,0.0,0.0,0.0,0.0,0.0,1.0051036036327616,1.0051036036327616,0.0
2024-01-25,16:08:00.000000000,48.675,406.21,0.11052764870296178,3.777563820369899,2.1783475876619667,0,0.0,0.0,0.0,0.0,0.0,0.0,0.0,0.0,0.0,1.0051036036327616,1.0051036036327616,0.0
2024-01-25,16:09:00.000000000,48.665,406.35,,,,0,0.0,0.0,0.0,0.0,0.0,0.0,0.0,0.0,0.0,1.0051036036327616,1.0051036036327616,0.0
2024-01-25,16:10:00.000000000,48.66,406.215,,,,0,0.0,0.0,0.0,0.0,0.0,0.0,0.0,0.0,0.0,1.0051036036327616,1.0051036036327616,0.0
2024-01-25,16:11:00.000000000,48.675,406.29,0.10983030855571019,4.052043936900503,2.171397217691272,0,0.0,0.0,0.0,0.0,0.0,0.0,0.0,0.0,0.0,1.0051036036327616,1.0051036036327616,0.0
2024-01-25,16:12:00.000000000,48.705,406.31,,,,0,0.0,0.0,0.0,0.0,0.0,0.0,0.0,0.0,0.0,1.0051036036327616,1.0051036036327616,0.0
2024-01-25,16:13:00.000000000,48.75,406.49,,,,0,0.0,0.0,0.0,0.0,0.0,0.0,0.0,0.0,0.0,1.0051036036327616,1.0051036036327616,0.0
2024-01-25,16:14:00.000000000,48.745,406.56,0.10914708298923072,4.3701619398983595,2.174089560958255,0,0.0,0.0,0.0,0.0,0.0,0.0,0.0,0.0,0.0,1.0051036036327616,1.0051036036327616,0.0
2024-01-25,16:15:00.000000000,48.77,406.555,,,,0,0.0,0.0,0.0,0.0,0.0,0.0,0.0,0.0,0.0,1.0051036036327616,1.0051036036327616,0.0
2024-01-25,16:16:00.000000000,48.78,406.56,,,,0,0.0,0.0,0.0,0.0,0.0,0.0,0.0,0.0,0.0,1.0051036036327616,1.0051036036327616,0.0
2024-01-25,16:17:00.000000000,48.7536,406.535,0.1084647109047976,4.658898752318102,2.1675379607077816,0,0.0,0.0,0.0,0.0,0.0,0.0,0.0,0.0,0.0,1.0051036036327616,1.0051036036327616,0.0
2024-01-25,16:18:00.000000000,48.74,406.496,,,,0,0.0,0.0,0.0,0.0,0.0,0.0,0.0,0.0,0.0,1.0051036036327616,1.0051036036327616,0.0
2024-01-25,16:19:00.000000000,48.715,406.38,,,,0,0.0,0.0,0.0,0.0,0.0,0.0,0.0,0.0,0.0,1.0051036036327616,1.0051036036327616,0.0
2024-01-25,16:20:00.000000000,48.69,406.295,0.10778270456035541,4.898426050650393,2.147853633851667,0,0.0,0.0,0.0,0.0,0.0,0.0,0.0,0.0,0.0,1.0051036036327616,1.0051036036327616,0.0
2024-01-25,16:21:00.000000000,48.7,406.46,,,,0,0.0,0.0,0.0,0.0,0.0,0.0,0.0,0.0,0.0,1.0051036036327616,1.0051036036327616,0.0
2024-01-25,16:22:00.000000000,48.706,406.42,,,,0,0.0,0.0,0.0,0.0,0.0,0.0,0.0,0.0,0.0,1.0051036036327616,1.0051036036327616,0.0
2024-01-25,16:23:00.000000000,48.68,406.28,0.10711758802905604,5.160266335555114,2.1338146079577474,0,0.0,0.0,0.0,0.0,0.0,0.0,0.0,0.0,0.0,1.0051036036327616,1.0051036036327616,0.0
2024-01-25,16:24:00.000000000,48.67,406.3,,,,0,0.0,0.0,0.0,0.0,0.0,0.0,0.0,0.0,0.0,1.0051036036327616,1.0051036036327616,0.0
2024-01-25,16:25:00.000000000,48.68,406.26,,,,0,0.0,0.0,0.0,0.0,0.0,0.0,0.0,0.0,0.0,1.0051036036327616,1.0051036036327616,0.0
2024-01-25,16:26:00.000000000,48.685,406.32,0.10644899537056195,5.43264420103327,2.122182158119734,0,0.0,0.0,0.0,0.0,0.0,0.0,0.0,0.0,0.0,1.0051036036327616,1.0051036036327616,0.0
2024-01-25,16:27:00.000000000,48.68,406.31,,,,0,0.0,0.0,0.0,0.0,0.0,0.0,0.0,0.0,0.0,1.0051036036327616,1.0051036036327616,0.0
2024-01-25,16:28:00.000000000,48.71,406.435,,,,0,0.0,0.0,0.0,0.0,0.0,0.0,0.0,0.0,0.0,1.0051036036327616,1.0051036036327616,0.0
2024-01-25,16:29:00.000000000,48.725,406.417,0.10578674656969729,5.73146781938334,2.116552017226033,0,0.0,0.0,0.0,0.0,0.0,0.0,0.0,0.0,0.0,1.0051036036327616,1.0051036036327616,0.0
2024-01-25,16:30:00.000000000,48.725,406.33,,,,0,0.0,0.0,0.0,0.0,0.0,0.0,0.0,0.0,0.0,1.0051036036327616,1.0051036036327616,0.0
2024-01-25,16:31:00.000000000,48.715,406.33,,,,0,0.0,0.0,0.0,0.0,0.0,0.0,0.0,0.0,0.0,1.0051036036327616,1.0051036036327616,0.0
2024-01-25,16:32:00.000000000,48.715,406.3966,0.10513270210619673,5.989427315228816,2.1005010569535623,0,0.0,0.0,0.0,0.0,0.0,0.0,0.0,0.0,0.0,1.0051036036327616,1.0051036036327616,0.0
2024-01-25,16:33:00.000000000,48.6943,406.21,,,,0,0.0,0.0,0.0,0.0,0.0,0.0,0.0,0.0,0.0,1.0051036036327616,1.0051036036327616,0.0
2024-01-25,16:34:00.000000000,48.71,406.2701,,,,0,0.0,0.0,0.0,0.0,0.0,0.0,0.0,0.0,0.0,1.0051036036327616,1.0051036036327616,0.0
2024-01-25,16:35:00.000000000,48.73,406.33,0.10448183635216168,6.275895435026143,2.0911427718124482,0,0.0,0.0,0.0,0.0,0.0,0.0,0.0,0.0,0.0,1.0051036036327616,1.0051036036327616,0.0
2024-01-25,16:36:00.000000000,48.735,406.45,,,,0,0.0,0.0,0.0,0.0,0.0,0.0,0.0,0.0,0.0,1.0051036036327616,1.0051036036327616,0.0
2024-01-25,16:37:00.000000000,48.7318,406.48,,,,0,0.0,0.0,0.0,0.0,0.0,0.0,0.0,0.0,0.0,1.0051036036327616,1.0051036036327616,0.0
2024-01-25,16:38:00.000000000,48.73,406.34,0.10383692345815071,6.536904522015043,2.075643885841673,0,0.0,0.0,0.0,0.0,0.0,0.0,0.0,0.0,0.0,1.0051036036327616,1.0051036036327616,0.0
2024-01-25,16:39:00.000000000,48.705,406.26,,,,0,0.0,0.0,0.0,0.0,0.0,0.0,0.0,0.0,0.0,1.0051036036327616,1.0051036036327616,0.0
2024-01-25,16:40:00.000000000,48.69,406.2005,,,,0,0.0,0.0,0.0,0.0,0.0,0.0,0.0,0.0,0.0,1.0051036036327616,1.0051036036327616,0.0
2024-01-25,16:41:00.000000000,48.695,406.085,0.10320583613453502,6.784658033307352,2.0573703990328456,0,0.0,0.0,0.0,0.0,0.0,0.0,0.0,0.0,0.0,1.0051036036327616,1.0051036036327616,0.0
2024-01-25,16:42:00.000000000,48.665,405.865,,,,0,0.0,0.0,0.0,0.0,0.0,0.0,0.0,0.0,0.0,1.0051036036327616,1.0051036036327616,0.0
2024-01-25,16:43:00.000000000,48.685,405.786,,,,0,0.0,0.0,0.0,0.0,0.0,0.0,0.0,0.0,0.0,1.0051036036327616,1.0051036036327616,0.0
2024-01-25,16:44:00.000000000,48.715,405.9135,0.10259070447221533,7.072048080217428,2.0480529568026284,0,0.0,0.0,0.0,0.0,0.0,0.0,0.0,0.0,0.0,1.0051036036327616,1.0051036036327616,0.0
2024-01-25,16:45:00.000000000,48.72,405.9474,,,,0,0.0,0.0,0.0,0.0,0.0,0.0,0.0,0.0,0.0,1.0051036036327616,1.0051036036327616,0.0
2024-01-25,16:46:00.000000000,48.74,406.0327,,,,0,0.0,0.0,0.0,0.0,0.0,0.0,0.0,0.0,0.0,1.0051036036327616,1.0051036036327616,0.0
2024-01-25,16:47:00.000000000,48.73,405.91,0.1019825444895859,7.334265366232181,2.033012727601755,0,0.0,0.0,0.0,0.0,0.0,0.0,0.0,0.0,0.0,1.0051036036327616,1.0051036036327616,0.0
2024-01-25,16:48:00.000000000,48.75,406.015,,,,0,0.0,0.0,0.0,0.0,0.0,0.0,0.0,0.0,0.0,1.0051036036327616,1.0051036036327616,0.0
2024-01-25,16:49:00.000000000,48.74,406.1,,,,0,0.0,0.0,0.0,0.0,0.0,0.0,0.0,0.0,0.0,1.0051036036327616,1.0051036036327616,0.0
2024-01-25,16:50:00.000000000,48.75,406.5633,0.10131871017315548,7.55753084025833,2.0101740847415432,0,0.0,0.0,0.0,0.0,0.0,0.0,0.0,0.0,0.0,1.0051036036327616,1.0051036036327616,0.0
2024-01-25,16:51:00.000000000,48.765,406.645,,,,0,0.0,0.0,0.0,0.0,0.0,0.0,0.0,0.0,0.0,1.0051036036327616,1.0051036036327616,0.0
2024-01-25,16:52:00.000000000,48.775,406.6847,,,,0,0.0,0.0,0.0,0.0,0.0,0.0,0.0,0.0,0.0,1.0051036036327616,1.0051036036327616,0.0
2024-01-25,16:53:00.000000000,48.77,406.8112,0.10063846811811236,7.829144018708973,1.9985705285745294,0,0.0,0.0,0.0,0.0,0.0,0.0,0.0,0.0,0.0,1.0051036036327616,1.0051036036327616,0.0
2024-01-25,16:54:00.000000000,48.775,406.75,,,,0,0.0,0.0,0.0,0.0,0.0,0.0,0.0,0.0,0.0,1.0051036036327616,1.0051036036327616,0.0
2024-01-25,16:55:00.000000000,48.755,406.47,,,,0,0.0,0.0,0.0,0.0,0.0,0.0,0.0,0.0,0.0,1.0051036036327616,1.0051036036327616,0.0
2024-01-25,16:56:00.000000000,48.76,406.31,0.09999910945322701,8.129361838059332,1.9929037427220444,0,0.0,0.0,0.0,0.0,0.0,0.0,0.0,0.0,0.0,1.0051036036327616,1.0051036036327616,0.0
2024-01-25,16:57:00.000000000,48.7755,406.29,,,,0,0.0,0.0,0.0,0.0,0.0,0.0,0.0,0.0,0.0,1.0051036036327616,1.0051036036327616,0.0
2024-01-25,16:58:00.000000000,48.755,405.89,,,,0,0.0,0.0,0.0,0.0,0.0,0.0,0.0,0.0,0.0,1.0051036036327616,1.0051036036327616,0.0
2024-01-25,16:59:00.000000000,48.78,406.185,0.09938759968851257,8.41024782052152,1.9830108366546404,0,0.0,0.0,0.0,0.0,0.0,0.0,0.0,0.0,0.0,1.0051036036327616,1.0051036036327616,0.0
2024-01-25,17:00:00.000000000,48.8,406.35,,,,0,0.0,0.0,0.0,0.0,0.0,0.0,0.0,0.0,0.0,1.0051036036327616,1.0051036036327616,0.0
2024-01-25,17:01:00.000000000,48.79,406.3,,,,0,0.0,0.0,0.0,0.0,0.0,0.0,0.0,0.0,0.0,1.0051036036327616,1.0051036036327616,0.0
2024-01-25,17:02:00.000000000,48.79,406.2099,0.09876253001586185,8.671682558509758,1.9691055841007845,0,0.0,0.0,0.0,0.0,0.0,0.0,0.0,0.0,0.0,1.0051036036327616,1.0051036036327616,0.0
2024-01-25,17:03:00.000000000,48.795,406.2,,,,0,0.0,0.0,0.0,0.0,0.0,0.0,0.0,0.0,0.0,1.0051036036327616,1.0051036036327616,0.0
2024-01-25,17:04:00.000000000,48.805,405.95,,,,0,0.0,0.0,0.0,0.0,0.0,0.0,0.0,0.0,0.0,1.0051036036327616,1.0051036036327616,0.0
2024-01-25,17:05:00.000000000,48.795,406.075,0.09815273261926898,8.937629101630357,1.956298237754959,0,0.0,0.0,0.0,0.0,0.0,0.0,0.0,0.0,0.0,1.0051036036327616,1.0051036036327616,0.0
2024-01-25,17:06:00.000000000,48.81,405.845,,,,0,0.0,0.0,0.0,0.0,0.0,0.0,0.0,0.0,0.0,1.0051036036327616,1.0051036036327616,0.0
2024-01-25,17:07:00.000000000,48.805,405.65,,,,0,0.0,0.0,0.0,0.0,0.0,0.0,0.0,0.0,0.0,1.0051036036327616,1.0051036036327616,0.0
2024-01-25,17:08:00.000000000,48.815,405.652,0.09758713072156212,9.22858524853688,1.9484518392014278,0,0.0,0.0,0.0,0.0,0.0,0.0,0.0,0.0,0.0,1.0051036036327616,1.0051036036327616,0.0
2024-01-25,17:09:00.000000000,48.825,405.72,,,,0,0.0,0.0,0.0,0.0,0.0,0.0,0.0,0.0,0.0,1.0051036036327616,1.0051036036327616,0.0
2024-01-25,17:10:00.000000000,48.827,405.84,,,,0,0.0,0.0,0.0,0.0,0.0,0.0,0.0,0.0,0.0,1.0051036036327616,1.0051036036327616,0.0
2024-01-25,17:11:00.000000000,48.79,405.7801,0.09700339894914052,9.42795107407786,1.9228703524545188,0,0.0,0.0,0.0,0.0,0.0,0.0,0.0,0.0,0.0,1.0051036036327616,1.0051036036327616,0.0
2024-01-25,17:12:00.000000000,48.815,405.96,,,,0,0.0,0.0,0.0,0.0,0.0,0.0,0.0,0.0,0.0,1.0051036036327616,1.0051036036327616,0.0
2024-01-25,17:13:00.000000000,48.805,405.92,,,,0,0.0,0.0,0.0,0.0,0.0,0.0,0.0,0.0,0.0,1.0051036036327616,1.0051036036327616,0.0
2024-01-25,17:14:00.000000000,48.81,406.08,0.09640035756685296,9.663742799252354,1.9052802611420685,0,0.0,0.0,0.0,0.0,0.0,0.0,0.0,0.0,0.0,1.0051036036327616,1.0051036036327616,0.0
2024-01-25,17:15:00.000000000,48.86,406.35,,,,0,0.0,0.0,0.0,0.0,0.0,0.0,0.0,0.0,0.0,1.0051036036327616,1.0051036036327616,0.0
2024-01-25,17:16:00.000000000,48.835,406.11,,,,0,0.0,0.0,0.0,0.0,0.0,0.0,0.0,0.0,0.0,1.0051036036327616,1.0051036036327616,0.0
2024-01-25,17:17:00.000000000,48.8345,405.78,0.09582952418535241,9.948795676067697,1.89761974353526,0,0.0,0.0,0.0,0.0,0.0,0.0,0.0,0.0,0.0,1.0051036036327616,1.0051036036327616,0.0
2024-01-25,17:18:00.000000000,48.845,406.039,,,,0,0.0,0.0,0.0,0.0,0.0,0.0,0.0,0.0,0.0,1.0051036036327616,1.0051036036327616,0.0
2024-01-25,17:19:00.000000000,48.825,405.17,,,,0,0.0,0.0,0.0,0.0,0.0,0.0,0.0,0.0,0.0,1.0051036036327616,1.0051036036327616,0.0
2024-01-25,17:20:00.000000000,48.81,405.4594,0.09529241659646265,10.172793942248212,1.8788080173939579,0,0.0,0.0,0.0,0.0,0.0,0.0,0.0,0.0,0.0,1.0051036036327616,1.0051036036327616,0.0
2024-01-25,17:21:00.000000000,48.8,405.31,,,,0,0.0,0.0,0.0,0.0,0.0,0.0,0.0,0.0,0.0,1.0051036036327616,1.0051036036327616,0.0
2024-01-25,17:22:00.000000000,48.8,405.38,,,,0,0.0,0.0,0.0,0.0,0.0,0.0,0.0,0.0,0.0,1.0051036036327616,1.0051036036327616,0.0
2024-01-25,17:23:00.000000000,48.805,405.13,0.09477162785939322,10.410170405324024,1.863410924352257,0,0.0,0.0,0.0,0.0,0.0,0.0,0.0,0.0,0.0,1.0051036036327616,1.0051036036327616,0.0
2024-01-25,17:24:00.000000000,48.806,405.32,,,,0,0.0,0.0,0.0,0.0,0.0,0.0,0.0,0.0,0.0,1.0051036036327616,1.0051036036327616,0.0
2024-01-25,17:25:00.000000000,48.83,405.1,,,,0,0.0,0.0,0.0,0.0,0.0,0.0,0.0,0.0,0.0,1.0051036036327616,1.0051036036327616,0.0
2024-01-25,17:26:00.000000000,48.855,405.39,0.09425713868026232,10.644098550408458,1.8478332725133837,0,0.0,0.0,0.0,0.0,0.0,0.0,0.0,0.0,0.0,1.0051036036327616,1.0051036036327616,0.0
2024-01-25,17:27:00.000000000,48.83,405.455,,,,0,0.0,0.0,0.0,0.0,0.0,0.0,0.0,0.0,0.0,1.0051036036327616,1.0051036036327616,0.0
2024-01-25,17:28:00.000000000,48.83,405.43,,,,0,0.0,0.0,0.0,0.0,0.0,0.0,0.0,0.0,0.0,1.0051036036327616,1.0051036036327616,0.0
2024-01-25,17:29:00.000000000,48.82,405.432,0.09372340060014973,10.821534247880095,1.8225593884694955,0,0.0,0.0,0.0,0.0,0.0,0.0,0.0,0.0,0.0,1.0051036036327616,1.0051036036327616,0.0
2024-01-25,17:30:00.000000000,48.82,405.4411,,,,0,0.0,0.0,0.0,0.0,0.0,0.0,0.0,0.0,0.0,1.0051036036327616,1.0051036036327616,0.0
2024-01-25,17:31:00.000000000,48.84,405.4601,,,,0,0.0,0.0,0.0,0.0,0.0,0.0,0.0,0.0,0.0,1.0051036036327616,1.0051036036327616,0.0
2024-01-25,17:32:00.000000000,48.83,405.4284,0.09320427521402448,11.042339826818392,1.8061740662824313,0,0.0,0.0,0.0,0.0,0.0,0.0,0.0,0.0,0.0,1.0051036036327616,1.0051036036327616,0.0
2024-01-25,17:33:00.000000000,48.84,405.47,,,,0,0.0,0.0,0.0,0.0,0.0,0.0,0.0,0.0,0.0,1.0051036036327616,1.0051036036327616,0.0
2024-01-25,17:34:00.000000000,48.83,405.26,,,,0,0.0,0.0,0.0,0.0,0.0,0.0,0.0,0.0,0.0,1.0051036036327616,1.0051036036327616,0.0
2024-01-25,17:35:00.000000000,48.84,405.4,0.0926922657287731,11.262555473555395,1.7902595539006527,0,0.0,0.0,0.0,0.0,0.0,0.0,0.0,0.0,0.0,1.0051036036327616,1.0051036036327616,0.0
2024-01-25,17:36:00.000000000,48.845,405.4,,,,0,0.0,0.0,0.0,0.0,0.0,0.0,0.0,0.0,0.0,1.0051036036327616,1.0051036036327616,0.0
2024-01-25,17:37:00.000000000,48.86,405.575,,,,0,0.0,0.0,0.0,0.0,0.0,0.0,0.0,0.0,0.0,1.0051036036327616,1.0051036036327616,0.0
2024-01-25,17:38:00.000000000,48.87,405.77,0.09215756726646204,11.475223930287697,1.773840245475541,0,0.0,0.0,0.0,0.0,0.0,0.0,0.0,0.0,0.0,1.0051036036327616,1.0051036036327616,0.0
2024-01-25,17:39:00.000000000,48.855,405.74,,,,0,0.0,0.0,0.0,0.0,0.0,0.0,0.0,0.0,0.0,1.0051036036327616,1.0051036036327616,0.0
2024-01-25,17:40:00.000000000,48.87,405.91,,,,0,0.0,0.0,0.0,0.0,0.0,0.0,0.0,0.0,0.0,1.0051036036327616,1.0051036036327616,0.0
2024-01-25,17:41:00.000000000,48.865,405.75,0.09163072059392097,11.685835119016566,1.7579105320242943,0,0.0,0.0,0.0,0.0,0.0,0.0,0.0,0.0,0.0,1.0051036036327616,1.0051036036327616,0.0
2024-01-25,17:42:00.000000000,48.885,405.64,,,,0,0.0,0.0,0.0,0.0,0.0,0.0,0.0,0.0,0.0,1.0051036036327616,1.0051036036327616,0.0
2024-01-25,17:43:00.000000000,48.885,405.8399,,,,0,0.0,0.0,0.0,0.0,0.0,0.0,0.0,0.0,0.0,1.0051036036327616,1.0051036036327616,0.0
2024-01-25,17:44:00.000000000,48.905,405.81,0.0911142771227533,11.929915200815486,1.74854211417614,0,0.0,0.0,0.0,0.0,0.0,0.0,0.0,0.0,0.0,1.0051036036327616,1.0051036036327616,0.0
2024-01-25,17:45:00.000000000,48.9,405.6924,,,,0,0.0,0.0,0.0,0.0,0.0,0.0,0.0,0.0,0.0,1.0051036036327616,1.0051036036327616,0.0
2024-01-25,17:46:00.000000000,48.9,405.74,,,,0,0.0,0.0,0.0,0.0,0.0,0.0,0.0,0.0,0.0,1.0051036036327616,1.0051036036327616,0.0
2024-01-25,17:47:00.000000000,48.88,405.64,0.09058878596916149,12.133564859469338,1.7325206757671296,0,0.0,0.0,0.0,0.0,0.0,0.0,0.0,0.0,0.0,1.0051036036327616,1.0051036036327616,0.0
2024-01-25,17:48:00.000000000,48.87,405.35,,,,0,0.0,0.0,0.0,0.0,0.0,0.0,0.0,0.0,0.0,1.0051036036327616,1.0051036036327616,0.0
2024-01-25,17:49:00.000000000,48.89,405.5,,,,0,0.0,0.0,0.0,0.0,0.0,0.0,0.0,0.0,0.0,1.0051036036327616,1.0051036036327616,0.0
2024-01-25,17:50:00.000000000,48.89,405.5579,0.09005305241147889,12.368273175410685,1.7225261145479533,0,0.0,0.0,0.0,0.0,0.0,0.0,0.0,0.0,0.0,1.0051036036327616,1.0051036036327616,0.0
2024-01-25,17:51:00.000000000,48.885,405.39,,,,0,0.0,0.0,0.0,0.0,0.0,0.0,0.0,0.0,0.0,1.0051036036327616,1.0051036036327616,0.0
2024-01-25,17:52:00.000000000,48.91,405.61,,,,0,0.0,0.0,0.0,0.0,0.0,0.0,0.0,0.0,0.0,1.0051036036327616,1.0051036036327616,0.0
2024-01-25,17:53:00.000000000,48.9,405.39,0.08953365560238163,12.60395135535051,1.7129981738351576,0,0.0,0.0,0.0,0.0,0.0,0.0,0.0,0.0,0.0,1.0051036036327616,1.0051036036327616,0.0
2024-01-25,17:54:00.000000000,48.8909,405.535,,,,0,0.0,0.0,0.0,0.0,0.0,0.0,0.0,0.0,0.0,1.0051036036327616,1.0051036036327616,0.0
2024-01-25,17:55:00.000000000,48.88,405.6657,,,,0,0.0,0.0,0.0,0.0,0.0,0.0,0.0,0.0,0.0,1.0051036036327616,1.0051036036327616,0.0
2024-01-25,17:56:00.000000000,48.875,405.54,0.08900516933364558,12.779843628433369,1.6937436858263637,0,0.0,0.0,0.0,0.0,0.0,0.0,0.0,0.0,0.0,1.0051036036327616,1.0051036036327616,0.0
2024-01-25,17:57:00.000000000,48.875,405.39,,,,0,0.0,0.0,0.0,0.0,0.0,0.0,0.0,0.0,0.0,1.0051036036327616,1.0051036036327616,0.0
2024-01-25,17:58:00.000000000,48.9,405.62,,,,0,0.0,0.0,0.0,0.0,0.0,0.0,0.0,0.0,0.0,1.0051036036327616,1.0051036036327616,0.0
2024-01-25,17:59:00.000000000,48.91,405.47,0.08848302711714434,13.032786994811481,1.688358642289956,0,0.0,0.0,0.0,0.0,0.0,0.0,0.0,0.0,0.0,1.0051036036327616,1.0051036036327616,0.0
2024-01-25,18:00:00.000000000,48.95,405.56,,,,0,0.0,0.0,0.0,0.0,0.0,0.0,0.0,0.0,0.0,1.0051036036327616,1.0051036036327616,0.0
2024-01-25,18:01:00.000000000,48.95,405.7,,,,0,0.0,0.0,0.0,0.0,0.0,0.0,0.0,0.0,0.0,1.0051036036327616,1.0051036036327616,0.0
2024-01-25,18:02:00.000000000,48.98,405.83,0.0879475248724981,13.288255980994094,1.683490294127297,0,0.0,0.0,0.0,0.0,0.0,0.0,0.0,0.0,0.0,1.0051036036327616,1.0051036036327616,0.0
2024-01-25,18:03:00.000000000,48.98,405.87,,,,0,0.0,0.0,0.0,0.0,0.0,0.0,0.0,0.0,0.0,1.0051036036327616,1.0051036036327616,0.0
2024-01-25,18:04:00.000000000,48.975,405.79,,,,0,0.0,0.0,0.0,0.0,0.0,0.0,0.0,0.0,0.0,1.0051036036327616,1.0051036036327616,0.0
2024-01-25,18:05:00.000000000,48.99,405.8106,0.08742881879421191,13.51045858782959,1.673449210971848,0,0.0,0.0,0.0,0.0,0.0,0.0,0.0,0.0,0.0,1.0051036036327616,1.0051036036327616,0.0
2024-01-25,18:06:00.000000000,48.9891,406.05,,,,0,0.0,0.0,0.0,0.0,0.0,0.0,0.0,0.0,0.0,1.0051036036327616,1.0051036036327616,0.0
2024-01-25,18:07:00.000000000,48.985,405.995,,,,0,0.0,0.0,0.0,0.0,0.0,0.0,0.0,0.0,0.0,1.0051036036327616,1.0051036036327616,0.0
2024-01-25,18:08:00.000000000,48.98,406.0116,0.08688627034693949,13.703166358406541,1.6590872081885322,0,0.0,0.0,0.0,0.0,0.0,0.0,0.0,0.0,0.0,1.0051036036327616,1.0051036036327616,0.0
2024-01-25,18:09:00.000000000,48.975,405.79,,,,0,0.0,0.0,0.0,0.0,0.0,0.0,0.0,0.0,0.0,1.0051036036327616,1.0051036036327616,0.0
2024-01-25,18:10:00.000000000,48.965,405.76,,,,0,0.0,0.0,0.0,0.0,0.0,0.0,0.0,0.0,0.0,1.0051036036327616,1.0051036036327616,0.0
2024-01-25,18:11:00.000000000,48.9745,405.83,0.08633521921818534,13.937077984683846,1.6525044325426945,0,0.0,0.0,0.0,0.0,0.0,0.0,0.0,0.0,0.0,1.0051036036327616,1.0051036036327616,0.0
2024-01-25,18:12:00.000000000,48.985,405.885,,,,0,0.0,0.0,0.0,0.0,0.0,0.0,0.0,0.0,0.0,1.0051036036327616,1.0051036036327616,0.0
2024-01-25,18:13:00.000000000,48.975,405.84,,,,0,0.0,0.0,0.0,0.0,0.0,0.0,0.0,0.0,0.0,1.0051036036327616,1.0051036036327616,0.0
2024-01-25,18:14:00.000000000,48.9,405.72,0.08575873220856577,14.10596716834069,1.6354432640972127,0,0.0,0.0,0.0,0.0,0.0,0.0,0.0,0.0,0.0,1.0051036036327616,1.0051036036327616,0.0
2024-01-25,18:15:00.000000000,48.86,405.54,,,,0,0.0,0.0,0.0,0.0,0.0,0.0,0.0,0.0,0.0,1.0051036036327616,1.0051036036327616,0.0
2024-01-25,18:16:00.000000000,48.82,405.4,,,,0,0.0,0.0,0.0,0.0,0.0,0.0,0.0,0.0,0.0,1.0051036036327616,1.0051036036327616,0.0
2024-01-25,18:17:00.000000000,48.78,405.3242,0.0851446724321531,14.268803762175494,1.6183103787359727,0,0.0,0.0,0.0,0.0,0.0,0.0,0.0,0.0,0.0,1.0051036036327616,1.0051036036327616,0.0
2024-01-25,18:18:00.000000000,48.77,405.12,,,,0,0.0,0.0,0.0,0.0,0.0,0.0,0.0,0.0,0.0,1.0051036036327616,1.0051036036327616,0.0
2024-01-25,18:19:00.000000000,48.76,404.99,,,,0,0.0,0.0,0.0,0.0,0.0,0.0,0.0,0.0,0.0,1.0051036036327616,1.0051036036327616,0.0
2024-01-25,18:20:00.000000000,48.8,404.984,0.08455890786136985,14.554995258670992,1.6224603956471089,0,0.0,0.0,0.0,0.0,0.0,0.0,0.0,0.0,0.0,1.0051036036327616,1.0051036036327616,0.0
2024-01-25,18:21:00.000000000,48.79,404.97,,,,0,0.0,0.0,0.0,0.0,0.0,0.0,0.0,0.0,0.0,1.0051036036327616,1.0051036036327616,0.0
2024-01-25,18:22:00.000000000,48.77,404.9599,,,,0,0.0,0.0,0.0,0.0,0.0,0.0,0.0,0.0,0.0,1.0051036036327616,1.0051036036327616,0.0
2024-01-25,18:23:00.000000000,48.81,404.92,0.08399390550051135,14.799187784732943,1.6195591058808843,0,0.0,0.0,0.0,0.0,0.0,0.0,0.0,0.0,0.0,1.0051036036327616,1.0051036036327616,0.0
2024-01-25,18:24:00.000000000,48.77,404.715,,,,0,0.0,0.0,0.0,0.0,0.0,0.0,0.0,0.0,0.0,1.0051036036327616,1.0051036036327616,0.0
2024-01-25,18:25:00.000000000,48.79,404.88,,,,0,0.0,0.0,0.0,0.0,0.0,0.0,0.0,0.0,0.0,1.0051036036327616,1.0051036036327616,0.0
2024-01-25,18:26:00.000000000,48.805,405.02,0.08342521072455249,15.016121152341753,1.6125064773597229,0,0.0,0.0,0.0,0.0,0.0,0.0,0.0,0.0,0.0,1.0051036036327616,1.0051036036327616,0.0
2024-01-25,18:27:00.000000000,48.8,405.23,,,,0,0.0,0.0,0.0,0.0,0.0,0.0,0.0,0.0,0.0,1.0051036036327616,1.0051036036327616,0.0
2024-01-25,18:28:00.000000000,48.8,405.3,,,,0,0.0,0.0,0.0,0.0,0.0,0.0,0.0,0.0,0.0,1.0051036036327616,1.0051036036327616,0.0
2024-01-25,18:29:00.000000000,48.79,405.45,0.08282227303786337,15.209709396798296,1.6018227978776551,0,0.0,0.0,0.0,0.0,0.0,0.0,0.0,0.0,0.0,1.0051036036327616,1.0051036036327616,0.0
2024-01-25,18:30:00.000000000,48.8,405.2,,,,0,0.0,0.0,0.0,0.0,0.0,0.0,0.0,0.0,0.0,1.0051036036327616,1.0051036036327616,0.0
2024-01-25,18:31:00.000000000,48.785,405.18,,,,0,0.0,0.0,0.0,0.0,0.0,0.0,0.0,0.0,0.0,1.0051036036327616,1.0051036036327616,0.0
2024-01-25,18:32:00.000000000,48.775,405.02,0.08225116110692382,15.461634728473712,1.602200657508954,0,0.0,0.0,0.0,0.0,0.0,0.0,0.0,0.0,0.0,1.0051036036327616,1.0051036036327616,0.0
2024-01-25,18:33:00.000000000,48.765,404.89,,,,0,0.0,0.0,0.0,0.0,0.0,0.0,0.0,0.0,0.0,1.0051036036327616,1.0051036036327616,0.0
2024-01-25,18:34:00.000000000,48.755,404.83,,,,0,0.0,0.0,0.0,0.0,0.0,0.0,0.0,0.0,0.0,1.0051036036327616,1.0051036036327616,0.0
2024-01-25,18:35:00.000000000,48.785,404.55,0.08170025986378725,15.733159872104864,1.6059893020193121,0,0.0,0.0,0.0,0.0,0.0,0.0,0.0,0.0,0.0,1.0051036036327616,1.0051036036327616,0.0
2024-01-25,18:36:00.000000000,48.78,404.9,,,,0,0.0,0.0,0.0,0.0,0.0,0.0,0.0,0.0,0.0,1.0051036036327616,1.0051036036327616,0.0
2024-01-25,18:37:00.000000000,48.775,404.8193,,,,0,0.0,0.0,0.0,0.0,0.0,0.0,0.0,0.0,0.0,1.0051036036327616,1.0051036036327616,0.0
2024-01-25,18:38:00.000000000,48.785,404.78,0.08114682259159832,15.938389151372832,1.5992192253202815,0,0.0,0.0,0.0,0.0,0.0,0.0,0.0,0.0,0.0,1.0051036036327616,1.0051036036327616,0.0
2024-01-25,18:39:00.000000000,48.78,404.91,,,,0,0.0,0.0,0.0,0.0,0.0,0.0,0.0,0.0,0.0,1.0051036036327616,1.0051036036327616,0.0
2024-01-25,18:40:00.000000000,48.785,404.96,,,,0,0.0,0.0,0.0,0.0,0.0,0.0,0.0,0.0,0.0,1.0051036036327616,1.0051036036327616,0.0
2024-01-25,18:41:00.000000000,48.78,404.61,0.08062615764005143,16.157850357258788,1.5954878112207977,0,0.0,0.0,0.0,0.0,0.0,0.0,0.0,0.0,0.0,1.0051036036327616,1.0051036036327616,0.0
2024-01-25,18:42:00.000000000,48.7945,404.945,,,,0,0.0,0.0,0.0,0.0,0.0,0.0,0.0,0.0,0.0,1.0051036036327616,1.0051036036327616,0.0
2024-01-25,18:43:00.000000000,48.775,404.87,,,,0,0.0,0.0,0.0,0.0,0.0,0.0,0.0,0.0,0.0,1.0051036036327616,1.0051036036327616,0.0
2024-01-25,18:44:00.000000000,48.76,404.765,0.08007297704041166,16.34926144823777,1.5879615656967905,0,0.0,0.0,0.0,0.0,0.0,0.0,0.0,0.0,0.0,1.0051036036327616,1.0051036036327616,0.0
2024-01-25,18:45:00.000000000,48.76,404.8242,,,,0,0.0,0.0,0.0,0.0,0.0,0.0,0.0,0.0,0.0,1.0051036036327616,1.0051036036327616,0.0
2024-01-25,18:46:00.000000000,48.71,404.65,,,,0,0.0,0.0,0.0,0.0,0.0,0.0,0.0,0.0,0.0,1.0051036036327616,1.0051036036327616,0.0
2024-01-25,18:47:00.000000000,48.7301,404.88,0.07948881077865252,16.546670291939165,1.5823224948769767,0,0.0,0.0,0.0,0.0,0.0,0.0,0.0,0.0,0.0,1.0051036036327616,1.0051036036327616,0.0
2024-01-25,18:48:00.000000000,48.745,404.9,,,,0,0.0,0.0,0.0,0.0,0.0,0.0,0.0,0.0,0.0,1.0051036036327616,1.0051036036327616,0.0
2024-01-25,18:49:00.000000000,48.75,404.7975,,,,0,0.0,0.0,0.0,0.0,0.0,0.0,0.0,0.0,0.0,1.0051036036327616,1.0051036036327616,0.0
2024-01-25,18:50:00.000000000,48.73,404.69,0.07892192415344226,16.791086514343448,1.5848459095887029,0,0.0,0.0,0.0,0.0,0.0,0.0,0.0,0.0,0.0,1.0051036036327616,1.0051036036327616,0.0
2024-01-25,18:51:00.000000000,48.7,404.67,,,,0,0.0,0.0,0.0,0.0,0.0,0.0,0.0,0.0,0.0,1.0051036036327616,1.0051036036327616,0.0
2024-01-25,18:52:00.000000000,48.7188,404.55,,,,0,0.0,0.0,0.0,0.0,0.0,0.0,0.0,0.0,0.0,1.0051036036327616,1.0051036036327616,0.0
2024-01-25,18:53:00.000000000,48.715,404.59,0.07835480455335476,17.0134296257582,1.5840021911106534,0,0.0,0.0,0.0,0.0,0.0,0.0,0.0,0.0,0.0,1.0051036036327616,1.0051036036327616,0.0
2024-01-25,18:54:00.000000000,48.71,404.43,,,,0,0.0,0.0,0.0,0.0,0.0,0.0,0.0,0.0,0.0,1.0051036036327616,1.0051036036327616,0.0
2024-01-25,18:55:00.000000000,48.695,404.15,,,,0,0.0,0.0,0.0,0.0,0.0,0.0,0.0,0.0,0.0,1.0051036036327616,1.0051036036327616,0.0
2024-01-25,18:56:00.000000000,48.71,404.03,0.07783428398077012,17.262614243249452,1.5882100877255503,0,0.0,0.0,0.0,0.0,0.0,0.0,0.0,0.0,0.0,1.0051036036327616,1.0051036036327616,0.0
2024-01-25,18:57:00.000000000,48.685,403.8,,,,0,0.0,0.0,0.0,0.0,0.0,0.0,0.0,0.0,0.0,1.0051036036327616,1.0051036036327616,0.0
2024-01-25,18:58:00.000000000,48.63,403.6,,,,0,0.0,0.0,0.0,0.0,0.0,0.0,0.0,0.0,0.0,1.0051036036327616,1.0051036036327616,0.0
2024-01-25,18:59:00.000000000,48.63,403.72,0.07730354939516046,17.42101103818582,1.5777948232109844,0,0.0,0.0,0.0,0.0,0.0,0.0,0.0,0.0,0.0,1.0051036036327616,1.0051036036327616,0.0
2024-01-25,19:00:00.000000000,48.64,403.49,,,,0,0.0,0.0,0.0,0.0,0.0,0.0,0.0,0.0,0.0,1.0051036036327616,1.0051036036327616,0.0
2024-01-25,19:01:00.000000000,48.63,403.63,,,,0,0.0,0.0,0.0,0.0,0.0,0.0,0.0,0.0,0.0,1.0051036036327616,1.0051036036327616,0.0
2024-01-25,19:02:00.000000000,48.63,403.39,0.07682036958777239,17.6414311119885,1.5787681934570805,0,0.0,0.0,0.0,0.0,0.0,0.0,0.0,0.0,0.0,1.0051036036327616,1.0051036036327616,0.0
2024-01-25,19:03:00.000000000,48.63,403.34,,,,0,0.0,0.0,0.0,0.0,0.0,0.0,0.0,0.0,0.0,1.0051036036327616,1.0051036036327616,0.0
2024-01-25,19:04:00.000000000,48.66,403.5,,,,0,0.0,0.0,0.0,0.0,0.0,0.0,0.0,0.0,0.0,1.0051036036327616,1.0051036036327616,0.0
2024-01-25,19:05:00.000000000,48.665,403.558,0.07632460977454948,17.86359312860236,1.5809050906162077,0,0.0,0.0,0.0,0.0,0.0,0.0,0.0,0.0,0.0,1.0051036036327616,1.0051036036327616,0.0
2024-01-25,19:06:00.000000000,48.67,403.598,,,,0,0.0,0.0,0.0,0.0,0.0,0.0,0.0,0.0,0.0,1.0051036036327616,1.0051036036327616,0.0
2024-01-25,19:07:00.000000000,48.665,403.49,,,,0,0.0,0.0,0.0,0.0,0.0,0.0,0.0,0.0,0.0,1.0051036036327616,1.0051036036327616,0.0
2024-01-25,19:08:00.000000000,48.64,403.2,0.07584718182773821,18.058416287055955,1.5791921878818107,0,0.0,0.0,0.0,0.0,0.0,0.0,0.0,0.0,0.0,1.0051036036327616,1.0051036036327616,0.0
2024-01-25,19:09:00.000000000,48.65,402.9,,,,0,0.0,0.0,0.0,0.0,0.0,0.0,0.0,0.0,0.0,1.0051036036327616,1.0051036036327616,0.0
2024-01-25,19:10:00.000000000,48.67,403.04,,,,0,0.0,0.0,0.0,0.0,0.0,0.0,0.0,0.0,0.0,1.0051036036327616,1.0051036036327616,0.0
2024-01-25,19:11:00.000000000,48.69,403.2199,0.07539133797217225,18.290712241994502,1.5849089584555418,0,0.0,0.0,0.0,0.0,0.0,0.0,0.0,0.0,0.0,1.0051036036327616,1.0051036036327616,0.0
2024-01-25,19:12:00.000000000,48.6891,403.18,,,,0,0.0,0.0,0.0,0.0,0.0,0.0,0.0,0.0,0.0,1.0051036036327616,1.0051036036327616,0.0
2024-01-25,19:13:00.000000000,48.675,403.1899,,,,0,0.0,0.0,0.0,0.0,0.0,0.0,0.0,0.0,0.0,1.0051036036327616,1.0051036036327616,0.0
2024-01-25,19:14:00.000000000,48.6984,402.96,0.07494673253391614,18.497864658133157,1.5865329743337426,0,0.0,0.0,0.0,0.0,0.0,0.0,0.0,0.0,0.0,1.0051036036327616,1.0051036036327616,0.0
2024-01-25,19:15:00.000000000,48.685,402.88,,,,0,0.0,0.0,0.0,0.0,0.0,0.0,0.0,0.0,0.0,1.0051036036327616,1.0051036036327616,0.0
2024-01-25,19:16:00.000000000,48.68,402.99,,,,0,0.0,0.0,0.0,0.0,0.0,0.0,0.0,0.0,0.0,1.0051036036327616,1.0051036036327616,0.0
2024-01-25,19:17:00.000000000,48.67,403.02,0.07450825100099133,18.64168468158048,1.5778940289400993,0,0.0,0.0,0.0,0.0,0.0,0.0,0.0,0.0,0.0,1.0051036036327616,1.0051036036327616,0.0
2024-01-25,19:18:00.000000000,48.655,403.11,,,,0,0.0,0.0,0.0,0.0,0.0,0.0,0.0,0.0,0.0,1.0051036036327616,1.0051036036327616,0.0
2024-01-25,19:19:00.000000000,48.71,403.455,,,,0,0.0,0.0,0.0,0.0,0.0,0.0,0.0,0.0,0.0,1.0051036036327616,1.0051036036327616,0.0
2024-01-25,19:20:00.000000000,48.695,403.4117,0.07406269695517884,18.817241514726483,1.5750368748568506,0,0.0,0.0,0.0,0.0,0.0,0.0,0.0,0.0,0.0,1.0051036036327616,1.0051036036327616,0.0
2024-01-25,19:21:00.000000000,48.695,403.3078,,,,0,0.0,0.0,0.0,0.0,0.0,0.0,0.0,0.0,0.0,1.0051036036327616,1.0051036036327616,0.0
2024-01-25,19:22:00.000000000,48.7061,403.27,,,,0,0.0,0.0,0.0,0.0,0.0,0.0,0.0,0.0,0.0,1.0051036036327616,1.0051036036327616,0.0
2024-01-25,19:23:00.000000000,48.695,402.98,0.07365597539368059,19.013115035854597,1.576171086364304,0,0.0,0.0,0.0,0.0,0.0,0.0,0.0,0.0,0.0,1.0051036036327616,1.0051036036327616,0.0
2024-01-25,19:24:00.000000000,48.7,402.93,,,,0,0.0,0.0,0.0,0.0,0.0,0.0,0.0,0.0,0.0,1.0051036036327616,1.0051036036327616,0.0
2024-01-25,19:25:00.000000000,48.69,403.1401,,,,0,0.0,0.0,0.0,0.0,0.0,0.0,0.0,0.0,0.0,1.0051036036327616,1.0051036036327616,0.0
2024-01-25,19:26:00.000000000,48.69,403.13,0.07324260516015649,19.163708581786114,1.5696979758603553,0,0.0,0.0,0.0,0.0,0.0,0.0,0.0,0.0,0.0,1.0051036036327616,1.0051036036327616,0.0
2024-01-25,19:27:00.000000000,48.72,403.28,,,,0,0.0,0.0,0.0,0.0,0.0,0.0,0.0,0.0,0.0,1.0051036036327616,1.0051036036327616,0.0
2024-01-25,19:28:00.000000000,48.725,403.24,,,,0,0.0,0.0,0.0,0.0,0.0,0.0,0.0,0.0,0.0,1.0051036036327616,1.0051036036327616,0.0
2024-01-25,19:29:00.000000000,48.705,403.2,0.07281665037878353,19.34532656727448,1.5694381692852764,0,0.0,0.0,0.0,0.0,0.0,0.0,0.0,0.0,0.0,1.0051036036327616,1.0051036036327616,0.0
2024-01-25,19:30:00.000000000,48.705,403.26,,,,0,0.0,0.0,0.0,0.0,0.0,0.0,0.0,0.0,0.0,1.0051036036327616,1.0051036036327616,0.0
2024-01-25,19:31:00.000000000,48.71,403.25,,,,0,0.0,0.0,0.0,0.0,0.0,0.0,0.0,0.0,0.0,1.0051036036327616,1.0051036036327616,0.0
2024-01-25,19:32:00.000000000,48.695,403.13,0.07238258939162447,19.51540673855443,1.5674574923658169,0,0.0,0.0,0.0,0.0,0.0,0.0,0.0,0.0,0.0,1.0051036036327616,1.0051036036327616,0.0
2024-01-25,19:33:00.000000000,48.695,403.1288,,,,0,0.0,0.0,0.0,0.0,0.0,0.0,0.0,0.0,0.0,1.0051036036327616,1.0051036036327616,0.0
2024-01-25,19:34:00.000000000,48.69,403.17,,,,0,0.0,0.0,0.0,0.0,0.0,0.0,0.0,0.0,0.0,1.0051036036327616,1.0051036036327616,0.0
2024-01-25,19:35:00.000000000,48.715,403.18,0.07194075944406836,19.709924607340522,1.5701270634873536,0,0.0,0.0,0.0,0.0,0.0,0.0,0.0,0.0,0.0,1.0051036036327616,1.0051036036327616,0.0
2024-01-25,19:36:00.000000000,48.71,402.82,,,,0,0.0,0.0,0.0,0.0,0.0,0.0,0.0,0.0,0.0,1.0051036036327616,1.0051036036327616,0.0
2024-01-25,19:37:00.000000000,48.71,402.67,,,,0,0.0,0.0,0.0,0.0,0.0,0.0,0.0,0.0,0.0,1.0051036036327616,1.0051036036327616,0.0
2024-01-25,19:38:00.000000000,48.715,402.7766,0.07151573824354018,19.91013410377692,1.5737298126144055,0,0.0,0.0,0.0,0.0,0.0,0.0,0.0,0.0,0.0,1.0051036036327616,1.0051036036327616,0.0
2024-01-25,19:39:00.000000000,48.735,402.91,,,,0,0.0,0.0,0.0,0.0,0.0,0.0,0.0,0.0,0.0,1.0051036036327616,1.0051036036327616,0.0
2024-01-25,19:40:00.000000000,48.72,402.8,,,,0,0.0,0.0,0.0,0.0,0.0,0.0,0.0,0.0,0.0,1.0051036036327616,1.0051036036327616,0.0
2024-01-25,19:41:00.000000000,48.7399,402.82,0.0710966029566939,20.10076639698456,1.575629938407093,0,0.0,0.0,0.0,0.0,0.0,0.0,0.0,0.0,0.0,1.0051036036327616,1.0051036036327616,0.0
2024-01-25,19:42:00.000000000,48.7318,402.9,,,,0,0.0,0.0,0.0,0.0,0.0,0.0,0.0,0.0,0.0,1.0051036036327616,1.0051036036327616,0.0
2024-01-25,19:43:00.000000000,48.735,402.86,,,,0,0.0,0.0,0.0,0.0,0.0,0.0,0.0,0.0,0.0,1.0051036036327616,1.0051036036327616,0.0
2024-01-25,19:44:00.000000000,48.7258,402.91,0.07064396867397149,20.262638581570144,1.5723977648123366,0,0.0,0.0,0.0,0.0,0.0,0.0,0.0,0.0,0.0,1.0051036036327616,1.0051036036327616,0.0
2024-01-25,19:45:00.000000000,48.7279,402.989,,,,0,0.0,0.0,0.0,0.0,0.0,0.0,0.0,0.0,0.0,1.0051036036327616,1.0051036036327616,0.0
2024-01-25,19:46:00.000000000,48.71,402.895,,,,0,0.0,0.0,0.0,0.0,0.0,0.0,0.0,0.0,0.0,1.0051036036327616,1.0051036036327616,0.0
2024-01-25,19:47:00.000000000,48.71,402.79,0.07018302402939769,20.440979751198903,1.5723369914565406,0,0.0,0.0,0.0,0.0,0.0,0.0,0.0,0.0,0.0,1.0051036036327616,1.0051036036327616,0.0
2024-01-25,19:48:00.000000000,48.735,402.98,,,,0,0.0,0.0,0.0,0.0,0.0,0.0,0.0,0.0,0.0,1.0051036036327616,1.0051036036327616,0.0
2024-01-25,19:49:00.000000000,48.735,402.92,,,,0,0.0,0.0,0.0,0.0,0.0,0.0,0.0,0.0,0.0,1.0051036036327616,1.0051036036327616,0.0
2024-01-25,19:50:00.000000000,48.735,402.9134,0.06971480936069063,20.645969130132308,1.5773799757752465,0,0.0,0.0,0.0,0.0,0.0,0.0,0.0,0.0,0.0,1.0051036036327616,1.0051036036327616,0.0
2024-01-25,19:51:00.000000000,48.745,403.1,,,,0,0.0,0.0,0.0,0.0,0.0,0.0,0.0,0.0,0.0,1.0051036036327616,1.0051036036327616,0.0
2024-01-25,19:52:00.000000000,48.775,403.28,,,,0,0.0,0.0,0.0,0.0,0.0,0.0,0.0,0.0,0.0,1.0051036036327616,1.0051036036327616,0.0
2024-01-25,19:53:00.000000000,48.79,403.28,0.06922035147232526,20.87481665824067,1.5867042960822038,0,0.0,0.0,0.0,0.0,0.0,0.0,0.0,0.0,0.0,1.0051036036327616,1.0051036036327616,0.0
2024-01-25,19:54:00.000000000,48.81,403.5,,,,0,0.0,0.0,0.0,0.0,0.0,0.0,0.0,0.0,0.0,1.0051036036327616,1.0051036036327616,0.0
2024-01-25,19:55:00.000000000,48.825,403.7067,,,,0,0.0,0.0,0.0,0.0,0.0,0.0,0.0,0.0,0.0,1.0051036036327616,1.0051036036327616,0.0
2024-01-25,19:56:00.000000000,48.83,403.66,0.06871095378135617,21.094136396617767,1.5937315093009012,0,0.0,0.0,0.0,0.0,0.0,0.0,0.0,0.0,0.0,1.0051036036327616,1.0051036036327616,0.0
2024-01-25,19:57:00.000000000,48.82,403.71,,,,0,0.0,0.0,0.0,0.0,0.0,0.0,0.0,0.0,0.0,1.0051036036327616,1.0051036036327616,0.0
2024-01-25,19:58:00.000000000,48.815,403.71,,,,0,0.0,0.0,0.0,0.0,0.0,0.0,0.0,0.0,0.0,1.0051036036327616,1.0051036036327616,0.0
2024-01-25,19:59:00.000000000,48.8249,403.7914,0.06820646591959217,21.283715637275588,1.5950711803923219,1,0.0,0.0,0.0,0.0,0.0,0.0,0.0,0.0,0.0,1.0051036036327616,1.0051036036327616,0.0
2024-01-25,20:00:00.000000000,48.825,403.6125,,,,0,0.0,0.0,0.0,0.0,0.0,0.0,0.0,0.0,0.0,1.0051036036327616,1.0051036036327616,0.0
2024-01-25,20:01:00.000000000,48.82,403.56,,,,0,0.0,0.0,0.0,0.0,0.0,0.0,0.0,0.0,0.0,1.0051036036327616,1.0051036036327616,0.0
2024-01-25,20:02:00.000000000,48.805,403.585,0.06768679895916002,21.487623242067404,1.5992356353479247,0,0.0,0.0,0.0,0.0,0.0,0.0,0.0,0.0,0.0,1.0051036036327616,1.0051036036327616,0.0
2024-01-25,20:03:00.000000000,48.825,403.7,,,,0,0.0,0.0,0.0,0.0,0.0,0.0,0.0,0.0,0.0,1.0051036036327616,1.0051036036327616,0.0
2024-01-25,20:04:00.000000000,48.83,403.87,,,,0,0.0,0.0,0.0,0.0,0.0,0.0,0.0,0.0,0.0,1.0051036036327616,1.0051036036327616,0.0
2024-01-25,20:05:00.000000000,48.85,403.846,0.06716872870590247,21.72417758703611,1.6096165846485533,0,0.0,0.0,0.0,0.0,0.0,0.0,0.0,0.0,0.0,1.0051036036327616,1.0051036036327616,0.0
2024-01-25,20:06:00.000000000,48.86,403.65,,,,0,0.0,0.0,0.0,0.0,0.0,0.0,0.0,0.0,0.0,1.0051036036327616,1.0051036036327616,0.0
2024-01-25,20:07:00.000000000,48.865,403.63,,,,0,0.0,0.0,0.0,0.0,0.0,0.0,0.0,0.0,0.0,1.0051036036327616,1.0051036036327616,0.0
2024-01-25,20:08:00.000000000,48.91,403.87,0.06667144945032688,21.98340171049648,1.6238647188543005,0,0.0,0.0,0.0,0.0,0.0,0.0,0.0,0.0,0.0,1.0051036036327616,1.0051036036327616,0.0
2024-01-25,20:09:00.000000000,48.9,403.98,,,,0,0.0,0.0,0.0,0.0,0.0,0.0,0.0,0.0,0.0,1.0051036036327616,1.0051036036327616,0.0
2024-01-25,20:10:00.000000000,48.905,403.89,,,,0,0.0,0.0,0.0,0.0,0.0,0.0,0.0,0.0,0.0,1.0051036036327616,1.0051036036327616,0.0
2024-01-25,20:11:00.000000000,48.89,403.77,0.06617584486658856,22.170179118217536,1.6238467130091423,0,0.0,0.0,0.0,0.0,0.0,0.0,0.0,0.0,0.0,1.0051036036327616,1.0051036036327616,0.0
2024-01-25,20:12:00.000000000,48.885,403.63,,,,0,0.0,0.0,0.0,0.0,0.0,0.0,0.0,0.0,0.0,1.0051036036327616,1.0051036036327616,0.0
2024-01-25,20:13:00.000000000,48.875,403.5795,,,,0,0.0,0.0,0.0,0.0,0.0,0.0,0.0,0.0,0.0,1.0051036036327616,1.0051036036327616,0.0
2024-01-25,20:14:00.000000000,48.87,403.49,0.0657126344426651,22.355609128729053,1.6238820393320599,0,0.0,0.0,0.0,0.0,0.0,0.0,0.0,0.0,0.0,1.0051036036327616,1.0051036036327616,0.0
2024-01-25,20:15:00.000000000,48.885,403.7035,,,,0,0.0,0.0,0.0,0.0,0.0,0.0,0.0,0.0,0.0,1.0051036036327616,1.0051036036327616,0.0
2024-01-25,20:16:00.000000000,48.925,403.74,,,,0,0.0,0.0,0.0,0.0,0.0,0.0,0.0,0.0,0.0,1.0051036036327616,1.0051036036327616,0.0
2024-01-25,20:17:00.000000000,48.935,403.71,0.06524734107691206,22.593995933839835,1.6342835516596472,0,0.0,0.0,0.0,0.0,0.0,0.0,0.0,0.0,0.0,1.0051036036327616,1.0051036036327616,0.0
2024-01-25,20:18:00.000000000,48.945,403.66,,,,0,0.0,0.0,0.0,0.0,0.0,0.0,0.0,0.0,0.0,1.0051036036327616,1.0051036036327616,0.0
2024-01-25,20:19:00.000000000,48.96,403.91,,,,0,0.0,0.0,0.0,0.0,0.0,0.0,0.0,0.0,0.0,1.0051036036327616,1.0051036036327616,0.0
2024-01-25,20:20:00.000000000,48.955,403.65,0.06479027695982455,22.802404705166822,1.6386210596071353,0,0.0,0.0,0.0,0.0,0.0,0.0,0.0,0.0,0.0,1.0051036036327616,1.0051036036327616,0.0
2024-01-25,20:21:00.000000000,48.91,403.58,,,,0,0.0,0.0,0.0,0.0,0.0,0.0,0.0,0.0,0.0,1.0051036036327616,1.0051036036327616,0.0
2024-01-25,20:22:00.000000000,48.905,403.685,,,,0,0.0,0.0,0.0,0.0,0.0,0.0,0.0,0.0,0.0,1.0051036036327616,1.0051036036327616,0.0
2024-01-25,20:23:00.000000000,48.865,403.573,0.06430531474689921,22.91311121164965,1.6238240117716138,0,0.0,0.0,0.0,0.0,0.0,0.0,0.0,0.0,0.0,1.0051036036327616,1.0051036036327616,0.0
2024-01-25,20:24:00.000000000,48.815,403.44,,,,0,0.0,0.0,0.0,0.0,0.0,0.0,0.0,0.0,0.0,1.0051036036327616,1.0051036036327616,0.0
2024-01-25,20:25:00.000000000,48.855,403.6,,,,0,0.0,0.0,0.0,0.0,0.0,0.0,0.0,0.0,0.0,1.0051036036327616,1.0051036036327616,0.0
2024-01-25,20:26:00.000000000,48.855,403.6,0.06382068836196368,23.096970177111455,1.624015847519009,0,0.0,0.0,0.0,0.0,0.0,0.0,0.0,0.0,0.0,1.0051036036327616,1.0051036036327616,0.0
2024-01-25,20:27:00.000000000,48.86,403.56,,,,0,0.0,0.0,0.0,0.0,0.0,0.0,0.0,0.0,0.0,1.0051036036327616,1.0051036036327616,0.0
2024-01-25,20:28:00.000000000,48.875,403.59,,,,0,0.0,0.0,0.0,0.0,0.0,0.0,0.0,0.0,0.0,1.0051036036327616,1.0051036036327616,0.0
2024-01-25,20:29:00.000000000,48.865,403.47,0.06339412009508538,23.2873743652359,1.6254993587564184,0,0.0,0.0,0.0,0.0,0.0,0.0,0.0,0.0,0.0,1.0051036036327616,1.0051036036327616,0.0
2024-01-25,20:30:00.000000000,48.87,403.56,,,,0,0.0,0.0,0.0,0.0,0.0,0.0,0.0,0.0,0.0,1.0051036036327616,1.0051036036327616,0.0
2024-01-25,20:31:00.000000000,48.875,403.7735,,,,0,0.0,0.0,0.0,0.0,0.0,0.0,0.0,0.0,0.0,1.0051036036327616,1.0051036036327616,0.0
2024-01-25,20:32:00.000000000,48.88,403.8638,0.06296872344117035,23.449212069899865,1.62145112580924,0,0.0,0.0,0.0,0.0,0.0,0.0,0.0,0.0,0.0,1.0051036036327616,1.0051036036327616,0.0
2024-01-25,20:33:00.000000000,48.905,404.06,,,,0,0.0,0.0,0.0,0.0,0.0,0.0,0.0,0.0,0.0,1.0051036036327616,1.0051036036327616,0.0
2024-01-25,20:34:00.000000000,48.895,404.04,,,,0,0.0,0.0,0.0,0.0,0.0,0.0,0.0,0.0,0.0,1.0051036036327616,1.0051036036327616,0.0
2024-01-25,20:35:00.000000000,48.915,404.08,0.06256967347391935,23.63184634265867,1.6218683176334625,0,0.0,0.0,0.0,0.0,0.0,0.0,0.0,0.0,0.0,1.0051036036327616,1.0051036036327616,0.0
2024-01-25,20:36:00.000000000,48.905,404.09,,,,0,0.0,0.0,0.0,0.0,0.0,0.0,0.0,0.0,0.0,1.0051036036327616,1.0051036036327616,0.0
2024-01-25,20:37:00.000000000,48.9,403.8,,,,0,0.0,0.0,0.0,0.0,0.0,0.0,0.0,0.0,0.0,1.0051036036327616,1.0051036036327616,0.0
2024-01-25,20:38:00.000000000,48.905,403.735,0.062164965007167484,23.806827852831237,1.620738740456668,0,0.0,0.0,0.0,0.0,0.0,0.0,0.0,0.0,0.0,1.0051036036327616,1.0051036036327616,0.0
2024-01-25,20:39:00.000000000,48.905,403.85,,,,0,0.0,0.0,0.0,0.0,0.0,0.0,0.0,0.0,0.0,1.0051036036327616,1.0051036036327616,0.0
2024-01-25,20:40:00.000000000,48.885,404.135,,,,0,0.0,0.0,0.0,0.0,0.0,0.0,0.0,0.0,0.0,1.0051036036327616,1.0051036036327616,0.0
2024-01-25,20:41:00.000000000,48.865,404.01,0.061752345387048754,23.916434940178437,1.6067365277083023,0,0.0,0.0,0.0,0.0,0.0,0.0,0.0,0.0,0.0,1.0051036036327616,1.0051036036327616,0.0
2024-01-25,20:42:00.000000000,48.845,403.83,,,,0,0.0,0.0,0.0,0.0,0.0,0.0,0.0,0.0,0.0,1.0051036036327616,1.0051036036327616,0.0
2024-01-25,20:43:00.000000000,48.855,403.78,,,,0,0.0,0.0,0.0,0.0,0.0,0.0,0.0,0.0,0.0,1.0051036036327616,1.0051036036327616,0.0
2024-01-25,20:44:00.000000000,48.865,403.895,0.06147078302069572,24.037258091856106,1.5958225473579326,0,0.0,0.0,0.0,0.0,0.0,0.0,0.0,0.0,0.0,1.0051036036327616,1.0051036036327616,0.0
2024-01-25,20:45:00.000000000,48.895,403.91,,,,0,0.0,0.0,0.0,0.0,0.0,0.0,0.0,0.0,0.0,1.0051036036327616,1.0051036036327616,0.0
2024-01-25,20:46:00.000000000,48.875,404.05,,,,0,0.0,0.0,0.0,0.0,0.0,0.0,0.0,0.0,0.0,1.0051036036327616,1.0051036036327616,0.0
2024-01-25,20:47:00.000000000,48.905,403.97,0.06120743142504382,24.17903392722505,1.5896045812333761,0,0.0,0.0,0.0,0.0,0.0,0.0,0.0,0.0,0.0,1.0051036036327616,1.0051036036327616,0.0
2024-01-25,20:48:00.000000000,48.915,404.07,,,,0,0.0,0.0,0.0,0.0,0.0,0.0,0.0,0.0,0.0,1.0051036036327616,1.0051036036327616,0.0
2024-01-25,20:49:00.000000000,48.935,404.16,,,,0,0.0,0.0,0.0,0.0,0.0,0.0,0.0,0.0,0.0,1.0051036036327616,1.0051036036327616,0.0
2024-01-25,20:50:00.000000000,48.93,404.405,0.06088418862119055,24.308129700647438,1.5809631854686237,0,0.0,0.0,0.0,0.0,0.0,0.0,0.0,0.0,0.0,1.0051036036327616,1.0051036036327616,0.0
2024-01-25,20:51:00.000000000,48.94,404.14,,,,0,0.0,0.0,0.0,0.0,0.0,0.0,0.0,0.0,0.0,1.0051036036327616,1.0051036036327616,0.0
2024-01-25,20:52:00.000000000,48.87,404.3,,,,0,0.0,0.0,0.0,0.0,0.0,0.0,0.0,0.0,0.0,1.0051036036327616,1.0051036036327616,0.0
2024-01-25,20:53:00.000000000,48.875,404.53,0.06054983565099136,24.380774984104466,1.5611393173503412,0,0.0,0.0,0.0,0.0,0.0,0.0,0.0,0.0,0.0,1.0051036036327616,1.0051036036327616,0.0
2024-01-25,20:54:00.000000000,48.865,404.63,,,,0,0.0,0.0,0.0,0.0,0.0,0.0,0.0,0.0,0.0,1.0051036036327616,1.0051036036327616,0.0
2024-01-25,20:55:00.000000000,48.935,404.34,,,,0,0.0,0.0,0.0,0.0,0.0,0.0,0.0,0.0,0.0,1.0051036036327616,1.0051036036327616,0.0
2024-01-25,20:56:00.000000000,48.945,404.5805,0.060225060442751395,24.579114933541423,1.5678522614962642,0,0.0,0.0,0.0,0.0,0.0,0.0,0.0,0.0,0.0,1.0051036036327616,1.0051036036327616,0.0
2024-01-25,20:57:00.000000000,48.965,404.58,,,,0,0.0,0.0,0.0,0.0,0.0,0.0,0.0,0.0,0.0,1.0051036036327616,1.0051036036327616,0.0
2024-01-25,20:58:00.000000000,48.975,404.59,,,,0,0.0,0.0,0.0,0.0,0.0,0.0,0.0,0.0,0.0,1.0051036036327616,1.0051036036327616,0.0
2024-01-25,20:59:00.000000000,49.005,405.09,0.059908335604606844,24.73673232992982,1.5660200792386396,1,0.0,0.0,0.0,0.0,0.0,0.0,0.0,0.0,0.0,1.0051036036327616,1.0051036036327616,0.0
